#VRML V2.0 utf8
# 3D model generated by easyeda2kicad.py (https://github.com/uPesy/easyeda2kicad.py)

Shape{
    appearance Appearance {
        material  Material 	{
            diffuseColor 0.6784313725490196 0.6784313725490196 0.6784313725490196
            specularColor 0.047058823529411764 0.047058823529411764 0.047058823529411764
            ambientIntensity 0.9686
            transparency 0.0
            shininess 0.5
        }
    }
    geometry IndexedFaceSet {
        ccw TRUE
        solid FALSE
        coord DEF co Coordinate {
            point [
                1.5748 1.4012 0.1575, 1.5748 1.2437 0.2362, 1.5748 1.4012 0.2362, 1.5748 0.3146 0.2362, 1.5748 0.3146 0.6693, 1.5748 0.5902 0.2362, 1.5748 0.5902 0.6693, 2.441 0.7988 0.0, 2.441 1.4012 0.0, 2.441 0.7988 0.0984, 2.441 1.4012 0.7874, 2.441 0.3264 0.0984, 2.441 -0.1578 0.7874, 2.441 0.3264 0.0, 2.441 -0.1578 0.1575, 2.441 -0.2326 0.0, 2.441 -0.2326 0.1575, 2.126 1.4012 0.7874, 2.126 0.5902 0.7874, 1.5748 0.5902 0.7874, -2.4409 -0.1578 0.7874, -2.126 1.4012 0.7874, -2.4409 1.4012 0.7874, -2.126 0.5902 0.7874, -1.5748 0.5902 0.7874, -1.5748 0.6886 0.7874, 1.5748 0.6886 0.7874, -0.5673 0.1577 0.0, -0.5591 0.1679 0.0, -0.2215 0.1679 0.0, -0.469 0.4975 0.0, -0.4665 0.4963 0.0, -0.4009 0.3243 0.0, -0.2536 0.1786 0.0, -0.2536 0.3298 0.0, -0.2896 0.1836 0.0, -0.2621 0.1786 0.0, -0.3023 0.1767 0.0, -0.3187 0.1724 0.0, -0.3731 0.2083 0.0, -0.3616 0.1928 0.0, -0.5424 0.1888 0.0, -0.5073 0.5097 0.0, -0.4865 0.5064 0.0, -0.3424 0.5328 0.0, -0.4433 0.5218 0.0, -0.3271 0.538 0.0, -0.444 0.523 0.0, -0.2774 0.1946 0.0, -0.2712 0.203 0.0, -0.2661 0.212 0.0, -0.3856 0.2375 0.0, -0.3505 0.5043 0.0, -0.3422 0.5121 0.0, -0.2606 0.4528 0.0, -0.3984 0.404 0.0, -0.2837 0.5301 0.0, -0.2967 0.5362 0.0, -0.2215 1.4012 0.0, -0.3293 0.1728 0.0, -0.3474 0.181 0.0, -0.3379 0.1754 0.0, -0.3621 0.4876 0.0, -0.3187 0.5201 0.0, -0.2685 0.4853 0.0, -0.2757 0.4988 0.0, -0.3142 0.1911 0.0, -0.326 0.1918 0.0, -0.3361 0.1952 0.0, -0.4791 0.5046 0.0, -0.4747 0.5024 0.0, -0.4471 0.5137 0.0, -0.4452 0.5157 0.0, -0.3913 0.4496 0.0, -0.3757 0.4954 0.0, -0.5656 0.2228 0.0, -0.566 0.1951 0.0, -0.5701 0.1679 0.0, -0.378 0.2639 0.0, -0.3828 0.2919 0.0, -0.2542 0.3989 0.0, -0.3852 0.3799 0.0, -0.2571 0.4289 0.0, -0.385 0.3831 0.0, -0.371 0.464 0.0, -0.3349 0.5167 0.0, -0.3276 0.5191 0.0, -0.3059 0.5191 0.0, -0.2936 0.5145 0.0, -0.2837 0.5077 0.0, -0.2769 0.2228 0.0, -0.2842 0.2091 0.0, -0.2913 0.2012 0.0, -0.3088 0.1921 0.0, -0.3457 0.2012 0.0, -0.3551 0.2106 0.0, -0.3539 0.5256 0.0, -0.3636 0.5155 0.0, -0.4436 0.5197 0.0, -0.4443 0.5172 0.0, -0.448 0.5249 0.0, -0.4563 0.5249 0.0, -0.4798 0.5282 0.0, -0.5648 0.5362 0.0, -0.5656 0.536 0.0, -1.8405 0.7988 0.0, -0.5663 0.5356 0.0, -0.5669 0.5351 0.0, -2.4409 0.7988 0.0, -2.4409 1.4012 0.0, -0.3649 0.2261 0.0, -0.3001 0.1952 0.0, -0.2484 0.4576 0.0, -0.2557 0.4919 0.0, -0.5675 0.5342 0.0, -0.5683 0.5327 0.0, -1.8405 0.1679 0.0, -0.5686 0.5314 0.0, -0.5484 0.2015 0.0, -0.5507 0.2176 0.0, -0.398 0.2953 0.0, -0.5509 0.2245 0.0, -0.5509 0.5133 0.0, -0.4533 0.508 0.0, -0.2452 0.3994 0.0, -0.2642 0.5097 0.0, -0.273 0.5214 0.0, -0.4445 0.5236 0.0, -0.3108 0.5388 0.0, -0.5226 0.532 0.0, -0.5463 0.5343 0.0, -0.4453 0.5241 0.0, -0.4468 0.5247 0.0, -0.4896 0.5292 0.0, -0.5594 0.5353 0.0, -0.5634 0.5363 0.0, -1.8405 -0.2326 0.0, -0.5685 0.528 0.0, -0.5656 0.4776 0.0, -0.5668 0.5119 0.0, -0.5667 0.511 0.0, 0.2832 0.1679 0.0, 0.2837 0.1656 0.0, -0.2215 -0.2326 0.0, 0.2916 0.1656 0.0, 1.8406 -0.2326 0.0, 1.8406 0.7988 0.0, -0.0023 0.1914 0.0, -0.0018 0.1904 0.0, -0.0739 0.1702 0.0, -0.1976 0.1886 0.0, -0.1973 0.1883 0.0, -0.1674 0.3372 0.0, -0.1198 0.331 0.0, -0.1674 0.2126 0.0, -0.1002 0.327 0.0, -0.0021 0.1962 0.0, -0.0026 0.1945 0.0, -0.0577 0.1957 0.0, -0.1967 0.1879 0.0, -0.1959 0.1876 0.0, -0.1948 0.1875 0.0, -0.0876 0.3225 0.0, -0.0819 0.3191 0.0, -0.0961 0.2007 0.0, -0.0768 0.3162 0.0, -0.0827 0.1991 0.0, -0.0578 0.3378 0.0, -0.0579 0.3388 0.0, -0.0621 0.49 0.0, -0.0583 0.3397 0.0, -0.0022 0.5134 0.0, -0.0021 0.5128 0.0, 0.1074 0.1792 0.0, 0.1206 0.1825 0.0, -0.0453 0.5157 0.0, -0.0457 0.5161 0.0, 0.0233 0.5396 0.0, -0.0463 0.5163 0.0, -0.1929 0.1877 0.0, -0.1821 0.1894 0.0, -0.1725 0.1906 0.0, -0.0589 0.3406 0.0, -0.0598 0.3414 0.0, -0.0604 0.3418 0.0, -0.0022 0.5139 0.0, -0.0588 0.196 0.0, -0.0603 0.1962 0.0, -0.0694 0.1974 0.0, 0.0898 0.1781 0.0, -0.1843 0.5368 0.0, -0.1859 0.5362 0.0, -0.1674 0.357 0.0, -0.1674 0.5104 0.0, -0.083 0.4986 0.0, -0.0565 0.189 0.0, -0.0558 0.1903 0.0, -0.0026 0.193 0.0, 0.1304 0.1876 0.0, 0.139 0.1949 0.0, 0.1479 0.2072 0.0, 0.1422 0.4964 0.0, 0.2067 0.496 0.0, 0.1546 0.4719 0.0, 0.2079 0.4926 0.0, -0.1823 0.5372 0.0, -0.044 0.5131 0.0, -0.0439 0.5121 0.0, -0.0441 0.5109 0.0, -0.0481 0.5167 0.0, -0.0496 0.5167 0.0, 0.024 0.5398 0.0, -0.1629 0.1906 0.0, -0.1612 0.1906 0.0, -0.1501 0.1904 0.0, -0.1391 0.1888 0.0, -0.117 0.1849 0.0, -0.0975 0.1809 0.0, -0.0615 0.3422 0.0, -0.0632 0.3423 0.0, -0.0671 0.4929 0.0, -0.0748 0.4965 0.0, -0.0576 0.1871 0.0, -0.0554 0.1914 0.0, -0.0553 0.1922 0.0, -0.0554 0.193 0.0, -0.0556 0.1937 0.0, -0.0561 0.1945 0.0, -0.0567 0.1951 0.0, -0.0011 0.5108 0.0, -0.0008 0.5106 0.0, -0.0003 0.5104 0.0, -0.0002 0.5104 0.0, 0.001 0.5102 0.0, 0.0032 0.5104 0.0, 0.0111 0.5104 0.0, 0.0202 0.5104 0.0, 0.1122 0.5224 0.0, 0.0886 0.5271 0.0, 0.0678 0.5297 0.0, 0.0773 0.1791 0.0, -0.5712 0.1622 0.0, -0.1889 0.5258 0.0, -0.1853 0.5115 0.0, -0.1838 0.2126 0.0, -0.1838 0.4968 0.0, -0.1838 0.4861 0.0, -0.0462 0.5077 0.0, -0.0447 0.5097 0.0, -0.0443 0.5142 0.0, -0.0449 0.5153 0.0, -0.0818 0.1752 0.0, -0.079 0.1735 0.0, 0.0128 0.2098 0.0, 0.0164 0.2119 0.0, 0.0202 0.2137 0.0, 0.0027 0.2013 0.0, 0.0003 0.1994 0.0, -0.0012 0.1978 0.0, -0.0603 0.3327 0.0, -0.0591 0.3343 0.0, -0.0584 0.3356 0.0, -0.0579 0.3368 0.0, -0.0014 0.5112 0.0, -0.0016 0.5116 0.0, 0.3465 0.4085 0.0, 0.3533 0.4369 0.0, 1.8406 0.1679 0.0, 0.2143 0.5527 0.0, 0.2139 0.5528 0.0, 0.2135 0.5527 0.0, 0.2132 0.5526 0.0, 0.1229 0.5171 0.0, 0.1325 0.5089 0.0, 0.213 0.5524 0.0, 0.2126 0.552 0.0, -0.1899 0.2056 0.0, -0.1936 0.2011 0.0, -0.1892 0.5304 0.0, -0.1959 0.198 0.0, -0.1889 0.5258 0.0, -0.0009 0.5162 0.0, -0.0016 0.5153 0.0, -0.002 0.5145 0.0, 0.2921 0.1679 0.0, 0.3675 0.5502 0.0, 0.3673 0.5508 0.0, 0.0428 0.5326 0.0, 0.0336 0.5351 0.0, 0.0276 0.5386 0.0, 0.0267 0.1897 0.0, 0.0315 0.1888 0.0, 0.1562 0.2271 0.0, 0.1654 0.2852 0.0, 0.2254 0.4357 0.0, 0.1686 0.374 0.0, 0.1644 0.4312 0.0, -0.1835 0.479 0.0, -0.1832 0.4719 0.0, 0.3669 0.5513 0.0, 0.3666 0.5516 0.0, 0.3662 0.5518 0.0, 0.3657 0.5519 0.0, 0.212 0.551 0.0, 0.2116 0.5496 0.0, 0.2108 0.5436 0.0, 0.0434 0.1877 0.0, 0.0649 0.1815 0.0, 0.209 0.4906 0.0, 0.2118 0.4855 0.0, 0.2192 0.4608 0.0, -0.0581 0.5172 0.0, -0.101 0.5225 0.0, -0.1436 0.5291 0.0, -0.1979 0.1905 0.0, -0.1979 0.1893 0.0, -0.1978 0.1889 0.0, 0.3563 0.4503 0.0, 0.3601 0.4635 0.0, 0.3641 0.4742 0.0, 0.3677 0.4844 0.0, 0.3701 0.4879 0.0, 0.3721 0.4903 0.0, 0.3634 0.5504 0.0, 0.248 0.4062 0.0, 0.3639 0.5511 0.0, 0.2299 0.4906 0.0, 0.3644 0.5515 0.0, 0.21 0.5359 0.0, 0.2073 0.5122 0.0, 0.2065 0.5012 0.0, 0.0214 0.5384 0.0, 0.0135 0.5317 0.0, 0.0083 0.5263 0.0, 0.3627 0.5491 0.0, 0.3624 0.5478 0.0, 0.3251 0.3876 0.0, 0.3584 0.5252 0.0, -0.001 0.1895 0.0, -0.0002 0.1888 0.0, 0.01 0.1906 0.0, 0.0219 0.1906 0.0, -0.1872 0.5352 0.0, -0.188 0.5341 0.0, -0.1888 0.5326 0.0, 0.0015 0.519 0.0, 0.0001 0.5174 0.0, 0.0258 0.5397 0.0, 0.0253 0.5399 0.0, -0.2644 0.3298 0.0, -0.2676 0.2594 0.0, -0.1971 0.1955 0.0, -0.1977 0.1932 0.0, -0.1978 0.1916 0.0, 0.3684 0.5457 0.0, 0.3686 0.5427 0.0, 0.3698 0.5331 0.0, 0.368 0.5479 0.0, 0.3678 0.5493 0.0, -0.1696 0.5337 0.0, -0.1758 0.536 0.0, -0.1796 0.537 0.0, 0.3726 0.4992 0.0, 0.3724 0.5016 0.0, 0.372 0.5077 0.0, 0.2172 0.5493 0.0, 0.2166 0.5506 0.0, 0.3653 0.5519 0.0, 0.216 0.5515 0.0, 0.2154 0.5522 0.0, 0.2148 0.5525 0.0, 0.3727 0.4913 0.0, 0.373 0.4922 0.0, 0.373 0.4935 0.0, 0.3649 0.5518 0.0, 0.2214 0.5337 0.0, 0.218 0.5473 0.0, 1.939 -0.2326 0.0, 1.939 0.3264 0.0, 1.5748 -0.2326 0.0984, 1.5748 -0.2326 0.7087, 1.8406 -0.2326 0.5906, 1.9784 -0.2326 0.7087, 1.939 -0.2326 0.5906, 1.9784 -0.2326 0.1575, -2.4409 -0.2326 0.1575, -2.4409 -0.2326 0.0, -1.9783 -0.2326 0.1575, -1.939 -0.2326 0.0, -1.939 -0.2326 0.5906, -0.3445 -0.2326 0.0984, -0.4429 -0.2326 0.0984, -0.5413 -0.2326 0.0984, 1.5256 -0.2326 0.0984, 1.4272 -0.2326 0.0984, 1.3288 -0.2326 0.0984, -0.6397 -0.2326 0.0984, -0.7382 -0.2326 0.0984, -0.8366 -0.2326 0.0984, 1.2303 -0.2326 0.0984, 1.1319 -0.2326 0.0984, 1.0335 -0.2326 0.0984, -0.935 -0.2326 0.0984, -1.0334 -0.2326 0.0984, -1.1319 -0.2326 0.0984, 0.9351 -0.2326 0.0984, 0.8366 -0.2326 0.0984, 0.7382 -0.2326 0.0984, 0.6398 -0.2326 0.0984, 0.5414 -0.2326 0.0984, -1.2303 -0.2326 0.0984, -1.3287 -0.2326 0.0984, -1.4271 -0.2326 0.0984, -1.5256 -0.2326 0.0984, -1.5748 -0.2326 0.0984, -1.8405 -0.2326 0.5906, -1.5748 -0.2326 0.7087, -1.9783 -0.2326 0.7087, 0.4429 -0.2326 0.0984, 0.3445 -0.2326 0.0984, 0.2461 -0.2326 0.0984, 0.1477 -0.2326 0.0984, 0.0492 -0.2326 0.0984, -0.0492 -0.2326 0.0984, -0.1476 -0.2326 0.0984, -0.246 -0.2326 0.0984, -2.126 1.4012 0.2362, 2.126 1.4012 0.2362, -1.5256 1.4012 0.1575, -1.5748 1.4012 0.1575, -1.5748 1.4012 0.2362, -0.1476 1.4012 0.1575, -0.0492 1.4012 0.1575, 0.0492 1.4012 0.1575, -1.4271 1.4012 0.1575, -1.3287 1.4012 0.1575, -1.2303 1.4012 0.1575, -1.1319 1.4012 0.1575, -1.0334 1.4012 0.1575, 0.1477 1.4012 0.1575, 0.2461 1.4012 0.1575, 0.3445 1.4012 0.1575, -0.935 1.4012 0.1575, -0.8366 1.4012 0.1575, -0.7382 1.4012 0.1575, 0.4429 1.4012 0.1575, 0.5414 1.4012 0.1575, 0.6398 1.4012 0.1575, -0.6397 1.4012 0.1575, -0.5413 1.4012 0.1575, -0.4429 1.4012 0.1575, 0.7382 1.4012 0.1575, 0.8366 1.4012 0.1575, 0.9351 1.4012 0.1575, -0.3445 1.4012 0.1575, -0.246 1.4012 0.1575, 1.0335 1.4012 0.1575, 1.1319 1.4012 0.1575, 1.2303 1.4012 0.1575, 1.3288 1.4012 0.1575, 1.4272 1.4012 0.1575, 1.5256 1.4012 0.1575, 2.126 0.5902 0.2362, 1.939 0.5902 0.2362, 1.939 0.5902 0.5906, 1.8406 0.5902 0.5906, 1.8406 0.5902 0.2362, 1.8406 0.7988 0.2362, 1.939 0.7988 0.2362, 1.5256 1.2437 0.2362, 1.5256 0.3146 0.2362, 1.939 0.7988 0.0984, 1.939 0.3264 0.0984, -2.0768 -0.1578 0.689, -1.9783 -0.1578 0.7087, -1.9783 -0.1578 0.1575, -2.0768 -0.1578 0.2165, -2.4409 -0.1578 0.1575, -2.3425 -0.1578 0.2165, -2.3425 -0.1578 0.689, 1.9784 -0.1578 0.7087, 1.9784 -0.1578 0.1575, 2.0768 -0.1578 0.2165, -1.5256 -0.1578 0.7087, -1.4271 -0.1578 0.7087, -1.3287 -0.1578 0.7087, 2.3425 -0.1578 0.2165, 2.3425 -0.1578 0.689, 2.0768 -0.1578 0.689, -1.2303 -0.1578 0.7087, -1.1319 -0.1578 0.7087, -1.0334 -0.1578 0.7087, -0.935 -0.1578 0.7087, -0.3445 -0.1578 0.7087, -0.246 -0.1578 0.7087, -0.1476 -0.1578 0.7087, 0.1477 -0.1578 0.7087, 0.2461 -0.1578 0.7087, -0.8366 -0.1578 0.7087, -0.7382 -0.1578 0.7087, -0.6397 -0.1578 0.7087, -0.0492 -0.1578 0.7087, 0.0492 -0.1578 0.7087, 0.3445 -0.1578 0.7087, 0.4429 -0.1578 0.7087, 0.5414 -0.1578 0.7087, 0.6398 -0.1578 0.7087, 0.7382 -0.1578 0.7087, 0.8366 -0.1578 0.7087, -0.5413 -0.1578 0.7087, -0.4429 -0.1578 0.7087, 0.9351 -0.1578 0.7087, 1.0335 -0.1578 0.7087, 1.1319 -0.1578 0.7087, 1.2303 -0.1578 0.7087, 1.3288 -0.1578 0.7087, 1.4272 -0.1578 0.7087, 1.5256 -0.1578 0.7087, 1.5748 -0.3547 0.7087, 1.5256 -0.3547 0.7087, 2.3425 0.2359 0.689, 2.3425 0.2359 0.2165, 2.0768 0.2359 0.689, 2.0768 0.2359 0.2165, 1.5748 -0.3547 0.0984, -1.5748 0.5902 0.6693, -1.5748 0.6886 0.6693, -1.4271 -0.3547 0.7087, -1.3287 -0.3547 0.7087, -1.4271 0.3146 0.6693, -1.3287 0.3146 0.6693, -1.4271 0.3146 0.2362, -1.3287 0.3146 0.2362, -1.4271 1.2437 0.2362, -1.3287 1.2437 0.2362, -1.4271 -0.3547 0.0984, -1.3287 -0.3547 0.0984, -1.5748 -0.3547 0.7087, -1.5256 -0.3547 0.7087, 1.5748 0.6886 0.6693, -1.5256 0.3146 0.6693, -1.5748 0.3146 0.6693, 1.5256 0.3146 0.6693, 1.3288 0.3146 0.6693, 1.3288 -0.1185 0.6693, 1.2303 -0.1185 0.6693, 1.2303 0.3146 0.6693, 1.1319 0.3146 0.6693, 1.4272 0.3146 0.6693, 1.4272 -0.1185 0.6693, 1.5256 -0.1185 0.6693, 0.9351 0.3146 0.6693, 0.9351 -0.1185 0.6693, 0.8366 -0.1185 0.6693, 0.8366 0.3146 0.6693, 0.7382 0.3146 0.6693, 1.0335 0.3146 0.6693, 1.0335 -0.1185 0.6693, 1.1319 -0.1185 0.6693, 0.5414 0.3146 0.6693, 0.5414 -0.1185 0.6693, 0.4429 -0.1185 0.6693, 0.4429 0.3146 0.6693, 0.3445 0.3146 0.6693, 0.6398 0.3146 0.6693, 0.6398 -0.1185 0.6693, 0.7382 -0.1185 0.6693, 0.1477 0.3146 0.6693, 0.1477 -0.1185 0.6693, 0.0492 -0.1185 0.6693, 0.0492 0.3146 0.6693, -0.0492 0.3146 0.6693, 0.2461 0.3146 0.6693, 0.2461 -0.1185 0.6693, 0.3445 -0.1185 0.6693, -0.246 0.3146 0.6693, -0.246 -0.1185 0.6693, -0.3445 -0.1185 0.6693, -0.3445 0.3146 0.6693, -0.4429 0.3146 0.6693, -0.1476 0.3146 0.6693, -0.1476 -0.1185 0.6693, -0.0492 -0.1185 0.6693, -0.6397 0.3146 0.6693, -0.6397 -0.1185 0.6693, -0.7382 -0.1185 0.6693, -0.7382 0.3146 0.6693, -0.8366 0.3146 0.6693, -0.5413 0.3146 0.6693, -0.5413 -0.1185 0.6693, -0.4429 -0.1185 0.6693, -1.0334 0.3146 0.6693, -1.0334 -0.1185 0.6693, -1.1319 -0.1185 0.6693, -1.1319 0.3146 0.6693, -0.935 0.3146 0.6693, -0.935 -0.1185 0.6693, -0.8366 -0.1185 0.6693, -1.4271 -0.1185 0.6693, -1.5256 -0.1185 0.6693, -1.2303 -0.1185 0.6693, -1.3287 -0.1185 0.6693, -1.2303 0.3146 0.6693, -1.5748 0.3146 0.2362, -1.5256 0.3146 0.2362, -1.5748 1.2437 0.2362, -2.126 0.5902 0.2362, -1.939 0.5902 0.2362, -1.939 0.7988 0.2362, -1.5748 0.5902 0.2362, -1.5256 1.2437 0.2362, -1.8405 0.5902 0.2362, -1.8405 0.7988 0.2362, -1.5748 -0.3547 0.0984, -1.5256 -0.3547 0.0984, -1.4271 -0.1736 0.1575, -1.5256 -0.1736 0.1575, -2.4409 0.7988 0.0984, -2.4409 0.3264 0.0984, -2.4409 0.3264 0.0, -1.939 0.3264 0.0, -1.8405 0.5902 0.5906, -1.939 0.5902 0.5906, -1.939 0.3264 0.0984, -1.939 0.7988 0.0984, -2.3425 0.2359 0.2165, -2.3425 0.2359 0.689, -2.0768 0.2359 0.689, -2.0768 0.2359 0.2165, -1.2303 -0.3547 0.7087, -1.1319 -0.3547 0.7087, -1.2303 0.3146 0.2362, -1.1319 0.3146 0.2362, -1.2303 1.2437 0.2362, -1.1319 1.2437 0.2362, -1.2303 -0.3547 0.0984, -1.1319 -0.3547 0.0984, -1.2303 -0.1736 0.1575, -1.3287 -0.1736 0.1575, -0.8366 -0.3547 0.7087, -0.7382 -0.3547 0.7087, -0.8366 0.3146 0.2362, -0.7382 0.3146 0.2362, -0.8366 1.2437 0.2362, -0.7382 1.2437 0.2362, -0.8366 -0.3547 0.0984, -0.7382 -0.3547 0.0984, -1.0334 -0.3547 0.7087, -0.935 -0.3547 0.7087, -1.0334 0.3146 0.2362, -0.935 0.3146 0.2362, -1.0334 1.2437 0.2362, -0.935 1.2437 0.2362, -1.0334 -0.3547 0.0984, -0.935 -0.3547 0.0984, -0.8366 -0.1736 0.1575, -0.935 -0.1736 0.1575, -1.0334 -0.1736 0.1575, -1.1319 -0.1736 0.1575, -0.6397 -0.3547 0.7087, -0.5413 -0.3547 0.7087, -0.6397 0.3146 0.2362, -0.5413 0.3146 0.2362, -0.6397 1.2437 0.2362, -0.5413 1.2437 0.2362, -0.6397 -0.3547 0.0984, -0.5413 -0.3547 0.0984, -0.6397 -0.1736 0.1575, -0.7382 -0.1736 0.1575, -0.4429 -0.3547 0.7087, -0.3445 -0.3547 0.7087, -0.4429 0.3146 0.2362, -0.3445 0.3146 0.2362, -0.4429 1.2437 0.2362, -0.3445 1.2437 0.2362, -0.4429 -0.3547 0.0984, -0.3445 -0.3547 0.0984, -0.4429 -0.1736 0.1575, -0.5413 -0.1736 0.1575, -0.246 -0.3547 0.7087, -0.1476 -0.3547 0.7087, -0.246 0.3146 0.2362, -0.1476 0.3146 0.2362, -0.246 1.2437 0.2362, -0.1476 1.2437 0.2362, -0.246 -0.3547 0.0984, -0.1476 -0.3547 0.0984, -0.246 -0.1736 0.1575, -0.3445 -0.1736 0.1575, -0.0492 -0.3547 0.7087, 0.0492 -0.3547 0.7087, -0.0492 0.3146 0.2362, 0.0492 0.3146 0.2362, -0.0492 1.2437 0.2362, 0.0492 1.2437 0.2362, -0.0492 -0.3547 0.0984, 0.0492 -0.3547 0.0984, -0.0492 -0.1736 0.1575, -0.1476 -0.1736 0.1575, 0.1477 -0.3547 0.7087, 0.2461 -0.3547 0.7087, 0.1477 0.3146 0.2362, 0.2461 0.3146 0.2362, 0.1477 1.2437 0.2362, 0.2461 1.2437 0.2362, 0.1477 -0.3547 0.0984, 0.2461 -0.3547 0.0984, 0.1477 -0.1736 0.1575, 0.0492 -0.1736 0.1575, 0.3445 -0.3547 0.7087, 0.4429 -0.3547 0.7087, 0.3445 0.3146 0.2362, 0.4429 0.3146 0.2362, 0.3445 1.2437 0.2362, 0.4429 1.2437 0.2362, 0.3445 -0.3547 0.0984, 0.4429 -0.3547 0.0984, 0.3445 -0.1736 0.1575, 0.2461 -0.1736 0.1575, 0.5414 -0.3547 0.7087, 0.6398 -0.3547 0.7087, 0.5414 0.3146 0.2362, 0.6398 0.3146 0.2362, 0.5414 1.2437 0.2362, 0.6398 1.2437 0.2362, 0.5414 -0.3547 0.0984, 0.6398 -0.3547 0.0984, 0.5414 -0.1736 0.1575, 0.4429 -0.1736 0.1575, 0.7382 -0.3547 0.7087, 0.8366 -0.3547 0.7087, 0.7382 0.3146 0.2362, 0.8366 0.3146 0.2362, 0.7382 1.2437 0.2362, 0.8366 1.2437 0.2362, 0.7382 -0.3547 0.0984, 0.8366 -0.3547 0.0984, 0.7382 -0.1736 0.1575, 0.6398 -0.1736 0.1575, 1.1319 -0.3547 0.7087, 1.2303 -0.3547 0.7087, 1.1319 0.3146 0.2362, 1.2303 0.3146 0.2362, 1.1319 1.2437 0.2362, 1.2303 1.2437 0.2362, 1.1319 -0.3547 0.0984, 1.2303 -0.3547 0.0984, 0.9351 -0.3547 0.7087, 1.0335 -0.3547 0.7087, 0.9351 0.3146 0.2362, 1.0335 0.3146 0.2362, 0.9351 1.2437 0.2362, 1.0335 1.2437 0.2362, 0.9351 -0.3547 0.0984, 1.0335 -0.3547 0.0984, 1.1319 -0.1736 0.1575, 1.0335 -0.1736 0.1575, 1.3288 -0.3547 0.7087, 1.4272 -0.3547 0.7087, 1.3288 0.3146 0.2362, 1.4272 0.3146 0.2362, 1.3288 1.2437 0.2362, 1.4272 1.2437 0.2362, 1.3288 -0.3547 0.0984, 1.4272 -0.3547 0.0984, 1.3288 -0.1736 0.1575, 1.2303 -0.1736 0.1575, 1.5256 -0.3547 0.0984, 1.5256 -0.1736 0.1575, 1.4272 -0.1736 0.1575, 0.9351 -0.1736 0.1575, 0.8366 -0.1736 0.1575
            ]
        }
        coordIndex [
            0,1,2,-1,3,4,5,-1,5,4,6,-1,7,8,9,-1,9,8,10,-1,9,10,11,-1,11,10,12,-1,11,12,13,-1,13,12,14,-1,13,14,15,-1,15,14,16,-1,12,10,17,-1,17,18,12,-1,12,18,19,-1,12,19,20,-1,21,22,23,-1,23,22,20,-1,23,20,24,-1,24,20,19,-1,24,19,25,-1,25,19,26,-1,27,28,29,-1,30,31,32,-1,29,33,34,-1,35,36,37,-1,37,36,38,-1,39,40,41,-1,32,42,43,-1,44,45,46,-1,46,45,47,-1,35,48,36,-1,36,48,49,-1,36,49,50,-1,39,41,51,-1,52,53,54,-1,32,31,55,-1,56,57,58,-1,41,59,28,-1,28,59,38,-1,28,38,29,-1,29,38,36,-1,29,36,33,-1,40,60,41,-1,41,60,61,-1,41,61,59,-1,52,54,62,-1,54,63,64,-1,64,63,65,-1,66,67,68,-1,43,69,32,-1,32,69,70,-1,32,70,30,-1,71,72,73,-1,73,72,74,-1,75,76,77,-1,78,79,80,-1,80,79,81,-1,80,81,82,-1,82,81,83,-1,82,83,54,-1,54,83,84,-1,54,84,62,-1,53,85,54,-1,54,85,86,-1,54,86,63,-1,87,88,63,-1,63,88,89,-1,63,89,65,-1,90,91,78,-1,78,91,92,-1,66,68,93,-1,93,68,94,-1,93,94,95,-1,44,96,45,-1,45,96,97,-1,45,97,98,-1,98,97,74,-1,98,74,99,-1,99,74,72,-1,100,101,102,-1,103,104,105,-1,105,104,106,-1,105,106,107,-1,108,109,105,-1,105,109,58,-1,105,58,103,-1,95,110,93,-1,93,110,78,-1,93,78,111,-1,111,78,92,-1,112,113,58,-1,107,114,105,-1,105,114,115,-1,105,115,116,-1,116,115,117,-1,41,118,51,-1,51,118,119,-1,51,119,120,-1,120,119,121,-1,120,121,32,-1,32,121,122,-1,32,122,42,-1,55,31,73,-1,73,31,123,-1,73,123,71,-1,112,58,124,-1,113,125,58,-1,58,125,126,-1,58,126,56,-1,47,127,46,-1,46,127,58,-1,46,58,128,-1,128,58,57,-1,129,130,58,-1,127,131,58,-1,58,131,132,-1,58,132,100,-1,100,102,58,-1,58,102,133,-1,58,133,129,-1,130,134,58,-1,58,134,135,-1,58,135,103,-1,136,116,77,-1,77,116,117,-1,77,117,75,-1,75,117,137,-1,75,137,138,-1,138,137,139,-1,138,139,140,-1,141,142,143,-1,143,142,144,-1,143,144,145,-1,58,8,146,-1,146,8,7,-1,147,148,149,-1,29,150,151,-1,152,153,154,-1,154,153,155,-1,156,157,158,-1,151,159,29,-1,29,159,160,-1,29,160,161,-1,155,162,154,-1,154,162,163,-1,154,163,164,-1,164,163,165,-1,164,165,166,-1,167,168,169,-1,169,168,170,-1,171,172,169,-1,173,174,141,-1,175,176,177,-1,177,176,178,-1,161,179,29,-1,29,179,180,-1,29,180,181,-1,170,182,169,-1,169,182,183,-1,169,183,184,-1,171,169,185,-1,186,187,165,-1,165,187,188,-1,165,188,166,-1,173,141,189,-1,190,191,58,-1,192,193,194,-1,195,196,197,-1,174,198,141,-1,141,198,199,-1,141,199,200,-1,201,202,203,-1,203,202,204,-1,190,58,205,-1,206,177,207,-1,207,177,208,-1,178,209,177,-1,177,209,210,-1,177,210,211,-1,181,212,29,-1,29,212,213,-1,29,213,214,-1,214,215,29,-1,29,215,216,-1,29,216,217,-1,184,218,169,-1,169,218,219,-1,169,219,220,-1,220,219,192,-1,220,192,221,-1,221,192,194,-1,147,149,197,-1,197,149,222,-1,197,222,195,-1,196,223,197,-1,197,223,224,-1,197,224,157,-1,157,224,225,-1,157,225,226,-1,226,227,157,-1,157,227,228,-1,157,228,158,-1,229,230,158,-1,230,231,158,-1,158,231,232,-1,158,232,233,-1,233,234,158,-1,158,234,235,-1,158,235,236,-1,237,238,58,-1,58,238,239,-1,240,189,149,-1,149,189,141,-1,149,141,29,-1,29,141,143,-1,29,143,27,-1,27,143,136,-1,27,136,241,-1,241,136,77,-1,242,243,244,-1,243,245,246,-1,169,247,177,-1,177,247,248,-1,177,248,208,-1,206,249,177,-1,177,249,250,-1,177,250,175,-1,217,251,29,-1,29,251,252,-1,29,252,149,-1,253,236,254,-1,254,236,255,-1,253,256,236,-1,236,256,257,-1,236,257,158,-1,158,257,258,-1,158,258,156,-1,186,165,158,-1,158,165,259,-1,158,259,260,-1,260,261,158,-1,158,261,262,-1,158,262,229,-1,229,262,167,-1,229,167,263,-1,263,167,169,-1,263,169,264,-1,264,169,172,-1,265,266,267,-1,268,269,58,-1,269,270,58,-1,58,270,271,-1,58,271,237,-1,237,271,272,-1,272,271,273,-1,273,271,274,-1,273,274,275,-1,276,277,278,-1,278,277,279,-1,276,278,244,-1,244,278,280,-1,244,280,242,-1,281,282,169,-1,169,282,283,-1,169,283,185,-1,145,144,267,-1,267,144,284,-1,267,284,265,-1,285,286,146,-1,239,287,58,-1,58,287,288,-1,58,288,289,-1,290,291,149,-1,200,292,141,-1,141,292,293,-1,141,293,294,-1,294,293,295,-1,294,295,296,-1,243,246,244,-1,244,246,297,-1,244,297,298,-1,286,299,146,-1,146,299,300,-1,146,300,58,-1,58,300,301,-1,58,301,302,-1,275,303,273,-1,273,303,304,-1,273,304,305,-1,291,306,149,-1,149,306,307,-1,149,307,240,-1,204,308,203,-1,203,308,309,-1,203,309,296,-1,296,309,310,-1,296,310,294,-1,210,311,211,-1,211,311,312,-1,211,312,313,-1,314,315,29,-1,29,315,316,-1,29,316,150,-1,266,317,267,-1,267,317,318,-1,267,318,319,-1,319,320,267,-1,267,320,321,-1,267,321,322,-1,323,324,325,-1,325,324,326,-1,325,326,327,-1,305,328,273,-1,273,328,329,-1,273,329,201,-1,201,329,330,-1,201,330,202,-1,177,331,169,-1,169,331,332,-1,169,332,333,-1,323,334,324,-1,324,334,335,-1,324,335,336,-1,336,335,337,-1,148,338,149,-1,149,338,339,-1,149,339,290,-1,290,339,340,-1,290,340,341,-1,191,342,58,-1,58,342,343,-1,58,343,344,-1,333,345,169,-1,169,345,346,-1,169,346,281,-1,289,347,58,-1,58,347,348,-1,58,348,211,-1,344,278,58,-1,58,278,29,-1,58,29,124,-1,124,29,34,-1,124,34,80,-1,80,34,349,-1,80,349,78,-1,78,349,350,-1,78,350,90,-1,279,351,278,-1,278,351,352,-1,278,352,29,-1,29,352,353,-1,29,353,314,-1,354,146,355,-1,355,146,356,-1,354,357,146,-1,146,357,358,-1,146,358,285,-1,313,359,211,-1,211,359,360,-1,211,360,58,-1,58,360,361,-1,58,361,205,-1,362,363,146,-1,146,363,364,-1,146,364,356,-1,365,366,367,-1,367,366,368,-1,367,368,302,-1,302,368,369,-1,302,369,58,-1,58,369,370,-1,58,370,268,-1,322,371,267,-1,267,371,372,-1,267,372,146,-1,146,372,373,-1,146,373,362,-1,327,326,374,-1,374,326,375,-1,374,375,367,-1,367,375,376,-1,367,376,365,-1,377,378,15,-1,15,378,13,-1,379,145,380,-1,380,145,381,-1,380,381,382,-1,382,381,383,-1,382,383,384,-1,384,383,377,-1,384,377,16,-1,16,377,15,-1,385,386,387,-1,387,386,388,-1,387,388,389,-1,390,391,143,-1,143,391,392,-1,379,393,145,-1,145,393,394,-1,145,394,395,-1,392,396,143,-1,143,396,397,-1,143,397,398,-1,395,399,145,-1,145,399,400,-1,145,400,401,-1,398,402,143,-1,143,402,403,-1,143,403,136,-1,136,403,404,-1,401,405,145,-1,145,405,406,-1,145,406,143,-1,406,407,143,-1,143,407,408,-1,143,408,409,-1,404,410,136,-1,136,410,411,-1,136,411,412,-1,412,413,136,-1,136,413,414,-1,136,414,415,-1,415,414,416,-1,415,416,389,-1,389,416,417,-1,389,417,387,-1,409,418,143,-1,143,418,419,-1,143,419,420,-1,420,421,143,-1,143,421,422,-1,143,422,423,-1,423,424,143,-1,143,424,425,-1,143,425,390,-1,22,21,109,-1,109,21,426,-1,17,10,427,-1,427,10,8,-1,427,8,2,-1,428,109,429,-1,429,109,426,-1,429,426,430,-1,431,432,58,-1,58,432,433,-1,428,434,109,-1,109,434,435,-1,109,435,58,-1,435,436,58,-1,58,436,437,-1,58,437,438,-1,433,439,58,-1,58,439,440,-1,58,440,441,-1,438,442,58,-1,58,442,443,-1,58,443,444,-1,441,445,58,-1,58,445,446,-1,58,446,447,-1,444,448,58,-1,58,448,449,-1,58,449,450,-1,447,451,58,-1,58,451,452,-1,58,452,453,-1,450,454,58,-1,58,454,455,-1,58,455,431,-1,453,456,58,-1,58,456,457,-1,58,457,8,-1,457,458,8,-1,8,458,459,-1,8,459,460,-1,460,461,8,-1,8,461,0,-1,8,0,2,-1,462,463,18,-1,18,463,464,-1,18,464,19,-1,19,464,465,-1,19,465,6,-1,6,465,466,-1,6,466,5,-1,18,17,462,-1,462,17,427,-1,5,466,467,-1,427,2,462,-1,462,2,1,-1,463,462,468,-1,468,462,1,-1,468,1,467,-1,467,1,469,-1,467,469,5,-1,5,469,470,-1,5,470,3,-1,383,381,464,-1,464,381,465,-1,146,467,267,-1,267,467,466,-1,466,465,267,-1,267,465,381,-1,267,381,145,-1,383,464,377,-1,377,464,463,-1,468,471,463,-1,463,471,472,-1,463,472,377,-1,377,472,378,-1,468,467,471,-1,471,467,146,-1,471,146,9,-1,9,146,7,-1,472,11,378,-1,378,11,13,-1,9,11,471,-1,471,11,472,-1,473,474,20,-1,474,473,475,-1,475,473,476,-1,475,476,477,-1,477,476,478,-1,477,478,20,-1,20,478,479,-1,20,479,473,-1,480,481,482,-1,474,483,20,-1,20,483,484,-1,20,484,485,-1,482,481,486,-1,486,481,14,-1,486,14,487,-1,487,14,12,-1,487,12,488,-1,485,489,20,-1,20,489,490,-1,20,490,12,-1,12,490,491,-1,12,491,492,-1,493,494,12,-1,12,494,495,-1,12,496,497,-1,492,498,12,-1,12,498,499,-1,12,499,500,-1,495,501,12,-1,12,501,502,-1,12,502,496,-1,497,503,12,-1,12,503,504,-1,12,504,505,-1,505,506,12,-1,12,506,507,-1,12,507,508,-1,500,509,12,-1,12,509,510,-1,12,510,493,-1,508,511,12,-1,12,511,512,-1,12,512,513,-1,513,514,12,-1,12,514,515,-1,12,515,516,-1,482,488,480,-1,480,488,12,-1,480,12,517,-1,517,12,516,-1,481,480,384,-1,384,480,382,-1,14,481,16,-1,16,481,384,-1,382,480,380,-1,380,480,517,-1,380,517,518,-1,518,517,519,-1,520,521,487,-1,487,521,486,-1,522,520,488,-1,488,520,487,-1,523,522,482,-1,482,522,488,-1,521,523,486,-1,486,523,482,-1,522,523,520,-1,520,523,521,-1,380,518,379,-1,379,518,524,-1,24,25,525,-1,525,25,526,-1,527,528,484,-1,484,528,485,-1,529,530,531,-1,531,530,532,-1,531,532,533,-1,533,532,534,-1,533,534,434,-1,434,534,435,-1,412,411,535,-1,535,411,536,-1,535,536,527,-1,527,536,528,-1,537,538,416,-1,416,538,483,-1,416,483,417,-1,417,483,474,-1,539,526,26,-1,26,526,25,-1,540,541,525,-1,4,542,6,-1,6,542,526,-1,6,526,539,-1,543,544,545,-1,546,547,526,-1,545,546,543,-1,543,546,526,-1,543,526,548,-1,548,526,542,-1,548,542,549,-1,549,542,550,-1,551,552,553,-1,554,555,526,-1,553,554,551,-1,551,554,526,-1,551,526,556,-1,556,526,547,-1,556,547,557,-1,557,547,558,-1,559,560,561,-1,562,563,526,-1,561,562,559,-1,559,562,526,-1,559,526,564,-1,564,526,555,-1,564,555,565,-1,565,555,566,-1,567,568,569,-1,570,571,526,-1,569,570,567,-1,567,570,526,-1,567,526,572,-1,572,526,563,-1,572,563,573,-1,573,563,574,-1,575,576,577,-1,578,579,526,-1,577,578,575,-1,575,578,526,-1,575,526,580,-1,580,526,571,-1,580,571,581,-1,581,571,582,-1,583,584,585,-1,586,587,526,-1,585,586,583,-1,583,586,526,-1,583,526,588,-1,588,526,579,-1,588,579,589,-1,589,579,590,-1,591,592,593,-1,593,594,591,-1,591,594,526,-1,591,526,595,-1,595,526,587,-1,595,587,596,-1,596,587,597,-1,529,598,599,-1,600,601,602,-1,602,601,530,-1,599,540,529,-1,529,540,525,-1,529,525,530,-1,530,525,526,-1,530,526,602,-1,602,526,594,-1,603,541,604,-1,604,541,540,-1,605,430,426,-1,606,607,608,-1,603,604,609,-1,609,604,610,-1,611,609,612,-1,612,609,610,-1,612,610,608,-1,608,610,605,-1,608,605,606,-1,606,605,426,-1,429,605,428,-1,428,605,610,-1,613,414,614,-1,614,414,413,-1,537,613,538,-1,538,613,614,-1,613,537,414,-1,414,537,416,-1,615,434,616,-1,616,434,428,-1,598,484,599,-1,599,484,483,-1,412,615,413,-1,413,615,616,-1,615,412,535,-1,598,529,531,-1,533,434,531,-1,531,434,615,-1,531,615,598,-1,598,615,535,-1,598,535,484,-1,484,535,527,-1,616,428,604,-1,604,428,610,-1,483,538,599,-1,599,538,614,-1,604,540,616,-1,616,540,599,-1,616,599,413,-1,413,599,614,-1,429,430,605,-1,109,108,22,-1,22,108,617,-1,22,617,20,-1,20,617,618,-1,20,618,477,-1,477,618,619,-1,477,619,385,-1,385,619,386,-1,620,388,619,-1,619,388,386,-1,541,603,525,-1,525,603,609,-1,609,611,525,-1,525,611,621,-1,607,606,622,-1,622,606,23,-1,622,23,621,-1,621,23,24,-1,621,24,525,-1,21,23,426,-1,426,23,606,-1,415,389,621,-1,621,389,622,-1,116,136,415,-1,612,105,611,-1,611,105,116,-1,611,116,621,-1,621,116,415,-1,388,620,389,-1,389,620,623,-1,622,389,607,-1,607,389,623,-1,607,623,608,-1,608,623,624,-1,617,108,624,-1,624,108,105,-1,624,105,608,-1,608,105,612,-1,618,623,619,-1,619,623,620,-1,618,617,623,-1,623,617,624,-1,474,475,417,-1,417,475,387,-1,475,477,387,-1,387,477,385,-1,625,626,478,-1,478,626,479,-1,626,627,479,-1,479,627,473,-1,627,628,473,-1,473,628,476,-1,628,625,476,-1,476,625,478,-1,628,627,625,-1,625,627,626,-1,629,630,489,-1,489,630,490,-1,602,594,631,-1,631,594,632,-1,631,632,633,-1,633,632,634,-1,633,634,436,-1,436,634,437,-1,410,404,635,-1,635,404,636,-1,635,636,629,-1,629,636,630,-1,637,436,638,-1,638,436,435,-1,600,489,601,-1,601,489,485,-1,410,637,411,-1,411,637,638,-1,637,410,635,-1,600,602,631,-1,633,436,631,-1,631,436,637,-1,631,637,600,-1,600,637,635,-1,600,635,489,-1,489,635,629,-1,638,435,532,-1,532,435,534,-1,485,528,601,-1,601,528,536,-1,532,530,638,-1,638,530,601,-1,638,601,411,-1,411,601,536,-1,639,640,498,-1,498,640,499,-1,587,586,641,-1,641,586,642,-1,641,642,643,-1,643,642,644,-1,643,644,443,-1,443,644,444,-1,398,397,645,-1,645,397,646,-1,645,646,639,-1,639,646,640,-1,491,647,492,-1,492,647,648,-1,649,591,650,-1,650,591,595,-1,651,649,652,-1,652,649,650,-1,438,651,442,-1,442,651,652,-1,653,403,654,-1,654,403,402,-1,647,653,648,-1,648,653,654,-1,655,443,656,-1,656,443,442,-1,597,498,596,-1,596,498,492,-1,398,655,402,-1,402,655,656,-1,655,398,645,-1,597,587,641,-1,643,443,641,-1,641,443,655,-1,641,655,597,-1,597,655,645,-1,597,645,498,-1,498,645,639,-1,656,442,650,-1,650,442,652,-1,492,648,596,-1,596,648,654,-1,650,595,656,-1,656,595,596,-1,656,596,402,-1,402,596,654,-1,657,438,658,-1,658,438,437,-1,592,491,593,-1,593,491,490,-1,403,657,404,-1,404,657,658,-1,657,403,653,-1,592,591,649,-1,651,438,649,-1,649,438,657,-1,649,657,592,-1,592,657,653,-1,592,653,491,-1,491,653,647,-1,658,437,632,-1,632,437,634,-1,490,630,593,-1,593,630,636,-1,632,594,658,-1,658,594,593,-1,658,593,404,-1,404,593,636,-1,659,660,500,-1,500,660,509,-1,583,588,661,-1,661,588,662,-1,661,662,663,-1,663,662,664,-1,663,664,448,-1,448,664,449,-1,396,392,665,-1,665,392,666,-1,665,666,659,-1,659,666,660,-1,667,448,668,-1,668,448,444,-1,584,500,585,-1,585,500,499,-1,396,667,397,-1,397,667,668,-1,667,396,665,-1,584,583,661,-1,663,448,661,-1,661,448,667,-1,661,667,584,-1,584,667,665,-1,584,665,500,-1,500,665,659,-1,668,444,642,-1,642,444,644,-1,499,640,585,-1,585,640,646,-1,642,586,668,-1,668,586,585,-1,668,585,397,-1,397,585,646,-1,669,670,510,-1,510,670,493,-1,579,578,671,-1,671,578,672,-1,671,672,673,-1,673,672,674,-1,673,674,450,-1,450,674,454,-1,391,390,675,-1,675,390,676,-1,675,676,669,-1,669,676,670,-1,677,450,678,-1,678,450,449,-1,590,510,589,-1,589,510,509,-1,391,677,392,-1,392,677,678,-1,677,391,675,-1,590,579,671,-1,673,450,671,-1,671,450,677,-1,671,677,590,-1,590,677,675,-1,590,675,510,-1,510,675,669,-1,678,449,662,-1,662,449,664,-1,509,660,589,-1,589,660,666,-1,662,588,678,-1,678,588,589,-1,678,589,392,-1,392,589,666,-1,679,680,494,-1,494,680,495,-1,575,580,681,-1,681,580,682,-1,681,682,683,-1,683,682,684,-1,683,684,455,-1,455,684,431,-1,425,424,685,-1,685,424,686,-1,685,686,679,-1,679,686,680,-1,687,455,688,-1,688,455,454,-1,576,494,577,-1,577,494,493,-1,425,687,390,-1,390,687,688,-1,687,425,685,-1,576,575,681,-1,683,455,681,-1,681,455,687,-1,681,687,576,-1,576,687,685,-1,576,685,494,-1,494,685,679,-1,688,454,672,-1,672,454,674,-1,493,670,577,-1,577,670,676,-1,672,578,688,-1,688,578,577,-1,688,577,390,-1,390,577,676,-1,689,690,501,-1,501,690,502,-1,571,570,691,-1,691,570,692,-1,691,692,693,-1,693,692,694,-1,693,694,432,-1,432,694,433,-1,423,422,695,-1,695,422,696,-1,695,696,689,-1,689,696,690,-1,697,432,698,-1,698,432,431,-1,582,501,581,-1,581,501,495,-1,423,697,424,-1,424,697,698,-1,697,423,695,-1,582,571,691,-1,693,432,691,-1,691,432,697,-1,691,697,582,-1,582,697,695,-1,582,695,501,-1,501,695,689,-1,698,431,682,-1,682,431,684,-1,495,680,581,-1,581,680,686,-1,682,580,698,-1,698,580,581,-1,698,581,424,-1,424,581,686,-1,699,700,496,-1,496,700,497,-1,567,572,701,-1,701,572,702,-1,701,702,703,-1,703,702,704,-1,703,704,439,-1,439,704,440,-1,421,420,705,-1,705,420,706,-1,705,706,699,-1,699,706,700,-1,707,439,708,-1,708,439,433,-1,568,496,569,-1,569,496,502,-1,421,707,422,-1,422,707,708,-1,707,421,705,-1,568,567,701,-1,703,439,701,-1,701,439,707,-1,701,707,568,-1,568,707,705,-1,568,705,496,-1,496,705,699,-1,708,433,692,-1,692,433,694,-1,502,690,569,-1,569,690,696,-1,692,570,708,-1,708,570,569,-1,708,569,422,-1,422,569,696,-1,709,710,503,-1,503,710,504,-1,563,562,711,-1,711,562,712,-1,711,712,713,-1,713,712,714,-1,713,714,441,-1,441,714,445,-1,419,418,715,-1,715,418,716,-1,715,716,709,-1,709,716,710,-1,717,441,718,-1,718,441,440,-1,574,503,573,-1,573,503,497,-1,419,717,420,-1,420,717,718,-1,717,419,715,-1,574,563,711,-1,713,441,711,-1,711,441,717,-1,711,717,574,-1,574,717,715,-1,574,715,503,-1,503,715,709,-1,718,440,702,-1,702,440,704,-1,497,700,573,-1,573,700,706,-1,702,572,718,-1,718,572,573,-1,718,573,420,-1,420,573,706,-1,719,720,505,-1,505,720,506,-1,559,564,721,-1,721,564,722,-1,721,722,723,-1,723,722,724,-1,723,724,446,-1,446,724,447,-1,409,408,725,-1,725,408,726,-1,725,726,719,-1,719,726,720,-1,727,446,728,-1,728,446,445,-1,560,505,561,-1,561,505,504,-1,409,727,418,-1,418,727,728,-1,727,409,725,-1,560,559,721,-1,723,446,721,-1,721,446,727,-1,721,727,560,-1,560,727,725,-1,560,725,505,-1,505,725,719,-1,728,445,712,-1,712,445,714,-1,504,710,561,-1,561,710,716,-1,712,562,728,-1,728,562,561,-1,728,561,418,-1,418,561,716,-1,729,730,507,-1,507,730,508,-1,555,554,731,-1,731,554,732,-1,731,732,733,-1,733,732,734,-1,733,734,451,-1,451,734,452,-1,407,406,735,-1,735,406,736,-1,735,736,729,-1,729,736,730,-1,737,451,738,-1,738,451,447,-1,566,507,565,-1,565,507,506,-1,407,737,408,-1,408,737,738,-1,737,407,735,-1,566,555,731,-1,733,451,731,-1,731,451,737,-1,731,737,566,-1,566,737,735,-1,566,735,507,-1,507,735,729,-1,738,447,722,-1,722,447,724,-1,506,720,565,-1,565,720,726,-1,722,564,738,-1,738,564,565,-1,738,565,408,-1,408,565,726,-1,739,740,513,-1,513,740,514,-1,547,546,741,-1,741,546,742,-1,741,742,743,-1,743,742,744,-1,743,744,457,-1,457,744,458,-1,400,399,745,-1,745,399,746,-1,745,746,739,-1,739,746,740,-1,511,747,512,-1,512,747,748,-1,749,551,750,-1,750,551,556,-1,751,749,752,-1,752,749,750,-1,453,751,456,-1,456,751,752,-1,753,405,754,-1,754,405,401,-1,747,753,748,-1,748,753,754,-1,755,457,756,-1,756,457,456,-1,558,513,557,-1,557,513,512,-1,400,755,401,-1,401,755,756,-1,755,400,745,-1,558,547,741,-1,743,457,741,-1,741,457,755,-1,741,755,558,-1,558,755,745,-1,558,745,513,-1,513,745,739,-1,756,456,750,-1,750,456,752,-1,512,748,557,-1,557,748,754,-1,750,556,756,-1,756,556,557,-1,756,557,401,-1,401,557,754,-1,757,758,515,-1,515,758,516,-1,543,548,759,-1,759,548,760,-1,759,760,761,-1,761,760,762,-1,761,762,459,-1,459,762,460,-1,395,394,763,-1,763,394,764,-1,763,764,757,-1,757,764,758,-1,765,459,766,-1,766,459,458,-1,544,515,545,-1,545,515,514,-1,395,765,399,-1,399,765,766,-1,765,395,763,-1,544,543,759,-1,761,459,759,-1,759,459,765,-1,759,765,544,-1,544,765,763,-1,544,763,515,-1,515,763,757,-1,766,458,742,-1,742,458,744,-1,514,740,545,-1,545,740,746,-1,742,546,766,-1,766,546,545,-1,766,545,399,-1,399,545,746,-1,542,4,470,-1,470,4,3,-1,469,1,461,-1,461,1,0,-1,393,379,767,-1,767,379,524,-1,767,524,519,-1,519,524,518,-1,539,26,6,-1,6,26,19,-1,768,461,769,-1,769,461,460,-1,550,517,549,-1,549,517,516,-1,393,768,394,-1,394,768,769,-1,768,393,767,-1,550,542,470,-1,469,461,470,-1,470,461,768,-1,470,768,550,-1,550,768,767,-1,550,767,517,-1,517,767,519,-1,769,460,760,-1,760,460,762,-1,516,758,549,-1,549,758,764,-1,760,548,769,-1,769,548,549,-1,769,549,394,-1,394,549,764,-1,770,453,771,-1,771,453,452,-1,552,511,553,-1,553,511,508,-1,405,770,406,-1,406,770,771,-1,770,405,753,-1,552,551,749,-1,751,453,749,-1,749,453,770,-1,749,770,552,-1,552,770,753,-1,552,753,511,-1,511,753,747,-1,771,452,732,-1,732,452,734,-1,508,730,553,-1,553,730,736,-1,732,554,771,-1,771,554,553,-1,771,553,406,-1,406,553,736,-1,
        ]
    }
}
Shape{
    appearance Appearance {
        material  Material 	{
            diffuseColor 0.792156862745098 0.8196078431372549 0.9333333333333333
            specularColor 0.396078431372549 0.4117647058823529 0.4666666666666667
            ambientIntensity 0.8244
            transparency 0.0
            shininess 0.5
        }
    }
    geometry IndexedFaceSet {
        ccw TRUE
        solid FALSE
        coord DEF co Coordinate {
            point [
                0.2299 0.4906 0.0039, 0.2299 0.4906 0.0, 0.248 0.4062 0.0039, 0.248 0.4062 0.0, 0.2214 0.5337 0.0039, 0.2214 0.5337 0.0, 0.218 0.5473 0.0039, 0.218 0.5473 0.0, 0.2172 0.5493 0.0039, 0.2172 0.5493 0.0, 0.2166 0.5506 0.0039, 0.2166 0.5506 0.0, 0.216 0.5515 0.0039, 0.216 0.5515 0.0, 0.2154 0.5522 0.0039, 0.2154 0.5522 0.0, 0.2148 0.5525 0.0039, 0.2148 0.5525 0.0, 0.2143 0.5527 0.0039, 0.2143 0.5527 0.0, 0.2139 0.5528 0.0039, 0.2139 0.5528 0.0, 0.2135 0.5527 0.0039, 0.2135 0.5527 0.0, 0.2132 0.5526 0.0039, 0.2132 0.5526 0.0, 0.213 0.5524 0.0039, 0.213 0.5524 0.0, 0.2126 0.552 0.0039, 0.2126 0.552 0.0, 0.212 0.551 0.0039, 0.212 0.551 0.0, 0.2116 0.5496 0.0039, 0.2116 0.5496 0.0, 0.2108 0.5436 0.0039, 0.2108 0.5436 0.0, 0.21 0.5359 0.0039, 0.21 0.5359 0.0, 0.2073 0.5122 0.0039, 0.2073 0.5122 0.0, 0.2065 0.5012 0.0039, 0.2065 0.5012 0.0, 0.2067 0.496 0.0039, 0.2067 0.496 0.0, 0.2079 0.4926 0.0039, 0.2079 0.4926 0.0, 0.209 0.4906 0.0039, 0.209 0.4906 0.0, 0.2118 0.4855 0.0039, 0.2118 0.4855 0.0, 0.2192 0.4608 0.0039, 0.2192 0.4608 0.0, 0.2254 0.4357 0.0039, 0.2254 0.4357 0.0, 0.2832 0.1679 0.0, 0.2837 0.1656 0.0039, 0.2837 0.1656 0.0, 0.2916 0.1656 0.0039, 0.2916 0.1656 0.0, 0.3465 0.4085 0.0039, 0.3465 0.4085 0.0, 0.2921 0.1679 0.0, 0.3533 0.4369 0.0039, 0.3533 0.4369 0.0, 0.3563 0.4503 0.0039, 0.3563 0.4503 0.0, 0.3601 0.4635 0.0039, 0.3601 0.4635 0.0, 0.3641 0.4742 0.0039, 0.3641 0.4742 0.0, 0.3677 0.4844 0.0039, 0.3677 0.4844 0.0, 0.3701 0.4879 0.0039, 0.3701 0.4879 0.0, 0.3721 0.4903 0.0039, 0.3721 0.4903 0.0, 0.3727 0.4913 0.0039, 0.3727 0.4913 0.0, 0.373 0.4922 0.0039, 0.373 0.4922 0.0, 0.373 0.4935 0.0039, 0.373 0.4935 0.0, 0.3726 0.4992 0.0039, 0.3726 0.4992 0.0, 0.3724 0.5016 0.0039, 0.3724 0.5016 0.0, 0.372 0.5077 0.0039, 0.372 0.5077 0.0, 0.3698 0.5331 0.0039, 0.3698 0.5331 0.0, 0.3686 0.5427 0.0039, 0.3686 0.5427 0.0, 0.3684 0.5457 0.0039, 0.3684 0.5457 0.0, 0.368 0.5479 0.0039, 0.368 0.5479 0.0, 0.3678 0.5493 0.0039, 0.3678 0.5493 0.0, 0.3675 0.5502 0.0039, 0.3675 0.5502 0.0, 0.3673 0.5508 0.0039, 0.3673 0.5508 0.0, 0.3669 0.5513 0.0039, 0.3669 0.5513 0.0, 0.3666 0.5516 0.0039, 0.3666 0.5516 0.0, 0.3662 0.5518 0.0039, 0.3662 0.5518 0.0, 0.3657 0.5519 0.0039, 0.3657 0.5519 0.0, 0.3653 0.5519 0.0039, 0.3653 0.5519 0.0, 0.3649 0.5518 0.0039, 0.3649 0.5518 0.0, 0.3644 0.5515 0.0039, 0.3644 0.5515 0.0, 0.3639 0.5511 0.0039, 0.3639 0.5511 0.0, 0.3634 0.5504 0.0039, 0.3634 0.5504 0.0, 0.3627 0.5491 0.0039, 0.3627 0.5491 0.0, 0.3624 0.5478 0.0039, 0.3624 0.5478 0.0, 0.3584 0.5252 0.0039, 0.3584 0.5252 0.0, 0.3251 0.3876 0.0039, 0.3251 0.3876 0.0, 0.2876 0.22 0.0039, 0.2508 0.3864 0.0039, 0.3239 0.3791 0.0039, 0.3086 0.3644 0.0039, 0.2944 0.374 0.0039, 0.2892 0.3768 0.0039, 0.2731 0.3818 0.0039, 0.2508 0.3864 0.0, 0.2876 0.22 0.0, 0.2731 0.3818 0.0, 0.2892 0.3768 0.0, 0.2944 0.374 0.0, 0.3086 0.3644 0.0, 0.3239 0.3791 0.0, 0.0027 0.2013 0.0039, 0.0027 0.2013 0.0, 0.0128 0.2098 0.0039, 0.0128 0.2098 0.0, 0.0003 0.1994 0.0039, 0.0003 0.1994 0.0, -0.0012 0.1978 0.0039, -0.0012 0.1978 0.0, -0.0021 0.1962 0.0039, -0.0021 0.1962 0.0, -0.0026 0.1945 0.0039, -0.0026 0.1945 0.0, -0.0026 0.193 0.0039, -0.0026 0.193 0.0, -0.0023 0.1914 0.0039, -0.0023 0.1914 0.0, -0.0018 0.1904 0.0039, -0.0018 0.1904 0.0, -0.001 0.1895 0.0039, -0.001 0.1895 0.0, -0.0002 0.1888 0.0039, -0.0002 0.1888 0.0, 0.01 0.1906 0.0039, 0.01 0.1906 0.0, 0.0219 0.1906 0.0039, 0.0219 0.1906 0.0, 0.0267 0.1897 0.0039, 0.0267 0.1897 0.0, 0.0315 0.1888 0.0039, 0.0315 0.1888 0.0, 0.0434 0.1877 0.0039, 0.0434 0.1877 0.0, 0.0649 0.1815 0.0039, 0.0649 0.1815 0.0, 0.0773 0.1791 0.0039, 0.0773 0.1791 0.0, 0.0898 0.1781 0.0039, 0.0898 0.1781 0.0, 0.1074 0.1792 0.0039, 0.1074 0.1792 0.0, 0.1206 0.1825 0.0039, 0.1206 0.1825 0.0, 0.1304 0.1876 0.0039, 0.1304 0.1876 0.0, 0.139 0.1949 0.0039, 0.139 0.1949 0.0, 0.1479 0.2072 0.0039, 0.1479 0.2072 0.0, 0.1562 0.2271 0.0039, 0.1562 0.2271 0.0, 0.1654 0.2852 0.0039, 0.1654 0.2852 0.0, 0.1686 0.374 0.0039, 0.1686 0.374 0.0, 0.1644 0.4312 0.0039, 0.1644 0.4312 0.0, 0.1546 0.4719 0.0039, 0.1546 0.4719 0.0, 0.1422 0.4964 0.0039, 0.1422 0.4964 0.0, 0.1325 0.5089 0.0039, 0.1325 0.5089 0.0, 0.1229 0.5171 0.0039, 0.1229 0.5171 0.0, 0.1122 0.5224 0.0039, 0.1122 0.5224 0.0, 0.0886 0.5271 0.0039, 0.0886 0.5271 0.0, 0.0678 0.5297 0.0039, 0.0678 0.5297 0.0, 0.0428 0.5326 0.0039, 0.0428 0.5326 0.0, 0.0336 0.5351 0.0039, 0.0336 0.5351 0.0, 0.0276 0.5386 0.0039, 0.0276 0.5386 0.0, 0.0258 0.5397 0.0039, 0.0258 0.5397 0.0, 0.0253 0.5399 0.0039, 0.0253 0.5399 0.0, 0.024 0.5398 0.0039, 0.024 0.5398 0.0, 0.0233 0.5396 0.0039, 0.0233 0.5396 0.0, 0.0214 0.5384 0.0039, 0.0214 0.5384 0.0, 0.0135 0.5317 0.0039, 0.0135 0.5317 0.0, 0.0083 0.5263 0.0039, 0.0083 0.5263 0.0, 0.0015 0.519 0.0039, 0.0015 0.519 0.0, 0.0001 0.5174 0.0039, 0.0001 0.5174 0.0, -0.0009 0.5162 0.0039, -0.0009 0.5162 0.0, -0.0016 0.5153 0.0039, -0.0016 0.5153 0.0, -0.002 0.5145 0.0039, -0.002 0.5145 0.0, -0.0022 0.5139 0.0039, -0.0022 0.5139 0.0, -0.0022 0.5134 0.0039, -0.0022 0.5134 0.0, -0.0021 0.5128 0.0039, -0.0021 0.5128 0.0, -0.0016 0.5116 0.0039, -0.0016 0.5116 0.0, -0.0014 0.5112 0.0039, -0.0014 0.5112 0.0, -0.0011 0.5108 0.0039, -0.0011 0.5108 0.0, -0.0008 0.5106 0.0039, -0.0008 0.5106 0.0, -0.0003 0.5104 0.0039, -0.0003 0.5104 0.0, -0.0002 0.5104 0.0039, -0.0002 0.5104 0.0, 0.001 0.5102 0.0039, 0.001 0.5102 0.0, 0.0032 0.5104 0.0039, 0.0032 0.5104 0.0, 0.0111 0.5104 0.0039, 0.0111 0.5104 0.0, 0.0202 0.5104 0.0039, 0.0202 0.5104 0.0, 0.0202 0.2137 0.0039, 0.0202 0.2137 0.0, 0.0164 0.2119 0.0039, 0.0164 0.2119 0.0, 0.0361 0.2098 0.0039, 0.0361 0.5093 0.0039, 0.1086 0.501 0.0039, 0.0959 0.5042 0.0039, 0.0785 0.5065 0.0039, 0.0536 0.5093 0.0039, 0.0448 0.5096 0.0039, 0.0468 0.2052 0.0039, 0.0709 0.1998 0.0039, 0.0955 0.1979 0.0039, 0.1094 0.2004 0.0039, 0.1177 0.497 0.0039, 0.1209 0.2047 0.0039, 0.1274 0.2094 0.0039, 0.1348 0.2179 0.0039, 0.1246 0.4916 0.0039, 0.131 0.4833 0.0039, 0.1428 0.4564 0.0039, 0.1411 0.2301 0.0039, 0.1461 0.2472 0.0039, 0.1527 0.3242 0.0039, 0.1521 0.3991 0.0039, 0.0785 0.5065 0.0, 0.0536 0.5093 0.0, 0.0959 0.5042 0.0, 0.1086 0.501 0.0, 0.1177 0.497 0.0, 0.1246 0.4916 0.0, 0.131 0.4833 0.0, 0.1428 0.4564 0.0, 0.1521 0.3991 0.0, 0.1527 0.3242 0.0, 0.1461 0.2472 0.0, 0.1411 0.2301 0.0, 0.1348 0.2179 0.0, 0.1274 0.2094 0.0, 0.1209 0.2047 0.0, 0.1094 0.2004 0.0, 0.0955 0.1979 0.0, 0.0709 0.1998 0.0, 0.0468 0.2052 0.0, 0.0361 0.2098 0.0, 0.0361 0.5093 0.0, 0.0448 0.5096 0.0, -0.1198 0.331 0.0039, -0.1198 0.331 0.0, -0.1674 0.3372 0.0039, -0.1674 0.3372 0.0, -0.1002 0.327 0.0039, -0.1002 0.327 0.0, -0.0876 0.3225 0.0039, -0.0876 0.3225 0.0, -0.0819 0.3191 0.0039, -0.0819 0.3191 0.0, -0.0768 0.3162 0.0039, -0.0768 0.3162 0.0, -0.0603 0.3327 0.0039, -0.0603 0.3327 0.0, -0.0591 0.3343 0.0039, -0.0591 0.3343 0.0, -0.0584 0.3356 0.0039, -0.0584 0.3356 0.0, -0.0579 0.3368 0.0039, -0.0579 0.3368 0.0, -0.0578 0.3378 0.0039, -0.0578 0.3378 0.0, -0.0579 0.3388 0.0039, -0.0579 0.3388 0.0, -0.0583 0.3397 0.0039, -0.0583 0.3397 0.0, -0.0589 0.3406 0.0039, -0.0589 0.3406 0.0, -0.0598 0.3414 0.0039, -0.0598 0.3414 0.0, -0.0604 0.3418 0.0039, -0.0604 0.3418 0.0, -0.0615 0.3422 0.0039, -0.0615 0.3422 0.0, -0.0632 0.3423 0.0039, -0.0632 0.3423 0.0, -0.1674 0.357 0.0039, -0.1674 0.357 0.0, -0.1674 0.5104 0.0039, -0.1674 0.5104 0.0, -0.083 0.4986 0.0039, -0.083 0.4986 0.0, -0.0748 0.4965 0.0039, -0.0748 0.4965 0.0, -0.0671 0.4929 0.0039, -0.0671 0.4929 0.0, -0.0621 0.49 0.0039, -0.0621 0.49 0.0, -0.0462 0.5077 0.0039, -0.0462 0.5077 0.0, -0.0447 0.5097 0.0039, -0.0447 0.5097 0.0, -0.0441 0.5109 0.0039, -0.0441 0.5109 0.0, -0.0439 0.5121 0.0039, -0.0439 0.5121 0.0, -0.044 0.5131 0.0039, -0.044 0.5131 0.0, -0.0443 0.5142 0.0039, -0.0443 0.5142 0.0, -0.0449 0.5153 0.0039, -0.0449 0.5153 0.0, -0.0453 0.5157 0.0039, -0.0453 0.5157 0.0, -0.0457 0.5161 0.0039, -0.0457 0.5161 0.0, -0.0463 0.5163 0.0039, -0.0463 0.5163 0.0, -0.0481 0.5167 0.0039, -0.0481 0.5167 0.0, -0.0496 0.5167 0.0039, -0.0496 0.5167 0.0, -0.0581 0.5172 0.0039, -0.0581 0.5172 0.0, -0.101 0.5225 0.0039, -0.101 0.5225 0.0, -0.1436 0.5291 0.0039, -0.1436 0.5291 0.0, -0.1696 0.5337 0.0039, -0.1696 0.5337 0.0, -0.1758 0.536 0.0039, -0.1758 0.536 0.0, -0.1796 0.537 0.0039, -0.1796 0.537 0.0, -0.1823 0.5372 0.0039, -0.1823 0.5372 0.0, -0.1843 0.5368 0.0039, -0.1843 0.5368 0.0, -0.1859 0.5362 0.0039, -0.1859 0.5362 0.0, -0.1872 0.5352 0.0039, -0.1872 0.5352 0.0, -0.188 0.5341 0.0039, -0.188 0.5341 0.0, -0.1888 0.5326 0.0039, -0.1888 0.5326 0.0, -0.1892 0.5304 0.0039, -0.1892 0.5304 0.0, -0.1889 0.5258 0.0039, -0.1889 0.5258 0.0, -0.1889 0.5258 0.0039, -0.1889 0.5258 0.0, -0.1853 0.5115 0.0039, -0.1853 0.5115 0.0, -0.1838 0.4968 0.0039, -0.1838 0.4968 0.0, -0.1838 0.4861 0.0039, -0.1838 0.4861 0.0, -0.1835 0.479 0.0039, -0.1835 0.479 0.0, -0.1832 0.4719 0.0039, -0.1832 0.4719 0.0, -0.1838 0.2126 0.0039, -0.1838 0.2126 0.0, -0.1899 0.2056 0.0039, -0.1899 0.2056 0.0, -0.1936 0.2011 0.0039, -0.1936 0.2011 0.0, -0.1959 0.198 0.0039, -0.1959 0.198 0.0, -0.1971 0.1955 0.0039, -0.1971 0.1955 0.0, -0.1977 0.1932 0.0039, -0.1977 0.1932 0.0, -0.1978 0.1916 0.0039, -0.1978 0.1916 0.0, -0.1979 0.1905 0.0039, -0.1979 0.1905 0.0, -0.1979 0.1893 0.0039, -0.1979 0.1893 0.0, -0.1978 0.1889 0.0039, -0.1978 0.1889 0.0, -0.1976 0.1886 0.0039, -0.1976 0.1886 0.0, -0.1973 0.1883 0.0039, -0.1973 0.1883 0.0, -0.1967 0.1879 0.0039, -0.1967 0.1879 0.0, -0.1959 0.1876 0.0039, -0.1959 0.1876 0.0, -0.1948 0.1875 0.0039, -0.1948 0.1875 0.0, -0.1929 0.1877 0.0039, -0.1929 0.1877 0.0, -0.1821 0.1894 0.0039, -0.1821 0.1894 0.0, -0.1725 0.1906 0.0039, -0.1725 0.1906 0.0, -0.1629 0.1906 0.0039, -0.1629 0.1906 0.0, -0.1612 0.1906 0.0039, -0.1612 0.1906 0.0, -0.1501 0.1904 0.0039, -0.1501 0.1904 0.0, -0.1391 0.1888 0.0039, -0.1391 0.1888 0.0, -0.117 0.1849 0.0039, -0.117 0.1849 0.0, -0.0975 0.1809 0.0039, -0.0975 0.1809 0.0, -0.0818 0.1752 0.0039, -0.0818 0.1752 0.0, -0.079 0.1735 0.0039, -0.079 0.1735 0.0, -0.0739 0.1702 0.0039, -0.0739 0.1702 0.0, -0.0576 0.1871 0.0039, -0.0576 0.1871 0.0, -0.0565 0.189 0.0039, -0.0565 0.189 0.0, -0.0558 0.1903 0.0039, -0.0558 0.1903 0.0, -0.0554 0.1914 0.0039, -0.0554 0.1914 0.0, -0.0553 0.1922 0.0039, -0.0553 0.1922 0.0, -0.0554 0.193 0.0039, -0.0554 0.193 0.0, -0.0556 0.1937 0.0039, -0.0556 0.1937 0.0, -0.0561 0.1945 0.0039, -0.0561 0.1945 0.0, -0.0567 0.1951 0.0039, -0.0567 0.1951 0.0, -0.0577 0.1957 0.0039, -0.0577 0.1957 0.0, -0.0588 0.196 0.0039, -0.0588 0.196 0.0, -0.0603 0.1962 0.0039, -0.0603 0.1962 0.0, -0.0694 0.1974 0.0039, -0.0694 0.1974 0.0, -0.0827 0.1991 0.0039, -0.0827 0.1991 0.0, -0.0961 0.2007 0.0039, -0.0961 0.2007 0.0, -0.1674 0.2126 0.0039, -0.1674 0.2126 0.0, -0.2536 0.1786 0.0039, -0.2536 0.1786 0.0, -0.2621 0.1786 0.0039, -0.2621 0.1786 0.0, -0.2536 0.3298 0.0039, -0.2536 0.3298 0.0, -0.2644 0.3298 0.0039, -0.2644 0.3298 0.0, -0.2676 0.2594 0.0039, -0.2676 0.2594 0.0, -0.2769 0.2228 0.0039, -0.2769 0.2228 0.0, -0.2842 0.2091 0.0039, -0.2842 0.2091 0.0, -0.2913 0.2012 0.0039, -0.2913 0.2012 0.0, -0.3001 0.1952 0.0039, -0.3001 0.1952 0.0, -0.3088 0.1921 0.0039, -0.3088 0.1921 0.0, -0.3142 0.1911 0.0039, -0.3142 0.1911 0.0, -0.326 0.1918 0.0039, -0.326 0.1918 0.0, -0.3361 0.1952 0.0039, -0.3361 0.1952 0.0, -0.3457 0.2012 0.0039, -0.3457 0.2012 0.0, -0.3551 0.2106 0.0039, -0.3551 0.2106 0.0, -0.3649 0.2261 0.0039, -0.3649 0.2261 0.0, -0.378 0.2639 0.0039, -0.378 0.2639 0.0, -0.3828 0.2919 0.0039, -0.3828 0.2919 0.0, -0.3852 0.3799 0.0039, -0.3852 0.3799 0.0, -0.385 0.3831 0.0039, -0.385 0.3831 0.0, -0.371 0.464 0.0039, -0.371 0.464 0.0, -0.3621 0.4876 0.0039, -0.3621 0.4876 0.0, -0.3505 0.5043 0.0039, -0.3505 0.5043 0.0, -0.3422 0.5121 0.0039, -0.3422 0.5121 0.0, -0.3349 0.5167 0.0039, -0.3349 0.5167 0.0, -0.3276 0.5191 0.0039, -0.3276 0.5191 0.0, -0.3187 0.5201 0.0039, -0.3187 0.5201 0.0, -0.3059 0.5191 0.0039, -0.3059 0.5191 0.0, -0.2936 0.5145 0.0039, -0.2936 0.5145 0.0, -0.2837 0.5077 0.0039, -0.2837 0.5077 0.0, -0.2757 0.4988 0.0039, -0.2757 0.4988 0.0, -0.2685 0.4853 0.0039, -0.2685 0.4853 0.0, -0.2606 0.4528 0.0039, -0.2606 0.4528 0.0, -0.2571 0.4289 0.0039, -0.2571 0.4289 0.0, -0.2542 0.3989 0.0039, -0.2542 0.3989 0.0, -0.2452 0.3994 0.0039, -0.2452 0.3994 0.0, -0.2484 0.4576 0.0039, -0.2484 0.4576 0.0, -0.2557 0.4919 0.0039, -0.2557 0.4919 0.0, -0.2642 0.5097 0.0039, -0.2642 0.5097 0.0, -0.273 0.5214 0.0039, -0.273 0.5214 0.0, -0.2837 0.5301 0.0039, -0.2837 0.5301 0.0, -0.2967 0.5362 0.0039, -0.2967 0.5362 0.0, -0.3108 0.5388 0.0039, -0.3108 0.5388 0.0, -0.3271 0.538 0.0039, -0.3271 0.538 0.0, -0.3424 0.5328 0.0039, -0.3424 0.5328 0.0, -0.3539 0.5256 0.0039, -0.3539 0.5256 0.0, -0.3636 0.5155 0.0039, -0.3636 0.5155 0.0, -0.3757 0.4954 0.0039, -0.3757 0.4954 0.0, -0.3913 0.4496 0.0039, -0.3913 0.4496 0.0, -0.3984 0.404 0.0039, -0.3984 0.404 0.0, -0.4009 0.3243 0.0039, -0.4009 0.3243 0.0, -0.398 0.2953 0.0039, -0.398 0.2953 0.0, -0.3856 0.2375 0.0039, -0.3856 0.2375 0.0, -0.3731 0.2083 0.0039, -0.3731 0.2083 0.0, -0.3616 0.1928 0.0039, -0.3616 0.1928 0.0, -0.3474 0.181 0.0039, -0.3474 0.181 0.0, -0.3379 0.1754 0.0039, -0.3379 0.1754 0.0, -0.3293 0.1728 0.0039, -0.3293 0.1728 0.0, -0.3187 0.1724 0.0039, -0.3187 0.1724 0.0, -0.3023 0.1767 0.0039, -0.3023 0.1767 0.0, -0.2896 0.1836 0.0039, -0.2896 0.1836 0.0, -0.2774 0.1946 0.0039, -0.2774 0.1946 0.0, -0.2712 0.203 0.0039, -0.2712 0.203 0.0, -0.2661 0.212 0.0039, -0.2661 0.212 0.0, -0.5673 0.1577 0.0, -0.5673 0.1577 0.0039, -0.5591 0.1679 0.0, -0.5424 0.1888 0.0039, -0.5424 0.1888 0.0, -0.5484 0.2015 0.0039, -0.5484 0.2015 0.0, -0.5507 0.2176 0.0039, -0.5507 0.2176 0.0, -0.5509 0.2245 0.0039, -0.5509 0.2245 0.0, -0.5509 0.5133 0.0039, -0.5509 0.5133 0.0, -0.5073 0.5097 0.0039, -0.5073 0.5097 0.0, -0.4865 0.5064 0.0039, -0.4865 0.5064 0.0, -0.4791 0.5046 0.0039, -0.4791 0.5046 0.0, -0.4747 0.5024 0.0039, -0.4747 0.5024 0.0, -0.469 0.4975 0.0039, -0.469 0.4975 0.0, -0.4665 0.4963 0.0039, -0.4665 0.4963 0.0, -0.4533 0.508 0.0039, -0.4533 0.508 0.0, -0.4471 0.5137 0.0039, -0.4471 0.5137 0.0, -0.4452 0.5157 0.0039, -0.4452 0.5157 0.0, -0.4443 0.5172 0.0039, -0.4443 0.5172 0.0, -0.4436 0.5197 0.0039, -0.4436 0.5197 0.0, -0.4433 0.5218 0.0039, -0.4433 0.5218 0.0, -0.444 0.523 0.0039, -0.444 0.523 0.0, -0.4445 0.5236 0.0039, -0.4445 0.5236 0.0, -0.4453 0.5241 0.0039, -0.4453 0.5241 0.0, -0.4468 0.5247 0.0039, -0.4468 0.5247 0.0, -0.448 0.5249 0.0039, -0.448 0.5249 0.0, -0.4563 0.5249 0.0039, -0.4563 0.5249 0.0, -0.4798 0.5282 0.0039, -0.4798 0.5282 0.0, -0.4896 0.5292 0.0039, -0.4896 0.5292 0.0, -0.5226 0.532 0.0039, -0.5226 0.532 0.0, -0.5463 0.5343 0.0039, -0.5463 0.5343 0.0, -0.5594 0.5353 0.0039, -0.5594 0.5353 0.0, -0.5634 0.5363 0.0039, -0.5634 0.5363 0.0, -0.5648 0.5362 0.0039, -0.5648 0.5362 0.0, -0.5656 0.536 0.0039, -0.5656 0.536 0.0, -0.5663 0.5356 0.0039, -0.5663 0.5356 0.0, -0.5669 0.5351 0.0039, -0.5669 0.5351 0.0, -0.5675 0.5342 0.0039, -0.5675 0.5342 0.0, -0.5683 0.5327 0.0039, -0.5683 0.5327 0.0, -0.5686 0.5314 0.0039, -0.5686 0.5314 0.0, -0.5685 0.528 0.0039, -0.5685 0.528 0.0, -0.5668 0.5119 0.0039, -0.5668 0.5119 0.0, -0.5667 0.511 0.0039, -0.5667 0.511 0.0, -0.5656 0.4776 0.0039, -0.5656 0.4776 0.0, -0.5656 0.2228 0.0039, -0.5656 0.2228 0.0, -0.566 0.1951 0.0039, -0.566 0.1951 0.0, -0.5701 0.1679 0.0039, -0.5701 0.1679 0.0, -0.5712 0.1622 0.0039, -0.5712 0.1622 0.0
            ]
        }
        coordIndex [
            0,1,2,-1,2,1,3,-1,4,5,0,-1,0,5,1,-1,6,7,4,-1,4,7,5,-1,7,6,8,-1,7,8,9,-1,9,8,10,-1,9,10,11,-1,11,10,12,-1,11,12,13,-1,13,12,14,-1,13,14,15,-1,15,14,16,-1,15,16,17,-1,17,16,18,-1,17,18,19,-1,19,18,20,-1,19,20,21,-1,21,20,22,-1,21,22,23,-1,23,22,24,-1,23,24,25,-1,25,24,26,-1,25,26,27,-1,27,26,28,-1,27,28,29,-1,29,28,30,-1,29,30,31,-1,31,30,32,-1,31,32,33,-1,33,32,34,-1,33,34,35,-1,35,34,36,-1,35,36,37,-1,38,39,36,-1,36,39,37,-1,39,38,40,-1,39,40,41,-1,41,40,42,-1,41,42,43,-1,43,42,44,-1,43,44,45,-1,45,44,46,-1,45,46,47,-1,48,49,46,-1,46,49,47,-1,49,48,50,-1,49,50,51,-1,51,50,52,-1,51,52,53,-1,53,52,54,-1,54,52,55,-1,54,55,56,-1,57,58,55,-1,55,58,56,-1,59,60,57,-1,57,60,61,-1,57,61,58,-1,62,63,59,-1,59,63,60,-1,63,62,64,-1,63,64,65,-1,65,64,66,-1,65,66,67,-1,68,69,66,-1,66,69,67,-1,69,68,70,-1,69,70,71,-1,71,70,72,-1,71,72,73,-1,73,72,74,-1,73,74,75,-1,75,74,76,-1,75,76,77,-1,77,76,78,-1,77,78,79,-1,79,78,80,-1,79,80,81,-1,81,80,82,-1,81,82,83,-1,83,82,84,-1,83,84,85,-1,85,84,86,-1,85,86,87,-1,88,89,86,-1,86,89,87,-1,90,91,88,-1,88,91,89,-1,91,90,92,-1,91,92,93,-1,93,92,94,-1,93,94,95,-1,95,94,96,-1,95,96,97,-1,97,96,98,-1,97,98,99,-1,99,98,100,-1,99,100,101,-1,101,100,102,-1,101,102,103,-1,103,102,104,-1,103,104,105,-1,105,104,106,-1,105,106,107,-1,107,106,108,-1,107,108,109,-1,109,108,110,-1,109,110,111,-1,111,110,112,-1,111,112,113,-1,113,112,114,-1,113,114,115,-1,115,114,116,-1,115,116,117,-1,117,116,118,-1,117,118,119,-1,119,118,120,-1,119,120,121,-1,121,120,122,-1,121,122,123,-1,124,125,122,-1,122,125,123,-1,126,127,124,-1,124,127,125,-1,126,2,127,-1,127,2,3,-1,128,55,129,-1,129,55,52,-1,126,130,131,-1,72,70,124,-1,124,70,68,-1,131,132,126,-1,126,132,133,-1,126,133,2,-1,2,133,134,-1,50,0,52,-1,52,0,2,-1,52,2,129,-1,129,2,134,-1,68,66,124,-1,124,66,64,-1,124,64,126,-1,126,64,62,-1,126,62,130,-1,130,62,59,-1,130,59,128,-1,128,59,57,-1,128,57,55,-1,0,38,4,-1,4,38,36,-1,4,36,6,-1,6,36,34,-1,6,34,8,-1,94,122,96,-1,96,122,120,-1,96,120,98,-1,86,84,124,-1,124,84,82,-1,124,82,72,-1,72,82,80,-1,50,48,0,-1,0,48,46,-1,0,46,44,-1,8,34,10,-1,10,34,32,-1,10,32,12,-1,78,76,80,-1,80,76,74,-1,80,74,72,-1,44,42,0,-1,0,42,40,-1,0,40,38,-1,16,14,28,-1,94,92,122,-1,122,92,90,-1,122,90,124,-1,124,90,88,-1,124,88,86,-1,12,32,14,-1,14,32,30,-1,14,30,28,-1,116,114,100,-1,98,120,100,-1,100,120,118,-1,100,118,116,-1,104,110,106,-1,106,110,108,-1,114,112,100,-1,100,112,110,-1,100,110,102,-1,102,110,104,-1,16,28,18,-1,18,28,26,-1,18,26,20,-1,20,26,24,-1,20,24,22,-1,129,135,128,-1,128,135,136,-1,135,129,134,-1,135,134,137,-1,137,134,133,-1,137,133,138,-1,138,133,132,-1,138,132,139,-1,131,140,132,-1,132,140,139,-1,130,141,131,-1,131,141,140,-1,136,141,128,-1,128,141,130,-1,142,143,144,-1,144,143,145,-1,143,142,146,-1,143,146,147,-1,147,146,148,-1,147,148,149,-1,149,148,150,-1,149,150,151,-1,151,150,152,-1,151,152,153,-1,153,152,154,-1,153,154,155,-1,155,154,156,-1,155,156,157,-1,157,156,158,-1,157,158,159,-1,159,158,160,-1,159,160,161,-1,161,160,162,-1,161,162,163,-1,164,165,162,-1,162,165,163,-1,166,167,164,-1,164,167,165,-1,167,166,168,-1,167,168,169,-1,169,168,170,-1,169,170,171,-1,172,173,170,-1,170,173,171,-1,174,175,172,-1,172,175,173,-1,175,174,176,-1,175,176,177,-1,177,176,178,-1,177,178,179,-1,179,178,180,-1,179,180,181,-1,181,180,182,-1,181,182,183,-1,183,182,184,-1,183,184,185,-1,185,184,186,-1,185,186,187,-1,187,186,188,-1,187,188,189,-1,189,188,190,-1,189,190,191,-1,191,190,192,-1,191,192,193,-1,193,192,194,-1,193,194,195,-1,195,194,196,-1,195,196,197,-1,197,196,198,-1,197,198,199,-1,199,198,200,-1,199,200,201,-1,201,200,202,-1,201,202,203,-1,203,202,204,-1,203,204,205,-1,205,204,206,-1,205,206,207,-1,207,206,208,-1,207,208,209,-1,209,208,210,-1,209,210,211,-1,212,213,210,-1,210,213,211,-1,213,212,214,-1,213,214,215,-1,215,214,216,-1,215,216,217,-1,217,216,218,-1,217,218,219,-1,219,218,220,-1,219,220,221,-1,221,220,222,-1,221,222,223,-1,223,222,224,-1,223,224,225,-1,225,224,226,-1,225,226,227,-1,227,226,228,-1,227,228,229,-1,229,228,230,-1,229,230,231,-1,232,233,230,-1,230,233,231,-1,233,232,234,-1,233,234,235,-1,235,234,236,-1,235,236,237,-1,237,236,238,-1,237,238,239,-1,239,238,240,-1,239,240,241,-1,241,240,242,-1,241,242,243,-1,243,242,244,-1,243,244,245,-1,245,244,246,-1,245,246,247,-1,247,246,248,-1,247,248,249,-1,249,248,250,-1,249,250,251,-1,251,250,252,-1,251,252,253,-1,253,252,254,-1,253,254,255,-1,255,254,256,-1,255,256,257,-1,257,256,258,-1,257,258,259,-1,259,258,260,-1,259,260,261,-1,261,260,262,-1,261,262,263,-1,264,265,262,-1,262,265,263,-1,266,267,264,-1,264,267,265,-1,268,269,266,-1,266,269,267,-1,269,268,270,-1,269,270,271,-1,271,270,144,-1,271,144,145,-1,146,142,164,-1,166,164,272,-1,228,266,264,-1,238,236,262,-1,142,144,164,-1,164,144,270,-1,164,270,272,-1,272,270,268,-1,272,268,273,-1,236,234,262,-1,262,234,232,-1,262,232,264,-1,264,232,230,-1,264,230,228,-1,274,275,228,-1,228,275,276,-1,228,276,277,-1,268,266,273,-1,273,266,228,-1,273,228,278,-1,278,228,277,-1,279,280,174,-1,174,280,176,-1,176,280,281,-1,176,281,178,-1,222,220,218,-1,174,172,279,-1,279,172,170,-1,279,170,272,-1,272,170,168,-1,272,168,166,-1,244,242,262,-1,262,242,240,-1,262,240,238,-1,164,162,146,-1,146,162,160,-1,146,160,148,-1,148,160,158,-1,178,281,180,-1,180,281,282,-1,180,282,182,-1,260,258,248,-1,248,258,256,-1,248,256,250,-1,250,256,254,-1,250,254,252,-1,158,156,148,-1,148,156,154,-1,148,154,150,-1,150,154,152,-1,283,274,214,-1,214,274,228,-1,214,228,216,-1,216,228,226,-1,216,226,218,-1,218,226,224,-1,218,224,222,-1,182,282,184,-1,184,282,284,-1,184,284,186,-1,186,284,285,-1,186,285,188,-1,188,285,286,-1,188,286,190,-1,214,212,283,-1,283,212,210,-1,283,210,208,-1,260,248,262,-1,262,248,246,-1,262,246,244,-1,208,206,283,-1,283,206,204,-1,283,204,287,-1,287,204,202,-1,287,202,288,-1,288,202,200,-1,288,200,289,-1,286,290,190,-1,190,290,291,-1,190,291,192,-1,192,291,292,-1,192,292,194,-1,194,292,293,-1,194,293,196,-1,196,293,289,-1,196,289,198,-1,198,289,200,-1,276,294,277,-1,277,294,295,-1,294,276,275,-1,294,275,296,-1,296,275,274,-1,296,274,297,-1,297,274,283,-1,297,283,298,-1,298,283,287,-1,298,287,299,-1,299,287,288,-1,299,288,300,-1,300,288,289,-1,300,289,301,-1,301,289,293,-1,301,293,302,-1,302,293,292,-1,302,292,303,-1,303,292,291,-1,303,291,304,-1,304,291,290,-1,304,290,305,-1,305,290,286,-1,305,286,306,-1,306,286,285,-1,306,285,307,-1,307,285,284,-1,307,284,308,-1,308,284,282,-1,308,282,309,-1,309,282,281,-1,309,281,310,-1,310,281,280,-1,310,280,311,-1,311,280,279,-1,311,279,312,-1,272,313,279,-1,279,313,312,-1,273,314,272,-1,272,314,313,-1,314,273,278,-1,314,278,315,-1,315,278,277,-1,315,277,295,-1,316,317,318,-1,318,317,319,-1,317,316,320,-1,317,320,321,-1,321,320,322,-1,321,322,323,-1,323,322,324,-1,323,324,325,-1,326,327,324,-1,324,327,325,-1,328,329,326,-1,326,329,327,-1,329,328,330,-1,329,330,331,-1,331,330,332,-1,331,332,333,-1,333,332,334,-1,333,334,335,-1,335,334,336,-1,335,336,337,-1,337,336,338,-1,337,338,339,-1,339,338,340,-1,339,340,341,-1,341,340,342,-1,341,342,343,-1,343,342,344,-1,343,344,345,-1,345,344,346,-1,345,346,347,-1,347,346,348,-1,347,348,349,-1,349,348,350,-1,349,350,351,-1,352,353,350,-1,350,353,351,-1,354,355,352,-1,352,355,353,-1,356,357,354,-1,354,357,355,-1,357,356,358,-1,357,358,359,-1,359,358,360,-1,359,360,361,-1,362,363,360,-1,360,363,361,-1,364,365,362,-1,362,365,363,-1,365,364,366,-1,365,366,367,-1,367,366,368,-1,367,368,369,-1,369,368,370,-1,369,370,371,-1,371,370,372,-1,371,372,373,-1,373,372,374,-1,373,374,375,-1,375,374,376,-1,375,376,377,-1,377,376,378,-1,377,378,379,-1,379,378,380,-1,379,380,381,-1,381,380,382,-1,381,382,383,-1,383,382,384,-1,383,384,385,-1,385,384,386,-1,385,386,387,-1,388,389,386,-1,386,389,387,-1,389,388,390,-1,389,390,391,-1,391,390,392,-1,391,392,393,-1,394,395,392,-1,392,395,393,-1,395,394,396,-1,395,396,397,-1,397,396,398,-1,397,398,399,-1,399,398,400,-1,399,400,401,-1,401,400,402,-1,401,402,403,-1,403,402,404,-1,403,404,405,-1,405,404,406,-1,405,406,407,-1,407,406,408,-1,407,408,409,-1,409,408,410,-1,409,410,411,-1,411,410,412,-1,411,412,413,-1,413,412,414,-1,413,414,415,-1,415,414,416,-1,415,416,417,-1,417,416,418,-1,417,418,419,-1,419,418,420,-1,419,420,421,-1,422,423,420,-1,420,423,421,-1,423,422,424,-1,423,424,425,-1,425,424,426,-1,425,426,427,-1,428,429,426,-1,426,429,427,-1,429,428,430,-1,429,430,431,-1,431,430,432,-1,431,432,433,-1,433,432,434,-1,433,434,435,-1,435,434,436,-1,435,436,437,-1,437,436,438,-1,437,438,439,-1,439,438,440,-1,439,440,441,-1,441,440,442,-1,441,442,443,-1,443,442,444,-1,443,444,445,-1,445,444,446,-1,445,446,447,-1,447,446,448,-1,447,448,449,-1,449,448,450,-1,449,450,451,-1,451,450,452,-1,451,452,453,-1,453,452,454,-1,453,454,455,-1,455,454,456,-1,455,456,457,-1,457,456,458,-1,457,458,459,-1,460,461,458,-1,458,461,459,-1,461,460,462,-1,461,462,463,-1,463,462,464,-1,463,464,465,-1,466,467,464,-1,464,467,465,-1,467,466,468,-1,467,468,469,-1,469,468,470,-1,469,470,471,-1,472,473,470,-1,470,473,471,-1,473,472,474,-1,473,474,475,-1,475,474,476,-1,475,476,477,-1,477,476,478,-1,477,478,479,-1,480,481,478,-1,478,481,479,-1,482,483,480,-1,480,483,481,-1,483,482,484,-1,483,484,485,-1,485,484,486,-1,485,486,487,-1,487,486,488,-1,487,488,489,-1,489,488,490,-1,489,490,491,-1,491,490,492,-1,491,492,493,-1,493,492,494,-1,493,494,495,-1,495,494,496,-1,495,496,497,-1,497,496,498,-1,497,498,499,-1,499,498,500,-1,499,500,501,-1,501,500,502,-1,501,502,503,-1,503,502,504,-1,503,504,505,-1,506,507,504,-1,504,507,505,-1,507,506,508,-1,507,508,509,-1,509,508,510,-1,509,510,511,-1,512,513,510,-1,510,513,511,-1,512,318,513,-1,513,318,319,-1,360,358,388,-1,388,358,356,-1,402,400,354,-1,354,400,398,-1,354,398,396,-1,414,354,416,-1,416,354,418,-1,434,432,512,-1,376,374,364,-1,396,394,354,-1,354,394,392,-1,354,392,356,-1,356,392,390,-1,356,390,388,-1,426,424,354,-1,424,422,354,-1,354,422,420,-1,354,420,418,-1,414,412,354,-1,354,412,410,-1,354,410,408,-1,318,352,316,-1,316,352,350,-1,316,350,320,-1,320,350,322,-1,486,484,504,-1,504,484,482,-1,432,430,512,-1,512,430,428,-1,512,428,318,-1,318,428,426,-1,318,426,352,-1,352,426,354,-1,322,350,324,-1,324,350,328,-1,324,328,326,-1,360,388,362,-1,362,388,386,-1,362,386,364,-1,364,386,384,-1,364,384,382,-1,374,372,370,-1,408,406,354,-1,354,406,404,-1,354,404,402,-1,450,448,512,-1,512,448,446,-1,440,438,512,-1,512,438,436,-1,512,436,434,-1,482,480,504,-1,504,480,478,-1,504,478,506,-1,506,478,476,-1,506,476,508,-1,508,476,474,-1,508,474,510,-1,510,474,472,-1,510,472,512,-1,512,472,470,-1,512,470,468,-1,468,466,512,-1,512,466,464,-1,512,464,462,-1,370,368,374,-1,374,368,366,-1,374,366,364,-1,348,332,350,-1,350,332,330,-1,350,330,328,-1,446,444,512,-1,512,444,442,-1,512,442,440,-1,498,496,488,-1,462,460,512,-1,512,460,458,-1,512,458,456,-1,382,380,364,-1,364,380,378,-1,364,378,376,-1,348,346,332,-1,332,346,344,-1,332,344,334,-1,334,344,342,-1,342,340,334,-1,334,340,338,-1,334,338,336,-1,498,488,500,-1,456,454,512,-1,512,454,452,-1,512,452,450,-1,486,504,488,-1,488,504,502,-1,488,502,500,-1,496,494,488,-1,488,494,492,-1,488,492,490,-1,514,515,516,-1,516,515,517,-1,518,519,514,-1,514,519,515,-1,520,521,518,-1,518,521,519,-1,521,520,522,-1,521,522,523,-1,523,522,524,-1,523,524,525,-1,525,524,526,-1,525,526,527,-1,527,526,528,-1,527,528,529,-1,529,528,530,-1,529,530,531,-1,531,530,532,-1,531,532,533,-1,533,532,534,-1,533,534,535,-1,535,534,536,-1,535,536,537,-1,537,536,538,-1,537,538,539,-1,539,538,540,-1,539,540,541,-1,541,540,542,-1,541,542,543,-1,543,542,544,-1,543,544,545,-1,545,544,546,-1,545,546,547,-1,547,546,548,-1,547,548,549,-1,549,548,550,-1,549,550,551,-1,551,550,552,-1,551,552,553,-1,553,552,554,-1,553,554,555,-1,555,554,556,-1,555,556,557,-1,557,556,558,-1,557,558,559,-1,559,558,560,-1,559,560,561,-1,561,560,562,-1,561,562,563,-1,563,562,564,-1,563,564,565,-1,565,564,566,-1,565,566,567,-1,567,566,568,-1,567,568,569,-1,569,568,570,-1,569,570,571,-1,571,570,572,-1,571,572,573,-1,573,572,574,-1,573,574,575,-1,575,574,576,-1,575,576,577,-1,577,576,578,-1,577,578,579,-1,579,578,580,-1,579,580,581,-1,582,583,580,-1,580,583,581,-1,584,585,582,-1,582,585,583,-1,585,584,586,-1,585,586,587,-1,587,586,588,-1,587,588,589,-1,589,588,590,-1,589,590,591,-1,591,590,592,-1,591,592,593,-1,593,592,594,-1,593,594,595,-1,595,594,596,-1,595,596,597,-1,597,596,598,-1,597,598,599,-1,599,598,600,-1,599,600,601,-1,601,600,602,-1,601,602,603,-1,603,602,604,-1,603,604,605,-1,605,604,606,-1,605,606,607,-1,607,606,608,-1,607,608,609,-1,609,608,610,-1,609,610,611,-1,611,610,612,-1,611,612,613,-1,613,612,614,-1,613,614,615,-1,615,614,616,-1,615,616,617,-1,617,616,618,-1,617,618,619,-1,619,618,620,-1,619,620,621,-1,621,620,622,-1,621,622,623,-1,623,622,624,-1,623,624,625,-1,625,624,626,-1,625,626,627,-1,627,626,628,-1,627,628,629,-1,629,628,630,-1,629,630,631,-1,631,630,632,-1,631,632,633,-1,633,632,634,-1,633,634,635,-1,635,634,636,-1,635,636,637,-1,637,636,638,-1,637,638,639,-1,640,641,638,-1,638,641,639,-1,640,516,641,-1,641,516,517,-1,518,514,640,-1,640,514,516,-1,586,584,582,-1,520,518,522,-1,522,518,640,-1,522,640,524,-1,524,640,526,-1,622,620,544,-1,638,530,640,-1,640,530,528,-1,640,528,526,-1,544,620,546,-1,546,620,618,-1,546,618,548,-1,638,636,530,-1,530,636,634,-1,530,634,532,-1,532,634,632,-1,532,632,534,-1,534,632,630,-1,534,630,536,-1,582,580,586,-1,586,580,578,-1,586,578,588,-1,588,578,576,-1,588,576,590,-1,590,576,574,-1,590,574,592,-1,592,574,572,-1,592,572,594,-1,594,572,570,-1,594,570,596,-1,596,570,568,-1,596,568,598,-1,598,568,566,-1,598,566,600,-1,600,566,564,-1,600,564,602,-1,602,564,562,-1,602,562,604,-1,604,562,560,-1,604,560,606,-1,606,560,558,-1,606,558,608,-1,608,558,556,-1,608,556,610,-1,610,556,554,-1,610,554,612,-1,544,542,622,-1,622,542,540,-1,622,540,624,-1,624,540,538,-1,624,538,626,-1,626,538,536,-1,626,536,628,-1,628,536,630,-1,554,552,612,-1,612,552,550,-1,612,550,614,-1,614,550,548,-1,614,548,616,-1,616,548,618,-1,642,643,644,-1,644,643,645,-1,644,645,646,-1,646,645,647,-1,646,647,648,-1,648,647,649,-1,648,649,650,-1,650,649,651,-1,650,651,652,-1,653,654,651,-1,651,654,652,-1,654,653,655,-1,654,655,656,-1,656,655,657,-1,656,657,658,-1,658,657,659,-1,658,659,660,-1,660,659,661,-1,660,661,662,-1,662,661,663,-1,662,663,664,-1,664,663,665,-1,664,665,666,-1,666,665,667,-1,666,667,668,-1,668,667,669,-1,668,669,670,-1,670,669,671,-1,670,671,672,-1,672,671,673,-1,672,673,674,-1,674,673,675,-1,674,675,676,-1,676,675,677,-1,676,677,678,-1,678,677,679,-1,678,679,680,-1,680,679,681,-1,680,681,682,-1,682,681,683,-1,682,683,684,-1,684,683,685,-1,684,685,686,-1,686,685,687,-1,686,687,688,-1,688,687,689,-1,688,689,690,-1,690,689,691,-1,690,691,692,-1,692,691,693,-1,692,693,694,-1,694,693,695,-1,694,695,696,-1,697,698,695,-1,695,698,696,-1,699,700,697,-1,697,700,698,-1,700,699,701,-1,700,701,702,-1,702,701,703,-1,702,703,704,-1,704,703,705,-1,704,705,706,-1,706,705,707,-1,706,707,708,-1,708,707,709,-1,708,709,710,-1,710,709,711,-1,710,711,712,-1,712,711,713,-1,712,713,714,-1,714,713,715,-1,714,715,716,-1,716,715,717,-1,716,717,718,-1,718,717,719,-1,718,719,720,-1,720,719,721,-1,720,721,722,-1,723,724,721,-1,721,724,722,-1,725,726,723,-1,723,726,724,-1,726,725,727,-1,726,727,728,-1,728,727,729,-1,728,729,730,-1,731,732,729,-1,729,732,730,-1,731,643,732,-1,732,643,642,-1,669,667,689,-1,691,689,661,-1,653,711,709,-1,667,665,689,-1,689,665,663,-1,689,663,661,-1,661,659,691,-1,691,659,657,-1,691,657,693,-1,693,657,655,-1,725,723,653,-1,723,721,653,-1,653,721,719,-1,653,719,717,-1,653,703,701,-1,643,731,645,-1,645,731,729,-1,645,729,647,-1,647,729,727,-1,647,727,649,-1,649,727,725,-1,649,725,651,-1,651,725,653,-1,717,715,653,-1,653,715,713,-1,653,713,711,-1,675,673,689,-1,689,673,671,-1,689,671,669,-1,709,707,653,-1,653,707,705,-1,653,705,703,-1,701,699,653,-1,653,699,697,-1,653,697,655,-1,655,697,695,-1,655,695,693,-1,689,687,675,-1,675,687,685,-1,675,685,683,-1,683,681,675,-1,675,681,679,-1,675,679,677,-1,
        ]
    }
}
Shape{
    appearance Appearance {
        material  Material 	{
            diffuseColor 0.6784313725490196 0.6784313725490196 0.6784313725490196
            specularColor 0.047058823529411764 0.047058823529411764 0.047058823529411764
            ambientIntensity 0.9686
            transparency 0.0
            shininess 0.5
        }
    }
    geometry IndexedFaceSet {
        ccw TRUE
        solid FALSE
        coord DEF co Coordinate {
            point [
                0.3086 0.3644 0.0, 0.3239 0.3791 0.0, 0.2876 0.22 0.0, 0.2508 0.3864 0.0, 0.2731 0.3818 0.0, 0.2892 0.3768 0.0, 0.2944 0.374 0.0, 0.0709 0.1998 0.0, 0.0468 0.2052 0.0, 0.1527 0.3242 0.0, 0.0361 0.2098 0.0, 0.0361 0.5093 0.0, 0.0448 0.5096 0.0, 0.0536 0.5093 0.0, 0.0955 0.1979 0.0, 0.0785 0.5065 0.0, 0.0959 0.5042 0.0, 0.1086 0.501 0.0, 0.1094 0.2004 0.0, 0.1461 0.2472 0.0, 0.1411 0.2301 0.0, 0.1177 0.497 0.0, 0.1246 0.4916 0.0, 0.131 0.4833 0.0, 0.1348 0.2179 0.0, 0.1274 0.2094 0.0, 0.1209 0.2047 0.0, 0.1428 0.4564 0.0, 0.1521 0.3991 0.0
            ]
        }
        coordIndex [
            0,1,2,-1,2,3,4,-1,4,5,2,-1,2,5,6,-1,2,6,0,-1,7,8,9,-1,10,11,8,-1,8,11,12,-1,8,12,13,-1,7,9,14,-1,13,15,8,-1,8,15,16,-1,8,16,17,-1,14,9,18,-1,18,9,19,-1,18,19,20,-1,17,21,8,-1,8,21,22,-1,8,22,23,-1,20,24,18,-1,18,24,25,-1,18,25,26,-1,23,27,8,-1,8,27,28,-1,8,28,9,-1,
        ]
    }
}
Shape{
    appearance Appearance {
        material  Material 	{
            diffuseColor 0.6470588235294118 0.6196078431372549 0.5882352941176471
            specularColor 0.45098039215686275 0.43529411764705883 0.4117647058823529
            ambientIntensity 0.6242
            transparency 0.0
            shininess 0.5
        }
    }
    geometry IndexedFaceSet {
        ccw TRUE
        solid FALSE
        coord DEF co Coordinate {
            point [
                -1.3189 -0.3547 0.6693, -1.3189 -0.3547 0.5976, -1.2401 -0.3547 0.6693, -1.2401 -0.3547 0.5976, -1.3189 0.8599 0.6693, -1.2401 0.8599 0.6693, -1.2401 0.8731 0.6675, -1.3189 0.8731 0.6675, -1.2401 0.8854 0.6624, -1.3189 0.8854 0.6624, -1.2401 0.896 0.6543, -1.3189 0.896 0.6543, -1.2401 0.9042 0.6437, -1.3189 0.9042 0.6437, -1.2401 0.9093 0.6314, -1.3189 0.9093 0.6314, -1.2401 0.911 0.6181, -1.3189 0.911 0.6181, -1.3189 0.911 0.6074, -1.2401 0.911 0.6074, -1.2401 0.9093 0.5941, -1.3189 0.9093 0.5941, -1.2401 0.9042 0.5818, -1.3189 0.9042 0.5818, -1.2401 0.896 0.5712, -1.3189 0.896 0.5712, -1.2401 0.8854 0.563, -1.3189 0.8854 0.563, -1.2401 0.8731 0.5579, -1.3189 0.8731 0.5579, -1.2401 0.8599 0.5562, -1.3189 0.8599 0.5562, -1.3189 0.8189 0.5562, -1.2401 0.8189 0.5562, -1.3189 0.7882 0.5764, -1.2401 0.7882 0.5764, -1.3189 0.7538 0.589, -1.2401 0.7538 0.589, -1.3189 0.7173 0.5933, -1.2401 0.7173 0.5933, -1.3189 0.6809 0.589, -1.2401 0.6809 0.589, -1.3189 0.6464 0.5764, -1.2401 0.6464 0.5764, -1.3189 0.6158 0.5562, -1.2401 0.6158 0.5562, -1.3189 0.0449 0.5562, -1.2401 0.0449 0.5562, -1.3189 0.0143 0.5522, -1.2401 0.0143 0.5522, -1.3189 -0.0142 0.5404, -1.2401 -0.0142 0.5404, -1.3189 -0.0386 0.5216, -1.2401 -0.0386 0.5216, -1.3189 -0.0574 0.4971, -1.2401 -0.0574 0.4971, -1.3189 -0.0692 0.4686, -1.2401 -0.0692 0.4686, -1.3189 -0.0732 0.4381, -1.2401 -0.0732 0.4381, -1.3189 -0.0732 0.4055, -1.2401 -0.0732 0.4055, -1.3189 -0.0692 0.375, -1.2401 -0.0692 0.375, -1.3189 -0.0574 0.3465, -1.2401 -0.0574 0.3465, -1.3189 -0.0386 0.322, -1.2401 -0.0386 0.322, -1.3189 -0.0142 0.3033, -1.2401 -0.0142 0.3033, -1.3189 0.0143 0.2915, -1.2401 0.0143 0.2915, -1.3189 0.0449 0.2874, -1.2401 0.0449 0.2874, -1.3189 0.6322 0.2874, -1.2401 0.6322 0.2874, -1.3189 0.6322 0.3465, -1.2401 0.6322 0.3465, -1.3189 1.0393 0.2362, -1.2401 1.0393 0.2362, -1.3189 1.0393 0.1819, -1.2401 1.0393 0.1819, -1.3189 0.7851 0.1819, -1.2401 0.7851 0.1819, -1.3189 0.7536 0.2133, -1.2401 0.7536 0.2133, -1.3189 0.0653 0.1575, -1.2401 0.0653 0.1575, -1.3189 -0.2562 0.1575, -1.2401 -0.2562 0.1575, -1.3189 -0.2562 0.0591, -1.2401 -0.2562 0.0591, -1.3189 -0.3743 0.0591, -1.2401 -0.3743 0.0591, -1.3189 -0.4333 0.0, -1.2401 -0.4333 0.0, -1.3189 -0.6303 0.0, -1.2401 -0.6303 0.0, -1.3189 -0.6303 0.0787, -1.2401 -0.6303 0.0787, -1.3189 -0.4728 0.1209, -1.2401 -0.4728 0.1209, -1.3189 -0.3035 0.263, -1.2401 -0.3035 0.263, -1.3189 -0.3035 0.3417, -1.2401 -0.3035 0.3417, -1.3189 -0.3547 0.3417, -1.2401 -0.3547 0.3417, -1.3189 -0.3547 0.5189, -1.2401 -0.3547 0.5189, -1.3189 -0.3035 0.5189, -1.2401 -0.3035 0.5189, -1.3189 -0.3035 0.5976, -1.2401 -0.3035 0.5976, -0.9252 -0.3547 0.6693, -0.9252 -0.3547 0.5976, -0.8464 -0.3547 0.6693, -0.8464 -0.3547 0.5976, -0.9252 0.8599 0.6693, -0.8464 0.8599 0.6693, -0.8464 0.8731 0.6675, -0.9252 0.8731 0.6675, -0.8464 0.8854 0.6624, -0.9252 0.8854 0.6624, -0.8464 0.896 0.6543, -0.9252 0.896 0.6543, -0.8464 0.9042 0.6437, -0.9252 0.9042 0.6437, -0.8464 0.9093 0.6314, -0.9252 0.9093 0.6314, -0.8464 0.911 0.6181, -0.9252 0.911 0.6181, -0.9252 0.911 0.6074, -0.8464 0.911 0.6074, -0.8464 0.9093 0.5941, -0.9252 0.9093 0.5941, -0.8464 0.9042 0.5818, -0.9252 0.9042 0.5818, -0.8464 0.896 0.5712, -0.9252 0.896 0.5712, -0.8464 0.8854 0.563, -0.9252 0.8854 0.563, -0.8464 0.8731 0.5579, -0.9252 0.8731 0.5579, -0.8464 0.8599 0.5562, -0.9252 0.8599 0.5562, -0.9252 0.8189 0.5562, -0.8464 0.8189 0.5562, -0.9252 0.7882 0.5764, -0.8464 0.7882 0.5764, -0.9252 0.7538 0.589, -0.8464 0.7538 0.589, -0.9252 0.7173 0.5933, -0.8464 0.7173 0.5933, -0.9252 0.6809 0.589, -0.8464 0.6809 0.589, -0.9252 0.6464 0.5764, -0.8464 0.6464 0.5764, -0.9252 0.6158 0.5562, -0.8464 0.6158 0.5562, -0.9252 0.0449 0.5562, -0.8464 0.0449 0.5562, -0.9252 0.0143 0.5522, -0.8464 0.0143 0.5522, -0.9252 -0.0142 0.5404, -0.8464 -0.0142 0.5404, -0.9252 -0.0386 0.5216, -0.8464 -0.0386 0.5216, -0.9252 -0.0574 0.4971, -0.8464 -0.0574 0.4971, -0.9252 -0.0692 0.4686, -0.8464 -0.0692 0.4686, -0.9252 -0.0732 0.4381, -0.8464 -0.0732 0.4381, -0.9252 -0.0732 0.4055, -0.8464 -0.0732 0.4055, -0.9252 -0.0692 0.375, -0.8464 -0.0692 0.375, -0.9252 -0.0574 0.3465, -0.8464 -0.0574 0.3465, -0.9252 -0.0386 0.322, -0.8464 -0.0386 0.322, -0.9252 -0.0142 0.3033, -0.8464 -0.0142 0.3033, -0.9252 0.0143 0.2915, -0.8464 0.0143 0.2915, -0.9252 0.0449 0.2874, -0.8464 0.0449 0.2874, -0.9252 0.6322 0.2874, -0.8464 0.6322 0.2874, -0.9252 0.6322 0.3465, -0.8464 0.6322 0.3465, -0.9252 1.0393 0.2362, -0.8464 1.0393 0.2362, -0.9252 1.0393 0.1819, -0.8464 1.0393 0.1819, -0.9252 0.7851 0.1819, -0.8464 0.7851 0.1819, -0.9252 0.7536 0.2133, -0.8464 0.7536 0.2133, -0.9252 0.0653 0.1575, -0.8464 0.0653 0.1575, -0.9252 -0.2562 0.1575, -0.8464 -0.2562 0.1575, -0.9252 -0.2562 0.0591, -0.8464 -0.2562 0.0591, -0.9252 -0.3743 0.0591, -0.8464 -0.3743 0.0591, -0.9252 -0.4333 0.0, -0.8464 -0.4333 0.0, -0.9252 -0.6303 0.0, -0.8464 -0.6303 0.0, -0.9252 -0.6303 0.0787, -0.8464 -0.6303 0.0787, -0.9252 -0.4728 0.1209, -0.8464 -0.4728 0.1209, -0.9252 -0.3035 0.263, -0.8464 -0.3035 0.263, -0.9252 -0.3035 0.3417, -0.8464 -0.3035 0.3417, -0.9252 -0.3547 0.3417, -0.8464 -0.3547 0.3417, -0.9252 -0.3547 0.5189, -0.8464 -0.3547 0.5189, -0.9252 -0.3035 0.5189, -0.8464 -0.3035 0.5189, -0.9252 -0.3035 0.5976, -0.8464 -0.3035 0.5976
            ]
        }
        coordIndex [
            0,1,2,-1,2,1,3,-1,4,0,5,-1,5,0,2,-1,4,5,6,-1,4,6,7,-1,7,6,8,-1,7,8,9,-1,9,8,10,-1,9,10,11,-1,11,10,12,-1,11,12,13,-1,13,12,14,-1,13,14,15,-1,15,14,16,-1,15,16,17,-1,18,17,19,-1,19,17,16,-1,18,19,20,-1,18,20,21,-1,21,20,22,-1,21,22,23,-1,23,22,24,-1,23,24,25,-1,25,24,26,-1,25,26,27,-1,27,26,28,-1,27,28,29,-1,29,28,30,-1,29,30,31,-1,32,31,33,-1,33,31,30,-1,32,33,34,-1,34,33,35,-1,34,35,36,-1,36,35,37,-1,36,37,38,-1,38,37,39,-1,38,39,40,-1,40,39,41,-1,40,41,42,-1,42,41,43,-1,42,43,44,-1,44,43,45,-1,46,44,47,-1,47,44,45,-1,46,47,48,-1,48,47,49,-1,48,49,50,-1,50,49,51,-1,50,51,52,-1,52,51,53,-1,52,53,54,-1,54,53,55,-1,54,55,56,-1,56,55,57,-1,56,57,58,-1,58,57,59,-1,60,58,61,-1,61,58,59,-1,60,61,62,-1,62,61,63,-1,62,63,64,-1,64,63,65,-1,64,65,66,-1,66,65,67,-1,66,67,68,-1,68,67,69,-1,68,69,70,-1,70,69,71,-1,70,71,72,-1,72,71,73,-1,74,72,75,-1,75,72,73,-1,76,74,77,-1,77,74,75,-1,78,76,79,-1,79,76,77,-1,80,78,81,-1,81,78,79,-1,82,80,83,-1,83,80,81,-1,84,82,85,-1,85,82,83,-1,86,84,87,-1,87,84,85,-1,88,86,89,-1,89,86,87,-1,90,88,91,-1,91,88,89,-1,92,90,93,-1,93,90,91,-1,94,92,95,-1,95,92,93,-1,96,94,97,-1,97,94,95,-1,98,96,99,-1,99,96,97,-1,100,98,101,-1,101,98,99,-1,102,100,103,-1,103,100,101,-1,104,102,105,-1,105,102,103,-1,106,104,107,-1,107,104,105,-1,108,106,109,-1,109,106,107,-1,110,108,111,-1,111,108,109,-1,112,110,113,-1,113,110,111,-1,1,112,3,-1,3,112,113,-1,80,82,78,-1,78,82,84,-1,78,84,76,-1,106,108,104,-1,104,108,110,-1,1,0,112,-1,112,0,4,-1,66,68,86,-1,96,98,94,-1,94,98,100,-1,94,100,92,-1,92,100,88,-1,92,88,90,-1,46,48,112,-1,112,48,50,-1,100,102,88,-1,88,102,104,-1,88,104,86,-1,86,104,110,-1,86,110,66,-1,66,110,64,-1,58,60,110,-1,110,60,62,-1,110,62,64,-1,68,70,86,-1,86,70,72,-1,86,72,84,-1,84,72,74,-1,84,74,76,-1,50,52,112,-1,112,52,54,-1,112,54,110,-1,110,54,56,-1,110,56,58,-1,15,17,34,-1,34,17,18,-1,36,38,4,-1,4,38,40,-1,4,40,112,-1,112,40,42,-1,112,42,46,-1,46,42,44,-1,36,4,34,-1,34,4,7,-1,34,7,9,-1,9,11,34,-1,34,11,13,-1,34,13,15,-1,21,23,18,-1,18,23,25,-1,18,25,27,-1,32,34,31,-1,31,34,18,-1,31,18,29,-1,29,18,27,-1,105,89,87,-1,79,77,81,-1,81,77,75,-1,5,2,113,-1,113,2,3,-1,6,5,16,-1,111,109,107,-1,71,69,87,-1,93,101,95,-1,95,101,99,-1,95,99,97,-1,69,67,87,-1,87,67,111,-1,87,111,105,-1,105,111,107,-1,93,91,101,-1,101,91,89,-1,101,89,103,-1,103,89,105,-1,67,65,111,-1,111,65,63,-1,111,63,61,-1,53,51,113,-1,113,51,49,-1,113,49,47,-1,33,30,5,-1,83,81,85,-1,85,81,75,-1,85,75,87,-1,87,75,73,-1,87,73,71,-1,61,59,111,-1,111,59,57,-1,111,57,113,-1,113,57,55,-1,113,55,53,-1,39,37,5,-1,5,37,35,-1,5,35,33,-1,39,5,41,-1,41,5,113,-1,41,113,43,-1,43,113,47,-1,43,47,45,-1,5,24,22,-1,12,10,8,-1,30,28,5,-1,5,28,26,-1,5,26,24,-1,22,20,5,-1,5,20,19,-1,5,19,16,-1,6,16,8,-1,8,16,14,-1,8,14,12,-1,114,115,116,-1,116,115,117,-1,118,114,119,-1,119,114,116,-1,118,119,120,-1,118,120,121,-1,121,120,122,-1,121,122,123,-1,123,122,124,-1,123,124,125,-1,125,124,126,-1,125,126,127,-1,127,126,128,-1,127,128,129,-1,129,128,130,-1,129,130,131,-1,132,131,133,-1,133,131,130,-1,132,133,134,-1,132,134,135,-1,135,134,136,-1,135,136,137,-1,137,136,138,-1,137,138,139,-1,139,138,140,-1,139,140,141,-1,141,140,142,-1,141,142,143,-1,143,142,144,-1,143,144,145,-1,146,145,147,-1,147,145,144,-1,146,147,148,-1,148,147,149,-1,148,149,150,-1,150,149,151,-1,150,151,152,-1,152,151,153,-1,152,153,154,-1,154,153,155,-1,154,155,156,-1,156,155,157,-1,156,157,158,-1,158,157,159,-1,160,158,161,-1,161,158,159,-1,160,161,162,-1,162,161,163,-1,162,163,164,-1,164,163,165,-1,164,165,166,-1,166,165,167,-1,166,167,168,-1,168,167,169,-1,168,169,170,-1,170,169,171,-1,170,171,172,-1,172,171,173,-1,174,172,175,-1,175,172,173,-1,174,175,176,-1,176,175,177,-1,176,177,178,-1,178,177,179,-1,178,179,180,-1,180,179,181,-1,180,181,182,-1,182,181,183,-1,182,183,184,-1,184,183,185,-1,184,185,186,-1,186,185,187,-1,188,186,189,-1,189,186,187,-1,190,188,191,-1,191,188,189,-1,192,190,193,-1,193,190,191,-1,194,192,195,-1,195,192,193,-1,196,194,197,-1,197,194,195,-1,198,196,199,-1,199,196,197,-1,200,198,201,-1,201,198,199,-1,202,200,203,-1,203,200,201,-1,204,202,205,-1,205,202,203,-1,206,204,207,-1,207,204,205,-1,208,206,209,-1,209,206,207,-1,210,208,211,-1,211,208,209,-1,212,210,213,-1,213,210,211,-1,214,212,215,-1,215,212,213,-1,216,214,217,-1,217,214,215,-1,218,216,219,-1,219,216,217,-1,220,218,221,-1,221,218,219,-1,222,220,223,-1,223,220,221,-1,224,222,225,-1,225,222,223,-1,226,224,227,-1,227,224,225,-1,115,226,117,-1,117,226,227,-1,194,196,192,-1,192,196,198,-1,192,198,190,-1,220,222,218,-1,218,222,224,-1,115,114,226,-1,226,114,118,-1,210,212,208,-1,208,212,214,-1,208,214,206,-1,206,214,202,-1,206,202,204,-1,200,180,182,-1,160,162,226,-1,226,162,164,-1,172,174,224,-1,224,174,176,-1,224,176,178,-1,214,216,202,-1,202,216,218,-1,202,218,200,-1,200,218,224,-1,200,224,180,-1,180,224,178,-1,145,146,148,-1,182,184,200,-1,200,184,186,-1,200,186,198,-1,198,186,188,-1,198,188,190,-1,150,152,118,-1,118,152,154,-1,118,154,226,-1,226,154,156,-1,226,156,160,-1,160,156,158,-1,164,166,226,-1,226,166,168,-1,226,168,224,-1,224,168,170,-1,224,170,172,-1,150,118,148,-1,148,118,121,-1,148,121,123,-1,123,125,148,-1,148,125,127,-1,148,127,129,-1,129,131,148,-1,148,131,132,-1,148,132,145,-1,145,132,135,-1,145,135,137,-1,137,139,145,-1,145,139,141,-1,145,141,143,-1,193,191,195,-1,195,191,189,-1,119,116,227,-1,227,116,117,-1,223,221,225,-1,225,221,219,-1,211,209,213,-1,213,209,215,-1,197,195,199,-1,199,195,189,-1,199,189,201,-1,201,189,187,-1,187,185,201,-1,201,185,183,-1,201,183,181,-1,209,207,215,-1,215,207,205,-1,215,205,203,-1,181,225,201,-1,201,225,219,-1,201,219,203,-1,203,219,217,-1,203,217,215,-1,181,179,225,-1,225,179,177,-1,225,177,175,-1,167,165,227,-1,227,165,163,-1,227,163,161,-1,153,151,119,-1,119,151,149,-1,119,149,147,-1,175,173,225,-1,225,173,171,-1,225,171,227,-1,227,171,169,-1,227,169,167,-1,153,119,155,-1,155,119,227,-1,155,227,157,-1,157,227,161,-1,157,161,159,-1,134,133,119,-1,119,133,130,-1,119,130,120,-1,126,124,122,-1,147,144,119,-1,119,144,142,-1,119,142,140,-1,140,138,119,-1,119,138,136,-1,119,136,134,-1,120,130,122,-1,122,130,128,-1,122,128,126,-1,
        ]
    }
}
Shape{
    appearance Appearance {
        material  Material 	{
            diffuseColor 0.10980392156862745 0.10980392156862745 0.10980392156862745
            specularColor 0.00784313725490196 0.00784313725490196 0.00784313725490196
            ambientIntensity 0.1569
            transparency 0.0
            shininess 0.5
        }
    }
    geometry IndexedFaceSet {
        ccw TRUE
        solid FALSE
        coord DEF co Coordinate {
            point [
                -1.811 1.7713 0.3528, -2.2834 1.7713 0.3528, -1.811 1.7713 0.6284, -2.2834 1.7713 0.7874, 1.811 1.7713 0.6284, 2.2835 1.7713 0.7874, 1.811 1.7713 0.3528, 2.2835 1.7713 0.3528, 2.0669 1.4209 0.7874, 2.2835 1.4209 0.7874, -2.2834 1.4209 0.7874, -2.0669 1.4209 0.7874, -2.0669 1.1807 0.7874, 2.0669 1.1807 0.7874, 2.0669 0.9429 0.5496, -2.0669 0.9429 0.5496, 2.0669 0.8072 0.5496, -2.0669 0.8072 0.5496, 2.0669 0.8072 0.3528, -2.0669 0.8072 0.3528, 2.2835 1.4209 0.3528, 2.0669 1.4209 0.3528, -1.7323 1.6925 0.3528, -2.2834 1.4209 0.3528, -2.0669 1.4209 0.3528, -1.7323 1.3776 0.3528, 1.7323 1.3776 0.3528, 1.7323 1.6925 0.3528, -1.7323 1.6925 0.5496, -1.7323 1.3776 0.5496, 1.7323 1.6925 0.5496, 1.7323 1.3776 0.5496
            ]
        }
        coordIndex [
            0,1,2,-1,2,1,3,-1,2,3,4,-1,4,3,5,-1,4,5,6,-1,6,5,7,-1,8,9,5,-1,3,10,11,-1,12,13,11,-1,11,13,8,-1,11,8,3,-1,3,8,5,-1,14,13,15,-1,15,13,12,-1,16,14,17,-1,17,14,15,-1,18,16,19,-1,19,16,17,-1,7,20,21,-1,7,21,6,-1,1,0,22,-1,23,1,24,-1,24,1,22,-1,24,22,19,-1,19,22,25,-1,19,25,18,-1,18,25,26,-1,18,26,21,-1,21,26,27,-1,21,27,6,-1,8,21,9,-1,9,21,20,-1,9,20,5,-1,5,20,7,-1,16,18,14,-1,14,18,21,-1,14,21,13,-1,13,21,8,-1,10,3,23,-1,23,3,1,-1,11,10,24,-1,24,10,23,-1,12,11,15,-1,15,11,24,-1,15,24,17,-1,17,24,19,-1,28,29,22,-1,22,29,25,-1,27,26,30,-1,30,26,31,-1,30,31,28,-1,28,31,29,-1,31,26,29,-1,29,26,25,-1,30,4,27,-1,27,4,6,-1,28,2,30,-1,30,2,4,-1,2,28,0,-1,0,28,22,-1,
        ]
    }
}
Shape{
    appearance Appearance {
        material  Material 	{
            diffuseColor 0.6470588235294118 0.6196078431372549 0.5882352941176471
            specularColor 0.45098039215686275 0.43529411764705883 0.4117647058823529
            ambientIntensity 0.6242
            transparency 0.0
            shininess 0.5
        }
    }
    geometry IndexedFaceSet {
        ccw TRUE
        solid FALSE
        coord DEF co Coordinate {
            point [
                -0.7283 -0.3547 0.6693, -0.7283 -0.3547 0.5976, -0.6496 -0.3547 0.6693, -0.6496 -0.3547 0.5976, -0.7283 0.8599 0.6693, -0.6496 0.8599 0.6693, -0.6496 0.8731 0.6675, -0.7283 0.8731 0.6675, -0.6496 0.8854 0.6624, -0.7283 0.8854 0.6624, -0.6496 0.896 0.6543, -0.7283 0.896 0.6543, -0.6496 0.9042 0.6437, -0.7283 0.9042 0.6437, -0.6496 0.9093 0.6314, -0.7283 0.9093 0.6314, -0.6496 0.911 0.6181, -0.7283 0.911 0.6181, -0.7283 0.911 0.6074, -0.6496 0.911 0.6074, -0.6496 0.9093 0.5941, -0.7283 0.9093 0.5941, -0.6496 0.9042 0.5818, -0.7283 0.9042 0.5818, -0.6496 0.896 0.5712, -0.7283 0.896 0.5712, -0.6496 0.8854 0.563, -0.7283 0.8854 0.563, -0.6496 0.8731 0.5579, -0.7283 0.8731 0.5579, -0.6496 0.8599 0.5562, -0.7283 0.8599 0.5562, -0.7283 0.8189 0.5562, -0.6496 0.8189 0.5562, -0.7283 0.7882 0.5764, -0.6496 0.7882 0.5764, -0.7283 0.7538 0.589, -0.6496 0.7538 0.589, -0.7283 0.7173 0.5933, -0.6496 0.7173 0.5933, -0.7283 0.6809 0.589, -0.6496 0.6809 0.589, -0.7283 0.6464 0.5764, -0.6496 0.6464 0.5764, -0.7283 0.6158 0.5562, -0.6496 0.6158 0.5562, -0.7283 0.0449 0.5562, -0.6496 0.0449 0.5562, -0.7283 0.0143 0.5522, -0.6496 0.0143 0.5522, -0.7283 -0.0142 0.5404, -0.6496 -0.0142 0.5404, -0.7283 -0.0386 0.5216, -0.6496 -0.0386 0.5216, -0.7283 -0.0574 0.4971, -0.6496 -0.0574 0.4971, -0.7283 -0.0692 0.4686, -0.6496 -0.0692 0.4686, -0.7283 -0.0732 0.4381, -0.6496 -0.0732 0.4381, -0.7283 -0.0732 0.4055, -0.6496 -0.0732 0.4055, -0.7283 -0.0692 0.375, -0.6496 -0.0692 0.375, -0.7283 -0.0574 0.3465, -0.6496 -0.0574 0.3465, -0.7283 -0.0386 0.322, -0.6496 -0.0386 0.322, -0.7283 -0.0142 0.3033, -0.6496 -0.0142 0.3033, -0.7283 0.0143 0.2915, -0.6496 0.0143 0.2915, -0.7283 0.0449 0.2874, -0.6496 0.0449 0.2874, -0.7283 0.6322 0.2874, -0.6496 0.6322 0.2874, -0.7283 0.6322 0.3465, -0.6496 0.6322 0.3465, -0.7283 1.0393 0.2362, -0.6496 1.0393 0.2362, -0.7283 1.0393 0.1819, -0.6496 1.0393 0.1819, -0.7283 0.7851 0.1819, -0.6496 0.7851 0.1819, -0.7283 0.7536 0.2133, -0.6496 0.7536 0.2133, -0.7283 0.0653 0.1575, -0.6496 0.0653 0.1575, -0.7283 -0.2562 0.1575, -0.6496 -0.2562 0.1575, -0.7283 -0.2562 0.0591, -0.6496 -0.2562 0.0591, -0.7283 -0.3743 0.0591, -0.6496 -0.3743 0.0591, -0.7283 -0.4333 0.0, -0.6496 -0.4333 0.0, -0.7283 -0.6303 0.0, -0.6496 -0.6303 0.0, -0.7283 -0.6303 0.0787, -0.6496 -0.6303 0.0787, -0.7283 -0.4728 0.1209, -0.6496 -0.4728 0.1209, -0.7283 -0.3035 0.263, -0.6496 -0.3035 0.263, -0.7283 -0.3035 0.3417, -0.6496 -0.3035 0.3417, -0.7283 -0.3547 0.3417, -0.6496 -0.3547 0.3417, -0.7283 -0.3547 0.5189, -0.6496 -0.3547 0.5189, -0.7283 -0.3035 0.5189, -0.6496 -0.3035 0.5189, -0.7283 -0.3035 0.5976, -0.6496 -0.3035 0.5976, 1.8504 0.7595 0.2362, 1.8504 0.7595 0.0, 1.8504 0.5902 0.2362, 1.8504 -0.2326 0.0, 1.8504 0.5902 0.5512, 1.8504 -0.2326 0.5512, 2.4134 0.7595 0.0787, 2.4134 0.7595 0.0, 1.9292 0.7595 0.0787, 1.9292 0.7595 0.2362, 1.9292 -0.2326 0.0, 1.9292 0.3658 0.0, 1.9292 -0.2326 0.5512, 1.9292 0.3658 0.0787, 1.9292 0.5902 0.5512, 1.9292 0.5902 0.2362, 2.3441 0.532 0.0, 2.3489 0.5206 0.0, 2.3489 0.6046 0.0, 2.3564 0.6144 0.0, 2.3662 0.6219 0.0, 2.3564 0.5108 0.0, 2.3662 0.5033 0.0, 2.4134 0.3658 0.0, 2.3776 0.4986 0.0, 2.3898 0.497 0.0, 2.459 0.7245 0.0, 2.4606 0.7122 0.0, 2.3898 0.6282 0.0, 2.3441 0.5932 0.0, 2.3425 0.581 0.0, 2.3425 0.5443 0.0, 2.459 0.462 0.0, 2.4606 0.4498 0.0, 2.4134 0.497 0.0, 2.4543 0.3894 0.0, 2.4468 0.3796 0.0, 2.459 0.4008 0.0, 2.3776 0.6266 0.0, 2.4256 0.7579 0.0, 2.437 0.7531 0.0, 2.4134 0.6282 0.0, 2.4606 0.6755 0.0, 2.459 0.6633 0.0, 2.437 0.4907 0.0, 2.4468 0.4832 0.0, 2.4543 0.4734 0.0, 2.4606 0.413 0.0, 2.437 0.3721 0.0, 2.4256 0.3674 0.0, 2.4468 0.7456 0.0, 2.4543 0.7359 0.0, 2.4543 0.6519 0.0, 2.4468 0.6421 0.0, 2.4256 0.6299 0.0, 2.437 0.6346 0.0, 2.4256 0.4954 0.0, 2.4606 0.7122 0.0787, 2.459 0.7245 0.0787, 2.4543 0.7359 0.0787, 2.4468 0.7456 0.0787, 2.437 0.7531 0.0787, 2.4256 0.7579 0.0787, 2.4606 0.6755 0.0787, 2.4134 0.6282 0.0787, 2.4256 0.6299 0.0787, 2.437 0.6346 0.0787, 2.4468 0.6421 0.0787, 2.4543 0.6519 0.0787, 2.459 0.6633 0.0787, 2.3898 0.6282 0.0787, 2.3425 0.581 0.0787, 2.3441 0.5932 0.0787, 2.3489 0.6046 0.0787, 2.3564 0.6144 0.0787, 2.3662 0.6219 0.0787, 2.3776 0.6266 0.0787, 2.3425 0.5443 0.0787, 2.3898 0.497 0.0787, 2.3776 0.4986 0.0787, 2.3662 0.5033 0.0787, 2.3564 0.5108 0.0787, 2.3489 0.5206 0.0787, 2.3441 0.532 0.0787, 2.4134 0.497 0.0787, 2.4606 0.4498 0.0787, 2.459 0.462 0.0787, 2.4543 0.4734 0.0787, 2.4468 0.4832 0.0787, 2.437 0.4907 0.0787, 2.4256 0.4954 0.0787, 2.4606 0.413 0.0787, 2.4134 0.3658 0.0787, 2.4256 0.3674 0.0787, 2.437 0.3721 0.0787, 2.4468 0.3796 0.0787, 2.4543 0.3894 0.0787, 2.459 0.4008 0.0787, -1.5157 -0.3547 0.6693, -1.5157 -0.3547 0.5976, -1.437 -0.3547 0.6693, -1.437 -0.3547 0.5976, -1.5157 0.8599 0.6693, -1.437 0.8599 0.6693, -1.437 0.8731 0.6675, -1.5157 0.8731 0.6675, -1.437 0.8854 0.6624, -1.5157 0.8854 0.6624, -1.437 0.896 0.6543, -1.5157 0.896 0.6543, -1.437 0.9042 0.6437, -1.5157 0.9042 0.6437, -1.437 0.9093 0.6314, -1.5157 0.9093 0.6314, -1.437 0.911 0.6181, -1.5157 0.911 0.6181, -1.5157 0.911 0.6074, -1.437 0.911 0.6074, -1.437 0.9093 0.5941, -1.5157 0.9093 0.5941, -1.437 0.9042 0.5818, -1.5157 0.9042 0.5818, -1.437 0.896 0.5712, -1.5157 0.896 0.5712, -1.437 0.8854 0.563, -1.5157 0.8854 0.563, -1.437 0.8731 0.5579, -1.5157 0.8731 0.5579, -1.437 0.8599 0.5562, -1.5157 0.8599 0.5562, -1.5157 0.8189 0.5562, -1.437 0.8189 0.5562, -1.5157 0.7882 0.5764, -1.437 0.7882 0.5764, -1.5157 0.7538 0.589, -1.437 0.7538 0.589, -1.5157 0.7173 0.5933, -1.437 0.7173 0.5933, -1.5157 0.6809 0.589, -1.437 0.6809 0.589, -1.5157 0.6464 0.5764, -1.437 0.6464 0.5764, -1.5157 0.6158 0.5562, -1.437 0.6158 0.5562, -1.5157 0.0449 0.5562, -1.437 0.0449 0.5562, -1.5157 0.0143 0.5522, -1.437 0.0143 0.5522, -1.5157 -0.0142 0.5404, -1.437 -0.0142 0.5404, -1.5157 -0.0386 0.5216, -1.437 -0.0386 0.5216, -1.5157 -0.0574 0.4971, -1.437 -0.0574 0.4971, -1.5157 -0.0692 0.4686, -1.437 -0.0692 0.4686, -1.5157 -0.0732 0.4381, -1.437 -0.0732 0.4381, -1.5157 -0.0732 0.4055, -1.437 -0.0732 0.4055, -1.5157 -0.0692 0.375, -1.437 -0.0692 0.375, -1.5157 -0.0574 0.3465, -1.437 -0.0574 0.3465, -1.5157 -0.0386 0.322, -1.437 -0.0386 0.322, -1.5157 -0.0142 0.3033, -1.437 -0.0142 0.3033, -1.5157 0.0143 0.2915, -1.437 0.0143 0.2915, -1.5157 0.0449 0.2874, -1.437 0.0449 0.2874, -1.5157 0.6322 0.2874, -1.437 0.6322 0.2874, -1.5157 0.6322 0.3465, -1.437 0.6322 0.3465, -1.5157 1.0393 0.2362, -1.437 1.0393 0.2362, -1.5157 1.0393 0.1819, -1.437 1.0393 0.1819, -1.5157 0.7851 0.1819, -1.437 0.7851 0.1819, -1.5157 0.7536 0.2133, -1.437 0.7536 0.2133, -1.5157 0.0653 0.1575, -1.437 0.0653 0.1575, -1.5157 -0.2562 0.1575, -1.437 -0.2562 0.1575, -1.5157 -0.2562 0.0591, -1.437 -0.2562 0.0591, -1.5157 -0.3743 0.0591, -1.437 -0.3743 0.0591, -1.5157 -0.4333 0.0, -1.437 -0.4333 0.0, -1.5157 -0.6303 0.0, -1.437 -0.6303 0.0, -1.5157 -0.6303 0.0787, -1.437 -0.6303 0.0787, -1.5157 -0.4728 0.1209, -1.437 -0.4728 0.1209, -1.5157 -0.3035 0.263, -1.437 -0.3035 0.263, -1.5157 -0.3035 0.3417, -1.437 -0.3035 0.3417, -1.5157 -0.3547 0.3417, -1.437 -0.3547 0.3417, -1.5157 -0.3547 0.5189, -1.437 -0.3547 0.5189, -1.5157 -0.3035 0.5189, -1.437 -0.3035 0.5189, -1.5157 -0.3035 0.5976, -1.437 -0.3035 0.5976, -1.8504 0.7595 0.0, -1.8504 0.7595 0.2362, -1.8504 0.5902 0.2362, -1.8504 0.5902 0.5512, -1.8504 -0.2326 0.5512, -1.8504 -0.2326 0.0, -1.9291 0.7595 0.2362, -1.9291 0.7595 0.0787, -2.4134 0.7595 0.0787, -2.4134 0.7595 0.0, -1.9291 -0.2326 0.5512, -1.9291 0.5902 0.5512, -1.9291 -0.2326 0.0, -1.9291 0.5902 0.2362, -1.9291 0.3658 0.0787, -1.9291 0.3658 0.0, -2.3563 0.5108 0.0, -2.3488 0.5206 0.0, -2.3661 0.5033 0.0, -2.3441 0.5932 0.0, -2.3488 0.6046 0.0, -2.4468 0.3796 0.0, -2.4543 0.3894 0.0, -2.3897 0.497 0.0, -2.437 0.3721 0.0, -2.3441 0.532 0.0, -2.3425 0.5443 0.0, -2.3425 0.581 0.0, -2.3563 0.6144 0.0, -2.3661 0.6219 0.0, -2.3775 0.6266 0.0, -2.3897 0.6282 0.0, -2.459 0.4008 0.0, -2.4606 0.413 0.0, -2.4134 0.497 0.0, -2.4606 0.4498 0.0, -2.459 0.462 0.0, -2.3775 0.4986 0.0, -2.4134 0.3658 0.0, -2.4256 0.3674 0.0, -2.4543 0.4734 0.0, -2.4468 0.4832 0.0, -2.4256 0.4954 0.0, -2.437 0.4907 0.0, -2.4606 0.7122 0.0, -2.4606 0.6755 0.0, -2.4134 0.6282 0.0, -2.459 0.6633 0.0, -2.437 0.6346 0.0, -2.4468 0.6421 0.0, -2.4543 0.6519 0.0, -2.459 0.7245 0.0, -2.4543 0.7359 0.0, -2.4468 0.7456 0.0, -2.437 0.7531 0.0, -2.4256 0.7579 0.0, -2.4256 0.6299 0.0, -2.4256 0.7579 0.0787, -2.437 0.7531 0.0787, -2.4468 0.7456 0.0787, -2.4543 0.7359 0.0787, -2.459 0.7245 0.0787, -2.4606 0.7122 0.0787, -2.4606 0.6755 0.0787, -2.459 0.6633 0.0787, -2.4543 0.6519 0.0787, -2.4468 0.6421 0.0787, -2.437 0.6346 0.0787, -2.4256 0.6299 0.0787, -2.4134 0.6282 0.0787, -2.3897 0.6282 0.0787, -2.3775 0.6266 0.0787, -2.3661 0.6219 0.0787, -2.3563 0.6144 0.0787, -2.3488 0.6046 0.0787, -2.3441 0.5932 0.0787, -2.3425 0.581 0.0787, -2.3425 0.5443 0.0787, -2.3441 0.532 0.0787, -2.3488 0.5206 0.0787, -2.3563 0.5108 0.0787, -2.3661 0.5033 0.0787, -2.3775 0.4986 0.0787, -2.3897 0.497 0.0787, -2.4134 0.497 0.0787, -2.4256 0.4954 0.0787, -2.437 0.4907 0.0787, -2.4468 0.4832 0.0787, -2.4543 0.4734 0.0787, -2.459 0.462 0.0787, -2.4606 0.4498 0.0787, -2.4606 0.413 0.0787, -2.459 0.4008 0.0787, -2.4543 0.3894 0.0787, -2.4468 0.3796 0.0787, -2.437 0.3721 0.0787, -2.4256 0.3674 0.0787, -2.4134 0.3658 0.0787, -1.122 -0.3547 0.6693, -1.122 -0.3547 0.5976, -1.0433 -0.3547 0.6693, -1.0433 -0.3547 0.5976, -1.122 0.8599 0.6693, -1.0433 0.8599 0.6693, -1.0433 0.8731 0.6675, -1.122 0.8731 0.6675, -1.0433 0.8854 0.6624, -1.122 0.8854 0.6624, -1.0433 0.896 0.6543, -1.122 0.896 0.6543, -1.0433 0.9042 0.6437, -1.122 0.9042 0.6437, -1.0433 0.9093 0.6314, -1.122 0.9093 0.6314, -1.0433 0.911 0.6181, -1.122 0.911 0.6181, -1.122 0.911 0.6074, -1.0433 0.911 0.6074, -1.0433 0.9093 0.5941, -1.122 0.9093 0.5941, -1.0433 0.9042 0.5818, -1.122 0.9042 0.5818, -1.0433 0.896 0.5712, -1.122 0.896 0.5712, -1.0433 0.8854 0.563, -1.122 0.8854 0.563, -1.0433 0.8731 0.5579, -1.122 0.8731 0.5579, -1.0433 0.8599 0.5562, -1.122 0.8599 0.5562, -1.122 0.8189 0.5562, -1.0433 0.8189 0.5562, -1.122 0.7882 0.5764, -1.0433 0.7882 0.5764, -1.122 0.7538 0.589, -1.0433 0.7538 0.589, -1.122 0.7173 0.5933, -1.0433 0.7173 0.5933, -1.122 0.6809 0.589, -1.0433 0.6809 0.589, -1.122 0.6464 0.5764, -1.0433 0.6464 0.5764, -1.122 0.6158 0.5562, -1.0433 0.6158 0.5562, -1.122 0.0449 0.5562, -1.0433 0.0449 0.5562, -1.122 0.0143 0.5522, -1.0433 0.0143 0.5522, -1.122 -0.0142 0.5404, -1.0433 -0.0142 0.5404, -1.122 -0.0386 0.5216, -1.0433 -0.0386 0.5216, -1.122 -0.0574 0.4971, -1.0433 -0.0574 0.4971, -1.122 -0.0692 0.4686, -1.0433 -0.0692 0.4686, -1.122 -0.0732 0.4381, -1.0433 -0.0732 0.4381, -1.122 -0.0732 0.4055, -1.0433 -0.0732 0.4055, -1.122 -0.0692 0.375, -1.0433 -0.0692 0.375, -1.122 -0.0574 0.3465, -1.0433 -0.0574 0.3465, -1.122 -0.0386 0.322, -1.0433 -0.0386 0.322, -1.122 -0.0142 0.3033, -1.0433 -0.0142 0.3033, -1.122 0.0143 0.2915, -1.0433 0.0143 0.2915, -1.122 0.0449 0.2874, -1.0433 0.0449 0.2874, -1.122 0.6322 0.2874, -1.0433 0.6322 0.2874, -1.122 0.6322 0.3465, -1.0433 0.6322 0.3465, -1.122 1.0393 0.2362, -1.0433 1.0393 0.2362, -1.122 1.0393 0.1819, -1.0433 1.0393 0.1819, -1.122 0.7851 0.1819, -1.0433 0.7851 0.1819, -1.122 0.7536 0.2133, -1.0433 0.7536 0.2133, -1.122 0.0653 0.1575, -1.0433 0.0653 0.1575, -1.122 -0.2562 0.1575, -1.0433 -0.2562 0.1575, -1.122 -0.2562 0.0591, -1.0433 -0.2562 0.0591, -1.122 -0.3743 0.0591, -1.0433 -0.3743 0.0591, -1.122 -0.4333 0.0, -1.0433 -0.4333 0.0, -1.122 -0.6303 0.0, -1.0433 -0.6303 0.0, -1.122 -0.6303 0.0787, -1.0433 -0.6303 0.0787, -1.122 -0.4728 0.1209, -1.0433 -0.4728 0.1209, -1.122 -0.3035 0.263, -1.0433 -0.3035 0.263, -1.122 -0.3035 0.3417, -1.0433 -0.3035 0.3417, -1.122 -0.3547 0.3417, -1.0433 -0.3547 0.3417, -1.122 -0.3547 0.5189, -1.0433 -0.3547 0.5189, -1.122 -0.3035 0.5189, -1.0433 -0.3035 0.5189, -1.122 -0.3035 0.5976, -1.0433 -0.3035 0.5976, 0.0591 -0.3547 0.6693, 0.0591 -0.3547 0.5976, 0.1378 -0.3547 0.6693, 0.1378 -0.3547 0.5976, 0.0591 0.8599 0.6693, 0.1378 0.8599 0.6693, 0.1378 0.8731 0.6675, 0.0591 0.8731 0.6675, 0.1378 0.8854 0.6624, 0.0591 0.8854 0.6624, 0.1378 0.896 0.6543, 0.0591 0.896 0.6543, 0.1378 0.9042 0.6437, 0.0591 0.9042 0.6437, 0.1378 0.9093 0.6314, 0.0591 0.9093 0.6314, 0.1378 0.911 0.6181, 0.0591 0.911 0.6181, 0.0591 0.911 0.6074, 0.1378 0.911 0.6074, 0.1378 0.9093 0.5941, 0.0591 0.9093 0.5941, 0.1378 0.9042 0.5818, 0.0591 0.9042 0.5818, 0.1378 0.896 0.5712, 0.0591 0.896 0.5712, 0.1378 0.8854 0.563, 0.0591 0.8854 0.563, 0.1378 0.8731 0.5579, 0.0591 0.8731 0.5579, 0.1378 0.8599 0.5562, 0.0591 0.8599 0.5562, 0.0591 0.8189 0.5562, 0.1378 0.8189 0.5562, 0.0591 0.7882 0.5764, 0.1378 0.7882 0.5764, 0.0591 0.7538 0.589, 0.1378 0.7538 0.589, 0.0591 0.7173 0.5933, 0.1378 0.7173 0.5933, 0.0591 0.6809 0.589, 0.1378 0.6809 0.589, 0.0591 0.6464 0.5764, 0.1378 0.6464 0.5764, 0.0591 0.6158 0.5562, 0.1378 0.6158 0.5562, 0.0591 0.0449 0.5562, 0.1378 0.0449 0.5562, 0.0591 0.0143 0.5522, 0.1378 0.0143 0.5522, 0.0591 -0.0142 0.5404, 0.1378 -0.0142 0.5404, 0.0591 -0.0386 0.5216, 0.1378 -0.0386 0.5216, 0.0591 -0.0574 0.4971, 0.1378 -0.0574 0.4971, 0.0591 -0.0692 0.4686, 0.1378 -0.0692 0.4686, 0.0591 -0.0732 0.4381, 0.1378 -0.0732 0.4381, 0.0591 -0.0732 0.4055, 0.1378 -0.0732 0.4055, 0.0591 -0.0692 0.375, 0.1378 -0.0692 0.375, 0.0591 -0.0574 0.3465, 0.1378 -0.0574 0.3465, 0.0591 -0.0386 0.322, 0.1378 -0.0386 0.322, 0.0591 -0.0142 0.3033, 0.1378 -0.0142 0.3033, 0.0591 0.0143 0.2915, 0.1378 0.0143 0.2915, 0.0591 0.0449 0.2874, 0.1378 0.0449 0.2874, 0.0591 0.6322 0.2874, 0.1378 0.6322 0.2874, 0.0591 0.6322 0.3465, 0.1378 0.6322 0.3465, 0.0591 1.0393 0.2362, 0.1378 1.0393 0.2362, 0.0591 1.0393 0.1819, 0.1378 1.0393 0.1819, 0.0591 0.7851 0.1819, 0.1378 0.7851 0.1819, 0.0591 0.7536 0.2133, 0.1378 0.7536 0.2133, 0.0591 0.0653 0.1575, 0.1378 0.0653 0.1575, 0.0591 -0.2562 0.1575, 0.1378 -0.2562 0.1575, 0.0591 -0.2562 0.0591, 0.1378 -0.2562 0.0591, 0.0591 -0.3743 0.0591, 0.1378 -0.3743 0.0591, 0.0591 -0.4333 0.0, 0.1378 -0.4333 0.0, 0.0591 -0.6303 0.0, 0.1378 -0.6303 0.0, 0.0591 -0.6303 0.0787, 0.1378 -0.6303 0.0787, 0.0591 -0.4728 0.1209, 0.1378 -0.4728 0.1209, 0.0591 -0.3035 0.263, 0.1378 -0.3035 0.263, 0.0591 -0.3035 0.3417, 0.1378 -0.3035 0.3417, 0.0591 -0.3547 0.3417, 0.1378 -0.3547 0.3417, 0.0591 -0.3547 0.5189, 0.1378 -0.3547 0.5189, 0.0591 -0.3035 0.5189, 0.1378 -0.3035 0.5189, 0.0591 -0.3035 0.5976, 0.1378 -0.3035 0.5976, 1.0433 -0.3547 0.6693, 1.0433 -0.3547 0.5976, 1.1221 -0.3547 0.6693, 1.1221 -0.3547 0.5976, 1.0433 0.8599 0.6693, 1.1221 0.8599 0.6693, 1.1221 0.8731 0.6675, 1.0433 0.8731 0.6675, 1.1221 0.8854 0.6624, 1.0433 0.8854 0.6624, 1.1221 0.896 0.6543, 1.0433 0.896 0.6543, 1.1221 0.9042 0.6437, 1.0433 0.9042 0.6437, 1.1221 0.9093 0.6314, 1.0433 0.9093 0.6314, 1.1221 0.911 0.6181, 1.0433 0.911 0.6181, 1.0433 0.911 0.6074, 1.1221 0.911 0.6074, 1.1221 0.9093 0.5941, 1.0433 0.9093 0.5941, 1.1221 0.9042 0.5818, 1.0433 0.9042 0.5818, 1.1221 0.896 0.5712, 1.0433 0.896 0.5712, 1.1221 0.8854 0.563, 1.0433 0.8854 0.563, 1.1221 0.8731 0.5579, 1.0433 0.8731 0.5579, 1.1221 0.8599 0.5562, 1.0433 0.8599 0.5562, 1.0433 0.8189 0.5562, 1.1221 0.8189 0.5562, 1.0433 0.7882 0.5764, 1.1221 0.7882 0.5764, 1.0433 0.7538 0.589, 1.1221 0.7538 0.589, 1.0433 0.7173 0.5933, 1.1221 0.7173 0.5933, 1.0433 0.6809 0.589, 1.1221 0.6809 0.589, 1.0433 0.6464 0.5764, 1.1221 0.6464 0.5764, 1.0433 0.6158 0.5562, 1.1221 0.6158 0.5562, 1.0433 0.0449 0.5562, 1.1221 0.0449 0.5562, 1.0433 0.0143 0.5522, 1.1221 0.0143 0.5522, 1.0433 -0.0142 0.5404, 1.1221 -0.0142 0.5404, 1.0433 -0.0386 0.5216, 1.1221 -0.0386 0.5216, 1.0433 -0.0574 0.4971, 1.1221 -0.0574 0.4971, 1.0433 -0.0692 0.4686, 1.1221 -0.0692 0.4686, 1.0433 -0.0732 0.4381, 1.1221 -0.0732 0.4381, 1.0433 -0.0732 0.4055, 1.1221 -0.0732 0.4055, 1.0433 -0.0692 0.375, 1.1221 -0.0692 0.375, 1.0433 -0.0574 0.3465, 1.1221 -0.0574 0.3465, 1.0433 -0.0386 0.322, 1.1221 -0.0386 0.322, 1.0433 -0.0142 0.3033, 1.1221 -0.0142 0.3033, 1.0433 0.0143 0.2915, 1.1221 0.0143 0.2915, 1.0433 0.0449 0.2874, 1.1221 0.0449 0.2874, 1.0433 0.6322 0.2874, 1.1221 0.6322 0.2874, 1.0433 0.6322 0.3465, 1.1221 0.6322 0.3465, 1.0433 1.0393 0.2362, 1.1221 1.0393 0.2362, 1.0433 1.0393 0.1819, 1.1221 1.0393 0.1819, 1.0433 0.7851 0.1819, 1.1221 0.7851 0.1819, 1.0433 0.7536 0.2133, 1.1221 0.7536 0.2133, 1.0433 0.0653 0.1575, 1.1221 0.0653 0.1575, 1.0433 -0.2562 0.1575, 1.1221 -0.2562 0.1575, 1.0433 -0.2562 0.0591, 1.1221 -0.2562 0.0591, 1.0433 -0.3743 0.0591, 1.1221 -0.3743 0.0591, 1.0433 -0.4333 0.0, 1.1221 -0.4333 0.0, 1.0433 -0.6303 0.0, 1.1221 -0.6303 0.0, 1.0433 -0.6303 0.0787, 1.1221 -0.6303 0.0787, 1.0433 -0.4728 0.1209, 1.1221 -0.4728 0.1209, 1.0433 -0.3035 0.263, 1.1221 -0.3035 0.263, 1.0433 -0.3035 0.3417, 1.1221 -0.3035 0.3417, 1.0433 -0.3547 0.3417, 1.1221 -0.3547 0.3417, 1.0433 -0.3547 0.5189, 1.1221 -0.3547 0.5189, 1.0433 -0.3035 0.5189, 1.1221 -0.3035 0.5189, 1.0433 -0.3035 0.5976, 1.1221 -0.3035 0.5976, 0.2559 -0.3547 0.6693, 0.2559 -0.3547 0.5976, 0.3347 -0.3547 0.6693, 0.3347 -0.3547 0.5976, 0.2559 0.8599 0.6693, 0.3347 0.8599 0.6693, 0.3347 0.8731 0.6675, 0.2559 0.8731 0.6675, 0.3347 0.8854 0.6624, 0.2559 0.8854 0.6624, 0.3347 0.896 0.6543, 0.2559 0.896 0.6543, 0.3347 0.9042 0.6437, 0.2559 0.9042 0.6437, 0.3347 0.9093 0.6314, 0.2559 0.9093 0.6314, 0.3347 0.911 0.6181, 0.2559 0.911 0.6181, 0.2559 0.911 0.6074, 0.3347 0.911 0.6074, 0.3347 0.9093 0.5941, 0.2559 0.9093 0.5941, 0.3347 0.9042 0.5818, 0.2559 0.9042 0.5818, 0.3347 0.896 0.5712, 0.2559 0.896 0.5712, 0.3347 0.8854 0.563, 0.2559 0.8854 0.563, 0.3347 0.8731 0.5579, 0.2559 0.8731 0.5579, 0.3347 0.8599 0.5562, 0.2559 0.8599 0.5562, 0.2559 0.8189 0.5562, 0.3347 0.8189 0.5562, 0.2559 0.7882 0.5764, 0.3347 0.7882 0.5764, 0.2559 0.7538 0.589, 0.3347 0.7538 0.589, 0.2559 0.7173 0.5933, 0.3347 0.7173 0.5933, 0.2559 0.6809 0.589, 0.3347 0.6809 0.589, 0.2559 0.6464 0.5764, 0.3347 0.6464 0.5764, 0.2559 0.6158 0.5562, 0.3347 0.6158 0.5562, 0.2559 0.0449 0.5562, 0.3347 0.0449 0.5562, 0.2559 0.0143 0.5522, 0.3347 0.0143 0.5522, 0.2559 -0.0142 0.5404, 0.3347 -0.0142 0.5404, 0.2559 -0.0386 0.5216, 0.3347 -0.0386 0.5216, 0.2559 -0.0574 0.4971, 0.3347 -0.0574 0.4971, 0.2559 -0.0692 0.4686, 0.3347 -0.0692 0.4686, 0.2559 -0.0732 0.4381, 0.3347 -0.0732 0.4381, 0.2559 -0.0732 0.4055, 0.3347 -0.0732 0.4055, 0.2559 -0.0692 0.375, 0.3347 -0.0692 0.375, 0.2559 -0.0574 0.3465, 0.3347 -0.0574 0.3465, 0.2559 -0.0386 0.322, 0.3347 -0.0386 0.322, 0.2559 -0.0142 0.3033, 0.3347 -0.0142 0.3033, 0.2559 0.0143 0.2915, 0.3347 0.0143 0.2915, 0.2559 0.0449 0.2874, 0.3347 0.0449 0.2874, 0.2559 0.6322 0.2874, 0.3347 0.6322 0.2874, 0.2559 0.6322 0.3465, 0.3347 0.6322 0.3465, 0.2559 1.0393 0.2362, 0.3347 1.0393 0.2362, 0.2559 1.0393 0.1819, 0.3347 1.0393 0.1819, 0.2559 0.7851 0.1819, 0.3347 0.7851 0.1819, 0.2559 0.7536 0.2133, 0.3347 0.7536 0.2133, 0.2559 0.0653 0.1575, 0.3347 0.0653 0.1575, 0.2559 -0.2562 0.1575, 0.3347 -0.2562 0.1575, 0.2559 -0.2562 0.0591, 0.3347 -0.2562 0.0591, 0.2559 -0.3743 0.0591, 0.3347 -0.3743 0.0591, 0.2559 -0.4333 0.0, 0.3347 -0.4333 0.0, 0.2559 -0.6303 0.0, 0.3347 -0.6303 0.0, 0.2559 -0.6303 0.0787, 0.3347 -0.6303 0.0787, 0.2559 -0.4728 0.1209, 0.3347 -0.4728 0.1209, 0.2559 -0.3035 0.263, 0.3347 -0.3035 0.263, 0.2559 -0.3035 0.3417, 0.3347 -0.3035 0.3417, 0.2559 -0.3547 0.3417, 0.3347 -0.3547 0.3417, 0.2559 -0.3547 0.5189, 0.3347 -0.3547 0.5189, 0.2559 -0.3035 0.5189, 0.3347 -0.3035 0.5189, 0.2559 -0.3035 0.5976, 0.3347 -0.3035 0.5976, -0.5315 -0.3547 0.6693, -0.5315 -0.3547 0.5976, -0.4527 -0.3547 0.6693, -0.4527 -0.3547 0.5976, -0.5315 0.8599 0.6693, -0.4527 0.8599 0.6693, -0.4527 0.8731 0.6675, -0.5315 0.8731 0.6675, -0.4527 0.8854 0.6624, -0.5315 0.8854 0.6624, -0.4527 0.896 0.6543, -0.5315 0.896 0.6543, -0.4527 0.9042 0.6437, -0.5315 0.9042 0.6437, -0.4527 0.9093 0.6314, -0.5315 0.9093 0.6314, -0.4527 0.911 0.6181, -0.5315 0.911 0.6181, -0.5315 0.911 0.6074, -0.4527 0.911 0.6074, -0.4527 0.9093 0.5941, -0.5315 0.9093 0.5941, -0.4527 0.9042 0.5818, -0.5315 0.9042 0.5818, -0.4527 0.896 0.5712, -0.5315 0.896 0.5712, -0.4527 0.8854 0.563, -0.5315 0.8854 0.563, -0.4527 0.8731 0.5579, -0.5315 0.8731 0.5579, -0.4527 0.8599 0.5562, -0.5315 0.8599 0.5562, -0.5315 0.8189 0.5562, -0.4527 0.8189 0.5562, -0.5315 0.7882 0.5764, -0.4527 0.7882 0.5764, -0.5315 0.7538 0.589, -0.4527 0.7538 0.589, -0.5315 0.7173 0.5933, -0.4527 0.7173 0.5933, -0.5315 0.6809 0.589, -0.4527 0.6809 0.589, -0.5315 0.6464 0.5764, -0.4527 0.6464 0.5764, -0.5315 0.6158 0.5562, -0.4527 0.6158 0.5562, -0.5315 0.0449 0.5562, -0.4527 0.0449 0.5562, -0.5315 0.0143 0.5522, -0.4527 0.0143 0.5522, -0.5315 -0.0142 0.5404, -0.4527 -0.0142 0.5404, -0.5315 -0.0386 0.5216, -0.4527 -0.0386 0.5216, -0.5315 -0.0574 0.4971, -0.4527 -0.0574 0.4971, -0.5315 -0.0692 0.4686, -0.4527 -0.0692 0.4686, -0.5315 -0.0732 0.4381, -0.4527 -0.0732 0.4381, -0.5315 -0.0732 0.4055, -0.4527 -0.0732 0.4055, -0.5315 -0.0692 0.375, -0.4527 -0.0692 0.375, -0.5315 -0.0574 0.3465, -0.4527 -0.0574 0.3465, -0.5315 -0.0386 0.322, -0.4527 -0.0386 0.322, -0.5315 -0.0142 0.3033, -0.4527 -0.0142 0.3033, -0.5315 0.0143 0.2915, -0.4527 0.0143 0.2915, -0.5315 0.0449 0.2874, -0.4527 0.0449 0.2874, -0.5315 0.6322 0.2874, -0.4527 0.6322 0.2874, -0.5315 0.6322 0.3465, -0.4527 0.6322 0.3465, -0.5315 1.0393 0.2362, -0.4527 1.0393 0.2362, -0.5315 1.0393 0.1819, -0.4527 1.0393 0.1819, -0.5315 0.7851 0.1819, -0.4527 0.7851 0.1819, -0.5315 0.7536 0.2133, -0.4527 0.7536 0.2133, -0.5315 0.0653 0.1575, -0.4527 0.0653 0.1575, -0.5315 -0.2562 0.1575, -0.4527 -0.2562 0.1575, -0.5315 -0.2562 0.0591, -0.4527 -0.2562 0.0591, -0.5315 -0.3743 0.0591, -0.4527 -0.3743 0.0591, -0.5315 -0.4333 0.0, -0.4527 -0.4333 0.0, -0.5315 -0.6303 0.0, -0.4527 -0.6303 0.0, -0.5315 -0.6303 0.0787, -0.4527 -0.6303 0.0787, -0.5315 -0.4728 0.1209, -0.4527 -0.4728 0.1209, -0.5315 -0.3035 0.263, -0.4527 -0.3035 0.263, -0.5315 -0.3035 0.3417, -0.4527 -0.3035 0.3417, -0.5315 -0.3547 0.3417, -0.4527 -0.3547 0.3417, -0.5315 -0.3547 0.5189, -0.4527 -0.3547 0.5189, -0.5315 -0.3035 0.5189, -0.4527 -0.3035 0.5189, -0.5315 -0.3035 0.5976, -0.4527 -0.3035 0.5976, 1.2402 -0.3547 0.6693, 1.2402 -0.3547 0.5976, 1.3189 -0.3547 0.6693, 1.3189 -0.3547 0.5976, 1.2402 0.8599 0.6693, 1.3189 0.8599 0.6693, 1.3189 0.8731 0.6675, 1.2402 0.8731 0.6675, 1.3189 0.8854 0.6624, 1.2402 0.8854 0.6624, 1.3189 0.896 0.6543, 1.2402 0.896 0.6543, 1.3189 0.9042 0.6437, 1.2402 0.9042 0.6437, 1.3189 0.9093 0.6314, 1.2402 0.9093 0.6314, 1.3189 0.911 0.6181, 1.2402 0.911 0.6181, 1.2402 0.911 0.6074, 1.3189 0.911 0.6074, 1.3189 0.9093 0.5941, 1.2402 0.9093 0.5941, 1.3189 0.9042 0.5818, 1.2402 0.9042 0.5818, 1.3189 0.896 0.5712, 1.2402 0.896 0.5712, 1.3189 0.8854 0.563, 1.2402 0.8854 0.563, 1.3189 0.8731 0.5579, 1.2402 0.8731 0.5579, 1.3189 0.8599 0.5562, 1.2402 0.8599 0.5562, 1.2402 0.8189 0.5562, 1.3189 0.8189 0.5562, 1.2402 0.7882 0.5764, 1.3189 0.7882 0.5764, 1.2402 0.7538 0.589, 1.3189 0.7538 0.589, 1.2402 0.7173 0.5933, 1.3189 0.7173 0.5933, 1.2402 0.6809 0.589, 1.3189 0.6809 0.589, 1.2402 0.6464 0.5764, 1.3189 0.6464 0.5764, 1.2402 0.6158 0.5562, 1.3189 0.6158 0.5562, 1.2402 0.0449 0.5562, 1.3189 0.0449 0.5562, 1.2402 0.0143 0.5522, 1.3189 0.0143 0.5522, 1.2402 -0.0142 0.5404, 1.3189 -0.0142 0.5404, 1.2402 -0.0386 0.5216, 1.3189 -0.0386 0.5216, 1.2402 -0.0574 0.4971, 1.3189 -0.0574 0.4971, 1.2402 -0.0692 0.4686, 1.3189 -0.0692 0.4686, 1.2402 -0.0732 0.4381, 1.3189 -0.0732 0.4381, 1.2402 -0.0732 0.4055, 1.3189 -0.0732 0.4055, 1.2402 -0.0692 0.375, 1.3189 -0.0692 0.375, 1.2402 -0.0574 0.3465, 1.3189 -0.0574 0.3465, 1.2402 -0.0386 0.322, 1.3189 -0.0386 0.322, 1.2402 -0.0142 0.3033, 1.3189 -0.0142 0.3033, 1.2402 0.0143 0.2915, 1.3189 0.0143 0.2915, 1.2402 0.0449 0.2874, 1.3189 0.0449 0.2874, 1.2402 0.6322 0.2874, 1.3189 0.6322 0.2874, 1.2402 0.6322 0.3465, 1.3189 0.6322 0.3465, 1.2402 1.0393 0.2362, 1.3189 1.0393 0.2362, 1.2402 1.0393 0.1819, 1.3189 1.0393 0.1819, 1.2402 0.7851 0.1819, 1.3189 0.7851 0.1819, 1.2402 0.7536 0.2133, 1.3189 0.7536 0.2133, 1.2402 0.0653 0.1575, 1.3189 0.0653 0.1575, 1.2402 -0.2562 0.1575, 1.3189 -0.2562 0.1575, 1.2402 -0.2562 0.0591, 1.3189 -0.2562 0.0591, 1.2402 -0.3743 0.0591, 1.3189 -0.3743 0.0591, 1.2402 -0.4333 0.0, 1.3189 -0.4333 0.0, 1.2402 -0.6303 0.0, 1.3189 -0.6303 0.0, 1.2402 -0.6303 0.0787, 1.3189 -0.6303 0.0787, 1.2402 -0.4728 0.1209, 1.3189 -0.4728 0.1209, 1.2402 -0.3035 0.263, 1.3189 -0.3035 0.263, 1.2402 -0.3035 0.3417, 1.3189 -0.3035 0.3417, 1.2402 -0.3547 0.3417, 1.3189 -0.3547 0.3417, 1.2402 -0.3547 0.5189, 1.3189 -0.3547 0.5189, 1.2402 -0.3035 0.5189, 1.3189 -0.3035 0.5189, 1.2402 -0.3035 0.5976, 1.3189 -0.3035 0.5976, 0.4528 -0.3547 0.6693, 0.4528 -0.3547 0.5976, 0.5315 -0.3547 0.6693, 0.5315 -0.3547 0.5976, 0.4528 0.8599 0.6693, 0.5315 0.8599 0.6693, 0.5315 0.8731 0.6675, 0.4528 0.8731 0.6675, 0.5315 0.8854 0.6624, 0.4528 0.8854 0.6624, 0.5315 0.896 0.6543, 0.4528 0.896 0.6543, 0.5315 0.9042 0.6437, 0.4528 0.9042 0.6437, 0.5315 0.9093 0.6314, 0.4528 0.9093 0.6314, 0.5315 0.911 0.6181, 0.4528 0.911 0.6181, 0.4528 0.911 0.6074, 0.5315 0.911 0.6074, 0.5315 0.9093 0.5941, 0.4528 0.9093 0.5941, 0.5315 0.9042 0.5818, 0.4528 0.9042 0.5818, 0.5315 0.896 0.5712, 0.4528 0.896 0.5712, 0.5315 0.8854 0.563, 0.4528 0.8854 0.563, 0.5315 0.8731 0.5579, 0.4528 0.8731 0.5579, 0.5315 0.8599 0.5562, 0.4528 0.8599 0.5562, 0.4528 0.8189 0.5562, 0.5315 0.8189 0.5562, 0.4528 0.7882 0.5764, 0.5315 0.7882 0.5764, 0.4528 0.7538 0.589, 0.5315 0.7538 0.589, 0.4528 0.7173 0.5933, 0.5315 0.7173 0.5933, 0.4528 0.6809 0.589, 0.5315 0.6809 0.589, 0.4528 0.6464 0.5764, 0.5315 0.6464 0.5764, 0.4528 0.6158 0.5562, 0.5315 0.6158 0.5562, 0.4528 0.0449 0.5562, 0.5315 0.0449 0.5562, 0.4528 0.0143 0.5522, 0.5315 0.0143 0.5522, 0.4528 -0.0142 0.5404, 0.5315 -0.0142 0.5404, 0.4528 -0.0386 0.5216, 0.5315 -0.0386 0.5216, 0.4528 -0.0574 0.4971, 0.5315 -0.0574 0.4971, 0.4528 -0.0692 0.4686, 0.5315 -0.0692 0.4686, 0.4528 -0.0732 0.4381, 0.5315 -0.0732 0.4381, 0.4528 -0.0732 0.4055, 0.5315 -0.0732 0.4055, 0.4528 -0.0692 0.375, 0.5315 -0.0692 0.375, 0.4528 -0.0574 0.3465, 0.5315 -0.0574 0.3465, 0.4528 -0.0386 0.322, 0.5315 -0.0386 0.322, 0.4528 -0.0142 0.3033, 0.5315 -0.0142 0.3033, 0.4528 0.0143 0.2915, 0.5315 0.0143 0.2915, 0.4528 0.0449 0.2874, 0.5315 0.0449 0.2874, 0.4528 0.6322 0.2874, 0.5315 0.6322 0.2874, 0.4528 0.6322 0.3465, 0.5315 0.6322 0.3465, 0.4528 1.0393 0.2362, 0.5315 1.0393 0.2362, 0.4528 1.0393 0.1819, 0.5315 1.0393 0.1819, 0.4528 0.7851 0.1819, 0.5315 0.7851 0.1819, 0.4528 0.7536 0.2133, 0.5315 0.7536 0.2133, 0.4528 0.0653 0.1575, 0.5315 0.0653 0.1575, 0.4528 -0.2562 0.1575, 0.5315 -0.2562 0.1575, 0.4528 -0.2562 0.0591, 0.5315 -0.2562 0.0591, 0.4528 -0.3743 0.0591, 0.5315 -0.3743 0.0591, 0.4528 -0.4333 0.0, 0.5315 -0.4333 0.0, 0.4528 -0.6303 0.0, 0.5315 -0.6303 0.0, 0.4528 -0.6303 0.0787, 0.5315 -0.6303 0.0787, 0.4528 -0.4728 0.1209, 0.5315 -0.4728 0.1209, 0.4528 -0.3035 0.263, 0.5315 -0.3035 0.263, 0.4528 -0.3035 0.3417, 0.5315 -0.3035 0.3417, 0.4528 -0.3547 0.3417, 0.5315 -0.3547 0.3417, 0.4528 -0.3547 0.5189, 0.5315 -0.3547 0.5189, 0.4528 -0.3035 0.5189, 0.5315 -0.3035 0.5189, 0.4528 -0.3035 0.5976, 0.5315 -0.3035 0.5976, -0.3346 -0.3547 0.6693, -0.3346 -0.3547 0.5976, -0.2559 -0.3547 0.6693, -0.2559 -0.3547 0.5976, -0.3346 0.8599 0.6693, -0.2559 0.8599 0.6693, -0.2559 0.8731 0.6675, -0.3346 0.8731 0.6675, -0.2559 0.8854 0.6624, -0.3346 0.8854 0.6624, -0.2559 0.896 0.6543, -0.3346 0.896 0.6543, -0.2559 0.9042 0.6437, -0.3346 0.9042 0.6437, -0.2559 0.9093 0.6314, -0.3346 0.9093 0.6314, -0.2559 0.911 0.6181, -0.3346 0.911 0.6181, -0.3346 0.911 0.6074, -0.2559 0.911 0.6074, -0.2559 0.9093 0.5941, -0.3346 0.9093 0.5941, -0.2559 0.9042 0.5818, -0.3346 0.9042 0.5818, -0.2559 0.896 0.5712, -0.3346 0.896 0.5712, -0.2559 0.8854 0.563, -0.3346 0.8854 0.563, -0.2559 0.8731 0.5579, -0.3346 0.8731 0.5579, -0.2559 0.8599 0.5562, -0.3346 0.8599 0.5562, -0.3346 0.8189 0.5562, -0.2559 0.8189 0.5562, -0.3346 0.7882 0.5764, -0.2559 0.7882 0.5764, -0.3346 0.7538 0.589, -0.2559 0.7538 0.589, -0.3346 0.7173 0.5933, -0.2559 0.7173 0.5933, -0.3346 0.6809 0.589, -0.2559 0.6809 0.589, -0.3346 0.6464 0.5764, -0.2559 0.6464 0.5764, -0.3346 0.6158 0.5562, -0.2559 0.6158 0.5562, -0.3346 0.0449 0.5562, -0.2559 0.0449 0.5562, -0.3346 0.0143 0.5522, -0.2559 0.0143 0.5522, -0.3346 -0.0142 0.5404, -0.2559 -0.0142 0.5404, -0.3346 -0.0386 0.5216, -0.2559 -0.0386 0.5216, -0.3346 -0.0574 0.4971, -0.2559 -0.0574 0.4971, -0.3346 -0.0692 0.4686, -0.2559 -0.0692 0.4686, -0.3346 -0.0732 0.4381, -0.2559 -0.0732 0.4381, -0.3346 -0.0732 0.4055, -0.2559 -0.0732 0.4055, -0.3346 -0.0692 0.375, -0.2559 -0.0692 0.375, -0.3346 -0.0574 0.3465, -0.2559 -0.0574 0.3465, -0.3346 -0.0386 0.322, -0.2559 -0.0386 0.322, -0.3346 -0.0142 0.3033, -0.2559 -0.0142 0.3033, -0.3346 0.0143 0.2915, -0.2559 0.0143 0.2915, -0.3346 0.0449 0.2874, -0.2559 0.0449 0.2874, -0.3346 0.6322 0.2874, -0.2559 0.6322 0.2874, -0.3346 0.6322 0.3465, -0.2559 0.6322 0.3465, -0.3346 1.0393 0.2362, -0.2559 1.0393 0.2362, -0.3346 1.0393 0.1819, -0.2559 1.0393 0.1819, -0.3346 0.7851 0.1819, -0.2559 0.7851 0.1819, -0.3346 0.7536 0.2133, -0.2559 0.7536 0.2133, -0.3346 0.0653 0.1575, -0.2559 0.0653 0.1575, -0.3346 -0.2562 0.1575, -0.2559 -0.2562 0.1575, -0.3346 -0.2562 0.0591, -0.2559 -0.2562 0.0591, -0.3346 -0.3743 0.0591, -0.2559 -0.3743 0.0591, -0.3346 -0.4333 0.0, -0.2559 -0.4333 0.0, -0.3346 -0.6303 0.0, -0.2559 -0.6303 0.0, -0.3346 -0.6303 0.0787, -0.2559 -0.6303 0.0787, -0.3346 -0.4728 0.1209, -0.2559 -0.4728 0.1209, -0.3346 -0.3035 0.263, -0.2559 -0.3035 0.263, -0.3346 -0.3035 0.3417, -0.2559 -0.3035 0.3417, -0.3346 -0.3547 0.3417, -0.2559 -0.3547 0.3417, -0.3346 -0.3547 0.5189, -0.2559 -0.3547 0.5189, -0.3346 -0.3035 0.5189, -0.2559 -0.3035 0.5189, -0.3346 -0.3035 0.5976, -0.2559 -0.3035 0.5976, 1.437 -0.3547 0.6693, 1.437 -0.3547 0.5976, 1.5158 -0.3547 0.6693, 1.5158 -0.3547 0.5976, 1.437 0.8599 0.6693, 1.5158 0.8599 0.6693, 1.5158 0.8731 0.6675, 1.437 0.8731 0.6675, 1.5158 0.8854 0.6624, 1.437 0.8854 0.6624, 1.5158 0.896 0.6543, 1.437 0.896 0.6543, 1.5158 0.9042 0.6437, 1.437 0.9042 0.6437, 1.5158 0.9093 0.6314, 1.437 0.9093 0.6314, 1.5158 0.911 0.6181, 1.437 0.911 0.6181, 1.437 0.911 0.6074, 1.5158 0.911 0.6074, 1.5158 0.9093 0.5941, 1.437 0.9093 0.5941, 1.5158 0.9042 0.5818, 1.437 0.9042 0.5818, 1.5158 0.896 0.5712, 1.437 0.896 0.5712, 1.5158 0.8854 0.563, 1.437 0.8854 0.563, 1.5158 0.8731 0.5579, 1.437 0.8731 0.5579, 1.5158 0.8599 0.5562, 1.437 0.8599 0.5562, 1.437 0.8189 0.5562, 1.5158 0.8189 0.5562, 1.437 0.7882 0.5764, 1.5158 0.7882 0.5764, 1.437 0.7538 0.589, 1.5158 0.7538 0.589, 1.437 0.7173 0.5933, 1.5158 0.7173 0.5933, 1.437 0.6809 0.589, 1.5158 0.6809 0.589, 1.437 0.6464 0.5764, 1.5158 0.6464 0.5764, 1.437 0.6158 0.5562, 1.5158 0.6158 0.5562, 1.437 0.0449 0.5562, 1.5158 0.0449 0.5562, 1.437 0.0143 0.5522, 1.5158 0.0143 0.5522, 1.437 -0.0142 0.5404, 1.5158 -0.0142 0.5404, 1.437 -0.0386 0.5216, 1.5158 -0.0386 0.5216, 1.437 -0.0574 0.4971, 1.5158 -0.0574 0.4971, 1.437 -0.0692 0.4686, 1.5158 -0.0692 0.4686, 1.437 -0.0732 0.4381, 1.5158 -0.0732 0.4381, 1.437 -0.0732 0.4055, 1.5158 -0.0732 0.4055, 1.437 -0.0692 0.375, 1.5158 -0.0692 0.375, 1.437 -0.0574 0.3465, 1.5158 -0.0574 0.3465, 1.437 -0.0386 0.322, 1.5158 -0.0386 0.322, 1.437 -0.0142 0.3033, 1.5158 -0.0142 0.3033, 1.437 0.0143 0.2915, 1.5158 0.0143 0.2915, 1.437 0.0449 0.2874, 1.5158 0.0449 0.2874, 1.437 0.6322 0.2874, 1.5158 0.6322 0.2874, 1.437 0.6322 0.3465, 1.5158 0.6322 0.3465, 1.437 1.0393 0.2362, 1.5158 1.0393 0.2362, 1.437 1.0393 0.1819, 1.5158 1.0393 0.1819, 1.437 0.7851 0.1819, 1.5158 0.7851 0.1819, 1.437 0.7536 0.2133, 1.5158 0.7536 0.2133, 1.437 0.0653 0.1575, 1.5158 0.0653 0.1575, 1.437 -0.2562 0.1575, 1.5158 -0.2562 0.1575, 1.437 -0.2562 0.0591, 1.5158 -0.2562 0.0591, 1.437 -0.3743 0.0591, 1.5158 -0.3743 0.0591, 1.437 -0.4333 0.0, 1.5158 -0.4333 0.0, 1.437 -0.6303 0.0, 1.5158 -0.6303 0.0, 1.437 -0.6303 0.0787, 1.5158 -0.6303 0.0787, 1.437 -0.4728 0.1209, 1.5158 -0.4728 0.1209, 1.437 -0.3035 0.263, 1.5158 -0.3035 0.263, 1.437 -0.3035 0.3417, 1.5158 -0.3035 0.3417, 1.437 -0.3547 0.3417, 1.5158 -0.3547 0.3417, 1.437 -0.3547 0.5189, 1.5158 -0.3547 0.5189, 1.437 -0.3035 0.5189, 1.5158 -0.3035 0.5189, 1.437 -0.3035 0.5976, 1.5158 -0.3035 0.5976, 0.6496 -0.3547 0.6693, 0.6496 -0.3547 0.5976, 0.7284 -0.3547 0.6693, 0.7284 -0.3547 0.5976, 0.6496 0.8599 0.6693, 0.7284 0.8599 0.6693, 0.7284 0.8731 0.6675, 0.6496 0.8731 0.6675, 0.7284 0.8854 0.6624, 0.6496 0.8854 0.6624, 0.7284 0.896 0.6543, 0.6496 0.896 0.6543, 0.7284 0.9042 0.6437, 0.6496 0.9042 0.6437, 0.7284 0.9093 0.6314, 0.6496 0.9093 0.6314, 0.7284 0.911 0.6181, 0.6496 0.911 0.6181, 0.6496 0.911 0.6074, 0.7284 0.911 0.6074, 0.7284 0.9093 0.5941, 0.6496 0.9093 0.5941, 0.7284 0.9042 0.5818, 0.6496 0.9042 0.5818, 0.7284 0.896 0.5712, 0.6496 0.896 0.5712, 0.7284 0.8854 0.563, 0.6496 0.8854 0.563, 0.7284 0.8731 0.5579, 0.6496 0.8731 0.5579, 0.7284 0.8599 0.5562, 0.6496 0.8599 0.5562, 0.6496 0.8189 0.5562, 0.7284 0.8189 0.5562, 0.6496 0.7882 0.5764, 0.7284 0.7882 0.5764, 0.6496 0.7538 0.589, 0.7284 0.7538 0.589, 0.6496 0.7173 0.5933, 0.7284 0.7173 0.5933, 0.6496 0.6809 0.589, 0.7284 0.6809 0.589, 0.6496 0.6464 0.5764, 0.7284 0.6464 0.5764, 0.6496 0.6158 0.5562, 0.7284 0.6158 0.5562, 0.6496 0.0449 0.5562, 0.7284 0.0449 0.5562, 0.6496 0.0143 0.5522, 0.7284 0.0143 0.5522, 0.6496 -0.0142 0.5404, 0.7284 -0.0142 0.5404, 0.6496 -0.0386 0.5216, 0.7284 -0.0386 0.5216, 0.6496 -0.0574 0.4971, 0.7284 -0.0574 0.4971, 0.6496 -0.0692 0.4686, 0.7284 -0.0692 0.4686, 0.6496 -0.0732 0.4381, 0.7284 -0.0732 0.4381, 0.6496 -0.0732 0.4055, 0.7284 -0.0732 0.4055, 0.6496 -0.0692 0.375, 0.7284 -0.0692 0.375, 0.6496 -0.0574 0.3465, 0.7284 -0.0574 0.3465, 0.6496 -0.0386 0.322, 0.7284 -0.0386 0.322, 0.6496 -0.0142 0.3033, 0.7284 -0.0142 0.3033, 0.6496 0.0143 0.2915, 0.7284 0.0143 0.2915, 0.6496 0.0449 0.2874, 0.7284 0.0449 0.2874, 0.6496 0.6322 0.2874, 0.7284 0.6322 0.2874, 0.6496 0.6322 0.3465, 0.7284 0.6322 0.3465, 0.6496 1.0393 0.2362, 0.7284 1.0393 0.2362, 0.6496 1.0393 0.1819, 0.7284 1.0393 0.1819, 0.6496 0.7851 0.1819, 0.7284 0.7851 0.1819, 0.6496 0.7536 0.2133, 0.7284 0.7536 0.2133, 0.6496 0.0653 0.1575, 0.7284 0.0653 0.1575, 0.6496 -0.2562 0.1575, 0.7284 -0.2562 0.1575, 0.6496 -0.2562 0.0591, 0.7284 -0.2562 0.0591, 0.6496 -0.3743 0.0591, 0.7284 -0.3743 0.0591, 0.6496 -0.4333 0.0, 0.7284 -0.4333 0.0, 0.6496 -0.6303 0.0, 0.7284 -0.6303 0.0, 0.6496 -0.6303 0.0787, 0.7284 -0.6303 0.0787, 0.6496 -0.4728 0.1209, 0.7284 -0.4728 0.1209, 0.6496 -0.3035 0.263, 0.7284 -0.3035 0.263, 0.6496 -0.3035 0.3417, 0.7284 -0.3035 0.3417, 0.6496 -0.3547 0.3417, 0.7284 -0.3547 0.3417, 0.6496 -0.3547 0.5189, 0.7284 -0.3547 0.5189, 0.6496 -0.3035 0.5189, 0.7284 -0.3035 0.5189, 0.6496 -0.3035 0.5976, 0.7284 -0.3035 0.5976, -0.1378 -0.3547 0.6693, -0.1378 -0.3547 0.5976, -0.059 -0.3547 0.6693, -0.059 -0.3547 0.5976, -0.1378 0.8599 0.6693, -0.059 0.8599 0.6693, -0.059 0.8731 0.6675, -0.1378 0.8731 0.6675, -0.059 0.8854 0.6624, -0.1378 0.8854 0.6624, -0.059 0.896 0.6543, -0.1378 0.896 0.6543, -0.059 0.9042 0.6437, -0.1378 0.9042 0.6437, -0.059 0.9093 0.6314, -0.1378 0.9093 0.6314, -0.059 0.911 0.6181, -0.1378 0.911 0.6181, -0.1378 0.911 0.6074, -0.059 0.911 0.6074, -0.059 0.9093 0.5941, -0.1378 0.9093 0.5941, -0.059 0.9042 0.5818, -0.1378 0.9042 0.5818, -0.059 0.896 0.5712, -0.1378 0.896 0.5712, -0.059 0.8854 0.563, -0.1378 0.8854 0.563, -0.059 0.8731 0.5579, -0.1378 0.8731 0.5579, -0.059 0.8599 0.5562, -0.1378 0.8599 0.5562, -0.1378 0.8189 0.5562, -0.059 0.8189 0.5562, -0.1378 0.7882 0.5764, -0.059 0.7882 0.5764, -0.1378 0.7538 0.589, -0.059 0.7538 0.589, -0.1378 0.7173 0.5933, -0.059 0.7173 0.5933, -0.1378 0.6809 0.589, -0.059 0.6809 0.589, -0.1378 0.6464 0.5764, -0.059 0.6464 0.5764, -0.1378 0.6158 0.5562, -0.059 0.6158 0.5562, -0.1378 0.0449 0.5562, -0.059 0.0449 0.5562, -0.1378 0.0143 0.5522, -0.059 0.0143 0.5522, -0.1378 -0.0142 0.5404, -0.059 -0.0142 0.5404, -0.1378 -0.0386 0.5216, -0.059 -0.0386 0.5216, -0.1378 -0.0574 0.4971, -0.059 -0.0574 0.4971, -0.1378 -0.0692 0.4686, -0.059 -0.0692 0.4686, -0.1378 -0.0732 0.4381, -0.059 -0.0732 0.4381, -0.1378 -0.0732 0.4055, -0.059 -0.0732 0.4055, -0.1378 -0.0692 0.375, -0.059 -0.0692 0.375, -0.1378 -0.0574 0.3465, -0.059 -0.0574 0.3465, -0.1378 -0.0386 0.322, -0.059 -0.0386 0.322, -0.1378 -0.0142 0.3033, -0.059 -0.0142 0.3033, -0.1378 0.0143 0.2915, -0.059 0.0143 0.2915, -0.1378 0.0449 0.2874, -0.059 0.0449 0.2874, -0.1378 0.6322 0.2874, -0.059 0.6322 0.2874, -0.1378 0.6322 0.3465, -0.059 0.6322 0.3465, -0.1378 1.0393 0.2362, -0.059 1.0393 0.2362, -0.1378 1.0393 0.1819, -0.059 1.0393 0.1819, -0.1378 0.7851 0.1819, -0.059 0.7851 0.1819, -0.1378 0.7536 0.2133, -0.059 0.7536 0.2133, -0.1378 0.0653 0.1575, -0.059 0.0653 0.1575, -0.1378 -0.2562 0.1575, -0.059 -0.2562 0.1575, -0.1378 -0.2562 0.0591, -0.059 -0.2562 0.0591, -0.1378 -0.3743 0.0591, -0.059 -0.3743 0.0591, -0.1378 -0.4333 0.0, -0.059 -0.4333 0.0, -0.1378 -0.6303 0.0, -0.059 -0.6303 0.0, -0.1378 -0.6303 0.0787, -0.059 -0.6303 0.0787, -0.1378 -0.4728 0.1209, -0.059 -0.4728 0.1209, -0.1378 -0.3035 0.263, -0.059 -0.3035 0.263, -0.1378 -0.3035 0.3417, -0.059 -0.3035 0.3417, -0.1378 -0.3547 0.3417, -0.059 -0.3547 0.3417, -0.1378 -0.3547 0.5189, -0.059 -0.3547 0.5189, -0.1378 -0.3035 0.5189, -0.059 -0.3035 0.5189, -0.1378 -0.3035 0.5976, -0.059 -0.3035 0.5976, 0.8465 -0.3547 0.6693, 0.8465 -0.3547 0.5976, 0.9252 -0.3547 0.6693, 0.9252 -0.3547 0.5976, 0.8465 0.8599 0.6693, 0.9252 0.8599 0.6693, 0.9252 0.8731 0.6675, 0.8465 0.8731 0.6675, 0.9252 0.8854 0.6624, 0.8465 0.8854 0.6624, 0.9252 0.896 0.6543, 0.8465 0.896 0.6543, 0.9252 0.9042 0.6437, 0.8465 0.9042 0.6437, 0.9252 0.9093 0.6314, 0.8465 0.9093 0.6314, 0.9252 0.911 0.6181, 0.8465 0.911 0.6181, 0.8465 0.911 0.6074, 0.9252 0.911 0.6074, 0.9252 0.9093 0.5941, 0.8465 0.9093 0.5941, 0.9252 0.9042 0.5818, 0.8465 0.9042 0.5818, 0.9252 0.896 0.5712, 0.8465 0.896 0.5712, 0.9252 0.8854 0.563, 0.8465 0.8854 0.563, 0.9252 0.8731 0.5579, 0.8465 0.8731 0.5579, 0.9252 0.8599 0.5562, 0.8465 0.8599 0.5562, 0.8465 0.8189 0.5562, 0.9252 0.8189 0.5562, 0.8465 0.7882 0.5764, 0.9252 0.7882 0.5764, 0.8465 0.7538 0.589, 0.9252 0.7538 0.589, 0.8465 0.7173 0.5933, 0.9252 0.7173 0.5933, 0.8465 0.6809 0.589, 0.9252 0.6809 0.589, 0.8465 0.6464 0.5764, 0.9252 0.6464 0.5764, 0.8465 0.6158 0.5562, 0.9252 0.6158 0.5562, 0.8465 0.0449 0.5562, 0.9252 0.0449 0.5562, 0.8465 0.0143 0.5522, 0.9252 0.0143 0.5522, 0.8465 -0.0142 0.5404, 0.9252 -0.0142 0.5404, 0.8465 -0.0386 0.5216, 0.9252 -0.0386 0.5216, 0.8465 -0.0574 0.4971, 0.9252 -0.0574 0.4971, 0.8465 -0.0692 0.4686, 0.9252 -0.0692 0.4686, 0.8465 -0.0732 0.4381, 0.9252 -0.0732 0.4381, 0.8465 -0.0732 0.4055, 0.9252 -0.0732 0.4055, 0.8465 -0.0692 0.375, 0.9252 -0.0692 0.375, 0.8465 -0.0574 0.3465, 0.9252 -0.0574 0.3465, 0.8465 -0.0386 0.322, 0.9252 -0.0386 0.322, 0.8465 -0.0142 0.3033, 0.9252 -0.0142 0.3033, 0.8465 0.0143 0.2915, 0.9252 0.0143 0.2915, 0.8465 0.0449 0.2874, 0.9252 0.0449 0.2874, 0.8465 0.6322 0.2874, 0.9252 0.6322 0.2874, 0.8465 0.6322 0.3465, 0.9252 0.6322 0.3465, 0.8465 1.0393 0.2362, 0.9252 1.0393 0.2362, 0.8465 1.0393 0.1819, 0.9252 1.0393 0.1819, 0.8465 0.7851 0.1819, 0.9252 0.7851 0.1819, 0.8465 0.7536 0.2133, 0.9252 0.7536 0.2133, 0.8465 0.0653 0.1575, 0.9252 0.0653 0.1575, 0.8465 -0.2562 0.1575, 0.9252 -0.2562 0.1575, 0.8465 -0.2562 0.0591, 0.9252 -0.2562 0.0591, 0.8465 -0.3743 0.0591, 0.9252 -0.3743 0.0591, 0.8465 -0.4333 0.0, 0.9252 -0.4333 0.0, 0.8465 -0.6303 0.0, 0.9252 -0.6303 0.0, 0.8465 -0.6303 0.0787, 0.9252 -0.6303 0.0787, 0.8465 -0.4728 0.1209, 0.9252 -0.4728 0.1209, 0.8465 -0.3035 0.263, 0.9252 -0.3035 0.263, 0.8465 -0.3035 0.3417, 0.9252 -0.3035 0.3417, 0.8465 -0.3547 0.3417, 0.9252 -0.3547 0.3417, 0.8465 -0.3547 0.5189, 0.9252 -0.3547 0.5189, 0.8465 -0.3035 0.5189, 0.9252 -0.3035 0.5189, 0.8465 -0.3035 0.5976, 0.9252 -0.3035 0.5976
            ]
        }
        coordIndex [
            0,1,2,-1,2,1,3,-1,4,0,5,-1,5,0,2,-1,4,5,6,-1,4,6,7,-1,7,6,8,-1,7,8,9,-1,9,8,10,-1,9,10,11,-1,11,10,12,-1,11,12,13,-1,13,12,14,-1,13,14,15,-1,15,14,16,-1,15,16,17,-1,18,17,19,-1,19,17,16,-1,18,19,20,-1,18,20,21,-1,21,20,22,-1,21,22,23,-1,23,22,24,-1,23,24,25,-1,25,24,26,-1,25,26,27,-1,27,26,28,-1,27,28,29,-1,29,28,30,-1,29,30,31,-1,32,31,33,-1,33,31,30,-1,32,33,34,-1,34,33,35,-1,34,35,36,-1,36,35,37,-1,36,37,38,-1,38,37,39,-1,38,39,40,-1,40,39,41,-1,40,41,42,-1,42,41,43,-1,42,43,44,-1,44,43,45,-1,46,44,47,-1,47,44,45,-1,46,47,48,-1,48,47,49,-1,48,49,50,-1,50,49,51,-1,50,51,52,-1,52,51,53,-1,52,53,54,-1,54,53,55,-1,54,55,56,-1,56,55,57,-1,56,57,58,-1,58,57,59,-1,60,58,61,-1,61,58,59,-1,60,61,62,-1,62,61,63,-1,62,63,64,-1,64,63,65,-1,64,65,66,-1,66,65,67,-1,66,67,68,-1,68,67,69,-1,68,69,70,-1,70,69,71,-1,70,71,72,-1,72,71,73,-1,74,72,75,-1,75,72,73,-1,76,74,77,-1,77,74,75,-1,78,76,79,-1,79,76,77,-1,80,78,81,-1,81,78,79,-1,82,80,83,-1,83,80,81,-1,84,82,85,-1,85,82,83,-1,86,84,87,-1,87,84,85,-1,88,86,89,-1,89,86,87,-1,90,88,91,-1,91,88,89,-1,92,90,93,-1,93,90,91,-1,94,92,95,-1,95,92,93,-1,96,94,97,-1,97,94,95,-1,98,96,99,-1,99,96,97,-1,100,98,101,-1,101,98,99,-1,102,100,103,-1,103,100,101,-1,104,102,105,-1,105,102,103,-1,106,104,107,-1,107,104,105,-1,108,106,109,-1,109,106,107,-1,110,108,111,-1,111,108,109,-1,112,110,113,-1,113,110,111,-1,1,112,3,-1,3,112,113,-1,80,82,78,-1,78,82,84,-1,78,84,76,-1,106,108,104,-1,104,108,110,-1,1,0,112,-1,112,0,4,-1,96,98,94,-1,94,98,100,-1,94,100,92,-1,92,100,88,-1,92,88,90,-1,86,66,68,-1,46,48,112,-1,112,48,50,-1,58,60,110,-1,110,60,62,-1,110,62,64,-1,100,102,88,-1,88,102,104,-1,88,104,86,-1,86,104,110,-1,86,110,66,-1,66,110,64,-1,31,32,34,-1,68,70,86,-1,86,70,72,-1,86,72,84,-1,84,72,74,-1,84,74,76,-1,36,38,4,-1,4,38,40,-1,4,40,112,-1,112,40,42,-1,112,42,46,-1,46,42,44,-1,50,52,112,-1,112,52,54,-1,112,54,110,-1,110,54,56,-1,110,56,58,-1,36,4,34,-1,34,4,7,-1,34,7,9,-1,9,11,34,-1,34,11,13,-1,34,13,15,-1,15,17,34,-1,34,17,18,-1,34,18,31,-1,31,18,21,-1,31,21,23,-1,23,25,31,-1,31,25,27,-1,31,27,29,-1,79,77,81,-1,81,77,75,-1,5,2,113,-1,113,2,3,-1,109,107,111,-1,111,107,105,-1,97,95,99,-1,99,95,101,-1,83,81,85,-1,85,81,75,-1,85,75,87,-1,87,75,73,-1,73,71,87,-1,87,71,69,-1,87,69,67,-1,53,51,113,-1,113,51,49,-1,113,49,47,-1,95,93,101,-1,101,93,91,-1,101,91,89,-1,67,111,87,-1,87,111,105,-1,87,105,89,-1,89,105,103,-1,89,103,101,-1,67,65,111,-1,111,65,63,-1,111,63,61,-1,61,59,111,-1,111,59,57,-1,111,57,113,-1,113,57,55,-1,113,55,53,-1,39,5,41,-1,41,5,113,-1,41,113,43,-1,43,113,47,-1,43,47,45,-1,39,37,5,-1,5,37,35,-1,5,35,33,-1,20,19,5,-1,5,19,16,-1,5,16,6,-1,12,10,8,-1,33,30,5,-1,5,30,28,-1,5,28,26,-1,26,24,5,-1,5,24,22,-1,5,22,20,-1,6,16,8,-1,8,16,14,-1,8,14,12,-1,114,115,116,-1,116,115,117,-1,116,117,118,-1,118,117,119,-1,120,121,122,-1,122,121,115,-1,122,115,123,-1,123,115,114,-1,124,125,126,-1,126,125,127,-1,128,126,129,-1,129,126,127,-1,129,127,123,-1,123,127,122,-1,117,124,119,-1,119,124,126,-1,124,117,125,-1,125,117,115,-1,125,130,131,-1,132,115,133,-1,133,115,134,-1,131,135,125,-1,125,135,136,-1,125,136,137,-1,137,136,138,-1,137,138,139,-1,140,141,142,-1,132,143,115,-1,115,143,144,-1,115,144,125,-1,125,144,145,-1,125,145,130,-1,146,147,148,-1,149,150,139,-1,149,139,151,-1,134,115,152,-1,152,115,121,-1,152,121,142,-1,142,121,153,-1,142,153,154,-1,142,141,155,-1,155,141,156,-1,155,156,157,-1,158,159,160,-1,148,147,139,-1,139,147,161,-1,139,161,151,-1,150,162,139,-1,139,162,163,-1,139,163,137,-1,154,164,142,-1,142,164,165,-1,142,165,140,-1,157,166,155,-1,155,166,167,-1,155,167,168,-1,168,167,169,-1,146,148,160,-1,160,148,170,-1,160,170,158,-1,126,128,119,-1,119,128,118,-1,171,141,140,-1,171,140,172,-1,172,140,165,-1,172,165,173,-1,173,165,164,-1,173,164,174,-1,174,164,154,-1,174,154,175,-1,175,154,153,-1,175,153,176,-1,176,153,121,-1,176,121,120,-1,171,177,141,-1,141,177,156,-1,178,155,168,-1,178,168,179,-1,179,168,169,-1,179,169,180,-1,180,169,167,-1,180,167,181,-1,181,167,166,-1,181,166,182,-1,182,166,157,-1,182,157,183,-1,183,157,156,-1,183,156,177,-1,178,184,155,-1,155,184,142,-1,185,144,186,-1,186,144,143,-1,186,143,187,-1,187,143,132,-1,187,132,188,-1,188,132,133,-1,188,133,189,-1,189,133,134,-1,189,134,190,-1,190,134,152,-1,190,152,184,-1,184,152,142,-1,185,191,144,-1,144,191,145,-1,192,139,193,-1,193,139,138,-1,193,138,194,-1,194,138,136,-1,194,136,195,-1,195,136,135,-1,195,135,196,-1,196,135,131,-1,196,131,197,-1,197,131,130,-1,197,130,191,-1,191,130,145,-1,192,198,139,-1,139,198,148,-1,199,147,146,-1,199,146,200,-1,200,146,160,-1,200,160,201,-1,201,160,159,-1,201,159,202,-1,202,159,158,-1,202,158,203,-1,203,158,170,-1,203,170,204,-1,204,170,148,-1,204,148,198,-1,199,205,147,-1,147,205,161,-1,206,137,163,-1,206,163,207,-1,207,163,162,-1,207,162,208,-1,208,162,150,-1,208,150,209,-1,209,150,149,-1,209,149,210,-1,210,149,151,-1,210,151,211,-1,211,151,161,-1,211,161,205,-1,206,127,137,-1,137,127,125,-1,176,120,184,-1,186,187,122,-1,194,195,127,-1,127,195,196,-1,198,192,199,-1,187,188,122,-1,122,188,189,-1,122,189,120,-1,120,189,190,-1,120,190,184,-1,196,197,127,-1,127,197,191,-1,127,191,122,-1,122,191,185,-1,122,185,186,-1,208,209,192,-1,192,209,210,-1,198,199,204,-1,194,127,193,-1,193,127,206,-1,193,206,192,-1,192,206,207,-1,192,207,208,-1,210,211,192,-1,192,211,205,-1,192,205,199,-1,183,177,178,-1,178,177,171,-1,178,171,184,-1,184,171,172,-1,184,172,173,-1,199,200,204,-1,204,200,201,-1,204,201,203,-1,203,201,202,-1,179,180,181,-1,173,174,184,-1,184,174,175,-1,184,175,176,-1,179,181,178,-1,178,181,182,-1,178,182,183,-1,129,116,128,-1,128,116,118,-1,123,114,129,-1,129,114,116,-1,212,213,214,-1,214,213,215,-1,216,212,217,-1,217,212,214,-1,216,217,218,-1,216,218,219,-1,219,218,220,-1,219,220,221,-1,221,220,222,-1,221,222,223,-1,223,222,224,-1,223,224,225,-1,225,224,226,-1,225,226,227,-1,227,226,228,-1,227,228,229,-1,230,229,231,-1,231,229,228,-1,230,231,232,-1,230,232,233,-1,233,232,234,-1,233,234,235,-1,235,234,236,-1,235,236,237,-1,237,236,238,-1,237,238,239,-1,239,238,240,-1,239,240,241,-1,241,240,242,-1,241,242,243,-1,244,243,245,-1,245,243,242,-1,244,245,246,-1,246,245,247,-1,246,247,248,-1,248,247,249,-1,248,249,250,-1,250,249,251,-1,250,251,252,-1,252,251,253,-1,252,253,254,-1,254,253,255,-1,254,255,256,-1,256,255,257,-1,258,256,259,-1,259,256,257,-1,258,259,260,-1,260,259,261,-1,260,261,262,-1,262,261,263,-1,262,263,264,-1,264,263,265,-1,264,265,266,-1,266,265,267,-1,266,267,268,-1,268,267,269,-1,268,269,270,-1,270,269,271,-1,272,270,273,-1,273,270,271,-1,272,273,274,-1,274,273,275,-1,274,275,276,-1,276,275,277,-1,276,277,278,-1,278,277,279,-1,278,279,280,-1,280,279,281,-1,280,281,282,-1,282,281,283,-1,282,283,284,-1,284,283,285,-1,286,284,287,-1,287,284,285,-1,288,286,289,-1,289,286,287,-1,290,288,291,-1,291,288,289,-1,292,290,293,-1,293,290,291,-1,294,292,295,-1,295,292,293,-1,296,294,297,-1,297,294,295,-1,298,296,299,-1,299,296,297,-1,300,298,301,-1,301,298,299,-1,302,300,303,-1,303,300,301,-1,304,302,305,-1,305,302,303,-1,306,304,307,-1,307,304,305,-1,308,306,309,-1,309,306,307,-1,310,308,311,-1,311,308,309,-1,312,310,313,-1,313,310,311,-1,314,312,315,-1,315,312,313,-1,316,314,317,-1,317,314,315,-1,318,316,319,-1,319,316,317,-1,320,318,321,-1,321,318,319,-1,322,320,323,-1,323,320,321,-1,324,322,325,-1,325,322,323,-1,213,324,215,-1,215,324,325,-1,292,294,290,-1,290,294,296,-1,290,296,288,-1,318,320,316,-1,316,320,322,-1,213,212,324,-1,324,212,216,-1,278,280,298,-1,308,310,306,-1,306,310,312,-1,306,312,304,-1,304,312,300,-1,304,300,302,-1,258,260,324,-1,324,260,262,-1,312,314,300,-1,300,314,316,-1,300,316,298,-1,298,316,322,-1,298,322,278,-1,278,322,276,-1,270,272,322,-1,322,272,274,-1,322,274,276,-1,280,282,298,-1,298,282,284,-1,298,284,296,-1,296,284,286,-1,296,286,288,-1,262,264,324,-1,324,264,266,-1,324,266,322,-1,322,266,268,-1,322,268,270,-1,227,229,246,-1,246,229,230,-1,248,250,216,-1,216,250,252,-1,216,252,324,-1,324,252,254,-1,324,254,258,-1,258,254,256,-1,248,216,246,-1,246,216,219,-1,246,219,221,-1,221,223,246,-1,246,223,225,-1,246,225,227,-1,233,235,230,-1,230,235,237,-1,230,237,239,-1,244,246,243,-1,243,246,230,-1,243,230,241,-1,241,230,239,-1,317,301,299,-1,291,289,293,-1,293,289,287,-1,217,214,325,-1,325,214,215,-1,218,217,228,-1,323,321,319,-1,283,281,299,-1,305,313,307,-1,307,313,311,-1,307,311,309,-1,281,279,299,-1,299,279,323,-1,299,323,317,-1,317,323,319,-1,305,303,313,-1,313,303,301,-1,313,301,315,-1,315,301,317,-1,279,277,323,-1,323,277,275,-1,323,275,273,-1,265,263,325,-1,325,263,261,-1,325,261,259,-1,245,242,217,-1,295,293,297,-1,297,293,287,-1,297,287,299,-1,299,287,285,-1,299,285,283,-1,273,271,323,-1,323,271,269,-1,323,269,325,-1,325,269,267,-1,325,267,265,-1,251,249,217,-1,217,249,247,-1,217,247,245,-1,251,217,253,-1,253,217,325,-1,253,325,255,-1,255,325,259,-1,255,259,257,-1,217,236,234,-1,224,222,220,-1,242,240,217,-1,217,240,238,-1,217,238,236,-1,234,232,217,-1,217,232,231,-1,217,231,228,-1,218,228,220,-1,220,228,226,-1,220,226,224,-1,326,327,328,-1,329,330,328,-1,328,330,331,-1,328,331,326,-1,332,327,333,-1,333,327,326,-1,333,326,334,-1,334,326,335,-1,336,337,338,-1,338,337,339,-1,332,333,339,-1,339,333,340,-1,339,340,338,-1,338,340,341,-1,338,331,336,-1,336,331,330,-1,326,331,341,-1,341,331,338,-1,342,343,341,-1,342,341,344,-1,326,345,346,-1,347,348,349,-1,347,349,350,-1,343,351,341,-1,341,351,352,-1,341,352,326,-1,326,352,353,-1,326,353,345,-1,346,354,326,-1,326,354,355,-1,326,355,335,-1,335,355,356,-1,335,356,357,-1,348,358,349,-1,349,358,359,-1,349,359,360,-1,360,359,361,-1,360,361,362,-1,344,341,363,-1,363,341,364,-1,363,364,349,-1,349,364,365,-1,349,365,350,-1,362,366,360,-1,360,366,367,-1,360,367,368,-1,368,367,369,-1,370,357,371,-1,371,357,372,-1,371,372,373,-1,374,375,376,-1,370,377,357,-1,357,377,378,-1,357,378,379,-1,379,380,357,-1,357,380,381,-1,357,381,335,-1,373,372,376,-1,376,372,382,-1,376,382,374,-1,337,336,329,-1,329,336,330,-1,334,335,381,-1,334,381,383,-1,383,381,380,-1,383,380,384,-1,384,380,379,-1,384,379,385,-1,385,379,378,-1,385,378,386,-1,386,378,377,-1,386,377,387,-1,387,377,370,-1,387,370,388,-1,389,388,371,-1,371,388,370,-1,389,371,373,-1,389,373,390,-1,390,373,376,-1,390,376,391,-1,391,376,375,-1,391,375,392,-1,392,375,374,-1,392,374,393,-1,393,374,382,-1,393,382,394,-1,394,382,372,-1,394,372,395,-1,396,395,357,-1,357,395,372,-1,396,357,397,-1,397,357,356,-1,397,356,398,-1,398,356,355,-1,398,355,399,-1,399,355,354,-1,399,354,400,-1,400,354,346,-1,400,346,401,-1,401,346,345,-1,401,345,402,-1,402,345,353,-1,403,402,352,-1,352,402,353,-1,403,352,404,-1,404,352,351,-1,404,351,405,-1,405,351,343,-1,405,343,406,-1,406,343,342,-1,406,342,407,-1,407,342,344,-1,407,344,408,-1,408,344,363,-1,408,363,409,-1,409,363,349,-1,410,409,360,-1,360,409,349,-1,410,360,368,-1,410,368,411,-1,411,368,369,-1,411,369,412,-1,412,369,367,-1,412,367,413,-1,413,367,366,-1,413,366,414,-1,414,366,362,-1,414,362,415,-1,415,362,361,-1,415,361,416,-1,417,416,359,-1,359,416,361,-1,417,359,358,-1,417,358,418,-1,418,358,348,-1,418,348,419,-1,419,348,347,-1,419,347,420,-1,420,347,350,-1,420,350,421,-1,421,350,365,-1,421,365,422,-1,422,365,364,-1,422,364,423,-1,340,423,341,-1,341,423,364,-1,404,405,340,-1,398,399,333,-1,333,399,400,-1,395,396,389,-1,400,401,333,-1,333,401,402,-1,333,402,340,-1,340,402,403,-1,340,403,404,-1,405,406,340,-1,340,406,407,-1,340,407,423,-1,423,407,408,-1,423,408,409,-1,385,386,396,-1,395,389,394,-1,385,396,384,-1,386,387,396,-1,396,387,388,-1,396,388,389,-1,398,333,397,-1,397,333,334,-1,397,334,396,-1,396,334,383,-1,396,383,384,-1,415,416,410,-1,410,416,417,-1,410,417,409,-1,389,390,394,-1,394,390,391,-1,394,391,393,-1,393,391,392,-1,417,418,409,-1,409,418,419,-1,409,419,420,-1,411,412,413,-1,420,421,409,-1,409,421,422,-1,409,422,423,-1,411,413,410,-1,410,413,414,-1,410,414,415,-1,328,339,329,-1,329,339,337,-1,327,332,328,-1,328,332,339,-1,424,425,426,-1,426,425,427,-1,428,424,429,-1,429,424,426,-1,428,429,430,-1,428,430,431,-1,431,430,432,-1,431,432,433,-1,433,432,434,-1,433,434,435,-1,435,434,436,-1,435,436,437,-1,437,436,438,-1,437,438,439,-1,439,438,440,-1,439,440,441,-1,442,441,443,-1,443,441,440,-1,442,443,444,-1,442,444,445,-1,445,444,446,-1,445,446,447,-1,447,446,448,-1,447,448,449,-1,449,448,450,-1,449,450,451,-1,451,450,452,-1,451,452,453,-1,453,452,454,-1,453,454,455,-1,456,455,457,-1,457,455,454,-1,456,457,458,-1,458,457,459,-1,458,459,460,-1,460,459,461,-1,460,461,462,-1,462,461,463,-1,462,463,464,-1,464,463,465,-1,464,465,466,-1,466,465,467,-1,466,467,468,-1,468,467,469,-1,470,468,471,-1,471,468,469,-1,470,471,472,-1,472,471,473,-1,472,473,474,-1,474,473,475,-1,474,475,476,-1,476,475,477,-1,476,477,478,-1,478,477,479,-1,478,479,480,-1,480,479,481,-1,480,481,482,-1,482,481,483,-1,484,482,485,-1,485,482,483,-1,484,485,486,-1,486,485,487,-1,486,487,488,-1,488,487,489,-1,488,489,490,-1,490,489,491,-1,490,491,492,-1,492,491,493,-1,492,493,494,-1,494,493,495,-1,494,495,496,-1,496,495,497,-1,498,496,499,-1,499,496,497,-1,500,498,501,-1,501,498,499,-1,502,500,503,-1,503,500,501,-1,504,502,505,-1,505,502,503,-1,506,504,507,-1,507,504,505,-1,508,506,509,-1,509,506,507,-1,510,508,511,-1,511,508,509,-1,512,510,513,-1,513,510,511,-1,514,512,515,-1,515,512,513,-1,516,514,517,-1,517,514,515,-1,518,516,519,-1,519,516,517,-1,520,518,521,-1,521,518,519,-1,522,520,523,-1,523,520,521,-1,524,522,525,-1,525,522,523,-1,526,524,527,-1,527,524,525,-1,528,526,529,-1,529,526,527,-1,530,528,531,-1,531,528,529,-1,532,530,533,-1,533,530,531,-1,534,532,535,-1,535,532,533,-1,536,534,537,-1,537,534,535,-1,425,536,427,-1,427,536,537,-1,504,506,502,-1,502,506,508,-1,502,508,500,-1,530,532,528,-1,528,532,534,-1,425,424,536,-1,536,424,428,-1,490,492,510,-1,520,522,518,-1,518,522,524,-1,518,524,516,-1,516,524,512,-1,516,512,514,-1,470,472,536,-1,536,472,474,-1,524,526,512,-1,512,526,528,-1,512,528,510,-1,510,528,534,-1,510,534,490,-1,490,534,488,-1,482,484,534,-1,534,484,486,-1,534,486,488,-1,492,494,510,-1,510,494,496,-1,510,496,508,-1,508,496,498,-1,508,498,500,-1,474,476,536,-1,536,476,478,-1,536,478,534,-1,534,478,480,-1,534,480,482,-1,439,441,458,-1,458,441,442,-1,460,462,428,-1,428,462,464,-1,428,464,536,-1,536,464,466,-1,536,466,470,-1,470,466,468,-1,460,428,458,-1,458,428,431,-1,458,431,433,-1,433,435,458,-1,458,435,437,-1,458,437,439,-1,445,447,442,-1,442,447,449,-1,442,449,451,-1,456,458,455,-1,455,458,442,-1,455,442,453,-1,453,442,451,-1,529,513,511,-1,503,501,505,-1,505,501,499,-1,429,426,537,-1,537,426,427,-1,430,429,440,-1,535,533,531,-1,495,493,511,-1,517,525,519,-1,519,525,523,-1,519,523,521,-1,493,491,511,-1,511,491,535,-1,511,535,529,-1,529,535,531,-1,517,515,525,-1,525,515,513,-1,525,513,527,-1,527,513,529,-1,491,489,535,-1,535,489,487,-1,535,487,485,-1,429,463,461,-1,461,459,429,-1,429,459,457,-1,429,457,454,-1,507,505,509,-1,509,505,499,-1,509,499,511,-1,511,499,497,-1,511,497,495,-1,485,483,535,-1,535,483,481,-1,535,481,537,-1,537,481,479,-1,537,479,477,-1,477,475,537,-1,537,475,473,-1,537,473,471,-1,463,429,465,-1,465,429,537,-1,465,537,467,-1,467,537,471,-1,467,471,469,-1,429,448,446,-1,436,434,432,-1,454,452,429,-1,429,452,450,-1,429,450,448,-1,446,444,429,-1,429,444,443,-1,429,443,440,-1,430,440,432,-1,432,440,438,-1,432,438,436,-1,538,539,540,-1,540,539,541,-1,542,538,543,-1,543,538,540,-1,542,543,544,-1,542,544,545,-1,545,544,546,-1,545,546,547,-1,547,546,548,-1,547,548,549,-1,549,548,550,-1,549,550,551,-1,551,550,552,-1,551,552,553,-1,553,552,554,-1,553,554,555,-1,556,555,557,-1,557,555,554,-1,556,557,558,-1,556,558,559,-1,559,558,560,-1,559,560,561,-1,561,560,562,-1,561,562,563,-1,563,562,564,-1,563,564,565,-1,565,564,566,-1,565,566,567,-1,567,566,568,-1,567,568,569,-1,570,569,571,-1,571,569,568,-1,570,571,572,-1,572,571,573,-1,572,573,574,-1,574,573,575,-1,574,575,576,-1,576,575,577,-1,576,577,578,-1,578,577,579,-1,578,579,580,-1,580,579,581,-1,580,581,582,-1,582,581,583,-1,584,582,585,-1,585,582,583,-1,584,585,586,-1,586,585,587,-1,586,587,588,-1,588,587,589,-1,588,589,590,-1,590,589,591,-1,590,591,592,-1,592,591,593,-1,592,593,594,-1,594,593,595,-1,594,595,596,-1,596,595,597,-1,598,596,599,-1,599,596,597,-1,598,599,600,-1,600,599,601,-1,600,601,602,-1,602,601,603,-1,602,603,604,-1,604,603,605,-1,604,605,606,-1,606,605,607,-1,606,607,608,-1,608,607,609,-1,608,609,610,-1,610,609,611,-1,612,610,613,-1,613,610,611,-1,614,612,615,-1,615,612,613,-1,616,614,617,-1,617,614,615,-1,618,616,619,-1,619,616,617,-1,620,618,621,-1,621,618,619,-1,622,620,623,-1,623,620,621,-1,624,622,625,-1,625,622,623,-1,626,624,627,-1,627,624,625,-1,628,626,629,-1,629,626,627,-1,630,628,631,-1,631,628,629,-1,632,630,633,-1,633,630,631,-1,634,632,635,-1,635,632,633,-1,636,634,637,-1,637,634,635,-1,638,636,639,-1,639,636,637,-1,640,638,641,-1,641,638,639,-1,642,640,643,-1,643,640,641,-1,644,642,645,-1,645,642,643,-1,646,644,647,-1,647,644,645,-1,648,646,649,-1,649,646,647,-1,650,648,651,-1,651,648,649,-1,539,650,541,-1,541,650,651,-1,618,620,616,-1,616,620,622,-1,616,622,614,-1,644,646,642,-1,642,646,648,-1,539,538,650,-1,650,538,542,-1,634,636,632,-1,632,636,638,-1,632,638,630,-1,630,638,626,-1,630,626,628,-1,604,606,624,-1,584,586,650,-1,650,586,588,-1,606,608,624,-1,624,608,610,-1,624,610,622,-1,622,610,612,-1,622,612,614,-1,596,598,648,-1,648,598,600,-1,648,600,602,-1,638,640,626,-1,626,640,642,-1,626,642,624,-1,624,642,648,-1,624,648,604,-1,604,648,602,-1,588,590,650,-1,650,590,592,-1,650,592,648,-1,648,592,594,-1,648,594,596,-1,553,555,572,-1,572,555,556,-1,574,576,542,-1,542,576,578,-1,542,578,650,-1,650,578,580,-1,650,580,584,-1,584,580,582,-1,574,542,572,-1,572,542,545,-1,572,545,547,-1,547,549,572,-1,572,549,551,-1,572,551,553,-1,559,561,556,-1,556,561,563,-1,556,563,565,-1,570,572,569,-1,569,572,556,-1,569,556,567,-1,567,556,565,-1,617,615,619,-1,619,615,613,-1,543,540,651,-1,651,540,541,-1,544,543,554,-1,647,645,649,-1,649,645,643,-1,635,633,637,-1,637,633,639,-1,605,625,607,-1,607,625,609,-1,633,631,639,-1,639,631,629,-1,639,629,627,-1,621,619,623,-1,623,619,613,-1,623,613,625,-1,625,613,611,-1,625,611,609,-1,605,649,625,-1,625,649,643,-1,625,643,627,-1,627,643,641,-1,627,641,639,-1,605,603,649,-1,649,603,601,-1,649,601,599,-1,599,597,649,-1,649,597,595,-1,649,595,651,-1,651,595,593,-1,651,593,591,-1,591,589,651,-1,651,589,587,-1,651,587,585,-1,543,577,575,-1,577,543,579,-1,579,543,651,-1,579,651,581,-1,581,651,585,-1,581,585,583,-1,575,573,543,-1,543,573,571,-1,543,571,568,-1,543,562,560,-1,550,548,546,-1,568,566,543,-1,543,566,564,-1,543,564,562,-1,560,558,543,-1,543,558,557,-1,543,557,554,-1,544,554,546,-1,546,554,552,-1,546,552,550,-1,652,653,654,-1,654,653,655,-1,656,652,657,-1,657,652,654,-1,656,657,658,-1,656,658,659,-1,659,658,660,-1,659,660,661,-1,661,660,662,-1,661,662,663,-1,663,662,664,-1,663,664,665,-1,665,664,666,-1,665,666,667,-1,667,666,668,-1,667,668,669,-1,670,669,671,-1,671,669,668,-1,670,671,672,-1,670,672,673,-1,673,672,674,-1,673,674,675,-1,675,674,676,-1,675,676,677,-1,677,676,678,-1,677,678,679,-1,679,678,680,-1,679,680,681,-1,681,680,682,-1,681,682,683,-1,684,683,685,-1,685,683,682,-1,684,685,686,-1,686,685,687,-1,686,687,688,-1,688,687,689,-1,688,689,690,-1,690,689,691,-1,690,691,692,-1,692,691,693,-1,692,693,694,-1,694,693,695,-1,694,695,696,-1,696,695,697,-1,698,696,699,-1,699,696,697,-1,698,699,700,-1,700,699,701,-1,700,701,702,-1,702,701,703,-1,702,703,704,-1,704,703,705,-1,704,705,706,-1,706,705,707,-1,706,707,708,-1,708,707,709,-1,708,709,710,-1,710,709,711,-1,712,710,713,-1,713,710,711,-1,712,713,714,-1,714,713,715,-1,714,715,716,-1,716,715,717,-1,716,717,718,-1,718,717,719,-1,718,719,720,-1,720,719,721,-1,720,721,722,-1,722,721,723,-1,722,723,724,-1,724,723,725,-1,726,724,727,-1,727,724,725,-1,728,726,729,-1,729,726,727,-1,730,728,731,-1,731,728,729,-1,732,730,733,-1,733,730,731,-1,734,732,735,-1,735,732,733,-1,736,734,737,-1,737,734,735,-1,738,736,739,-1,739,736,737,-1,740,738,741,-1,741,738,739,-1,742,740,743,-1,743,740,741,-1,744,742,745,-1,745,742,743,-1,746,744,747,-1,747,744,745,-1,748,746,749,-1,749,746,747,-1,750,748,751,-1,751,748,749,-1,752,750,753,-1,753,750,751,-1,754,752,755,-1,755,752,753,-1,756,754,757,-1,757,754,755,-1,758,756,759,-1,759,756,757,-1,760,758,761,-1,761,758,759,-1,762,760,763,-1,763,760,761,-1,764,762,765,-1,765,762,763,-1,653,764,655,-1,655,764,765,-1,732,734,730,-1,730,734,736,-1,730,736,728,-1,653,652,764,-1,764,652,656,-1,752,754,740,-1,740,754,756,-1,740,756,738,-1,748,750,746,-1,746,750,752,-1,746,752,744,-1,744,752,740,-1,744,740,742,-1,698,700,764,-1,764,700,702,-1,702,704,764,-1,764,704,706,-1,764,706,762,-1,706,708,762,-1,762,708,710,-1,762,710,712,-1,683,684,686,-1,712,714,762,-1,762,714,716,-1,762,716,718,-1,758,760,756,-1,756,760,762,-1,756,762,738,-1,738,762,718,-1,738,718,720,-1,720,722,738,-1,738,722,724,-1,738,724,736,-1,736,724,726,-1,736,726,728,-1,688,690,656,-1,656,690,692,-1,656,692,764,-1,764,692,694,-1,764,694,698,-1,698,694,696,-1,688,656,686,-1,686,656,659,-1,686,659,661,-1,661,663,686,-1,686,663,665,-1,686,665,667,-1,667,669,686,-1,686,669,670,-1,686,670,683,-1,683,670,673,-1,683,673,675,-1,675,677,683,-1,683,677,679,-1,683,679,681,-1,731,729,733,-1,733,729,727,-1,657,654,765,-1,765,654,655,-1,761,759,763,-1,763,759,757,-1,749,747,751,-1,751,747,753,-1,735,733,737,-1,737,733,727,-1,737,727,739,-1,739,727,725,-1,725,723,739,-1,739,723,721,-1,739,721,719,-1,747,745,753,-1,753,745,743,-1,753,743,741,-1,719,763,739,-1,739,763,757,-1,739,757,741,-1,741,757,755,-1,741,755,753,-1,719,717,763,-1,763,717,715,-1,763,715,713,-1,705,703,765,-1,765,703,701,-1,765,701,699,-1,691,689,657,-1,657,689,687,-1,657,687,685,-1,713,711,763,-1,763,711,709,-1,763,709,765,-1,765,709,707,-1,765,707,705,-1,691,657,693,-1,693,657,765,-1,693,765,695,-1,695,765,699,-1,695,699,697,-1,672,671,657,-1,657,671,668,-1,657,668,658,-1,664,662,660,-1,685,682,657,-1,657,682,680,-1,657,680,678,-1,678,676,657,-1,657,676,674,-1,657,674,672,-1,658,668,660,-1,660,668,666,-1,660,666,664,-1,766,767,768,-1,768,767,769,-1,770,766,771,-1,771,766,768,-1,770,771,772,-1,770,772,773,-1,773,772,774,-1,773,774,775,-1,775,774,776,-1,775,776,777,-1,777,776,778,-1,777,778,779,-1,779,778,780,-1,779,780,781,-1,781,780,782,-1,781,782,783,-1,784,783,785,-1,785,783,782,-1,784,785,786,-1,784,786,787,-1,787,786,788,-1,787,788,789,-1,789,788,790,-1,789,790,791,-1,791,790,792,-1,791,792,793,-1,793,792,794,-1,793,794,795,-1,795,794,796,-1,795,796,797,-1,798,797,799,-1,799,797,796,-1,798,799,800,-1,800,799,801,-1,800,801,802,-1,802,801,803,-1,802,803,804,-1,804,803,805,-1,804,805,806,-1,806,805,807,-1,806,807,808,-1,808,807,809,-1,808,809,810,-1,810,809,811,-1,812,810,813,-1,813,810,811,-1,812,813,814,-1,814,813,815,-1,814,815,816,-1,816,815,817,-1,816,817,818,-1,818,817,819,-1,818,819,820,-1,820,819,821,-1,820,821,822,-1,822,821,823,-1,822,823,824,-1,824,823,825,-1,826,824,827,-1,827,824,825,-1,826,827,828,-1,828,827,829,-1,828,829,830,-1,830,829,831,-1,830,831,832,-1,832,831,833,-1,832,833,834,-1,834,833,835,-1,834,835,836,-1,836,835,837,-1,836,837,838,-1,838,837,839,-1,840,838,841,-1,841,838,839,-1,842,840,843,-1,843,840,841,-1,844,842,845,-1,845,842,843,-1,846,844,847,-1,847,844,845,-1,848,846,849,-1,849,846,847,-1,850,848,851,-1,851,848,849,-1,852,850,853,-1,853,850,851,-1,854,852,855,-1,855,852,853,-1,856,854,857,-1,857,854,855,-1,858,856,859,-1,859,856,857,-1,860,858,861,-1,861,858,859,-1,862,860,863,-1,863,860,861,-1,864,862,865,-1,865,862,863,-1,866,864,867,-1,867,864,865,-1,868,866,869,-1,869,866,867,-1,870,868,871,-1,871,868,869,-1,872,870,873,-1,873,870,871,-1,874,872,875,-1,875,872,873,-1,876,874,877,-1,877,874,875,-1,878,876,879,-1,879,876,877,-1,767,878,769,-1,769,878,879,-1,846,848,844,-1,844,848,850,-1,844,850,842,-1,872,874,870,-1,870,874,876,-1,767,766,878,-1,878,766,770,-1,862,864,860,-1,860,864,866,-1,860,866,858,-1,858,866,854,-1,858,854,856,-1,832,834,852,-1,812,814,878,-1,878,814,816,-1,834,836,852,-1,852,836,838,-1,852,838,850,-1,850,838,840,-1,850,840,842,-1,824,826,876,-1,876,826,828,-1,876,828,830,-1,866,868,854,-1,854,868,870,-1,854,870,852,-1,852,870,876,-1,852,876,832,-1,832,876,830,-1,816,818,878,-1,878,818,820,-1,878,820,876,-1,876,820,822,-1,876,822,824,-1,781,783,800,-1,800,783,784,-1,802,804,770,-1,770,804,806,-1,770,806,878,-1,878,806,808,-1,878,808,812,-1,812,808,810,-1,802,770,800,-1,800,770,773,-1,800,773,775,-1,775,777,800,-1,800,777,779,-1,800,779,781,-1,787,789,784,-1,784,789,791,-1,784,791,793,-1,798,800,797,-1,797,800,784,-1,797,784,795,-1,795,784,793,-1,845,843,847,-1,847,843,841,-1,771,768,879,-1,879,768,769,-1,772,771,782,-1,875,873,877,-1,877,873,871,-1,863,861,865,-1,865,861,867,-1,833,853,835,-1,835,853,837,-1,861,859,867,-1,867,859,857,-1,867,857,855,-1,849,847,851,-1,851,847,841,-1,851,841,853,-1,853,841,839,-1,853,839,837,-1,833,877,853,-1,853,877,871,-1,853,871,855,-1,855,871,869,-1,855,869,867,-1,833,831,877,-1,877,831,829,-1,877,829,827,-1,827,825,877,-1,877,825,823,-1,877,823,879,-1,879,823,821,-1,879,821,819,-1,819,817,879,-1,879,817,815,-1,879,815,813,-1,799,796,771,-1,805,803,771,-1,771,803,801,-1,771,801,799,-1,805,771,807,-1,807,771,879,-1,807,879,809,-1,809,879,813,-1,809,813,811,-1,771,790,788,-1,778,776,774,-1,796,794,771,-1,771,794,792,-1,771,792,790,-1,788,786,771,-1,771,786,785,-1,771,785,782,-1,772,782,774,-1,774,782,780,-1,774,780,778,-1,880,881,882,-1,882,881,883,-1,884,880,885,-1,885,880,882,-1,884,885,886,-1,884,886,887,-1,887,886,888,-1,887,888,889,-1,889,888,890,-1,889,890,891,-1,891,890,892,-1,891,892,893,-1,893,892,894,-1,893,894,895,-1,895,894,896,-1,895,896,897,-1,898,897,899,-1,899,897,896,-1,898,899,900,-1,898,900,901,-1,901,900,902,-1,901,902,903,-1,903,902,904,-1,903,904,905,-1,905,904,906,-1,905,906,907,-1,907,906,908,-1,907,908,909,-1,909,908,910,-1,909,910,911,-1,912,911,913,-1,913,911,910,-1,912,913,914,-1,914,913,915,-1,914,915,916,-1,916,915,917,-1,916,917,918,-1,918,917,919,-1,918,919,920,-1,920,919,921,-1,920,921,922,-1,922,921,923,-1,922,923,924,-1,924,923,925,-1,926,924,927,-1,927,924,925,-1,926,927,928,-1,928,927,929,-1,928,929,930,-1,930,929,931,-1,930,931,932,-1,932,931,933,-1,932,933,934,-1,934,933,935,-1,934,935,936,-1,936,935,937,-1,936,937,938,-1,938,937,939,-1,940,938,941,-1,941,938,939,-1,940,941,942,-1,942,941,943,-1,942,943,944,-1,944,943,945,-1,944,945,946,-1,946,945,947,-1,946,947,948,-1,948,947,949,-1,948,949,950,-1,950,949,951,-1,950,951,952,-1,952,951,953,-1,954,952,955,-1,955,952,953,-1,956,954,957,-1,957,954,955,-1,958,956,959,-1,959,956,957,-1,960,958,961,-1,961,958,959,-1,962,960,963,-1,963,960,961,-1,964,962,965,-1,965,962,963,-1,966,964,967,-1,967,964,965,-1,968,966,969,-1,969,966,967,-1,970,968,971,-1,971,968,969,-1,972,970,973,-1,973,970,971,-1,974,972,975,-1,975,972,973,-1,976,974,977,-1,977,974,975,-1,978,976,979,-1,979,976,977,-1,980,978,981,-1,981,978,979,-1,982,980,983,-1,983,980,981,-1,984,982,985,-1,985,982,983,-1,986,984,987,-1,987,984,985,-1,988,986,989,-1,989,986,987,-1,990,988,991,-1,991,988,989,-1,992,990,993,-1,993,990,991,-1,881,992,883,-1,883,992,993,-1,960,962,958,-1,958,962,964,-1,958,964,956,-1,986,988,984,-1,984,988,990,-1,881,880,992,-1,992,880,884,-1,976,978,974,-1,974,978,980,-1,974,980,972,-1,972,980,968,-1,972,968,970,-1,946,948,966,-1,926,928,992,-1,992,928,930,-1,948,950,966,-1,966,950,952,-1,966,952,964,-1,964,952,954,-1,964,954,956,-1,911,912,914,-1,938,940,990,-1,990,940,942,-1,990,942,944,-1,980,982,968,-1,968,982,984,-1,968,984,966,-1,966,984,990,-1,966,990,946,-1,946,990,944,-1,930,932,992,-1,992,932,934,-1,992,934,990,-1,990,934,936,-1,990,936,938,-1,916,918,884,-1,884,918,920,-1,884,920,992,-1,992,920,922,-1,992,922,926,-1,926,922,924,-1,916,884,914,-1,914,884,887,-1,914,887,889,-1,889,891,914,-1,914,891,893,-1,914,893,895,-1,895,897,914,-1,914,897,898,-1,914,898,911,-1,911,898,901,-1,911,901,903,-1,903,905,911,-1,911,905,907,-1,911,907,909,-1,959,957,961,-1,961,957,955,-1,885,882,993,-1,993,882,883,-1,989,987,991,-1,991,987,985,-1,977,975,979,-1,979,975,981,-1,963,961,965,-1,965,961,955,-1,965,955,967,-1,967,955,953,-1,953,951,967,-1,967,951,949,-1,967,949,947,-1,975,973,981,-1,981,973,971,-1,981,971,969,-1,947,991,967,-1,967,991,985,-1,967,985,969,-1,969,985,983,-1,969,983,981,-1,947,945,991,-1,991,945,943,-1,991,943,941,-1,933,931,993,-1,993,931,929,-1,993,929,927,-1,941,939,991,-1,991,939,937,-1,991,937,993,-1,993,937,935,-1,993,935,933,-1,919,885,921,-1,921,885,993,-1,921,993,923,-1,923,993,927,-1,923,927,925,-1,919,917,885,-1,885,917,915,-1,885,915,913,-1,900,899,885,-1,885,899,896,-1,885,896,886,-1,892,890,888,-1,913,910,885,-1,885,910,908,-1,885,908,906,-1,906,904,885,-1,885,904,902,-1,885,902,900,-1,886,896,888,-1,888,896,894,-1,888,894,892,-1,994,995,996,-1,996,995,997,-1,998,994,999,-1,999,994,996,-1,998,999,1000,-1,998,1000,1001,-1,1001,1000,1002,-1,1001,1002,1003,-1,1003,1002,1004,-1,1003,1004,1005,-1,1005,1004,1006,-1,1005,1006,1007,-1,1007,1006,1008,-1,1007,1008,1009,-1,1009,1008,1010,-1,1009,1010,1011,-1,1012,1011,1013,-1,1013,1011,1010,-1,1012,1013,1014,-1,1012,1014,1015,-1,1015,1014,1016,-1,1015,1016,1017,-1,1017,1016,1018,-1,1017,1018,1019,-1,1019,1018,1020,-1,1019,1020,1021,-1,1021,1020,1022,-1,1021,1022,1023,-1,1023,1022,1024,-1,1023,1024,1025,-1,1026,1025,1027,-1,1027,1025,1024,-1,1026,1027,1028,-1,1028,1027,1029,-1,1028,1029,1030,-1,1030,1029,1031,-1,1030,1031,1032,-1,1032,1031,1033,-1,1032,1033,1034,-1,1034,1033,1035,-1,1034,1035,1036,-1,1036,1035,1037,-1,1036,1037,1038,-1,1038,1037,1039,-1,1040,1038,1041,-1,1041,1038,1039,-1,1040,1041,1042,-1,1042,1041,1043,-1,1042,1043,1044,-1,1044,1043,1045,-1,1044,1045,1046,-1,1046,1045,1047,-1,1046,1047,1048,-1,1048,1047,1049,-1,1048,1049,1050,-1,1050,1049,1051,-1,1050,1051,1052,-1,1052,1051,1053,-1,1054,1052,1055,-1,1055,1052,1053,-1,1054,1055,1056,-1,1056,1055,1057,-1,1056,1057,1058,-1,1058,1057,1059,-1,1058,1059,1060,-1,1060,1059,1061,-1,1060,1061,1062,-1,1062,1061,1063,-1,1062,1063,1064,-1,1064,1063,1065,-1,1064,1065,1066,-1,1066,1065,1067,-1,1068,1066,1069,-1,1069,1066,1067,-1,1070,1068,1071,-1,1071,1068,1069,-1,1072,1070,1073,-1,1073,1070,1071,-1,1074,1072,1075,-1,1075,1072,1073,-1,1076,1074,1077,-1,1077,1074,1075,-1,1078,1076,1079,-1,1079,1076,1077,-1,1080,1078,1081,-1,1081,1078,1079,-1,1082,1080,1083,-1,1083,1080,1081,-1,1084,1082,1085,-1,1085,1082,1083,-1,1086,1084,1087,-1,1087,1084,1085,-1,1088,1086,1089,-1,1089,1086,1087,-1,1090,1088,1091,-1,1091,1088,1089,-1,1092,1090,1093,-1,1093,1090,1091,-1,1094,1092,1095,-1,1095,1092,1093,-1,1096,1094,1097,-1,1097,1094,1095,-1,1098,1096,1099,-1,1099,1096,1097,-1,1100,1098,1101,-1,1101,1098,1099,-1,1102,1100,1103,-1,1103,1100,1101,-1,1104,1102,1105,-1,1105,1102,1103,-1,1106,1104,1107,-1,1107,1104,1105,-1,995,1106,997,-1,997,1106,1107,-1,1074,1076,1072,-1,1072,1076,1078,-1,1072,1078,1070,-1,995,994,1106,-1,1106,994,998,-1,1094,1096,1082,-1,1082,1096,1098,-1,1082,1098,1080,-1,1090,1092,1088,-1,1088,1092,1094,-1,1088,1094,1086,-1,1086,1094,1082,-1,1086,1082,1084,-1,1040,1042,1106,-1,1106,1042,1044,-1,1044,1046,1106,-1,1106,1046,1048,-1,1106,1048,1104,-1,1048,1050,1104,-1,1104,1050,1052,-1,1104,1052,1054,-1,1025,1026,1028,-1,1054,1056,1104,-1,1104,1056,1058,-1,1104,1058,1060,-1,1100,1102,1098,-1,1098,1102,1104,-1,1098,1104,1080,-1,1080,1104,1060,-1,1080,1060,1062,-1,1062,1064,1080,-1,1080,1064,1066,-1,1080,1066,1078,-1,1078,1066,1068,-1,1078,1068,1070,-1,1030,1032,998,-1,998,1032,1034,-1,998,1034,1106,-1,1106,1034,1036,-1,1106,1036,1040,-1,1040,1036,1038,-1,1030,998,1028,-1,1028,998,1001,-1,1028,1001,1003,-1,1003,1005,1028,-1,1028,1005,1007,-1,1028,1007,1009,-1,1009,1011,1028,-1,1028,1011,1012,-1,1028,1012,1025,-1,1025,1012,1015,-1,1025,1015,1017,-1,1017,1019,1025,-1,1025,1019,1021,-1,1025,1021,1023,-1,1073,1071,1075,-1,1075,1071,1069,-1,999,996,1107,-1,1107,996,997,-1,1103,1101,1105,-1,1105,1101,1099,-1,1091,1089,1093,-1,1093,1089,1095,-1,1077,1075,1079,-1,1079,1075,1069,-1,1079,1069,1081,-1,1081,1069,1067,-1,1067,1065,1081,-1,1081,1065,1063,-1,1081,1063,1061,-1,1047,1045,1107,-1,1107,1045,1043,-1,1107,1043,1041,-1,1089,1087,1095,-1,1095,1087,1085,-1,1095,1085,1083,-1,1061,1105,1081,-1,1081,1105,1099,-1,1081,1099,1083,-1,1083,1099,1097,-1,1083,1097,1095,-1,1061,1059,1105,-1,1105,1059,1057,-1,1105,1057,1055,-1,1055,1053,1105,-1,1105,1053,1051,-1,1105,1051,1107,-1,1107,1051,1049,-1,1107,1049,1047,-1,1033,999,1035,-1,1035,999,1107,-1,1035,1107,1037,-1,1037,1107,1041,-1,1037,1041,1039,-1,1033,1031,999,-1,999,1031,1029,-1,999,1029,1027,-1,1014,1013,999,-1,999,1013,1010,-1,999,1010,1000,-1,1006,1004,1002,-1,1027,1024,999,-1,999,1024,1022,-1,999,1022,1020,-1,1020,1018,999,-1,999,1018,1016,-1,999,1016,1014,-1,1000,1010,1002,-1,1002,1010,1008,-1,1002,1008,1006,-1,1108,1109,1110,-1,1110,1109,1111,-1,1112,1108,1113,-1,1113,1108,1110,-1,1112,1113,1114,-1,1112,1114,1115,-1,1115,1114,1116,-1,1115,1116,1117,-1,1117,1116,1118,-1,1117,1118,1119,-1,1119,1118,1120,-1,1119,1120,1121,-1,1121,1120,1122,-1,1121,1122,1123,-1,1123,1122,1124,-1,1123,1124,1125,-1,1126,1125,1127,-1,1127,1125,1124,-1,1126,1127,1128,-1,1126,1128,1129,-1,1129,1128,1130,-1,1129,1130,1131,-1,1131,1130,1132,-1,1131,1132,1133,-1,1133,1132,1134,-1,1133,1134,1135,-1,1135,1134,1136,-1,1135,1136,1137,-1,1137,1136,1138,-1,1137,1138,1139,-1,1140,1139,1141,-1,1141,1139,1138,-1,1140,1141,1142,-1,1142,1141,1143,-1,1142,1143,1144,-1,1144,1143,1145,-1,1144,1145,1146,-1,1146,1145,1147,-1,1146,1147,1148,-1,1148,1147,1149,-1,1148,1149,1150,-1,1150,1149,1151,-1,1150,1151,1152,-1,1152,1151,1153,-1,1154,1152,1155,-1,1155,1152,1153,-1,1154,1155,1156,-1,1156,1155,1157,-1,1156,1157,1158,-1,1158,1157,1159,-1,1158,1159,1160,-1,1160,1159,1161,-1,1160,1161,1162,-1,1162,1161,1163,-1,1162,1163,1164,-1,1164,1163,1165,-1,1164,1165,1166,-1,1166,1165,1167,-1,1168,1166,1169,-1,1169,1166,1167,-1,1168,1169,1170,-1,1170,1169,1171,-1,1170,1171,1172,-1,1172,1171,1173,-1,1172,1173,1174,-1,1174,1173,1175,-1,1174,1175,1176,-1,1176,1175,1177,-1,1176,1177,1178,-1,1178,1177,1179,-1,1178,1179,1180,-1,1180,1179,1181,-1,1182,1180,1183,-1,1183,1180,1181,-1,1184,1182,1185,-1,1185,1182,1183,-1,1186,1184,1187,-1,1187,1184,1185,-1,1188,1186,1189,-1,1189,1186,1187,-1,1190,1188,1191,-1,1191,1188,1189,-1,1192,1190,1193,-1,1193,1190,1191,-1,1194,1192,1195,-1,1195,1192,1193,-1,1196,1194,1197,-1,1197,1194,1195,-1,1198,1196,1199,-1,1199,1196,1197,-1,1200,1198,1201,-1,1201,1198,1199,-1,1202,1200,1203,-1,1203,1200,1201,-1,1204,1202,1205,-1,1205,1202,1203,-1,1206,1204,1207,-1,1207,1204,1205,-1,1208,1206,1209,-1,1209,1206,1207,-1,1210,1208,1211,-1,1211,1208,1209,-1,1212,1210,1213,-1,1213,1210,1211,-1,1214,1212,1215,-1,1215,1212,1213,-1,1216,1214,1217,-1,1217,1214,1215,-1,1218,1216,1219,-1,1219,1216,1217,-1,1220,1218,1221,-1,1221,1218,1219,-1,1109,1220,1111,-1,1111,1220,1221,-1,1188,1190,1186,-1,1186,1190,1192,-1,1186,1192,1184,-1,1214,1216,1212,-1,1212,1216,1218,-1,1109,1108,1220,-1,1220,1108,1112,-1,1204,1206,1202,-1,1202,1206,1208,-1,1202,1208,1200,-1,1200,1208,1196,-1,1200,1196,1198,-1,1174,1176,1194,-1,1154,1156,1220,-1,1220,1156,1158,-1,1176,1178,1194,-1,1194,1178,1180,-1,1194,1180,1192,-1,1192,1180,1182,-1,1192,1182,1184,-1,1166,1168,1218,-1,1218,1168,1170,-1,1218,1170,1172,-1,1208,1210,1196,-1,1196,1210,1212,-1,1196,1212,1194,-1,1194,1212,1218,-1,1194,1218,1174,-1,1174,1218,1172,-1,1158,1160,1220,-1,1220,1160,1162,-1,1220,1162,1218,-1,1218,1162,1164,-1,1218,1164,1166,-1,1123,1125,1142,-1,1142,1125,1126,-1,1144,1146,1112,-1,1112,1146,1148,-1,1112,1148,1220,-1,1220,1148,1150,-1,1220,1150,1154,-1,1154,1150,1152,-1,1144,1112,1142,-1,1142,1112,1115,-1,1142,1115,1117,-1,1117,1119,1142,-1,1142,1119,1121,-1,1142,1121,1123,-1,1129,1131,1126,-1,1126,1131,1133,-1,1126,1133,1135,-1,1140,1142,1139,-1,1139,1142,1126,-1,1139,1126,1137,-1,1137,1126,1135,-1,1187,1185,1189,-1,1189,1185,1183,-1,1113,1110,1221,-1,1221,1110,1111,-1,1114,1113,1124,-1,1217,1215,1219,-1,1219,1215,1213,-1,1205,1203,1207,-1,1207,1203,1209,-1,1175,1195,1177,-1,1177,1195,1179,-1,1203,1201,1209,-1,1209,1201,1199,-1,1209,1199,1197,-1,1191,1189,1193,-1,1193,1189,1183,-1,1193,1183,1195,-1,1195,1183,1181,-1,1195,1181,1179,-1,1175,1219,1195,-1,1195,1219,1213,-1,1195,1213,1197,-1,1197,1213,1211,-1,1197,1211,1209,-1,1175,1173,1219,-1,1219,1173,1171,-1,1219,1171,1169,-1,1169,1167,1219,-1,1219,1167,1165,-1,1219,1165,1221,-1,1221,1165,1163,-1,1221,1163,1161,-1,1161,1159,1221,-1,1221,1159,1157,-1,1221,1157,1155,-1,1141,1138,1113,-1,1147,1145,1113,-1,1113,1145,1143,-1,1113,1143,1141,-1,1147,1113,1149,-1,1149,1113,1221,-1,1149,1221,1151,-1,1151,1221,1155,-1,1151,1155,1153,-1,1113,1132,1130,-1,1120,1118,1116,-1,1138,1136,1113,-1,1113,1136,1134,-1,1113,1134,1132,-1,1130,1128,1113,-1,1113,1128,1127,-1,1113,1127,1124,-1,1114,1124,1116,-1,1116,1124,1122,-1,1116,1122,1120,-1,1222,1223,1224,-1,1224,1223,1225,-1,1226,1222,1227,-1,1227,1222,1224,-1,1226,1227,1228,-1,1226,1228,1229,-1,1229,1228,1230,-1,1229,1230,1231,-1,1231,1230,1232,-1,1231,1232,1233,-1,1233,1232,1234,-1,1233,1234,1235,-1,1235,1234,1236,-1,1235,1236,1237,-1,1237,1236,1238,-1,1237,1238,1239,-1,1240,1239,1241,-1,1241,1239,1238,-1,1240,1241,1242,-1,1240,1242,1243,-1,1243,1242,1244,-1,1243,1244,1245,-1,1245,1244,1246,-1,1245,1246,1247,-1,1247,1246,1248,-1,1247,1248,1249,-1,1249,1248,1250,-1,1249,1250,1251,-1,1251,1250,1252,-1,1251,1252,1253,-1,1254,1253,1255,-1,1255,1253,1252,-1,1254,1255,1256,-1,1256,1255,1257,-1,1256,1257,1258,-1,1258,1257,1259,-1,1258,1259,1260,-1,1260,1259,1261,-1,1260,1261,1262,-1,1262,1261,1263,-1,1262,1263,1264,-1,1264,1263,1265,-1,1264,1265,1266,-1,1266,1265,1267,-1,1268,1266,1269,-1,1269,1266,1267,-1,1268,1269,1270,-1,1270,1269,1271,-1,1270,1271,1272,-1,1272,1271,1273,-1,1272,1273,1274,-1,1274,1273,1275,-1,1274,1275,1276,-1,1276,1275,1277,-1,1276,1277,1278,-1,1278,1277,1279,-1,1278,1279,1280,-1,1280,1279,1281,-1,1282,1280,1283,-1,1283,1280,1281,-1,1282,1283,1284,-1,1284,1283,1285,-1,1284,1285,1286,-1,1286,1285,1287,-1,1286,1287,1288,-1,1288,1287,1289,-1,1288,1289,1290,-1,1290,1289,1291,-1,1290,1291,1292,-1,1292,1291,1293,-1,1292,1293,1294,-1,1294,1293,1295,-1,1296,1294,1297,-1,1297,1294,1295,-1,1298,1296,1299,-1,1299,1296,1297,-1,1300,1298,1301,-1,1301,1298,1299,-1,1302,1300,1303,-1,1303,1300,1301,-1,1304,1302,1305,-1,1305,1302,1303,-1,1306,1304,1307,-1,1307,1304,1305,-1,1308,1306,1309,-1,1309,1306,1307,-1,1310,1308,1311,-1,1311,1308,1309,-1,1312,1310,1313,-1,1313,1310,1311,-1,1314,1312,1315,-1,1315,1312,1313,-1,1316,1314,1317,-1,1317,1314,1315,-1,1318,1316,1319,-1,1319,1316,1317,-1,1320,1318,1321,-1,1321,1318,1319,-1,1322,1320,1323,-1,1323,1320,1321,-1,1324,1322,1325,-1,1325,1322,1323,-1,1326,1324,1327,-1,1327,1324,1325,-1,1328,1326,1329,-1,1329,1326,1327,-1,1330,1328,1331,-1,1331,1328,1329,-1,1332,1330,1333,-1,1333,1330,1331,-1,1334,1332,1335,-1,1335,1332,1333,-1,1223,1334,1225,-1,1225,1334,1335,-1,1302,1304,1300,-1,1300,1304,1306,-1,1300,1306,1298,-1,1328,1330,1326,-1,1326,1330,1332,-1,1223,1222,1334,-1,1334,1222,1226,-1,1318,1320,1316,-1,1316,1320,1322,-1,1316,1322,1314,-1,1314,1322,1310,-1,1314,1310,1312,-1,1288,1290,1308,-1,1268,1270,1334,-1,1334,1270,1272,-1,1290,1292,1308,-1,1308,1292,1294,-1,1308,1294,1306,-1,1306,1294,1296,-1,1306,1296,1298,-1,1253,1254,1256,-1,1280,1282,1332,-1,1332,1282,1284,-1,1332,1284,1286,-1,1322,1324,1310,-1,1310,1324,1326,-1,1310,1326,1308,-1,1308,1326,1332,-1,1308,1332,1288,-1,1288,1332,1286,-1,1272,1274,1334,-1,1334,1274,1276,-1,1334,1276,1332,-1,1332,1276,1278,-1,1332,1278,1280,-1,1258,1260,1226,-1,1226,1260,1262,-1,1226,1262,1334,-1,1334,1262,1264,-1,1334,1264,1268,-1,1268,1264,1266,-1,1258,1226,1256,-1,1256,1226,1229,-1,1256,1229,1231,-1,1231,1233,1256,-1,1256,1233,1235,-1,1256,1235,1237,-1,1237,1239,1256,-1,1256,1239,1240,-1,1256,1240,1253,-1,1253,1240,1243,-1,1253,1243,1245,-1,1245,1247,1253,-1,1253,1247,1249,-1,1253,1249,1251,-1,1301,1299,1303,-1,1303,1299,1297,-1,1227,1224,1335,-1,1335,1224,1225,-1,1331,1329,1333,-1,1333,1329,1327,-1,1319,1317,1321,-1,1321,1317,1323,-1,1305,1303,1307,-1,1307,1303,1297,-1,1307,1297,1309,-1,1309,1297,1295,-1,1295,1293,1309,-1,1309,1293,1291,-1,1309,1291,1289,-1,1317,1315,1323,-1,1323,1315,1313,-1,1323,1313,1311,-1,1289,1333,1309,-1,1309,1333,1327,-1,1309,1327,1311,-1,1311,1327,1325,-1,1311,1325,1323,-1,1289,1287,1333,-1,1333,1287,1285,-1,1333,1285,1283,-1,1261,1259,1227,-1,1227,1259,1257,-1,1227,1257,1255,-1,1283,1281,1333,-1,1333,1281,1279,-1,1333,1279,1335,-1,1335,1279,1277,-1,1335,1277,1275,-1,1275,1273,1335,-1,1335,1273,1271,-1,1335,1271,1269,-1,1242,1241,1227,-1,1227,1241,1238,-1,1227,1238,1228,-1,1261,1227,1263,-1,1263,1227,1335,-1,1263,1335,1265,-1,1265,1335,1269,-1,1265,1269,1267,-1,1234,1232,1230,-1,1255,1252,1227,-1,1227,1252,1250,-1,1227,1250,1248,-1,1248,1246,1227,-1,1227,1246,1244,-1,1227,1244,1242,-1,1228,1238,1230,-1,1230,1238,1236,-1,1230,1236,1234,-1,1336,1337,1338,-1,1338,1337,1339,-1,1340,1336,1341,-1,1341,1336,1338,-1,1340,1341,1342,-1,1340,1342,1343,-1,1343,1342,1344,-1,1343,1344,1345,-1,1345,1344,1346,-1,1345,1346,1347,-1,1347,1346,1348,-1,1347,1348,1349,-1,1349,1348,1350,-1,1349,1350,1351,-1,1351,1350,1352,-1,1351,1352,1353,-1,1354,1353,1355,-1,1355,1353,1352,-1,1354,1355,1356,-1,1354,1356,1357,-1,1357,1356,1358,-1,1357,1358,1359,-1,1359,1358,1360,-1,1359,1360,1361,-1,1361,1360,1362,-1,1361,1362,1363,-1,1363,1362,1364,-1,1363,1364,1365,-1,1365,1364,1366,-1,1365,1366,1367,-1,1368,1367,1369,-1,1369,1367,1366,-1,1368,1369,1370,-1,1370,1369,1371,-1,1370,1371,1372,-1,1372,1371,1373,-1,1372,1373,1374,-1,1374,1373,1375,-1,1374,1375,1376,-1,1376,1375,1377,-1,1376,1377,1378,-1,1378,1377,1379,-1,1378,1379,1380,-1,1380,1379,1381,-1,1382,1380,1383,-1,1383,1380,1381,-1,1382,1383,1384,-1,1384,1383,1385,-1,1384,1385,1386,-1,1386,1385,1387,-1,1386,1387,1388,-1,1388,1387,1389,-1,1388,1389,1390,-1,1390,1389,1391,-1,1390,1391,1392,-1,1392,1391,1393,-1,1392,1393,1394,-1,1394,1393,1395,-1,1396,1394,1397,-1,1397,1394,1395,-1,1396,1397,1398,-1,1398,1397,1399,-1,1398,1399,1400,-1,1400,1399,1401,-1,1400,1401,1402,-1,1402,1401,1403,-1,1402,1403,1404,-1,1404,1403,1405,-1,1404,1405,1406,-1,1406,1405,1407,-1,1406,1407,1408,-1,1408,1407,1409,-1,1410,1408,1411,-1,1411,1408,1409,-1,1412,1410,1413,-1,1413,1410,1411,-1,1414,1412,1415,-1,1415,1412,1413,-1,1416,1414,1417,-1,1417,1414,1415,-1,1418,1416,1419,-1,1419,1416,1417,-1,1420,1418,1421,-1,1421,1418,1419,-1,1422,1420,1423,-1,1423,1420,1421,-1,1424,1422,1425,-1,1425,1422,1423,-1,1426,1424,1427,-1,1427,1424,1425,-1,1428,1426,1429,-1,1429,1426,1427,-1,1430,1428,1431,-1,1431,1428,1429,-1,1432,1430,1433,-1,1433,1430,1431,-1,1434,1432,1435,-1,1435,1432,1433,-1,1436,1434,1437,-1,1437,1434,1435,-1,1438,1436,1439,-1,1439,1436,1437,-1,1440,1438,1441,-1,1441,1438,1439,-1,1442,1440,1443,-1,1443,1440,1441,-1,1444,1442,1445,-1,1445,1442,1443,-1,1446,1444,1447,-1,1447,1444,1445,-1,1448,1446,1449,-1,1449,1446,1447,-1,1337,1448,1339,-1,1339,1448,1449,-1,1416,1418,1414,-1,1414,1418,1420,-1,1414,1420,1412,-1,1442,1444,1440,-1,1440,1444,1446,-1,1337,1336,1448,-1,1448,1336,1340,-1,1432,1434,1430,-1,1430,1434,1436,-1,1430,1436,1428,-1,1428,1436,1424,-1,1428,1424,1426,-1,1402,1404,1422,-1,1382,1384,1448,-1,1448,1384,1386,-1,1404,1406,1422,-1,1422,1406,1408,-1,1422,1408,1420,-1,1420,1408,1410,-1,1420,1410,1412,-1,1367,1368,1370,-1,1394,1396,1446,-1,1446,1396,1398,-1,1446,1398,1400,-1,1436,1438,1424,-1,1424,1438,1440,-1,1424,1440,1422,-1,1422,1440,1446,-1,1422,1446,1402,-1,1402,1446,1400,-1,1386,1388,1448,-1,1448,1388,1390,-1,1448,1390,1446,-1,1446,1390,1392,-1,1446,1392,1394,-1,1372,1374,1340,-1,1340,1374,1376,-1,1340,1376,1448,-1,1448,1376,1378,-1,1448,1378,1382,-1,1382,1378,1380,-1,1372,1340,1370,-1,1370,1340,1343,-1,1370,1343,1345,-1,1345,1347,1370,-1,1370,1347,1349,-1,1370,1349,1351,-1,1351,1353,1370,-1,1370,1353,1354,-1,1370,1354,1367,-1,1367,1354,1357,-1,1367,1357,1359,-1,1359,1361,1367,-1,1367,1361,1363,-1,1367,1363,1365,-1,1441,1425,1423,-1,1415,1413,1417,-1,1417,1413,1411,-1,1341,1338,1449,-1,1449,1338,1339,-1,1447,1445,1443,-1,1407,1405,1423,-1,1429,1437,1431,-1,1431,1437,1435,-1,1431,1435,1433,-1,1405,1403,1423,-1,1423,1403,1447,-1,1423,1447,1441,-1,1441,1447,1443,-1,1389,1387,1449,-1,1449,1387,1385,-1,1449,1385,1383,-1,1429,1427,1437,-1,1437,1427,1425,-1,1437,1425,1439,-1,1439,1425,1441,-1,1419,1417,1421,-1,1421,1417,1411,-1,1421,1411,1423,-1,1423,1411,1409,-1,1423,1409,1407,-1,1403,1401,1447,-1,1447,1401,1399,-1,1447,1399,1397,-1,1375,1341,1377,-1,1377,1341,1449,-1,1377,1449,1379,-1,1379,1449,1383,-1,1379,1383,1381,-1,1375,1373,1341,-1,1341,1373,1371,-1,1341,1371,1369,-1,1397,1395,1447,-1,1447,1395,1393,-1,1447,1393,1449,-1,1449,1393,1391,-1,1449,1391,1389,-1,1356,1355,1341,-1,1341,1355,1352,-1,1341,1352,1342,-1,1348,1346,1344,-1,1369,1366,1341,-1,1341,1366,1364,-1,1341,1364,1362,-1,1362,1360,1341,-1,1341,1360,1358,-1,1341,1358,1356,-1,1342,1352,1344,-1,1344,1352,1350,-1,1344,1350,1348,-1,1450,1451,1452,-1,1452,1451,1453,-1,1454,1450,1455,-1,1455,1450,1452,-1,1454,1455,1456,-1,1454,1456,1457,-1,1457,1456,1458,-1,1457,1458,1459,-1,1459,1458,1460,-1,1459,1460,1461,-1,1461,1460,1462,-1,1461,1462,1463,-1,1463,1462,1464,-1,1463,1464,1465,-1,1465,1464,1466,-1,1465,1466,1467,-1,1468,1467,1469,-1,1469,1467,1466,-1,1468,1469,1470,-1,1468,1470,1471,-1,1471,1470,1472,-1,1471,1472,1473,-1,1473,1472,1474,-1,1473,1474,1475,-1,1475,1474,1476,-1,1475,1476,1477,-1,1477,1476,1478,-1,1477,1478,1479,-1,1479,1478,1480,-1,1479,1480,1481,-1,1482,1481,1483,-1,1483,1481,1480,-1,1482,1483,1484,-1,1484,1483,1485,-1,1484,1485,1486,-1,1486,1485,1487,-1,1486,1487,1488,-1,1488,1487,1489,-1,1488,1489,1490,-1,1490,1489,1491,-1,1490,1491,1492,-1,1492,1491,1493,-1,1492,1493,1494,-1,1494,1493,1495,-1,1496,1494,1497,-1,1497,1494,1495,-1,1496,1497,1498,-1,1498,1497,1499,-1,1498,1499,1500,-1,1500,1499,1501,-1,1500,1501,1502,-1,1502,1501,1503,-1,1502,1503,1504,-1,1504,1503,1505,-1,1504,1505,1506,-1,1506,1505,1507,-1,1506,1507,1508,-1,1508,1507,1509,-1,1510,1508,1511,-1,1511,1508,1509,-1,1510,1511,1512,-1,1512,1511,1513,-1,1512,1513,1514,-1,1514,1513,1515,-1,1514,1515,1516,-1,1516,1515,1517,-1,1516,1517,1518,-1,1518,1517,1519,-1,1518,1519,1520,-1,1520,1519,1521,-1,1520,1521,1522,-1,1522,1521,1523,-1,1524,1522,1525,-1,1525,1522,1523,-1,1526,1524,1527,-1,1527,1524,1525,-1,1528,1526,1529,-1,1529,1526,1527,-1,1530,1528,1531,-1,1531,1528,1529,-1,1532,1530,1533,-1,1533,1530,1531,-1,1534,1532,1535,-1,1535,1532,1533,-1,1536,1534,1537,-1,1537,1534,1535,-1,1538,1536,1539,-1,1539,1536,1537,-1,1540,1538,1541,-1,1541,1538,1539,-1,1542,1540,1543,-1,1543,1540,1541,-1,1544,1542,1545,-1,1545,1542,1543,-1,1546,1544,1547,-1,1547,1544,1545,-1,1548,1546,1549,-1,1549,1546,1547,-1,1550,1548,1551,-1,1551,1548,1549,-1,1552,1550,1553,-1,1553,1550,1551,-1,1554,1552,1555,-1,1555,1552,1553,-1,1556,1554,1557,-1,1557,1554,1555,-1,1558,1556,1559,-1,1559,1556,1557,-1,1560,1558,1561,-1,1561,1558,1559,-1,1562,1560,1563,-1,1563,1560,1561,-1,1451,1562,1453,-1,1453,1562,1563,-1,1530,1532,1528,-1,1528,1532,1534,-1,1528,1534,1526,-1,1556,1558,1554,-1,1554,1558,1560,-1,1451,1450,1562,-1,1562,1450,1454,-1,1546,1548,1544,-1,1544,1548,1550,-1,1544,1550,1542,-1,1542,1550,1538,-1,1542,1538,1540,-1,1516,1518,1536,-1,1496,1498,1562,-1,1562,1498,1500,-1,1518,1520,1536,-1,1536,1520,1522,-1,1536,1522,1534,-1,1534,1522,1524,-1,1534,1524,1526,-1,1508,1510,1560,-1,1560,1510,1512,-1,1560,1512,1514,-1,1550,1552,1538,-1,1538,1552,1554,-1,1538,1554,1536,-1,1536,1554,1560,-1,1536,1560,1516,-1,1516,1560,1514,-1,1500,1502,1562,-1,1562,1502,1504,-1,1562,1504,1560,-1,1560,1504,1506,-1,1560,1506,1508,-1,1465,1467,1484,-1,1484,1467,1468,-1,1486,1488,1454,-1,1454,1488,1490,-1,1454,1490,1562,-1,1562,1490,1492,-1,1562,1492,1496,-1,1496,1492,1494,-1,1486,1454,1484,-1,1484,1454,1457,-1,1484,1457,1459,-1,1459,1461,1484,-1,1484,1461,1463,-1,1484,1463,1465,-1,1471,1473,1468,-1,1468,1473,1475,-1,1468,1475,1477,-1,1482,1484,1481,-1,1481,1484,1468,-1,1481,1468,1479,-1,1479,1468,1477,-1,1529,1527,1531,-1,1531,1527,1525,-1,1455,1452,1563,-1,1563,1452,1453,-1,1456,1455,1466,-1,1559,1557,1561,-1,1561,1557,1555,-1,1547,1545,1549,-1,1549,1545,1551,-1,1517,1537,1519,-1,1519,1537,1521,-1,1545,1543,1551,-1,1551,1543,1541,-1,1551,1541,1539,-1,1533,1531,1535,-1,1535,1531,1525,-1,1535,1525,1537,-1,1537,1525,1523,-1,1537,1523,1521,-1,1517,1561,1537,-1,1537,1561,1555,-1,1537,1555,1539,-1,1539,1555,1553,-1,1539,1553,1551,-1,1517,1515,1561,-1,1561,1515,1513,-1,1561,1513,1511,-1,1511,1509,1561,-1,1561,1509,1507,-1,1561,1507,1563,-1,1563,1507,1505,-1,1563,1505,1503,-1,1455,1489,1487,-1,1487,1485,1455,-1,1455,1485,1483,-1,1455,1483,1480,-1,1503,1501,1563,-1,1563,1501,1499,-1,1563,1499,1497,-1,1489,1455,1491,-1,1491,1455,1563,-1,1491,1563,1493,-1,1493,1563,1497,-1,1493,1497,1495,-1,1455,1474,1472,-1,1462,1460,1458,-1,1480,1478,1455,-1,1455,1478,1476,-1,1455,1476,1474,-1,1472,1470,1455,-1,1455,1470,1469,-1,1455,1469,1466,-1,1456,1466,1458,-1,1458,1466,1464,-1,1458,1464,1462,-1,1564,1565,1566,-1,1566,1565,1567,-1,1568,1564,1569,-1,1569,1564,1566,-1,1568,1569,1570,-1,1568,1570,1571,-1,1571,1570,1572,-1,1571,1572,1573,-1,1573,1572,1574,-1,1573,1574,1575,-1,1575,1574,1576,-1,1575,1576,1577,-1,1577,1576,1578,-1,1577,1578,1579,-1,1579,1578,1580,-1,1579,1580,1581,-1,1582,1581,1583,-1,1583,1581,1580,-1,1582,1583,1584,-1,1582,1584,1585,-1,1585,1584,1586,-1,1585,1586,1587,-1,1587,1586,1588,-1,1587,1588,1589,-1,1589,1588,1590,-1,1589,1590,1591,-1,1591,1590,1592,-1,1591,1592,1593,-1,1593,1592,1594,-1,1593,1594,1595,-1,1596,1595,1597,-1,1597,1595,1594,-1,1596,1597,1598,-1,1598,1597,1599,-1,1598,1599,1600,-1,1600,1599,1601,-1,1600,1601,1602,-1,1602,1601,1603,-1,1602,1603,1604,-1,1604,1603,1605,-1,1604,1605,1606,-1,1606,1605,1607,-1,1606,1607,1608,-1,1608,1607,1609,-1,1610,1608,1611,-1,1611,1608,1609,-1,1610,1611,1612,-1,1612,1611,1613,-1,1612,1613,1614,-1,1614,1613,1615,-1,1614,1615,1616,-1,1616,1615,1617,-1,1616,1617,1618,-1,1618,1617,1619,-1,1618,1619,1620,-1,1620,1619,1621,-1,1620,1621,1622,-1,1622,1621,1623,-1,1624,1622,1625,-1,1625,1622,1623,-1,1624,1625,1626,-1,1626,1625,1627,-1,1626,1627,1628,-1,1628,1627,1629,-1,1628,1629,1630,-1,1630,1629,1631,-1,1630,1631,1632,-1,1632,1631,1633,-1,1632,1633,1634,-1,1634,1633,1635,-1,1634,1635,1636,-1,1636,1635,1637,-1,1638,1636,1639,-1,1639,1636,1637,-1,1640,1638,1641,-1,1641,1638,1639,-1,1642,1640,1643,-1,1643,1640,1641,-1,1644,1642,1645,-1,1645,1642,1643,-1,1646,1644,1647,-1,1647,1644,1645,-1,1648,1646,1649,-1,1649,1646,1647,-1,1650,1648,1651,-1,1651,1648,1649,-1,1652,1650,1653,-1,1653,1650,1651,-1,1654,1652,1655,-1,1655,1652,1653,-1,1656,1654,1657,-1,1657,1654,1655,-1,1658,1656,1659,-1,1659,1656,1657,-1,1660,1658,1661,-1,1661,1658,1659,-1,1662,1660,1663,-1,1663,1660,1661,-1,1664,1662,1665,-1,1665,1662,1663,-1,1666,1664,1667,-1,1667,1664,1665,-1,1668,1666,1669,-1,1669,1666,1667,-1,1670,1668,1671,-1,1671,1668,1669,-1,1672,1670,1673,-1,1673,1670,1671,-1,1674,1672,1675,-1,1675,1672,1673,-1,1676,1674,1677,-1,1677,1674,1675,-1,1565,1676,1567,-1,1567,1676,1677,-1,1644,1646,1642,-1,1642,1646,1648,-1,1642,1648,1640,-1,1670,1672,1668,-1,1668,1672,1674,-1,1565,1564,1676,-1,1676,1564,1568,-1,1660,1662,1658,-1,1658,1662,1664,-1,1658,1664,1656,-1,1656,1664,1652,-1,1656,1652,1654,-1,1630,1632,1650,-1,1610,1612,1676,-1,1676,1612,1614,-1,1632,1634,1650,-1,1650,1634,1636,-1,1650,1636,1648,-1,1648,1636,1638,-1,1648,1638,1640,-1,1595,1596,1598,-1,1622,1624,1674,-1,1674,1624,1626,-1,1674,1626,1628,-1,1664,1666,1652,-1,1652,1666,1668,-1,1652,1668,1650,-1,1650,1668,1674,-1,1650,1674,1630,-1,1630,1674,1628,-1,1614,1616,1676,-1,1676,1616,1618,-1,1676,1618,1674,-1,1674,1618,1620,-1,1674,1620,1622,-1,1600,1602,1568,-1,1568,1602,1604,-1,1568,1604,1676,-1,1676,1604,1606,-1,1676,1606,1610,-1,1610,1606,1608,-1,1600,1568,1598,-1,1598,1568,1571,-1,1598,1571,1573,-1,1573,1575,1598,-1,1598,1575,1577,-1,1598,1577,1579,-1,1579,1581,1598,-1,1598,1581,1582,-1,1598,1582,1595,-1,1595,1582,1585,-1,1595,1585,1587,-1,1587,1589,1595,-1,1595,1589,1591,-1,1595,1591,1593,-1,1643,1641,1645,-1,1645,1641,1639,-1,1569,1566,1677,-1,1677,1566,1567,-1,1673,1671,1675,-1,1675,1671,1669,-1,1661,1659,1663,-1,1663,1659,1665,-1,1647,1645,1649,-1,1649,1645,1639,-1,1649,1639,1651,-1,1651,1639,1637,-1,1637,1635,1651,-1,1651,1635,1633,-1,1651,1633,1631,-1,1659,1657,1665,-1,1665,1657,1655,-1,1665,1655,1653,-1,1631,1675,1651,-1,1651,1675,1669,-1,1651,1669,1653,-1,1653,1669,1667,-1,1653,1667,1665,-1,1631,1629,1675,-1,1675,1629,1627,-1,1675,1627,1625,-1,1603,1601,1569,-1,1569,1601,1599,-1,1569,1599,1597,-1,1625,1623,1675,-1,1675,1623,1621,-1,1675,1621,1677,-1,1677,1621,1619,-1,1677,1619,1617,-1,1617,1615,1677,-1,1677,1615,1613,-1,1677,1613,1611,-1,1584,1583,1569,-1,1569,1583,1580,-1,1569,1580,1570,-1,1603,1569,1605,-1,1605,1569,1677,-1,1605,1677,1607,-1,1607,1677,1611,-1,1607,1611,1609,-1,1576,1574,1572,-1,1597,1594,1569,-1,1569,1594,1592,-1,1569,1592,1590,-1,1590,1588,1569,-1,1569,1588,1586,-1,1569,1586,1584,-1,1570,1580,1572,-1,1572,1580,1578,-1,1572,1578,1576,-1,1678,1679,1680,-1,1680,1679,1681,-1,1682,1678,1683,-1,1683,1678,1680,-1,1682,1683,1684,-1,1682,1684,1685,-1,1685,1684,1686,-1,1685,1686,1687,-1,1687,1686,1688,-1,1687,1688,1689,-1,1689,1688,1690,-1,1689,1690,1691,-1,1691,1690,1692,-1,1691,1692,1693,-1,1693,1692,1694,-1,1693,1694,1695,-1,1696,1695,1697,-1,1697,1695,1694,-1,1696,1697,1698,-1,1696,1698,1699,-1,1699,1698,1700,-1,1699,1700,1701,-1,1701,1700,1702,-1,1701,1702,1703,-1,1703,1702,1704,-1,1703,1704,1705,-1,1705,1704,1706,-1,1705,1706,1707,-1,1707,1706,1708,-1,1707,1708,1709,-1,1710,1709,1711,-1,1711,1709,1708,-1,1710,1711,1712,-1,1712,1711,1713,-1,1712,1713,1714,-1,1714,1713,1715,-1,1714,1715,1716,-1,1716,1715,1717,-1,1716,1717,1718,-1,1718,1717,1719,-1,1718,1719,1720,-1,1720,1719,1721,-1,1720,1721,1722,-1,1722,1721,1723,-1,1724,1722,1725,-1,1725,1722,1723,-1,1724,1725,1726,-1,1726,1725,1727,-1,1726,1727,1728,-1,1728,1727,1729,-1,1728,1729,1730,-1,1730,1729,1731,-1,1730,1731,1732,-1,1732,1731,1733,-1,1732,1733,1734,-1,1734,1733,1735,-1,1734,1735,1736,-1,1736,1735,1737,-1,1738,1736,1739,-1,1739,1736,1737,-1,1738,1739,1740,-1,1740,1739,1741,-1,1740,1741,1742,-1,1742,1741,1743,-1,1742,1743,1744,-1,1744,1743,1745,-1,1744,1745,1746,-1,1746,1745,1747,-1,1746,1747,1748,-1,1748,1747,1749,-1,1748,1749,1750,-1,1750,1749,1751,-1,1752,1750,1753,-1,1753,1750,1751,-1,1754,1752,1755,-1,1755,1752,1753,-1,1756,1754,1757,-1,1757,1754,1755,-1,1758,1756,1759,-1,1759,1756,1757,-1,1760,1758,1761,-1,1761,1758,1759,-1,1762,1760,1763,-1,1763,1760,1761,-1,1764,1762,1765,-1,1765,1762,1763,-1,1766,1764,1767,-1,1767,1764,1765,-1,1768,1766,1769,-1,1769,1766,1767,-1,1770,1768,1771,-1,1771,1768,1769,-1,1772,1770,1773,-1,1773,1770,1771,-1,1774,1772,1775,-1,1775,1772,1773,-1,1776,1774,1777,-1,1777,1774,1775,-1,1778,1776,1779,-1,1779,1776,1777,-1,1780,1778,1781,-1,1781,1778,1779,-1,1782,1780,1783,-1,1783,1780,1781,-1,1784,1782,1785,-1,1785,1782,1783,-1,1786,1784,1787,-1,1787,1784,1785,-1,1788,1786,1789,-1,1789,1786,1787,-1,1790,1788,1791,-1,1791,1788,1789,-1,1679,1790,1681,-1,1681,1790,1791,-1,1758,1760,1756,-1,1756,1760,1762,-1,1756,1762,1754,-1,1784,1786,1782,-1,1782,1786,1788,-1,1679,1678,1790,-1,1790,1678,1682,-1,1774,1776,1772,-1,1772,1776,1778,-1,1772,1778,1770,-1,1770,1778,1766,-1,1770,1766,1768,-1,1744,1746,1764,-1,1724,1726,1790,-1,1790,1726,1728,-1,1746,1748,1764,-1,1764,1748,1750,-1,1764,1750,1762,-1,1762,1750,1752,-1,1762,1752,1754,-1,1736,1738,1788,-1,1788,1738,1740,-1,1788,1740,1742,-1,1778,1780,1766,-1,1766,1780,1782,-1,1766,1782,1764,-1,1764,1782,1788,-1,1764,1788,1744,-1,1744,1788,1742,-1,1728,1730,1790,-1,1790,1730,1732,-1,1790,1732,1788,-1,1788,1732,1734,-1,1788,1734,1736,-1,1693,1695,1712,-1,1712,1695,1696,-1,1714,1716,1682,-1,1682,1716,1718,-1,1682,1718,1790,-1,1790,1718,1720,-1,1790,1720,1724,-1,1724,1720,1722,-1,1714,1682,1712,-1,1712,1682,1685,-1,1712,1685,1687,-1,1687,1689,1712,-1,1712,1689,1691,-1,1712,1691,1693,-1,1699,1701,1696,-1,1696,1701,1703,-1,1696,1703,1705,-1,1710,1712,1709,-1,1709,1712,1696,-1,1709,1696,1707,-1,1707,1696,1705,-1,1757,1755,1759,-1,1759,1755,1753,-1,1683,1680,1791,-1,1791,1680,1681,-1,1684,1683,1694,-1,1787,1785,1789,-1,1789,1785,1783,-1,1775,1773,1777,-1,1777,1773,1779,-1,1745,1765,1747,-1,1747,1765,1749,-1,1773,1771,1779,-1,1779,1771,1769,-1,1779,1769,1767,-1,1761,1759,1763,-1,1763,1759,1753,-1,1763,1753,1765,-1,1765,1753,1751,-1,1765,1751,1749,-1,1745,1789,1765,-1,1765,1789,1783,-1,1765,1783,1767,-1,1767,1783,1781,-1,1767,1781,1779,-1,1745,1743,1789,-1,1789,1743,1741,-1,1789,1741,1739,-1,1739,1737,1789,-1,1789,1737,1735,-1,1789,1735,1791,-1,1791,1735,1733,-1,1791,1733,1731,-1,1683,1717,1715,-1,1715,1713,1683,-1,1683,1713,1711,-1,1683,1711,1708,-1,1731,1729,1791,-1,1791,1729,1727,-1,1791,1727,1725,-1,1717,1683,1719,-1,1719,1683,1791,-1,1719,1791,1721,-1,1721,1791,1725,-1,1721,1725,1723,-1,1683,1702,1700,-1,1690,1688,1686,-1,1708,1706,1683,-1,1683,1706,1704,-1,1683,1704,1702,-1,1700,1698,1683,-1,1683,1698,1697,-1,1683,1697,1694,-1,1684,1694,1686,-1,1686,1694,1692,-1,1686,1692,1690,-1,
        ]
    }
}