v 4.0 2.11 -1.6
v 4.0 1.71 -1.4
v 4.0 2.11 -1.4
newmtl 1
Ka 0.9686274509803922 0.9686274509803922 0.9686274509803922
Kd 0.6784313725490196 0.6784313725490196 0.6784313725490196
Ks 0.047058823529411764 0.047058823529411764 0.047058823529411764
d 0.0
endmtl
v 4.0 -0.65 -1.4
v 4.0 -0.65 -0.3
v 4.0 0.05 -1.4
v 4.0 0.05 -0.3
v 6.2 0.58 -2.0
v 6.2 2.11 -2.0
v 6.2 0.58 -1.75
v 6.2 2.11 -0.0
v 6.2 -0.62 -1.75
v 6.2 -1.85 0.0
v 6.2 -0.62 -2.0
v 6.2 -1.85 -1.6
v 6.2 -2.04 -2.0
v 6.2 -2.04 -1.6
v 5.4 2.11 -0.0
v 5.4 0.05 -0.0
v 4.0 0.05 -0.0
v -6.2 -1.85 -0.0
v -5.4 2.11 -0.0
v -6.2 2.11 -0.0
v -5.4 0.05 -0.0
v -4.0 0.05 -0.0
v -4.0 0.3 -0.0
v 4.0 0.3 -0.0
v -1.440976 -1.048583 -2.0
v -1.420165 -1.022587 -2.0
v -0.562555 -1.022587 -2.0
v -1.191246 -0.185544 -2.0
v -1.185063 -0.188366 -2.0
v -1.018226 -0.625424 -2.0
v -0.644257 -0.995312 -2.0
v -0.644257 -0.611336 -2.0
v -0.73561 -0.982795 -2.0
v -0.665779 -0.995312 -2.0
v -0.767925 -1.000177 -2.0
v -0.80961 -1.01108 -2.0
v -0.947802 -0.919869 -2.0
v -0.918626 -0.959477 -2.0
v -1.37769 -0.969529 -2.0
v -1.2885 -0.15441 -2.0
v -1.235743 -0.16269 -2.0
v -0.86982 -0.09587 -2.0
v -1.126039 -0.123801 -2.0
v -0.830856 -0.082629 -2.0
v -1.127728 -0.120532 -2.0
v -0.704616 -0.954755 -2.0
v -0.688792 -0.933518 -2.0
v -0.676007 -0.910505 -2.0
v -0.979577 -0.845753 -2.0
v -0.890282 -0.168151 -2.0
v -0.869327 -0.148344 -2.0
v -0.662101 -0.299002 -2.0
v -1.011961 -0.422986 -2.0
v -0.72068 -0.102653 -2.0
v -0.753585 -0.08721 -2.0
v -0.562555 2.11 -2.0
v -0.836379 -1.010101 -2.0
v -0.882495 -0.989428 -2.0
v -0.858307 -1.003555 -2.0
v -0.919823 -0.210442 -2.0
v -0.80961 -0.128063 -2.0
v -0.682064 -0.216398 -2.0
v -0.700439 -0.182168 -2.0
v -0.798104 -0.963776 -2.0
v -0.828188 -0.961923 -2.0
v -0.853673 -0.953136 -2.0
v -1.216886 -0.167308 -2.0
v -1.205904 -0.173038 -2.0
v -1.135767 -0.144156 -2.0
v -1.130903 -0.13921 -2.0
v -0.993932 -0.307086 -2.0
v -0.95434 -0.1907 -2.0
v -1.436714 -0.88323 -2.0
v -1.437755 -0.953396 -2.0
v -1.448221 -1.022587 -2.0
v -0.960136 -0.778818 -2.0
v -0.97229 -0.707759 -2.0
v -0.645749 -0.435755 -2.0
v -0.978378 -0.484099 -2.0
v -0.652994 -0.359685 -2.0
v -0.977946 -0.476028 -2.0
v -0.942359 -0.270505 -2.0
v -0.850711 -0.136696 -2.0
v -0.832039 -0.130454 -2.0
v -0.776998 -0.130643 -2.0
v -0.745907 -0.142191 -2.0
v -0.720771 -0.159396 -2.0
v -0.703285 -0.883217 -2.0
v -0.722007 -0.917926 -2.0
v -0.739859 -0.93799 -2.0
v -0.784431 -0.961141 -2.0
v -0.878067 -0.937982 -2.0
v -0.902007 -0.914069 -2.0
v -0.898997 -0.113965 -2.0
v -0.923476 -0.139642 -2.0
v -1.12674 -0.12905 -2.0
v -1.12866 -0.135437 -2.0
v -1.137875 -0.115829 -2.0
v -1.159136 -0.115744 -2.0
v -1.218733 -0.107539 -2.0
v -1.434523 -0.087113 -2.0
v -1.436725 -0.087686 -2.0
v -4.675 0.58 -2.0
v -1.438396 -0.088556 -2.0
v -1.43988 -0.08986 -2.0
v -6.2 0.58 -2.0
v -6.2 2.11 -2.0
v -0.926881 -0.874799 -2.0
v -0.762223 -0.953141 -2.0
v -0.63098 -0.286813 -2.0
v -0.649503 -0.199676 -2.0
v -1.441621 -0.092154 -2.0
v -1.443649 -0.096011 -2.0
v -4.675 -1.022587 -2.0
v -1.444404 -0.099386 -2.0
v -1.392974 -0.937347 -2.0
v -1.3988 -0.89647 -2.0
v -1.010974 -0.699126 -2.0
v -1.399212 -0.878756 -2.0
v -1.399212 -0.145323 -2.0
v -1.151529 -0.158742 -2.0
v -0.622736 -0.434477 -2.0
v -0.671138 -0.154307 -2.0
v -0.693459 -0.124751 -2.0
v -1.128981 -0.119156 -2.0
v -0.78958 -0.080545 -2.0
v -1.327403 -0.097805 -2.0
v -1.387705 -0.092052 -2.0
v -1.131117 -0.117738 -2.0
v -1.134906 -0.116333 -2.0
v -1.243733 -0.104867 -2.0
v -1.420946 -0.089282 -2.0
v -1.430986 -0.086962 -2.0
v -4.675 -2.04 -2.0
v -1.444074 -0.107835 -2.0
v -1.436714 -0.235883 -2.0
v -1.439662 -0.1488 -2.0
v -1.439484 -0.151076 -2.0
v 0.719299 -1.022587 -2.0
v 0.720541 -1.02834 -2.0
v -0.562555 -2.04 -2.0
v 0.740571 -1.02834 -2.0
v 4.675 -2.04 -2.0
v 4.675 0.58 -2.0
v -0.005835 -0.962935 -2.0
v -0.00463 -0.965436 -2.0
v -0.187833 -1.016834 -2.0
v -0.501954 -0.969996 -2.0
v -0.50111 -0.970913 -2.0
v -0.425208 -0.592585 -2.0
v -0.30439 -0.608353 -2.0
v -0.425208 -0.909013 -2.0
v -0.254523 -0.618477 -2.0
v -0.005394 -0.950785 -2.0
v -0.006592 -0.955065 -2.0
v -0.14663 -0.952005 -2.0
v -0.499627 -0.971899 -2.0
v -0.497563 -0.97265 -2.0
v -0.494933 -0.972917 -2.0
v -0.2226 -0.62981 -2.0
v -0.208076 -0.638611 -2.0
v -0.244087 -0.939271 -2.0
v -0.195078 -0.645856 -2.0
v -0.210191 -0.943397 -2.0
v -0.146908 -0.591072 -2.0
v -0.147224 -0.588488 -2.0
v -0.157788 -0.204347 -2.0
v -0.148112 -0.586148 -2.0
v -0.005654 -0.145151 -2.0
v -0.005452 -0.146489 -2.0
v 0.272814 -0.993934 -2.0
v 0.306213 -0.985555 -2.0
v -0.115001 -0.139065 -2.0
v -0.116006 -0.138285 -2.0
v 0.059052 -0.078536 -2.0
v -0.117617 -0.137583 -2.0
v -0.489985 -0.972299 -2.0
v -0.46271 -0.968038 -2.0
v -0.438264 -0.965028 -2.0
v -0.149661 -0.583837 -2.0
v -0.151817 -0.581877 -2.0
v -0.153558 -0.580862 -2.0
v -0.005526 -0.14385 -2.0
v -0.149394 -0.951137 -2.0
v -0.153313 -0.950778 -2.0
v -0.176326 -0.947795 -2.0
v 0.228106 -0.996804 -2.0
v -0.468163 -0.085504 -2.0
v -0.472127 -0.087156 -2.0
v -0.425208 -0.542297 -2.0
v -0.425208 -0.152568 -2.0
v -0.210846 -0.182612 -2.0
v -0.143508 -0.969061 -2.0
v -0.141792 -0.965613 -2.0
v -0.006703 -0.958944 -2.0
v 0.331177 -0.972599 -2.0
v 0.352914 -0.953938 -2.0
v 0.37569 -0.92284 -2.0
v 0.361134 -0.188323 -2.0
v 0.52507 -0.189161 -2.0
v 0.392575 -0.2504 -2.0
v 0.528097 -0.197903 -2.0
v -0.463093 -0.084702 -2.0
v -0.111787 -0.145812 -2.0
v -0.111655 -0.148369 -2.0
v -0.112184 -0.151274 -2.0
v -0.122337 -0.136761 -2.0
v -0.126039 -0.136586 -2.0
v 0.060969 -0.077917 -2.0
v -0.413701 -0.965054 -2.0
v -0.40944 -0.965054 -2.0
v -0.381263 -0.965545 -2.0
v -0.353399 -0.969529 -2.0
v -0.297145 -0.979544 -2.0
v -0.247609 -0.989567 -2.0
v -0.156295 -0.579969 -2.0
v -0.160558 -0.579587 -2.0
v -0.170573 -0.197102 -2.0
v -0.190051 -0.188008 -2.0
v -0.146282 -0.973791 -2.0
v -0.140852 -0.963011 -2.0
v -0.140531 -0.960899 -2.0
v -0.140711 -0.958922 -2.0
v -0.141377 -0.956964 -2.0
v -0.142528 -0.955159 -2.0
v -0.144148 -0.953551 -2.0
v -0.002821 -0.151572 -2.0
v -0.00206 -0.152138 -2.0
v -8.55E-4 -0.152637 -2.0
v -4.65E-4 -0.15274 -2.0
v 0.002508 -0.153064 -2.0
v 0.008204 -0.152568 -2.0
v 0.028234 -0.152568 -2.0
v 0.051247 -0.152568 -2.0
v 0.284833 -0.122162 -2.0
v 0.224876 -0.11022 -2.0
v 0.172065 -0.103558 -2.0
v 0.196218 -0.994183 -2.0
v -1.450991 -1.037076 -2.0
v -0.47997 -0.113573 -2.0
v -0.470666 -0.149819 -2.0
v -0.466972 -0.909013 -2.0
v -0.466972 -0.187087 -2.0
v -0.466972 -0.214362 -2.0
v -0.117515 -0.159599 -2.0
v -0.113546 -0.154347 -2.0
v -0.112625 -0.143059 -2.0
v -0.114063 -0.14025 -2.0
v -0.207896 -1.00403 -2.0
v -0.200831 -1.00831 -2.0
v 0.032495 -0.916258 -2.0
v 0.041618 -0.910787 -2.0
v 0.051247 -0.906243 -2.0
v 0.006712 -0.93778 -2.0
v 6.08E-4 -0.942645 -2.0
v -0.003108 -0.946765 -2.0
v -0.153313 -0.604091 -2.0
v -0.150254 -0.60004 -2.0
v -0.148346 -0.59674 -2.0
v -0.147239 -0.593639 -2.0
v -0.003533 -0.150695 -2.0
v -0.004151 -0.149598 -2.0
v 0.880141 -0.411464 -2.0
v 0.8974 -0.339442 -2.0
v 4.675 -1.022587 -2.0
v 0.544208 -0.045149 -2.0
v 0.543141 -0.045003 -2.0
v 0.542237 -0.045097 -2.0
v 0.541589 -0.045343 -2.0
v 0.312112 -0.135657 -2.0
v 0.336501 -0.156383 -2.0
v 0.540851 -0.045858 -2.0
v 0.539874 -0.04696 -2.0
v -0.482431 -0.926908 -2.0
v -0.49167 -0.938395 -2.0
v -0.480637 -0.101955 -2.0
v -0.497556 -0.946174 -2.0
v -0.479979 -0.1135 -2.0
v -0.002307 -0.137823 -2.0
v -0.003995 -0.140329 -2.0
v -0.005023 -0.14229 -2.0
v 0.741873 -1.022587 -2.0
v 0.933477 -0.051536 -2.0
v 0.932775 -0.049954 -2.0
v 0.108779 -0.096314 -2.0
v 0.085284 -0.090025 -2.0
v 0.070168 -0.080919 -2.0
v 0.067757 -0.967307 -2.0
v 0.080013 -0.969529 -2.0
v 0.396714 -0.87212 -2.0
v 0.420076 -0.724541 -2.0
v 0.572448 -0.342425 -2.0
v 0.428191 -0.499041 -2.0
v 0.417445 -0.353882 -2.0
v -0.466095 -0.232364 -2.0
v -0.465481 -0.250373 -2.0
v 0.931998 -0.048878 -2.0
v 0.931111 -0.04812 -2.0
v 0.929988 -0.04755 -2.0
v 0.928937 -0.047304 -2.0
v 0.538403 -0.049609 -2.0
v 0.537477 -0.053012 -2.0
v 0.535491 -0.068262 -2.0
v 0.110271 -0.972299 -2.0
v 0.16482 -0.988067 -2.0
v 0.530684 -0.202855 -2.0
v 0.537929 -0.215853 -2.0
v 0.556736 -0.278661 -2.0
v -0.14756 -0.135308 -2.0
v -0.256471 -0.121939 -2.0
v -0.364905 -0.10505 -2.0
v -0.502604 -0.965234 -2.0
v -0.502647 -0.968246 -2.0
v -0.502399 -0.969184 -2.0
v 0.905044 -0.30541 -2.0
v 0.91466 -0.271894 -2.0
v 0.924675 -0.24462 -2.0
v 0.933911 -0.218802 -2.0
v 0.939989 -0.20975 -2.0
v 0.945054 -0.203657 -2.0
v 0.92286 -0.051012 -2.0
v 0.629981 -0.417217 -2.0
v 0.924246 -0.049191 -2.0
v 0.583955 -0.202855 -2.0
v 0.925485 -0.048184 -2.0
v 0.533454 -0.08779 -2.0
v 0.526422 -0.148093 -2.0
v 0.524472 -0.176027 -2.0
v 0.054207 -0.08156 -2.0
v 0.03424 -0.098608 -2.0
v 0.020989 -0.112295 -2.0
v 0.921315 -0.054467 -2.0
v 0.920413 -0.057532 -2.0
v 0.825591 -0.464522 -2.0
v 0.910398 -0.115065 -2.0
v -0.002656 -0.967748 -2.0
v -5.33E-4 -0.969529 -2.0
v 0.025463 -0.965054 -2.0
v 0.055508 -0.965054 -2.0
v -0.475466 -0.089628 -2.0
v -0.477663 -0.092341 -2.0
v -0.479525 -0.096336 -2.0
v 0.003729 -0.130833 -2.0
v 1.5E-4 -0.134754 -2.0
v 0.06548 -0.078185 -2.0
v 0.064245 -0.077775 -2.0
v -0.671532 -0.611336 -2.0
v -0.679797 -0.790109 -2.0
v -0.500778 -0.952623 -2.0
v -0.502313 -0.958392 -2.0
v -0.502483 -0.96238 -2.0
v 0.935624 -0.062881 -2.0
v 0.936182 -0.070531 -2.0
v 0.939165 -0.095035 -2.0
v 0.93478 -0.057498 -2.0
v 0.934095 -0.053812 -2.0
v -0.430961 -0.093544 -2.0
v -0.446693 -0.087731 -2.0
v -0.456193 -0.085193 -2.0
v 0.94623 -0.181057 -2.0
v 0.945829 -0.175127 -2.0
v 0.944918 -0.159599 -2.0
v 0.551715 -0.053944 -2.0
v 0.550038 -0.050498 -2.0
v 0.927828 -0.047318 -2.0
v 0.548486 -0.048163 -2.0
v 0.546968 -0.046594 -2.0
v 0.545535 -0.045642 -2.0
v 0.946578 -0.201114 -2.0
v 0.947268 -0.198954 -2.0
v 0.947461 -0.195682 -2.0
v 0.926698 -0.047592 -2.0
v 0.56222 -0.093544 -2.0
v 0.553697 -0.059024 -2.0
v 4.925 -2.04 -2.0
v 4.925 -0.62 -2.0
v 4.0 -2.04 -1.75
v 4.0 -2.04 -0.2
v 4.675 -2.04 -0.5
v 5.025 -2.04 -0.2
v 4.925 -2.04 -0.5
v 5.025 -2.04 -1.6
v -6.2 -2.04 -1.6
v -6.2 -2.04 -2.0
v -5.025 -2.04 -1.6
v -4.925 -2.04 -2.0
v -4.925 -2.04 -0.5
v -0.875 -2.04 -1.75
v -1.125 -2.04 -1.75
v -1.375 -2.04 -1.75
v 3.875 -2.04 -1.75
v 3.625 -2.04 -1.75
v 3.375 -2.04 -1.75
v -1.625 -2.04 -1.75
v -1.875 -2.04 -1.75
v -2.125 -2.04 -1.75
v 3.125 -2.04 -1.75
v 2.875 -2.04 -1.75
v 2.625 -2.04 -1.75
v -2.375 -2.04 -1.75
v -2.625 -2.04 -1.75
v -2.875 -2.04 -1.75
v 2.375 -2.04 -1.75
v 2.125 -2.04 -1.75
v 1.875 -2.04 -1.75
v 1.625 -2.04 -1.75
v 1.375 -2.04 -1.75
v -3.125 -2.04 -1.75
v -3.375 -2.04 -1.75
v -3.625 -2.04 -1.75
v -3.875 -2.04 -1.75
v -4.0 -2.04 -1.75
v -4.675 -2.04 -0.5
v -4.0 -2.04 -0.2
v -5.025 -2.04 -0.2
v 1.125 -2.04 -1.75
v 0.875 -2.04 -1.75
v 0.625 -2.04 -1.75
v 0.375 -2.04 -1.75
v 0.125 -2.04 -1.75
v -0.125 -2.04 -1.75
v -0.375 -2.04 -1.75
v -0.625 -2.04 -1.75
v -5.4 2.11 -1.4
v 5.4 2.11 -1.4
v -3.875 2.11 -1.6
v -4.0 2.11 -1.6
v -4.0 2.11 -1.4
v -0.375 2.11 -1.6
v -0.125 2.11 -1.6
v 0.125 2.11 -1.6
v -3.625 2.11 -1.6
v -3.375 2.11 -1.6
v -3.125 2.11 -1.6
v -2.875 2.11 -1.6
v -2.625 2.11 -1.6
v 0.375 2.11 -1.6
v 0.625 2.11 -1.6
v 0.875 2.11 -1.6
v -2.375 2.11 -1.6
v -2.125 2.11 -1.6
v -1.875 2.11 -1.6
v 1.125 2.11 -1.6
v 1.375 2.11 -1.6
v 1.625 2.11 -1.6
v -1.625 2.11 -1.6
v -1.375 2.11 -1.6
v -1.125 2.11 -1.6
v 1.875 2.11 -1.6
v 2.125 2.11 -1.6
v 2.375 2.11 -1.6
v -0.875 2.11 -1.6
v -0.625 2.11 -1.6
v 2.625 2.11 -1.6
v 2.875 2.11 -1.6
v 3.125 2.11 -1.6
v 3.375 2.11 -1.6
v 3.625 2.11 -1.6
v 3.875 2.11 -1.6
v 5.4 0.05 -1.4
v 4.925 0.05 -1.4
v 4.925 0.05 -0.5
v 4.675 0.05 -0.5
v 4.675 0.05 -1.4
v 4.675 0.58 -1.4
v 4.925 0.58 -1.4
v 3.875 1.71 -1.4
v 3.875 -0.65 -1.4
v 4.925 0.58 -1.75
v 4.925 -0.62 -1.75
v -5.275 -1.85 -0.25
v -5.025 -1.85 -0.2
v -5.025 -1.85 -1.6
v -5.275 -1.85 -1.45
v -6.2 -1.85 -1.6
v -5.95 -1.85 -1.45
v -5.95 -1.85 -0.25
v 5.025 -1.85 -0.2
v 5.025 -1.85 -1.6
v 5.275 -1.85 -1.45
v -3.875 -1.85 -0.2
v -3.625 -1.85 -0.2
v -3.375 -1.85 -0.2
v 5.95 -1.85 -1.45
v 5.95 -1.85 -0.25
v 5.275 -1.85 -0.25
v -3.125 -1.85 -0.2
v -2.875 -1.85 -0.2
v -2.625 -1.85 -0.2
v -2.375 -1.85 -0.2
v -0.875 -1.85 -0.2
v -0.625 -1.85 -0.2
v -0.375 -1.85 -0.2
v 0.375 -1.85 -0.2
v 0.625 -1.85 -0.2
v -2.125 -1.85 -0.2
v -1.875 -1.85 -0.2
v -1.625 -1.85 -0.2
v -0.125 -1.85 -0.2
v 0.125 -1.85 -0.2
v 0.875 -1.85 -0.2
v 1.125 -1.85 -0.2
v 1.375 -1.85 -0.2
v 1.625 -1.85 -0.2
v 1.875 -1.85 -0.2
v 2.125 -1.85 -0.2
v -1.375 -1.85 -0.2
v -1.125 -1.85 -0.2
v 2.375 -1.85 -0.2
v 2.625 -1.85 -0.2
v 2.875 -1.85 -0.2
v 3.125 -1.85 -0.2
v 3.375 -1.85 -0.2
v 3.625 -1.85 -0.2
v 3.875 -1.85 -0.2
v 4.0 -2.35 -0.2
v 3.875 -2.35 -0.2
v 5.95 -0.85 -0.25
v 5.95 -0.85 -1.45
v 5.275 -0.85 -0.25
v 5.275 -0.85 -1.45
v 4.0 -2.35 -1.75
v -4.0 0.05 -0.3
v -4.0 0.3 -0.3
v -3.625 -2.35 -0.2
v -3.375 -2.35 -0.2
v -3.625 -0.65 -0.3
v -3.375 -0.65 -0.3
v -3.625 -0.65 -1.4
v -3.375 -0.65 -1.4
v -3.625 1.71 -1.4
v -3.375 1.71 -1.4
v -3.625 -2.35 -1.75
v -3.375 -2.35 -1.75
v -4.0 -2.35 -0.2
v -3.875 -2.35 -0.2
v 4.0 0.3 -0.3
v -3.875 -0.65 -0.3
v -4.0 -0.65 -0.3
v 3.875 -0.65 -0.3
v 3.375 -0.65 -0.3
v 3.375 -1.75 -0.3
v 3.125 -1.75 -0.3
v 3.125 -0.65 -0.3
v 2.875 -0.65 -0.3
v 3.625 -0.65 -0.3
v 3.625 -1.75 -0.3
v 3.875 -1.75 -0.3
v 2.375 -0.65 -0.3
v 2.375 -1.75 -0.3
v 2.125 -1.75 -0.3
v 2.125 -0.65 -0.3
v 1.875 -0.65 -0.3
v 2.625 -0.65 -0.3
v 2.625 -1.75 -0.3
v 2.875 -1.75 -0.3
v 1.375 -0.65 -0.3
v 1.375 -1.75 -0.3
v 1.125 -1.75 -0.3
v 1.125 -0.65 -0.3
v 0.875 -0.65 -0.3
v 1.625 -0.65 -0.3
v 1.625 -1.75 -0.3
v 1.875 -1.75 -0.3
v 0.375 -0.65 -0.3
v 0.375 -1.75 -0.3
v 0.125 -1.75 -0.3
v 0.125 -0.65 -0.3
v -0.125 -0.65 -0.3
v 0.625 -0.65 -0.3
v 0.625 -1.75 -0.3
v 0.875 -1.75 -0.3
v -0.625 -0.65 -0.3
v -0.625 -1.75 -0.3
v -0.875 -1.75 -0.3
v -0.875 -0.65 -0.3
v -1.125 -0.65 -0.3
v -0.375 -0.65 -0.3
v -0.375 -1.75 -0.3
v -0.125 -1.75 -0.3
v -1.625 -0.65 -0.3
v -1.625 -1.75 -0.3
v -1.875 -1.75 -0.3
v -1.875 -0.65 -0.3
v -2.125 -0.65 -0.3
v -1.375 -0.65 -0.3
v -1.375 -1.75 -0.3
v -1.125 -1.75 -0.3
v -2.625 -0.65 -0.3
v -2.625 -1.75 -0.3
v -2.875 -1.75 -0.3
v -2.875 -0.65 -0.3
v -2.375 -0.65 -0.3
v -2.375 -1.75 -0.3
v -2.125 -1.75 -0.3
v -3.625 -1.75 -0.3
v -3.875 -1.75 -0.3
v -3.125 -1.75 -0.3
v -3.375 -1.75 -0.3
v -3.125 -0.65 -0.3
v -4.0 -0.65 -1.4
v -3.875 -0.65 -1.4
v -4.0 1.71 -1.4
v -5.4 0.05 -1.4
v -4.925 0.05 -1.4
v -4.925 0.58 -1.4
v -4.0 0.05 -1.4
v -3.875 1.71 -1.4
v -4.675 0.05 -1.4
v -4.675 0.58 -1.4
v -4.0 -2.35 -1.75
v -3.875 -2.35 -1.75
v -3.625 -1.89 -1.6
v -3.875 -1.89 -1.6
v -6.2 0.58 -1.75
v -6.2 -0.62 -1.75
v -6.2 -0.62 -2.0
v -4.925 -0.62 -2.0
v -4.675 0.05 -0.5
v -4.925 0.05 -0.5
v -4.925 -0.62 -1.75
v -4.925 0.58 -1.75
v -5.95 -0.85 -1.45
v -5.95 -0.85 -0.25
v -5.275 -0.85 -0.25
v -5.275 -0.85 -1.45
v -3.125 -2.35 -0.2
v -2.875 -2.35 -0.2
v -3.125 -0.65 -1.4
v -2.875 -0.65 -1.4
v -3.125 1.71 -1.4
v -2.875 1.71 -1.4
v -3.125 -2.35 -1.75
v -2.875 -2.35 -1.75
v -3.125 -1.89 -1.6
v -3.375 -1.89 -1.6
v -2.125 -2.35 -0.2
v -1.875 -2.35 -0.2
v -2.125 -0.65 -1.4
v -1.875 -0.65 -1.4
v -2.125 1.71 -1.4
v -1.875 1.71 -1.4
v -2.125 -2.35 -1.75
v -1.875 -2.35 -1.75
v -2.625 -2.35 -0.2
v -2.375 -2.35 -0.2
v -2.625 -0.65 -1.4
v -2.375 -0.65 -1.4
v -2.625 1.71 -1.4
v -2.375 1.71 -1.4
v -2.625 -2.35 -1.75
v -2.375 -2.35 -1.75
v -2.125 -1.89 -1.6
v -2.375 -1.89 -1.6
v -2.625 -1.89 -1.6
v -2.875 -1.89 -1.6
v -1.625 -2.35 -0.2
v -1.375 -2.35 -0.2
v -1.625 -0.65 -1.4
v -1.375 -0.65 -1.4
v -1.625 1.71 -1.4
v -1.375 1.71 -1.4
v -1.625 -2.35 -1.75
v -1.375 -2.35 -1.75
v -1.625 -1.89 -1.6
v -1.875 -1.89 -1.6
v -1.125 -2.35 -0.2
v -0.875 -2.35 -0.2
v -1.125 -0.65 -1.4
v -0.875 -0.65 -1.4
v -1.125 1.71 -1.4
v -0.875 1.71 -1.4
v -1.125 -2.35 -1.75
v -0.875 -2.35 -1.75
v -1.125 -1.89 -1.6
v -1.375 -1.89 -1.6
v -0.625 -2.35 -0.2
v -0.375 -2.35 -0.2
v -0.625 -0.65 -1.4
v -0.375 -0.65 -1.4
v -0.625 1.71 -1.4
v -0.375 1.71 -1.4
v -0.625 -2.35 -1.75
v -0.375 -2.35 -1.75
v -0.625 -1.89 -1.6
v -0.875 -1.89 -1.6
v -0.125 -2.35 -0.2
v 0.125 -2.35 -0.2
v -0.125 -0.65 -1.4
v 0.125 -0.65 -1.4
v -0.125 1.71 -1.4
v 0.125 1.71 -1.4
v -0.125 -2.35 -1.75
v 0.125 -2.35 -1.75
v -0.125 -1.89 -1.6
v -0.375 -1.89 -1.6
v 0.375 -2.35 -0.2
v 0.625 -2.35 -0.2
v 0.375 -0.65 -1.4
v 0.625 -0.65 -1.4
v 0.375 1.71 -1.4
v 0.625 1.71 -1.4
v 0.375 -2.35 -1.75
v 0.625 -2.35 -1.75
v 0.375 -1.89 -1.6
v 0.125 -1.89 -1.6
v 0.875 -2.35 -0.2
v 1.125 -2.35 -0.2
v 0.875 -0.65 -1.4
v 1.125 -0.65 -1.4
v 0.875 1.71 -1.4
v 1.125 1.71 -1.4
v 0.875 -2.35 -1.75
v 1.125 -2.35 -1.75
v 0.875 -1.89 -1.6
v 0.625 -1.89 -1.6
v 1.375 -2.35 -0.2
v 1.625 -2.35 -0.2
v 1.375 -0.65 -1.4
v 1.625 -0.65 -1.4
v 1.375 1.71 -1.4
v 1.625 1.71 -1.4
v 1.375 -2.35 -1.75
v 1.625 -2.35 -1.75
v 1.375 -1.89 -1.6
v 1.125 -1.89 -1.6
v 1.875 -2.35 -0.2
v 2.125 -2.35 -0.2
v 1.875 -0.65 -1.4
v 2.125 -0.65 -1.4
v 1.875 1.71 -1.4
v 2.125 1.71 -1.4
v 1.875 -2.35 -1.75
v 2.125 -2.35 -1.75
v 1.875 -1.89 -1.6
v 1.625 -1.89 -1.6
v 2.875 -2.35 -0.2
v 3.125 -2.35 -0.2
v 2.875 -0.65 -1.4
v 3.125 -0.65 -1.4
v 2.875 1.71 -1.4
v 3.125 1.71 -1.4
v 2.875 -2.35 -1.75
v 3.125 -2.35 -1.75
v 2.375 -2.35 -0.2
v 2.625 -2.35 -0.2
v 2.375 -0.65 -1.4
v 2.625 -0.65 -1.4
v 2.375 1.71 -1.4
v 2.625 1.71 -1.4
v 2.375 -2.35 -1.75
v 2.625 -2.35 -1.75
v 2.875 -1.89 -1.6
v 2.625 -1.89 -1.6
v 3.375 -2.35 -0.2
v 3.625 -2.35 -0.2
v 3.375 -0.65 -1.4
v 3.625 -0.65 -1.4
v 3.375 1.71 -1.4
v 3.625 1.71 -1.4
v 3.375 -2.35 -1.75
v 3.625 -2.35 -1.75
v 3.375 -1.89 -1.6
v 3.125 -1.89 -1.6
v 3.875 -2.35 -1.75
v 3.875 -1.89 -1.6
v 3.625 -1.89 -1.6
v 2.375 -1.89 -1.6
v 2.125 -1.89 -1.6
v 0.583955 -0.202855 -1.99
v 0.629981 -0.417217 -1.99
newmtl 2
Ka 0.792156862745098 0.8196078431372549 0.9333333333333333
Kd 0.792156862745098 0.8196078431372549 0.9333333333333333
Ks 0.396078431372549 0.4117647058823529 0.4666666666666667
d 0.0
endmtl
v 0.56222 -0.093544 -1.99
v 0.553697 -0.059024 -1.99
v 0.551715 -0.053944 -1.99
v 0.550038 -0.050498 -1.99
v 0.548486 -0.048163 -1.99
v 0.546968 -0.046594 -1.99
v 0.545535 -0.045642 -1.99
v 0.544208 -0.045149 -1.99
v 0.543141 -0.045003 -1.99
v 0.542237 -0.045097 -1.99
v 0.541589 -0.045343 -1.99
v 0.540851 -0.045858 -1.99
v 0.539874 -0.04696 -1.99
v 0.538403 -0.049609 -1.99
v 0.537477 -0.053012 -1.99
v 0.535491 -0.068262 -1.99
v 0.533454 -0.08779 -1.99
v 0.526422 -0.148093 -1.99
v 0.524472 -0.176027 -1.99
v 0.52507 -0.189161 -1.99
v 0.528097 -0.197903 -1.99
v 0.530684 -0.202855 -1.99
v 0.537929 -0.215853 -1.99
v 0.556736 -0.278661 -1.99
v 0.572448 -0.342425 -1.99
v 0.720541 -1.02834 -1.99
v 0.740571 -1.02834 -1.99
v 0.880141 -0.411464 -1.99
v 0.8974 -0.339442 -1.99
v 0.905044 -0.30541 -1.99
v 0.91466 -0.271894 -1.99
v 0.924675 -0.24462 -1.99
v 0.933911 -0.218802 -1.99
v 0.939989 -0.20975 -1.99
v 0.945054 -0.203657 -1.99
v 0.946578 -0.201114 -1.99
v 0.947268 -0.198954 -1.99
v 0.947461 -0.195682 -1.99
v 0.94623 -0.181057 -1.99
v 0.945829 -0.175127 -1.99
v 0.944918 -0.159599 -1.99
v 0.939165 -0.095035 -1.99
v 0.936182 -0.070531 -1.99
v 0.935624 -0.062881 -1.99
v 0.93478 -0.057498 -1.99
v 0.934095 -0.053812 -1.99
v 0.933477 -0.051536 -1.99
v 0.932775 -0.049954 -1.99
v 0.931998 -0.048878 -1.99
v 0.931111 -0.04812 -1.99
v 0.929988 -0.04755 -1.99
v 0.928937 -0.047304 -1.99
v 0.927828 -0.047318 -1.99
v 0.926698 -0.047592 -1.99
v 0.925485 -0.048184 -1.99
v 0.924246 -0.049191 -1.99
v 0.92286 -0.051012 -1.99
v 0.921315 -0.054467 -1.99
v 0.920413 -0.057532 -1.99
v 0.910398 -0.115065 -1.99
v 0.825591 -0.464522 -1.99
v 0.730556 -0.890262 -1.99
v 0.637013 -0.467505 -1.99
v 0.822608 -0.486256 -1.99
v 0.783827 -0.523546 -1.99
v 0.747816 -0.499041 -1.99
v 0.734544 -0.492075 -1.99
v 0.693636 -0.47932 -1.99
v 0.637013 -0.467505 -2.0
v 0.730556 -0.890262 -2.0
v 0.693636 -0.47932 -2.0
v 0.734544 -0.492075 -2.0
v 0.747816 -0.499041 -2.0
v 0.783827 -0.523546 -2.0
v 0.822608 -0.486256 -2.0
v 0.006712 -0.93778 -1.99
v 0.032495 -0.916258 -1.99
v 6.08E-4 -0.942645 -1.99
v -0.003108 -0.946765 -1.99
v -0.005394 -0.950785 -1.99
v -0.006592 -0.955065 -1.99
v -0.006703 -0.958944 -1.99
v -0.005835 -0.962935 -1.99
v -0.00463 -0.965436 -1.99
v -0.002656 -0.967748 -1.99
v -5.33E-4 -0.969529 -1.99
v 0.025463 -0.965054 -1.99
v 0.055508 -0.965054 -1.99
v 0.067757 -0.967307 -1.99
v 0.080013 -0.969529 -1.99
v 0.110271 -0.972299 -1.99
v 0.16482 -0.988067 -1.99
v 0.196218 -0.994183 -1.99
v 0.228106 -0.996804 -1.99
v 0.272814 -0.993934 -1.99
v 0.306213 -0.985555 -1.99
v 0.331177 -0.972599 -1.99
v 0.352914 -0.953938 -1.99
v 0.37569 -0.92284 -1.99
v 0.396714 -0.87212 -1.99
v 0.420076 -0.724541 -1.99
v 0.428191 -0.499041 -1.99
v 0.417445 -0.353882 -1.99
v 0.392575 -0.2504 -1.99
v 0.361134 -0.188323 -1.99
v 0.336501 -0.156383 -1.99
v 0.312112 -0.135657 -1.99
v 0.284833 -0.122162 -1.99
v 0.224876 -0.11022 -1.99
v 0.172065 -0.103558 -1.99
v 0.108779 -0.096314 -1.99
v 0.085284 -0.090025 -1.99
v 0.070168 -0.080919 -1.99
v 0.06548 -0.078185 -1.99
v 0.064245 -0.077775 -1.99
v 0.060969 -0.077917 -1.99
v 0.059052 -0.078536 -1.99
v 0.054207 -0.08156 -1.99
v 0.03424 -0.098608 -1.99
v 0.020989 -0.112295 -1.99
v 0.003729 -0.130833 -1.99
v 1.5E-4 -0.134754 -1.99
v -0.002307 -0.137823 -1.99
v -0.003995 -0.140329 -1.99
v -0.005023 -0.14229 -1.99
v -0.005526 -0.14385 -1.99
v -0.005654 -0.145151 -1.99
v -0.005452 -0.146489 -1.99
v -0.004151 -0.149598 -1.99
v -0.003533 -0.150695 -1.99
v -0.002821 -0.151572 -1.99
v -0.00206 -0.152138 -1.99
v -8.55E-4 -0.152637 -1.99
v -4.65E-4 -0.15274 -1.99
v 0.002508 -0.153064 -1.99
v 0.008204 -0.152568 -1.99
v 0.028234 -0.152568 -1.99
v 0.051247 -0.152568 -1.99
v 0.051247 -0.906243 -1.99
v 0.041618 -0.910787 -1.99
v 0.091519 -0.916258 -1.99
v 0.091519 -0.155338 -1.99
v 0.275731 -0.17651 -1.99
v 0.243599 -0.168383 -1.99
v 0.199339 -0.162583 -1.99
v 0.136054 -0.155338 -1.99
v 0.11379 -0.154698 -1.99
v 0.118794 -0.927765 -1.99
v 0.180022 -0.941702 -1.99
v 0.242595 -0.946516 -1.99
v 0.277926 -0.939934 -1.99
v 0.298961 -0.186757 -1.99
v 0.30693 -0.92902 -1.99
v 0.323596 -0.917309 -1.99
v 0.342218 -0.895496 -1.99
v 0.316335 -0.200519 -1.99
v 0.332761 -0.221565 -1.99
v 0.362718 -0.289848 -1.99
v 0.358392 -0.864506 -1.99
v 0.371103 -0.821109 -1.99
v 0.387918 -0.625613 -1.99
v 0.386209 -0.435309 -1.99
v 0.199339 -0.162583 -2.0
v 0.136054 -0.155338 -2.0
v 0.243599 -0.168383 -2.0
v 0.275731 -0.17651 -2.0
v 0.298961 -0.186757 -2.0
v 0.316335 -0.200519 -2.0
v 0.332761 -0.221565 -2.0
v 0.362718 -0.289848 -2.0
v 0.386209 -0.435309 -2.0
v 0.387918 -0.625613 -2.0
v 0.371103 -0.821109 -2.0
v 0.358392 -0.864506 -2.0
v 0.342218 -0.895496 -2.0
v 0.323596 -0.917309 -2.0
v 0.30693 -0.92902 -2.0
v 0.277926 -0.939934 -2.0
v 0.242595 -0.946516 -2.0
v 0.180022 -0.941702 -2.0
v 0.118794 -0.927765 -2.0
v 0.091519 -0.916258 -2.0
v 0.091519 -0.155338 -2.0
v 0.11379 -0.154698 -2.0
v -0.30439 -0.608353 -1.99
v -0.425208 -0.592585 -1.99
v -0.254523 -0.618477 -1.99
v -0.2226 -0.62981 -1.99
v -0.208076 -0.638611 -1.99
v -0.195078 -0.645856 -1.99
v -0.153313 -0.604091 -1.99
v -0.150254 -0.60004 -1.99
v -0.148346 -0.59674 -1.99
v -0.147239 -0.593639 -1.99
v -0.146908 -0.591072 -1.99
v -0.147224 -0.588488 -1.99
v -0.148112 -0.586148 -1.99
v -0.149661 -0.583837 -1.99
v -0.151817 -0.581877 -1.99
v -0.153558 -0.580862 -1.99
v -0.156295 -0.579969 -1.99
v -0.160558 -0.579587 -1.99
v -0.425208 -0.542297 -1.99
v -0.425208 -0.152568 -1.99
v -0.210846 -0.182612 -1.99
v -0.190051 -0.188008 -1.99
v -0.170573 -0.197102 -1.99
v -0.157788 -0.204347 -1.99
v -0.117515 -0.159599 -1.99
v -0.113546 -0.154347 -1.99
v -0.112184 -0.151274 -1.99
v -0.111655 -0.148369 -1.99
v -0.111787 -0.145812 -1.99
v -0.112625 -0.143059 -1.99
v -0.114063 -0.14025 -1.99
v -0.115001 -0.139065 -1.99
v -0.116006 -0.138285 -1.99
v -0.117617 -0.137583 -1.99
v -0.122337 -0.136761 -1.99
v -0.126039 -0.136586 -1.99
v -0.14756 -0.135308 -1.99
v -0.256471 -0.121939 -1.99
v -0.364905 -0.10505 -1.99
v -0.430961 -0.093544 -1.99
v -0.446693 -0.087731 -1.99
v -0.456193 -0.085193 -1.99
v -0.463093 -0.084702 -1.99
v -0.468163 -0.085504 -1.99
v -0.472127 -0.087156 -1.99
v -0.475466 -0.089628 -1.99
v -0.477663 -0.092341 -1.99
v -0.479525 -0.096336 -1.99
v -0.480637 -0.101955 -1.99
v -0.479979 -0.1135 -1.99
v -0.47997 -0.113573 -1.99
v -0.470666 -0.149819 -1.99
v -0.466972 -0.187087 -1.99
v -0.466972 -0.214362 -1.99
v -0.466095 -0.232364 -1.99
v -0.465481 -0.250373 -1.99
v -0.466972 -0.909013 -1.99
v -0.482431 -0.926908 -1.99
v -0.49167 -0.938395 -1.99
v -0.497556 -0.946174 -1.99
v -0.500778 -0.952623 -1.99
v -0.502313 -0.958392 -1.99
v -0.502483 -0.96238 -1.99
v -0.502604 -0.965234 -1.99
v -0.502647 -0.968246 -1.99
v -0.502399 -0.969184 -1.99
v -0.501954 -0.969996 -1.99
v -0.50111 -0.970913 -1.99
v -0.499627 -0.971899 -1.99
v -0.497563 -0.97265 -1.99
v -0.494933 -0.972917 -1.99
v -0.489985 -0.972299 -1.99
v -0.46271 -0.968038 -1.99
v -0.438264 -0.965028 -1.99
v -0.413701 -0.965054 -1.99
v -0.40944 -0.965054 -1.99
v -0.381263 -0.965545 -1.99
v -0.353399 -0.969529 -1.99
v -0.297145 -0.979544 -1.99
v -0.247609 -0.989567 -1.99
v -0.207896 -1.00403 -1.99
v -0.200831 -1.00831 -1.99
v -0.187833 -1.016834 -1.99
v -0.146282 -0.973791 -1.99
v -0.143508 -0.969061 -1.99
v -0.141792 -0.965613 -1.99
v -0.140852 -0.963011 -1.99
v -0.140531 -0.960899 -1.99
v -0.140711 -0.958922 -1.99
v -0.141377 -0.956964 -1.99
v -0.142528 -0.955159 -1.99
v -0.144148 -0.953551 -1.99
v -0.14663 -0.952005 -1.99
v -0.149394 -0.951137 -1.99
v -0.153313 -0.950778 -1.99
v -0.176326 -0.947795 -1.99
v -0.210191 -0.943397 -1.99
v -0.244087 -0.939271 -1.99
v -0.425208 -0.909013 -1.99
v -0.644257 -0.995312 -1.99
v -0.665779 -0.995312 -1.99
v -0.644257 -0.611336 -1.99
v -0.671532 -0.611336 -1.99
v -0.679797 -0.790109 -1.99
v -0.703285 -0.883217 -1.99
v -0.722007 -0.917926 -1.99
v -0.739859 -0.93799 -1.99
v -0.762223 -0.953141 -1.99
v -0.784431 -0.961141 -1.99
v -0.798104 -0.963776 -1.99
v -0.828188 -0.961923 -1.99
v -0.853673 -0.953136 -1.99
v -0.878067 -0.937982 -1.99
v -0.902007 -0.914069 -1.99
v -0.926881 -0.874799 -1.99
v -0.960136 -0.778818 -1.99
v -0.97229 -0.707759 -1.99
v -0.978378 -0.484099 -1.99
v -0.977946 -0.476028 -1.99
v -0.942359 -0.270505 -1.99
v -0.919823 -0.210442 -1.99
v -0.890282 -0.168151 -1.99
v -0.869327 -0.148344 -1.99
v -0.850711 -0.136696 -1.99
v -0.832039 -0.130454 -1.99
v -0.80961 -0.128063 -1.99
v -0.776998 -0.130643 -1.99
v -0.745907 -0.142191 -1.99
v -0.720771 -0.159396 -1.99
v -0.700439 -0.182168 -1.99
v -0.682064 -0.216398 -1.99
v -0.662101 -0.299002 -1.99
v -0.652994 -0.359685 -1.99
v -0.645749 -0.435755 -1.99
v -0.622736 -0.434477 -1.99
v -0.63098 -0.286813 -1.99
v -0.649503 -0.199676 -1.99
v -0.671138 -0.154307 -1.99
v -0.693459 -0.124751 -1.99
v -0.72068 -0.102653 -1.99
v -0.753585 -0.08721 -1.99
v -0.78958 -0.080545 -1.99
v -0.830856 -0.082629 -1.99
v -0.86982 -0.09587 -1.99
v -0.898997 -0.113965 -1.99
v -0.923476 -0.139642 -1.99
v -0.95434 -0.1907 -1.99
v -0.993932 -0.307086 -1.99
v -1.011961 -0.422986 -1.99
v -1.018226 -0.625424 -1.99
v -1.010974 -0.699126 -1.99
v -0.979577 -0.845753 -1.99
v -0.947802 -0.919869 -1.99
v -0.918626 -0.959477 -1.99
v -0.882495 -0.989428 -1.99
v -0.858307 -1.003555 -1.99
v -0.836379 -1.010101 -1.99
v -0.80961 -1.01108 -1.99
v -0.767925 -1.000177 -1.99
v -0.73561 -0.982795 -1.99
v -0.704616 -0.954755 -1.99
v -0.688792 -0.933518 -1.99
v -0.676007 -0.910505 -1.99
v -1.440976 -1.048583 -1.99
v -1.37769 -0.969529 -1.99
v -1.392974 -0.937347 -1.99
v -1.3988 -0.89647 -1.99
v -1.399212 -0.878756 -1.99
v -1.399212 -0.145323 -1.99
v -1.2885 -0.15441 -1.99
v -1.235743 -0.16269 -1.99
v -1.216886 -0.167308 -1.99
v -1.205904 -0.173038 -1.99
v -1.191246 -0.185544 -1.99
v -1.185063 -0.188366 -1.99
v -1.151529 -0.158742 -1.99
v -1.135767 -0.144156 -1.99
v -1.130903 -0.13921 -1.99
v -1.12866 -0.135437 -1.99
v -1.12674 -0.12905 -1.99
v -1.126039 -0.123801 -1.99
v -1.127728 -0.120532 -1.99
v -1.128981 -0.119156 -1.99
v -1.131117 -0.117738 -1.99
v -1.134906 -0.116333 -1.99
v -1.137875 -0.115829 -1.99
v -1.159136 -0.115744 -1.99
v -1.218733 -0.107539 -1.99
v -1.243733 -0.104867 -1.99
v -1.327403 -0.097805 -1.99
v -1.387705 -0.092052 -1.99
v -1.420946 -0.089282 -1.99
v -1.430986 -0.086962 -1.99
v -1.434523 -0.087113 -1.99
v -1.436725 -0.087686 -1.99
v -1.438396 -0.088556 -1.99
v -1.43988 -0.08986 -1.99
v -1.441621 -0.092154 -1.99
v -1.443649 -0.096011 -1.99
v -1.444404 -0.099386 -1.99
v -1.444074 -0.107835 -1.99
v -1.439662 -0.1488 -1.99
v -1.439484 -0.151076 -1.99
v -1.436714 -0.235883 -1.99
v -1.436714 -0.88323 -1.99
v -1.437755 -0.953396 -1.99
v -1.448221 -1.022587 -1.99
v -1.450991 -1.037076 -1.99
v -3.35 -2.35 -0.3
v -3.35 -2.35 -0.482007
v -3.15 -2.35 -0.3
newmtl 3
Ka 0.6470588235294118 0.6196078431372549 0.5882352941176471
Kd 0.6470588235294118 0.6196078431372549 0.5882352941176471
Ks 0.45098039215686275 0.43529411764705883 0.4117647058823529
d 0.0
endmtl
v -3.15 -2.35 -0.482007
v -3.35 0.73496 -0.3
v -3.15 0.73496 -0.3
v -3.15 0.768606 -0.30443
v -3.35 0.768606 -0.30443
v -3.15 0.79996 -0.317417
v -3.35 0.79996 -0.317417
v -3.15 0.826884 -0.338076
v -3.35 0.826884 -0.338076
v -3.15 0.847543 -0.365
v -3.35 0.847543 -0.365
v -3.15 0.86053 -0.396354
v -3.35 0.86053 -0.396354
v -3.15 0.86496 -0.43
v -3.35 0.86496 -0.43
v -3.35 0.86496 -0.457276
v -3.15 0.86496 -0.457276
v -3.15 0.86053 -0.490923
v -3.35 0.86053 -0.490923
v -3.15 0.847543 -0.522276
v -3.35 0.847543 -0.522276
v -3.15 0.826884 -0.5492
v -3.35 0.826884 -0.5492
v -3.15 0.79996 -0.569859
v -3.35 0.79996 -0.569859
v -3.15 0.768606 -0.582846
v -3.35 0.768606 -0.582846
v -3.15 0.73496 -0.587276
v -3.35 0.73496 -0.587276
v -3.35 0.630855 -0.587276
v -3.15 0.630855 -0.587276
v -3.35 0.553075 -0.535866
v -3.15 0.553075 -0.535866
v -3.35 0.465507 -0.503859
v -3.15 0.465507 -0.503859
v -3.35 0.372907 -0.492993
v -3.15 0.372907 -0.492993
v -3.35 0.280308 -0.503859
v -3.15 0.280308 -0.503859
v -3.35 0.19274 -0.535866
v -3.15 0.19274 -0.535866
v -3.35 0.11496 -0.587276
v -3.15 0.11496 -0.587276
v -3.35 -1.33504 -0.587276
v -3.15 -1.33504 -0.587276
v -3.35 -1.412686 -0.597498
v -3.15 -1.412686 -0.597498
v -3.35 -1.48504 -0.627468
v -3.15 -1.48504 -0.627468
v -3.35 -1.547172 -0.675144
v -3.15 -1.547172 -0.675144
v -3.35 -1.594848 -0.737276
v -3.15 -1.594848 -0.737276
v -3.35 -1.624818 -0.80963
v -3.15 -1.624818 -0.80963
v -3.35 -1.63504 -0.887276
v -3.15 -1.63504 -0.887276
v -3.35 -1.63504 -0.969934
v -3.15 -1.63504 -0.969934
v -3.35 -1.624818 -1.04758
v -3.15 -1.624818 -1.04758
v -3.35 -1.594848 -1.119934
v -3.15 -1.594848 -1.119934
v -3.35 -1.547172 -1.182066
v -3.15 -1.547172 -1.182066
v -3.35 -1.48504 -1.229741
v -3.15 -1.48504 -1.229741
v -3.35 -1.412686 -1.259712
v -3.15 -1.412686 -1.259712
v -3.35 -1.33504 -1.269934
v -3.15 -1.33504 -1.269934
v -3.35 0.156805 -1.269934
v -3.15 0.156805 -1.269934
v -3.35 0.156805 -1.119934
v -3.15 0.156805 -1.119934
v -3.35 1.190689 -1.4
v -3.15 1.190689 -1.4
v -3.35 1.190689 -1.538062
v -3.15 1.190689 -1.538062
v -3.35 0.545003 -1.538062
v -3.15 0.545003 -1.538062
v -3.35 0.4652 -1.458258
v -3.15 0.4652 -1.458258
v -3.35 -1.28323 -1.6
v -3.15 -1.28323 -1.6
v -3.35 -2.099716 -1.6
v -3.15 -2.099716 -1.6
v -3.35 -2.099716 -1.85
v -3.15 -2.099716 -1.85
v -3.35 -2.399716 -1.85
v -3.15 -2.399716 -1.85
v -3.35 -2.549716 -2.0
v -3.15 -2.549716 -2.0
v -3.35 -3.05 -2.0
v -3.15 -3.05 -2.0
v -3.35 -3.05 -1.8
v -3.15 -3.05 -1.8
v -3.35 -2.65 -1.69282
v -3.15 -2.65 -1.69282
v -3.35 -2.22 -1.332007
v -3.15 -2.22 -1.332007
v -3.35 -2.22 -1.132007
v -3.15 -2.22 -1.132007
v -3.35 -2.35 -1.132007
v -3.15 -2.35 -1.132007
v -3.35 -2.35 -0.682007
v -3.15 -2.35 -0.682007
v -3.35 -2.22 -0.682007
v -3.15 -2.22 -0.682007
v -3.35 -2.22 -0.482007
v -3.15 -2.22 -0.482007
v -2.35 -2.35 -0.3
v -2.35 -2.35 -0.482007
v -2.15 -2.35 -0.3
v -2.15 -2.35 -0.482007
v -2.35 0.73496 -0.3
v -2.15 0.73496 -0.3
v -2.15 0.768606 -0.30443
v -2.35 0.768606 -0.30443
v -2.15 0.79996 -0.317417
v -2.35 0.79996 -0.317417
v -2.15 0.826884 -0.338076
v -2.35 0.826884 -0.338076
v -2.15 0.847543 -0.365
v -2.35 0.847543 -0.365
v -2.15 0.86053 -0.396354
v -2.35 0.86053 -0.396354
v -2.15 0.86496 -0.43
v -2.35 0.86496 -0.43
v -2.35 0.86496 -0.457276
v -2.15 0.86496 -0.457276
v -2.15 0.86053 -0.490923
v -2.35 0.86053 -0.490923
v -2.15 0.847543 -0.522276
v -2.35 0.847543 -0.522276
v -2.15 0.826884 -0.5492
v -2.35 0.826884 -0.5492
v -2.15 0.79996 -0.569859
v -2.35 0.79996 -0.569859
v -2.15 0.768606 -0.582846
v -2.35 0.768606 -0.582846
v -2.15 0.73496 -0.587276
v -2.35 0.73496 -0.587276
v -2.35 0.630855 -0.587276
v -2.15 0.630855 -0.587276
v -2.35 0.553075 -0.535866
v -2.15 0.553075 -0.535866
v -2.35 0.465507 -0.503859
v -2.15 0.465507 -0.503859
v -2.35 0.372907 -0.492993
v -2.15 0.372907 -0.492993
v -2.35 0.280308 -0.503859
v -2.15 0.280308 -0.503859
v -2.35 0.19274 -0.535866
v -2.15 0.19274 -0.535866
v -2.35 0.11496 -0.587276
v -2.15 0.11496 -0.587276
v -2.35 -1.33504 -0.587276
v -2.15 -1.33504 -0.587276
v -2.35 -1.412686 -0.597498
v -2.15 -1.412686 -0.597498
v -2.35 -1.48504 -0.627468
v -2.15 -1.48504 -0.627468
v -2.35 -1.547172 -0.675144
v -2.15 -1.547172 -0.675144
v -2.35 -1.594848 -0.737276
v -2.15 -1.594848 -0.737276
v -2.35 -1.624818 -0.80963
v -2.15 -1.624818 -0.80963
v -2.35 -1.63504 -0.887276
v -2.15 -1.63504 -0.887276
v -2.35 -1.63504 -0.969934
v -2.15 -1.63504 -0.969934
v -2.35 -1.624818 -1.04758
v -2.15 -1.624818 -1.04758
v -2.35 -1.594848 -1.119934
v -2.15 -1.594848 -1.119934
v -2.35 -1.547172 -1.182066
v -2.15 -1.547172 -1.182066
v -2.35 -1.48504 -1.229741
v -2.15 -1.48504 -1.229741
v -2.35 -1.412686 -1.259712
v -2.15 -1.412686 -1.259712
v -2.35 -1.33504 -1.269934
v -2.15 -1.33504 -1.269934
v -2.35 0.156805 -1.269934
v -2.15 0.156805 -1.269934
v -2.35 0.156805 -1.119934
v -2.15 0.156805 -1.119934
v -2.35 1.190689 -1.4
v -2.15 1.190689 -1.4
v -2.35 1.190689 -1.538062
v -2.15 1.190689 -1.538062
v -2.35 0.545003 -1.538062
v -2.15 0.545003 -1.538062
v -2.35 0.4652 -1.458258
v -2.15 0.4652 -1.458258
v -2.35 -1.28323 -1.6
v -2.15 -1.28323 -1.6
v -2.35 -2.099716 -1.6
v -2.15 -2.099716 -1.6
v -2.35 -2.099716 -1.85
v -2.15 -2.099716 -1.85
v -2.35 -2.399716 -1.85
v -2.15 -2.399716 -1.85
v -2.35 -2.549716 -2.0
v -2.15 -2.549716 -2.0
v -2.35 -3.05 -2.0
v -2.15 -3.05 -2.0
v -2.35 -3.05 -1.8
v -2.15 -3.05 -1.8
v -2.35 -2.65 -1.69282
v -2.15 -2.65 -1.69282
v -2.35 -2.22 -1.332007
v -2.15 -2.22 -1.332007
v -2.35 -2.22 -1.132007
v -2.15 -2.22 -1.132007
v -2.35 -2.35 -1.132007
v -2.15 -2.35 -1.132007
v -2.35 -2.35 -0.682007
v -2.15 -2.35 -0.682007
v -2.35 -2.22 -0.682007
v -2.15 -2.22 -0.682007
v -2.35 -2.22 -0.482007
v -2.15 -2.22 -0.482007
v -4.6 3.05 -1.103982
v -5.8 3.05 -1.103982
v -4.6 3.05 -0.403982
newmtl 4
Ka 0.1568627450980392 0.1568627450980392 0.1568627450980392
Kd 0.10980392156862745 0.10980392156862745 0.10980392156862745
Ks 0.00784313725490196 0.00784313725490196 0.00784313725490196
d 0.0
endmtl
v -5.8 3.05 -0.0
v 4.6 3.05 -0.403982
v 5.8 3.05 -0.0
v 4.6 3.05 -1.103982
v 5.8 3.05 -1.103982
v 5.25 2.16 0.0
v 5.8 2.16 0.0
v -5.8 2.16 0.0
v -5.25 2.16 0.0
v -5.25 1.55 0.0
v 5.25 1.55 0.0
v 5.25 0.946018 -0.603982
v -5.25 0.946018 -0.603982
v 5.25 0.601176 -0.603982
v -5.25 0.601176 -0.603982
v 5.25 0.601176 -1.103982
v -5.25 0.601176 -1.103982
v 5.8 2.16 -1.103982
v 5.25 2.16 -1.103982
v -4.4 2.85 -1.103982
v -5.8 2.16 -1.103982
v -5.25 2.16 -1.103982
v -4.4 2.05 -1.103982
v 4.4 2.05 -1.103982
v 4.4 2.85 -1.103982
v -4.4 2.85 -0.603982
v -4.4 2.05 -0.603982
v 4.4 2.85 -0.603982
v 4.4 2.05 -0.603982
v -1.85 -2.35 -0.3
v -1.85 -2.35 -0.482007
v -1.65 -2.35 -0.3
v -1.65 -2.35 -0.482007
v -1.85 0.73496 -0.3
v -1.65 0.73496 -0.3
v -1.65 0.768606 -0.30443
v -1.85 0.768606 -0.30443
v -1.65 0.79996 -0.317417
v -1.85 0.79996 -0.317417
v -1.65 0.826884 -0.338076
v -1.85 0.826884 -0.338076
v -1.65 0.847543 -0.365
v -1.85 0.847543 -0.365
v -1.65 0.86053 -0.396354
v -1.85 0.86053 -0.396354
v -1.65 0.86496 -0.43
v -1.85 0.86496 -0.43
v -1.85 0.86496 -0.457276
v -1.65 0.86496 -0.457276
v -1.65 0.86053 -0.490923
v -1.85 0.86053 -0.490923
v -1.65 0.847543 -0.522276
v -1.85 0.847543 -0.522276
v -1.65 0.826884 -0.5492
v -1.85 0.826884 -0.5492
v -1.65 0.79996 -0.569859
v -1.85 0.79996 -0.569859
v -1.65 0.768606 -0.582846
v -1.85 0.768606 -0.582846
v -1.65 0.73496 -0.587276
v -1.85 0.73496 -0.587276
v -1.85 0.630855 -0.587276
v -1.65 0.630855 -0.587276
v -1.85 0.553075 -0.535866
v -1.65 0.553075 -0.535866
v -1.85 0.465507 -0.503859
v -1.65 0.465507 -0.503859
v -1.85 0.372907 -0.492993
v -1.65 0.372907 -0.492993
v -1.85 0.280308 -0.503859
v -1.65 0.280308 -0.503859
v -1.85 0.19274 -0.535866
v -1.65 0.19274 -0.535866
v -1.85 0.11496 -0.587276
v -1.65 0.11496 -0.587276
v -1.85 -1.33504 -0.587276
v -1.65 -1.33504 -0.587276
v -1.85 -1.412686 -0.597498
v -1.65 -1.412686 -0.597498
v -1.85 -1.48504 -0.627468
v -1.65 -1.48504 -0.627468
v -1.85 -1.547172 -0.675144
v -1.65 -1.547172 -0.675144
v -1.85 -1.594848 -0.737276
v -1.65 -1.594848 -0.737276
v -1.85 -1.624818 -0.80963
v -1.65 -1.624818 -0.80963
v -1.85 -1.63504 -0.887276
v -1.65 -1.63504 -0.887276
v -1.85 -1.63504 -0.969934
v -1.65 -1.63504 -0.969934
v -1.85 -1.624818 -1.04758
v -1.65 -1.624818 -1.04758
v -1.85 -1.594848 -1.119934
v -1.65 -1.594848 -1.119934
v -1.85 -1.547172 -1.182066
v -1.65 -1.547172 -1.182066
v -1.85 -1.48504 -1.229741
v -1.65 -1.48504 -1.229741
v -1.85 -1.412686 -1.259712
v -1.65 -1.412686 -1.259712
v -1.85 -1.33504 -1.269934
v -1.65 -1.33504 -1.269934
v -1.85 0.156805 -1.269934
v -1.65 0.156805 -1.269934
v -1.85 0.156805 -1.119934
v -1.65 0.156805 -1.119934
v -1.85 1.190689 -1.4
v -1.65 1.190689 -1.4
v -1.85 1.190689 -1.538062
v -1.65 1.190689 -1.538062
v -1.85 0.545003 -1.538062
v -1.65 0.545003 -1.538062
v -1.85 0.4652 -1.458258
v -1.65 0.4652 -1.458258
v -1.85 -1.28323 -1.6
v -1.65 -1.28323 -1.6
v -1.85 -2.099716 -1.6
v -1.65 -2.099716 -1.6
v -1.85 -2.099716 -1.85
v -1.65 -2.099716 -1.85
v -1.85 -2.399716 -1.85
v -1.65 -2.399716 -1.85
v -1.85 -2.549716 -2.0
v -1.65 -2.549716 -2.0
v -1.85 -3.05 -2.0
v -1.65 -3.05 -2.0
v -1.85 -3.05 -1.8
v -1.65 -3.05 -1.8
v -1.85 -2.65 -1.69282
v -1.65 -2.65 -1.69282
v -1.85 -2.22 -1.332007
v -1.65 -2.22 -1.332007
v -1.85 -2.22 -1.132007
v -1.65 -2.22 -1.132007
v -1.85 -2.35 -1.132007
v -1.65 -2.35 -1.132007
v -1.85 -2.35 -0.682007
v -1.65 -2.35 -0.682007
v -1.85 -2.22 -0.682007
v -1.65 -2.22 -0.682007
v -1.85 -2.22 -0.482007
v -1.65 -2.22 -0.482007
v 4.7 0.48 -1.4
v 4.7 0.48 -2.0
v 4.7 0.05 -1.4
v 4.7 -2.04 -2.0
v 4.7 0.05 -0.6
v 4.7 -2.04 -0.6
v 6.13 0.48 -1.8
v 6.13 0.48 -2.0
v 4.9 0.48 -1.8
v 4.9 0.48 -1.4
v 4.9 -2.04 -2.0
v 4.9 -0.52 -2.0
v 4.9 -2.04 -0.6
v 4.9 -0.52 -1.8
v 4.9 0.05 -0.6
v 4.9 0.05 -1.4
v 5.954089 -0.097725 -2.0
v 5.966077 -0.126667 -2.0
v 5.966077 0.086667 -2.0
v 5.985147 0.111519 -2.0
v 6.01 0.13059 -2.0
v 5.985147 -0.151519 -2.0
v 6.01 -0.17059 -2.0
v 6.13 -0.52 -2.0
v 6.038942 -0.182578 -2.0
v 6.07 -0.186667 -2.0
v 6.245911 0.391058 -2.0
v 6.25 0.36 -2.0
v 6.07 0.146667 -2.0
v 5.954089 0.057725 -2.0
v 5.95 0.026667 -2.0
v 5.95 -0.066667 -2.0
v 6.245911 -0.275608 -2.0
v 6.25 -0.306667 -2.0
v 6.13 -0.186667 -2.0
v 6.233923 -0.46 -2.0
v 6.214853 -0.484853 -2.0
v 6.245911 -0.431058 -2.0
v 6.038942 0.142578 -2.0
v 6.161058 0.475911 -2.0
v 6.19 0.463923 -2.0
v 6.13 0.146667 -2.0
v 6.25 0.266667 -2.0
v 6.245911 0.235608 -2.0
v 6.19 -0.202744 -2.0
v 6.214853 -0.221814 -2.0
v 6.233923 -0.246667 -2.0
v 6.25 -0.4 -2.0
v 6.19 -0.503923 -2.0
v 6.161058 -0.515911 -2.0
v 6.214853 0.444853 -2.0
v 6.233923 0.42 -2.0
v 6.233923 0.206667 -2.0
v 6.214853 0.181814 -2.0
v 6.161058 0.150756 -2.0
v 6.19 0.162744 -2.0
v 6.161058 -0.190756 -2.0
v 6.25 0.36 -1.8
v 6.245911 0.391058 -1.8
v 6.233923 0.42 -1.8
v 6.214853 0.444853 -1.8
v 6.19 0.463923 -1.8
v 6.161058 0.475911 -1.8
v 6.25 0.266667 -1.8
v 6.13 0.146667 -1.8
v 6.161058 0.150756 -1.8
v 6.19 0.162744 -1.8
v 6.214853 0.181814 -1.8
v 6.233923 0.206667 -1.8
v 6.245911 0.235608 -1.8
v 6.07 0.146667 -1.8
v 5.95 0.026667 -1.8
v 5.954089 0.057725 -1.8
v 5.966077 0.086667 -1.8
v 5.985147 0.111519 -1.8
v 6.01 0.13059 -1.8
v 6.038942 0.142578 -1.8
v 5.95 -0.066667 -1.8
v 6.07 -0.186667 -1.8
v 6.038942 -0.182578 -1.8
v 6.01 -0.17059 -1.8
v 5.985147 -0.151519 -1.8
v 5.966077 -0.126667 -1.8
v 5.954089 -0.097725 -1.8
v 6.13 -0.186667 -1.8
v 6.25 -0.306667 -1.8
v 6.245911 -0.275608 -1.8
v 6.233923 -0.246667 -1.8
v 6.214853 -0.221814 -1.8
v 6.19 -0.202744 -1.8
v 6.161058 -0.190756 -1.8
v 6.25 -0.4 -1.8
v 6.13 -0.52 -1.8
v 6.161058 -0.515911 -1.8
v 6.19 -0.503923 -1.8
v 6.214853 -0.484853 -1.8
v 6.233923 -0.46 -1.8
v 6.245911 -0.431058 -1.8
v -3.85 -2.35 -0.3
v -3.85 -2.35 -0.482007
v -3.65 -2.35 -0.3
v -3.65 -2.35 -0.482007
v -3.85 0.73496 -0.3
v -3.65 0.73496 -0.3
v -3.65 0.768606 -0.30443
v -3.85 0.768606 -0.30443
v -3.65 0.79996 -0.317417
v -3.85 0.79996 -0.317417
v -3.65 0.826884 -0.338076
v -3.85 0.826884 -0.338076
v -3.65 0.847543 -0.365
v -3.85 0.847543 -0.365
v -3.65 0.86053 -0.396354
v -3.85 0.86053 -0.396354
v -3.65 0.86496 -0.43
v -3.85 0.86496 -0.43
v -3.85 0.86496 -0.457276
v -3.65 0.86496 -0.457276
v -3.65 0.86053 -0.490923
v -3.85 0.86053 -0.490923
v -3.65 0.847543 -0.522276
v -3.85 0.847543 -0.522276
v -3.65 0.826884 -0.5492
v -3.85 0.826884 -0.5492
v -3.65 0.79996 -0.569859
v -3.85 0.79996 -0.569859
v -3.65 0.768606 -0.582846
v -3.85 0.768606 -0.582846
v -3.65 0.73496 -0.587276
v -3.85 0.73496 -0.587276
v -3.85 0.630855 -0.587276
v -3.65 0.630855 -0.587276
v -3.85 0.553075 -0.535866
v -3.65 0.553075 -0.535866
v -3.85 0.465507 -0.503859
v -3.65 0.465507 -0.503859
v -3.85 0.372907 -0.492993
v -3.65 0.372907 -0.492993
v -3.85 0.280308 -0.503859
v -3.65 0.280308 -0.503859
v -3.85 0.19274 -0.535866
v -3.65 0.19274 -0.535866
v -3.85 0.11496 -0.587276
v -3.65 0.11496 -0.587276
v -3.85 -1.33504 -0.587276
v -3.65 -1.33504 -0.587276
v -3.85 -1.412686 -0.597498
v -3.65 -1.412686 -0.597498
v -3.85 -1.48504 -0.627468
v -3.65 -1.48504 -0.627468
v -3.85 -1.547172 -0.675144
v -3.65 -1.547172 -0.675144
v -3.85 -1.594848 -0.737276
v -3.65 -1.594848 -0.737276
v -3.85 -1.624818 -0.80963
v -3.65 -1.624818 -0.80963
v -3.85 -1.63504 -0.887276
v -3.65 -1.63504 -0.887276
v -3.85 -1.63504 -0.969934
v -3.65 -1.63504 -0.969934
v -3.85 -1.624818 -1.04758
v -3.65 -1.624818 -1.04758
v -3.85 -1.594848 -1.119934
v -3.65 -1.594848 -1.119934
v -3.85 -1.547172 -1.182066
v -3.65 -1.547172 -1.182066
v -3.85 -1.48504 -1.229741
v -3.65 -1.48504 -1.229741
v -3.85 -1.412686 -1.259712
v -3.65 -1.412686 -1.259712
v -3.85 -1.33504 -1.269934
v -3.65 -1.33504 -1.269934
v -3.85 0.156805 -1.269934
v -3.65 0.156805 -1.269934
v -3.85 0.156805 -1.119934
v -3.65 0.156805 -1.119934
v -3.85 1.190689 -1.4
v -3.65 1.190689 -1.4
v -3.85 1.190689 -1.538062
v -3.65 1.190689 -1.538062
v -3.85 0.545003 -1.538062
v -3.65 0.545003 -1.538062
v -3.85 0.4652 -1.458258
v -3.65 0.4652 -1.458258
v -3.85 -1.28323 -1.6
v -3.65 -1.28323 -1.6
v -3.85 -2.099716 -1.6
v -3.65 -2.099716 -1.6
v -3.85 -2.099716 -1.85
v -3.65 -2.099716 -1.85
v -3.85 -2.399716 -1.85
v -3.65 -2.399716 -1.85
v -3.85 -2.549716 -2.0
v -3.65 -2.549716 -2.0
v -3.85 -3.05 -2.0
v -3.65 -3.05 -2.0
v -3.85 -3.05 -1.8
v -3.65 -3.05 -1.8
v -3.85 -2.65 -1.69282
v -3.65 -2.65 -1.69282
v -3.85 -2.22 -1.332007
v -3.65 -2.22 -1.332007
v -3.85 -2.22 -1.132007
v -3.65 -2.22 -1.132007
v -3.85 -2.35 -1.132007
v -3.65 -2.35 -1.132007
v -3.85 -2.35 -0.682007
v -3.65 -2.35 -0.682007
v -3.85 -2.22 -0.682007
v -3.65 -2.22 -0.682007
v -3.85 -2.22 -0.482007
v -3.65 -2.22 -0.482007
v -4.7 0.48 -2.0
v -4.7 0.48 -1.4
v -4.7 0.05 -1.4
v -4.7 0.05 -0.6
v -4.7 -2.04 -0.6
v -4.7 -2.04 -2.0
v -4.9 0.48 -1.4
v -4.9 0.48 -1.8
v -6.13 0.48 -1.8
v -6.13 0.48 -2.0
v -4.9 -2.04 -0.6
v -4.9 0.05 -0.6
v -4.9 -2.04 -2.0
v -4.9 0.05 -1.4
v -4.9 -0.52 -1.8
v -4.9 -0.52 -2.0
v -5.985147 -0.151519 -2.0
v -5.966077 -0.126667 -2.0
v -6.01 -0.17059 -2.0
v -5.954089 0.057725 -2.0
v -5.966077 0.086667 -2.0
v -6.214853 -0.484853 -2.0
v -6.233923 -0.46 -2.0
v -6.07 -0.186667 -2.0
v -6.19 -0.503923 -2.0
v -5.954089 -0.097725 -2.0
v -5.95 -0.066667 -2.0
v -5.95 0.026667 -2.0
v -5.985147 0.111519 -2.0
v -6.01 0.13059 -2.0
v -6.038942 0.142578 -2.0
v -6.07 0.146667 -2.0
v -6.245911 -0.431058 -2.0
v -6.25 -0.4 -2.0
v -6.13 -0.186667 -2.0
v -6.25 -0.306667 -2.0
v -6.245911 -0.275608 -2.0
v -6.038942 -0.182578 -2.0
v -6.13 -0.52 -2.0
v -6.161058 -0.515911 -2.0
v -6.233923 -0.246667 -2.0
v -6.214853 -0.221814 -2.0
v -6.161058 -0.190756 -2.0
v -6.19 -0.202744 -2.0
v -6.25 0.36 -2.0
v -6.25 0.266667 -2.0
v -6.13 0.146667 -2.0
v -6.245911 0.235608 -2.0
v -6.19 0.162744 -2.0
v -6.214853 0.181814 -2.0
v -6.233923 0.206667 -2.0
v -6.245911 0.391058 -2.0
v -6.233923 0.42 -2.0
v -6.214853 0.444853 -2.0
v -6.19 0.463923 -2.0
v -6.161058 0.475911 -2.0
v -6.161058 0.150756 -2.0
v -6.161058 0.475911 -1.8
v -6.19 0.463923 -1.8
v -6.214853 0.444853 -1.8
v -6.233923 0.42 -1.8
v -6.245911 0.391058 -1.8
v -6.25 0.36 -1.8
v -6.25 0.266667 -1.8
v -6.245911 0.235608 -1.8
v -6.233923 0.206667 -1.8
v -6.214853 0.181814 -1.8
v -6.19 0.162744 -1.8
v -6.161058 0.150756 -1.8
v -6.13 0.146667 -1.8
v -6.07 0.146667 -1.8
v -6.038942 0.142578 -1.8
v -6.01 0.13059 -1.8
v -5.985147 0.111519 -1.8
v -5.966077 0.086667 -1.8
v -5.954089 0.057725 -1.8
v -5.95 0.026667 -1.8
v -5.95 -0.066667 -1.8
v -5.954089 -0.097725 -1.8
v -5.966077 -0.126667 -1.8
v -5.985147 -0.151519 -1.8
v -6.01 -0.17059 -1.8
v -6.038942 -0.182578 -1.8
v -6.07 -0.186667 -1.8
v -6.13 -0.186667 -1.8
v -6.161058 -0.190756 -1.8
v -6.19 -0.202744 -1.8
v -6.214853 -0.221814 -1.8
v -6.233923 -0.246667 -1.8
v -6.245911 -0.275608 -1.8
v -6.25 -0.306667 -1.8
v -6.25 -0.4 -1.8
v -6.245911 -0.431058 -1.8
v -6.233923 -0.46 -1.8
v -6.214853 -0.484853 -1.8
v -6.19 -0.503923 -1.8
v -6.161058 -0.515911 -1.8
v -6.13 -0.52 -1.8
v -2.85 -2.35 -0.3
v -2.85 -2.35 -0.482007
v -2.65 -2.35 -0.3
v -2.65 -2.35 -0.482007
v -2.85 0.73496 -0.3
v -2.65 0.73496 -0.3
v -2.65 0.768606 -0.30443
v -2.85 0.768606 -0.30443
v -2.65 0.79996 -0.317417
v -2.85 0.79996 -0.317417
v -2.65 0.826884 -0.338076
v -2.85 0.826884 -0.338076
v -2.65 0.847543 -0.365
v -2.85 0.847543 -0.365
v -2.65 0.86053 -0.396354
v -2.85 0.86053 -0.396354
v -2.65 0.86496 -0.43
v -2.85 0.86496 -0.43
v -2.85 0.86496 -0.457276
v -2.65 0.86496 -0.457276
v -2.65 0.86053 -0.490923
v -2.85 0.86053 -0.490923
v -2.65 0.847543 -0.522276
v -2.85 0.847543 -0.522276
v -2.65 0.826884 -0.5492
v -2.85 0.826884 -0.5492
v -2.65 0.79996 -0.569859
v -2.85 0.79996 -0.569859
v -2.65 0.768606 -0.582846
v -2.85 0.768606 -0.582846
v -2.65 0.73496 -0.587276
v -2.85 0.73496 -0.587276
v -2.85 0.630855 -0.587276
v -2.65 0.630855 -0.587276
v -2.85 0.553075 -0.535866
v -2.65 0.553075 -0.535866
v -2.85 0.465507 -0.503859
v -2.65 0.465507 -0.503859
v -2.85 0.372907 -0.492993
v -2.65 0.372907 -0.492993
v -2.85 0.280308 -0.503859
v -2.65 0.280308 -0.503859
v -2.85 0.19274 -0.535866
v -2.65 0.19274 -0.535866
v -2.85 0.11496 -0.587276
v -2.65 0.11496 -0.587276
v -2.85 -1.33504 -0.587276
v -2.65 -1.33504 -0.587276
v -2.85 -1.412686 -0.597498
v -2.65 -1.412686 -0.597498
v -2.85 -1.48504 -0.627468
v -2.65 -1.48504 -0.627468
v -2.85 -1.547172 -0.675144
v -2.65 -1.547172 -0.675144
v -2.85 -1.594848 -0.737276
v -2.65 -1.594848 -0.737276
v -2.85 -1.624818 -0.80963
v -2.65 -1.624818 -0.80963
v -2.85 -1.63504 -0.887276
v -2.65 -1.63504 -0.887276
v -2.85 -1.63504 -0.969934
v -2.65 -1.63504 -0.969934
v -2.85 -1.624818 -1.04758
v -2.65 -1.624818 -1.04758
v -2.85 -1.594848 -1.119934
v -2.65 -1.594848 -1.119934
v -2.85 -1.547172 -1.182066
v -2.65 -1.547172 -1.182066
v -2.85 -1.48504 -1.229741
v -2.65 -1.48504 -1.229741
v -2.85 -1.412686 -1.259712
v -2.65 -1.412686 -1.259712
v -2.85 -1.33504 -1.269934
v -2.65 -1.33504 -1.269934
v -2.85 0.156805 -1.269934
v -2.65 0.156805 -1.269934
v -2.85 0.156805 -1.119934
v -2.65 0.156805 -1.119934
v -2.85 1.190689 -1.4
v -2.65 1.190689 -1.4
v -2.85 1.190689 -1.538062
v -2.65 1.190689 -1.538062
v -2.85 0.545003 -1.538062
v -2.65 0.545003 -1.538062
v -2.85 0.4652 -1.458258
v -2.65 0.4652 -1.458258
v -2.85 -1.28323 -1.6
v -2.65 -1.28323 -1.6
v -2.85 -2.099716 -1.6
v -2.65 -2.099716 -1.6
v -2.85 -2.099716 -1.85
v -2.65 -2.099716 -1.85
v -2.85 -2.399716 -1.85
v -2.65 -2.399716 -1.85
v -2.85 -2.549716 -2.0
v -2.65 -2.549716 -2.0
v -2.85 -3.05 -2.0
v -2.65 -3.05 -2.0
v -2.85 -3.05 -1.8
v -2.65 -3.05 -1.8
v -2.85 -2.65 -1.69282
v -2.65 -2.65 -1.69282
v -2.85 -2.22 -1.332007
v -2.65 -2.22 -1.332007
v -2.85 -2.22 -1.132007
v -2.65 -2.22 -1.132007
v -2.85 -2.35 -1.132007
v -2.65 -2.35 -1.132007
v -2.85 -2.35 -0.682007
v -2.65 -2.35 -0.682007
v -2.85 -2.22 -0.682007
v -2.65 -2.22 -0.682007
v -2.85 -2.22 -0.482007
v -2.65 -2.22 -0.482007
v 0.15 -2.35 -0.3
v 0.15 -2.35 -0.482007
v 0.35 -2.35 -0.3
v 0.35 -2.35 -0.482007
v 0.15 0.73496 -0.3
v 0.35 0.73496 -0.3
v 0.35 0.768606 -0.30443
v 0.15 0.768606 -0.30443
v 0.35 0.79996 -0.317417
v 0.15 0.79996 -0.317417
v 0.35 0.826884 -0.338076
v 0.15 0.826884 -0.338076
v 0.35 0.847543 -0.365
v 0.15 0.847543 -0.365
v 0.35 0.86053 -0.396354
v 0.15 0.86053 -0.396354
v 0.35 0.86496 -0.43
v 0.15 0.86496 -0.43
v 0.15 0.86496 -0.457276
v 0.35 0.86496 -0.457276
v 0.35 0.86053 -0.490923
v 0.15 0.86053 -0.490923
v 0.35 0.847543 -0.522276
v 0.15 0.847543 -0.522276
v 0.35 0.826884 -0.5492
v 0.15 0.826884 -0.5492
v 0.35 0.79996 -0.569859
v 0.15 0.79996 -0.569859
v 0.35 0.768606 -0.582846
v 0.15 0.768606 -0.582846
v 0.35 0.73496 -0.587276
v 0.15 0.73496 -0.587276
v 0.15 0.630855 -0.587276
v 0.35 0.630855 -0.587276
v 0.15 0.553075 -0.535866
v 0.35 0.553075 -0.535866
v 0.15 0.465507 -0.503859
v 0.35 0.465507 -0.503859
v 0.15 0.372907 -0.492993
v 0.35 0.372907 -0.492993
v 0.15 0.280308 -0.503859
v 0.35 0.280308 -0.503859
v 0.15 0.19274 -0.535866
v 0.35 0.19274 -0.535866
v 0.15 0.11496 -0.587276
v 0.35 0.11496 -0.587276
v 0.15 -1.33504 -0.587276
v 0.35 -1.33504 -0.587276
v 0.15 -1.412686 -0.597498
v 0.35 -1.412686 -0.597498
v 0.15 -1.48504 -0.627468
v 0.35 -1.48504 -0.627468
v 0.15 -1.547172 -0.675144
v 0.35 -1.547172 -0.675144
v 0.15 -1.594848 -0.737276
v 0.35 -1.594848 -0.737276
v 0.15 -1.624818 -0.80963
v 0.35 -1.624818 -0.80963
v 0.15 -1.63504 -0.887276
v 0.35 -1.63504 -0.887276
v 0.15 -1.63504 -0.969934
v 0.35 -1.63504 -0.969934
v 0.15 -1.624818 -1.04758
v 0.35 -1.624818 -1.04758
v 0.15 -1.594848 -1.119934
v 0.35 -1.594848 -1.119934
v 0.15 -1.547172 -1.182066
v 0.35 -1.547172 -1.182066
v 0.15 -1.48504 -1.229741
v 0.35 -1.48504 -1.229741
v 0.15 -1.412686 -1.259712
v 0.35 -1.412686 -1.259712
v 0.15 -1.33504 -1.269934
v 0.35 -1.33504 -1.269934
v 0.15 0.156805 -1.269934
v 0.35 0.156805 -1.269934
v 0.15 0.156805 -1.119934
v 0.35 0.156805 -1.119934
v 0.15 1.190689 -1.4
v 0.35 1.190689 -1.4
v 0.15 1.190689 -1.538062
v 0.35 1.190689 -1.538062
v 0.15 0.545003 -1.538062
v 0.35 0.545003 -1.538062
v 0.15 0.4652 -1.458258
v 0.35 0.4652 -1.458258
v 0.15 -1.28323 -1.6
v 0.35 -1.28323 -1.6
v 0.15 -2.099716 -1.6
v 0.35 -2.099716 -1.6
v 0.15 -2.099716 -1.85
v 0.35 -2.099716 -1.85
v 0.15 -2.399716 -1.85
v 0.35 -2.399716 -1.85
v 0.15 -2.549716 -2.0
v 0.35 -2.549716 -2.0
v 0.15 -3.05 -2.0
v 0.35 -3.05 -2.0
v 0.15 -3.05 -1.8
v 0.35 -3.05 -1.8
v 0.15 -2.65 -1.69282
v 0.35 -2.65 -1.69282
v 0.15 -2.22 -1.332007
v 0.35 -2.22 -1.332007
v 0.15 -2.22 -1.132007
v 0.35 -2.22 -1.132007
v 0.15 -2.35 -1.132007
v 0.35 -2.35 -1.132007
v 0.15 -2.35 -0.682007
v 0.35 -2.35 -0.682007
v 0.15 -2.22 -0.682007
v 0.35 -2.22 -0.682007
v 0.15 -2.22 -0.482007
v 0.35 -2.22 -0.482007
v 2.65 -2.35 -0.3
v 2.65 -2.35 -0.482007
v 2.85 -2.35 -0.3
v 2.85 -2.35 -0.482007
v 2.65 0.73496 -0.3
v 2.85 0.73496 -0.3
v 2.85 0.768606 -0.30443
v 2.65 0.768606 -0.30443
v 2.85 0.79996 -0.317417
v 2.65 0.79996 -0.317417
v 2.85 0.826884 -0.338076
v 2.65 0.826884 -0.338076
v 2.85 0.847543 -0.365
v 2.65 0.847543 -0.365
v 2.85 0.86053 -0.396354
v 2.65 0.86053 -0.396354
v 2.85 0.86496 -0.43
v 2.65 0.86496 -0.43
v 2.65 0.86496 -0.457276
v 2.85 0.86496 -0.457276
v 2.85 0.86053 -0.490923
v 2.65 0.86053 -0.490923
v 2.85 0.847543 -0.522276
v 2.65 0.847543 -0.522276
v 2.85 0.826884 -0.5492
v 2.65 0.826884 -0.5492
v 2.85 0.79996 -0.569859
v 2.65 0.79996 -0.569859
v 2.85 0.768606 -0.582846
v 2.65 0.768606 -0.582846
v 2.85 0.73496 -0.587276
v 2.65 0.73496 -0.587276
v 2.65 0.630855 -0.587276
v 2.85 0.630855 -0.587276
v 2.65 0.553075 -0.535866
v 2.85 0.553075 -0.535866
v 2.65 0.465507 -0.503859
v 2.85 0.465507 -0.503859
v 2.65 0.372907 -0.492993
v 2.85 0.372907 -0.492993
v 2.65 0.280308 -0.503859
v 2.85 0.280308 -0.503859
v 2.65 0.19274 -0.535866
v 2.85 0.19274 -0.535866
v 2.65 0.11496 -0.587276
v 2.85 0.11496 -0.587276
v 2.65 -1.33504 -0.587276
v 2.85 -1.33504 -0.587276
v 2.65 -1.412686 -0.597498
v 2.85 -1.412686 -0.597498
v 2.65 -1.48504 -0.627468
v 2.85 -1.48504 -0.627468
v 2.65 -1.547172 -0.675144
v 2.85 -1.547172 -0.675144
v 2.65 -1.594848 -0.737276
v 2.85 -1.594848 -0.737276
v 2.65 -1.624818 -0.80963
v 2.85 -1.624818 -0.80963
v 2.65 -1.63504 -0.887276
v 2.85 -1.63504 -0.887276
v 2.65 -1.63504 -0.969934
v 2.85 -1.63504 -0.969934
v 2.65 -1.624818 -1.04758
v 2.85 -1.624818 -1.04758
v 2.65 -1.594848 -1.119934
v 2.85 -1.594848 -1.119934
v 2.65 -1.547172 -1.182066
v 2.85 -1.547172 -1.182066
v 2.65 -1.48504 -1.229741
v 2.85 -1.48504 -1.229741
v 2.65 -1.412686 -1.259712
v 2.85 -1.412686 -1.259712
v 2.65 -1.33504 -1.269934
v 2.85 -1.33504 -1.269934
v 2.65 0.156805 -1.269934
v 2.85 0.156805 -1.269934
v 2.65 0.156805 -1.119934
v 2.85 0.156805 -1.119934
v 2.65 1.190689 -1.4
v 2.85 1.190689 -1.4
v 2.65 1.190689 -1.538062
v 2.85 1.190689 -1.538062
v 2.65 0.545003 -1.538062
v 2.85 0.545003 -1.538062
v 2.65 0.4652 -1.458258
v 2.85 0.4652 -1.458258
v 2.65 -1.28323 -1.6
v 2.85 -1.28323 -1.6
v 2.65 -2.099716 -1.6
v 2.85 -2.099716 -1.6
v 2.65 -2.099716 -1.85
v 2.85 -2.099716 -1.85
v 2.65 -2.399716 -1.85
v 2.85 -2.399716 -1.85
v 2.65 -2.549716 -2.0
v 2.85 -2.549716 -2.0
v 2.65 -3.05 -2.0
v 2.85 -3.05 -2.0
v 2.65 -3.05 -1.8
v 2.85 -3.05 -1.8
v 2.65 -2.65 -1.69282
v 2.85 -2.65 -1.69282
v 2.65 -2.22 -1.332007
v 2.85 -2.22 -1.332007
v 2.65 -2.22 -1.132007
v 2.85 -2.22 -1.132007
v 2.65 -2.35 -1.132007
v 2.85 -2.35 -1.132007
v 2.65 -2.35 -0.682007
v 2.85 -2.35 -0.682007
v 2.65 -2.22 -0.682007
v 2.85 -2.22 -0.682007
v 2.65 -2.22 -0.482007
v 2.85 -2.22 -0.482007
v 0.65 -2.35 -0.3
v 0.65 -2.35 -0.482007
v 0.85 -2.35 -0.3
v 0.85 -2.35 -0.482007
v 0.65 0.73496 -0.3
v 0.85 0.73496 -0.3
v 0.85 0.768606 -0.30443
v 0.65 0.768606 -0.30443
v 0.85 0.79996 -0.317417
v 0.65 0.79996 -0.317417
v 0.85 0.826884 -0.338076
v 0.65 0.826884 -0.338076
v 0.85 0.847543 -0.365
v 0.65 0.847543 -0.365
v 0.85 0.86053 -0.396354
v 0.65 0.86053 -0.396354
v 0.85 0.86496 -0.43
v 0.65 0.86496 -0.43
v 0.65 0.86496 -0.457276
v 0.85 0.86496 -0.457276
v 0.85 0.86053 -0.490923
v 0.65 0.86053 -0.490923
v 0.85 0.847543 -0.522276
v 0.65 0.847543 -0.522276
v 0.85 0.826884 -0.5492
v 0.65 0.826884 -0.5492
v 0.85 0.79996 -0.569859
v 0.65 0.79996 -0.569859
v 0.85 0.768606 -0.582846
v 0.65 0.768606 -0.582846
v 0.85 0.73496 -0.587276
v 0.65 0.73496 -0.587276
v 0.65 0.630855 -0.587276
v 0.85 0.630855 -0.587276
v 0.65 0.553075 -0.535866
v 0.85 0.553075 -0.535866
v 0.65 0.465507 -0.503859
v 0.85 0.465507 -0.503859
v 0.65 0.372907 -0.492993
v 0.85 0.372907 -0.492993
v 0.65 0.280308 -0.503859
v 0.85 0.280308 -0.503859
v 0.65 0.19274 -0.535866
v 0.85 0.19274 -0.535866
v 0.65 0.11496 -0.587276
v 0.85 0.11496 -0.587276
v 0.65 -1.33504 -0.587276
v 0.85 -1.33504 -0.587276
v 0.65 -1.412686 -0.597498
v 0.85 -1.412686 -0.597498
v 0.65 -1.48504 -0.627468
v 0.85 -1.48504 -0.627468
v 0.65 -1.547172 -0.675144
v 0.85 -1.547172 -0.675144
v 0.65 -1.594848 -0.737276
v 0.85 -1.594848 -0.737276
v 0.65 -1.624818 -0.80963
v 0.85 -1.624818 -0.80963
v 0.65 -1.63504 -0.887276
v 0.85 -1.63504 -0.887276
v 0.65 -1.63504 -0.969934
v 0.85 -1.63504 -0.969934
v 0.65 -1.624818 -1.04758
v 0.85 -1.624818 -1.04758
v 0.65 -1.594848 -1.119934
v 0.85 -1.594848 -1.119934
v 0.65 -1.547172 -1.182066
v 0.85 -1.547172 -1.182066
v 0.65 -1.48504 -1.229741
v 0.85 -1.48504 -1.229741
v 0.65 -1.412686 -1.259712
v 0.85 -1.412686 -1.259712
v 0.65 -1.33504 -1.269934
v 0.85 -1.33504 -1.269934
v 0.65 0.156805 -1.269934
v 0.85 0.156805 -1.269934
v 0.65 0.156805 -1.119934
v 0.85 0.156805 -1.119934
v 0.65 1.190689 -1.4
v 0.85 1.190689 -1.4
v 0.65 1.190689 -1.538062
v 0.85 1.190689 -1.538062
v 0.65 0.545003 -1.538062
v 0.85 0.545003 -1.538062
v 0.65 0.4652 -1.458258
v 0.85 0.4652 -1.458258
v 0.65 -1.28323 -1.6
v 0.85 -1.28323 -1.6
v 0.65 -2.099716 -1.6
v 0.85 -2.099716 -1.6
v 0.65 -2.099716 -1.85
v 0.85 -2.099716 -1.85
v 0.65 -2.399716 -1.85
v 0.85 -2.399716 -1.85
v 0.65 -2.549716 -2.0
v 0.85 -2.549716 -2.0
v 0.65 -3.05 -2.0
v 0.85 -3.05 -2.0
v 0.65 -3.05 -1.8
v 0.85 -3.05 -1.8
v 0.65 -2.65 -1.69282
v 0.85 -2.65 -1.69282
v 0.65 -2.22 -1.332007
v 0.85 -2.22 -1.332007
v 0.65 -2.22 -1.132007
v 0.85 -2.22 -1.132007
v 0.65 -2.35 -1.132007
v 0.85 -2.35 -1.132007
v 0.65 -2.35 -0.682007
v 0.85 -2.35 -0.682007
v 0.65 -2.22 -0.682007
v 0.85 -2.22 -0.682007
v 0.65 -2.22 -0.482007
v 0.85 -2.22 -0.482007
v -1.35 -2.35 -0.3
v -1.35 -2.35 -0.482007
v -1.15 -2.35 -0.3
v -1.15 -2.35 -0.482007
v -1.35 0.73496 -0.3
v -1.15 0.73496 -0.3
v -1.15 0.768606 -0.30443
v -1.35 0.768606 -0.30443
v -1.15 0.79996 -0.317417
v -1.35 0.79996 -0.317417
v -1.15 0.826884 -0.338076
v -1.35 0.826884 -0.338076
v -1.15 0.847543 -0.365
v -1.35 0.847543 -0.365
v -1.15 0.86053 -0.396354
v -1.35 0.86053 -0.396354
v -1.15 0.86496 -0.43
v -1.35 0.86496 -0.43
v -1.35 0.86496 -0.457276
v -1.15 0.86496 -0.457276
v -1.15 0.86053 -0.490923
v -1.35 0.86053 -0.490923
v -1.15 0.847543 -0.522276
v -1.35 0.847543 -0.522276
v -1.15 0.826884 -0.5492
v -1.35 0.826884 -0.5492
v -1.15 0.79996 -0.569859
v -1.35 0.79996 -0.569859
v -1.15 0.768606 -0.582846
v -1.35 0.768606 -0.582846
v -1.15 0.73496 -0.587276
v -1.35 0.73496 -0.587276
v -1.35 0.630855 -0.587276
v -1.15 0.630855 -0.587276
v -1.35 0.553075 -0.535866
v -1.15 0.553075 -0.535866
v -1.35 0.465507 -0.503859
v -1.15 0.465507 -0.503859
v -1.35 0.372907 -0.492993
v -1.15 0.372907 -0.492993
v -1.35 0.280308 -0.503859
v -1.15 0.280308 -0.503859
v -1.35 0.19274 -0.535866
v -1.15 0.19274 -0.535866
v -1.35 0.11496 -0.587276
v -1.15 0.11496 -0.587276
v -1.35 -1.33504 -0.587276
v -1.15 -1.33504 -0.587276
v -1.35 -1.412686 -0.597498
v -1.15 -1.412686 -0.597498
v -1.35 -1.48504 -0.627468
v -1.15 -1.48504 -0.627468
v -1.35 -1.547172 -0.675144
v -1.15 -1.547172 -0.675144
v -1.35 -1.594848 -0.737276
v -1.15 -1.594848 -0.737276
v -1.35 -1.624818 -0.80963
v -1.15 -1.624818 -0.80963
v -1.35 -1.63504 -0.887276
v -1.15 -1.63504 -0.887276
v -1.35 -1.63504 -0.969934
v -1.15 -1.63504 -0.969934
v -1.35 -1.624818 -1.04758
v -1.15 -1.624818 -1.04758
v -1.35 -1.594848 -1.119934
v -1.15 -1.594848 -1.119934
v -1.35 -1.547172 -1.182066
v -1.15 -1.547172 -1.182066
v -1.35 -1.48504 -1.229741
v -1.15 -1.48504 -1.229741
v -1.35 -1.412686 -1.259712
v -1.15 -1.412686 -1.259712
v -1.35 -1.33504 -1.269934
v -1.15 -1.33504 -1.269934
v -1.35 0.156805 -1.269934
v -1.15 0.156805 -1.269934
v -1.35 0.156805 -1.119934
v -1.15 0.156805 -1.119934
v -1.35 1.190689 -1.4
v -1.15 1.190689 -1.4
v -1.35 1.190689 -1.538062
v -1.15 1.190689 -1.538062
v -1.35 0.545003 -1.538062
v -1.15 0.545003 -1.538062
v -1.35 0.4652 -1.458258
v -1.15 0.4652 -1.458258
v -1.35 -1.28323 -1.6
v -1.15 -1.28323 -1.6
v -1.35 -2.099716 -1.6
v -1.15 -2.099716 -1.6
v -1.35 -2.099716 -1.85
v -1.15 -2.099716 -1.85
v -1.35 -2.399716 -1.85
v -1.15 -2.399716 -1.85
v -1.35 -2.549716 -2.0
v -1.15 -2.549716 -2.0
v -1.35 -3.05 -2.0
v -1.15 -3.05 -2.0
v -1.35 -3.05 -1.8
v -1.15 -3.05 -1.8
v -1.35 -2.65 -1.69282
v -1.15 -2.65 -1.69282
v -1.35 -2.22 -1.332007
v -1.15 -2.22 -1.332007
v -1.35 -2.22 -1.132007
v -1.15 -2.22 -1.132007
v -1.35 -2.35 -1.132007
v -1.15 -2.35 -1.132007
v -1.35 -2.35 -0.682007
v -1.15 -2.35 -0.682007
v -1.35 -2.22 -0.682007
v -1.15 -2.22 -0.682007
v -1.35 -2.22 -0.482007
v -1.15 -2.22 -0.482007
v 3.15 -2.35 -0.3
v 3.15 -2.35 -0.482007
v 3.35 -2.35 -0.3
v 3.35 -2.35 -0.482007
v 3.15 0.73496 -0.3
v 3.35 0.73496 -0.3
v 3.35 0.768606 -0.30443
v 3.15 0.768606 -0.30443
v 3.35 0.79996 -0.317417
v 3.15 0.79996 -0.317417
v 3.35 0.826884 -0.338076
v 3.15 0.826884 -0.338076
v 3.35 0.847543 -0.365
v 3.15 0.847543 -0.365
v 3.35 0.86053 -0.396354
v 3.15 0.86053 -0.396354
v 3.35 0.86496 -0.43
v 3.15 0.86496 -0.43
v 3.15 0.86496 -0.457276
v 3.35 0.86496 -0.457276
v 3.35 0.86053 -0.490923
v 3.15 0.86053 -0.490923
v 3.35 0.847543 -0.522276
v 3.15 0.847543 -0.522276
v 3.35 0.826884 -0.5492
v 3.15 0.826884 -0.5492
v 3.35 0.79996 -0.569859
v 3.15 0.79996 -0.569859
v 3.35 0.768606 -0.582846
v 3.15 0.768606 -0.582846
v 3.35 0.73496 -0.587276
v 3.15 0.73496 -0.587276
v 3.15 0.630855 -0.587276
v 3.35 0.630855 -0.587276
v 3.15 0.553075 -0.535866
v 3.35 0.553075 -0.535866
v 3.15 0.465507 -0.503859
v 3.35 0.465507 -0.503859
v 3.15 0.372907 -0.492993
v 3.35 0.372907 -0.492993
v 3.15 0.280308 -0.503859
v 3.35 0.280308 -0.503859
v 3.15 0.19274 -0.535866
v 3.35 0.19274 -0.535866
v 3.15 0.11496 -0.587276
v 3.35 0.11496 -0.587276
v 3.15 -1.33504 -0.587276
v 3.35 -1.33504 -0.587276
v 3.15 -1.412686 -0.597498
v 3.35 -1.412686 -0.597498
v 3.15 -1.48504 -0.627468
v 3.35 -1.48504 -0.627468
v 3.15 -1.547172 -0.675144
v 3.35 -1.547172 -0.675144
v 3.15 -1.594848 -0.737276
v 3.35 -1.594848 -0.737276
v 3.15 -1.624818 -0.80963
v 3.35 -1.624818 -0.80963
v 3.15 -1.63504 -0.887276
v 3.35 -1.63504 -0.887276
v 3.15 -1.63504 -0.969934
v 3.35 -1.63504 -0.969934
v 3.15 -1.624818 -1.04758
v 3.35 -1.624818 -1.04758
v 3.15 -1.594848 -1.119934
v 3.35 -1.594848 -1.119934
v 3.15 -1.547172 -1.182066
v 3.35 -1.547172 -1.182066
v 3.15 -1.48504 -1.229741
v 3.35 -1.48504 -1.229741
v 3.15 -1.412686 -1.259712
v 3.35 -1.412686 -1.259712
v 3.15 -1.33504 -1.269934
v 3.35 -1.33504 -1.269934
v 3.15 0.156805 -1.269934
v 3.35 0.156805 -1.269934
v 3.15 0.156805 -1.119934
v 3.35 0.156805 -1.119934
v 3.15 1.190689 -1.4
v 3.35 1.190689 -1.4
v 3.15 1.190689 -1.538062
v 3.35 1.190689 -1.538062
v 3.15 0.545003 -1.538062
v 3.35 0.545003 -1.538062
v 3.15 0.4652 -1.458258
v 3.35 0.4652 -1.458258
v 3.15 -1.28323 -1.6
v 3.35 -1.28323 -1.6
v 3.15 -2.099716 -1.6
v 3.35 -2.099716 -1.6
v 3.15 -2.099716 -1.85
v 3.35 -2.099716 -1.85
v 3.15 -2.399716 -1.85
v 3.35 -2.399716 -1.85
v 3.15 -2.549716 -2.0
v 3.35 -2.549716 -2.0
v 3.15 -3.05 -2.0
v 3.35 -3.05 -2.0
v 3.15 -3.05 -1.8
v 3.35 -3.05 -1.8
v 3.15 -2.65 -1.69282
v 3.35 -2.65 -1.69282
v 3.15 -2.22 -1.332007
v 3.35 -2.22 -1.332007
v 3.15 -2.22 -1.132007
v 3.35 -2.22 -1.132007
v 3.15 -2.35 -1.132007
v 3.35 -2.35 -1.132007
v 3.15 -2.35 -0.682007
v 3.35 -2.35 -0.682007
v 3.15 -2.22 -0.682007
v 3.35 -2.22 -0.682007
v 3.15 -2.22 -0.482007
v 3.35 -2.22 -0.482007
v 1.15 -2.35 -0.3
v 1.15 -2.35 -0.482007
v 1.35 -2.35 -0.3
v 1.35 -2.35 -0.482007
v 1.15 0.73496 -0.3
v 1.35 0.73496 -0.3
v 1.35 0.768606 -0.30443
v 1.15 0.768606 -0.30443
v 1.35 0.79996 -0.317417
v 1.15 0.79996 -0.317417
v 1.35 0.826884 -0.338076
v 1.15 0.826884 -0.338076
v 1.35 0.847543 -0.365
v 1.15 0.847543 -0.365
v 1.35 0.86053 -0.396354
v 1.15 0.86053 -0.396354
v 1.35 0.86496 -0.43
v 1.15 0.86496 -0.43
v 1.15 0.86496 -0.457276
v 1.35 0.86496 -0.457276
v 1.35 0.86053 -0.490923
v 1.15 0.86053 -0.490923
v 1.35 0.847543 -0.522276
v 1.15 0.847543 -0.522276
v 1.35 0.826884 -0.5492
v 1.15 0.826884 -0.5492
v 1.35 0.79996 -0.569859
v 1.15 0.79996 -0.569859
v 1.35 0.768606 -0.582846
v 1.15 0.768606 -0.582846
v 1.35 0.73496 -0.587276
v 1.15 0.73496 -0.587276
v 1.15 0.630855 -0.587276
v 1.35 0.630855 -0.587276
v 1.15 0.553075 -0.535866
v 1.35 0.553075 -0.535866
v 1.15 0.465507 -0.503859
v 1.35 0.465507 -0.503859
v 1.15 0.372907 -0.492993
v 1.35 0.372907 -0.492993
v 1.15 0.280308 -0.503859
v 1.35 0.280308 -0.503859
v 1.15 0.19274 -0.535866
v 1.35 0.19274 -0.535866
v 1.15 0.11496 -0.587276
v 1.35 0.11496 -0.587276
v 1.15 -1.33504 -0.587276
v 1.35 -1.33504 -0.587276
v 1.15 -1.412686 -0.597498
v 1.35 -1.412686 -0.597498
v 1.15 -1.48504 -0.627468
v 1.35 -1.48504 -0.627468
v 1.15 -1.547172 -0.675144
v 1.35 -1.547172 -0.675144
v 1.15 -1.594848 -0.737276
v 1.35 -1.594848 -0.737276
v 1.15 -1.624818 -0.80963
v 1.35 -1.624818 -0.80963
v 1.15 -1.63504 -0.887276
v 1.35 -1.63504 -0.887276
v 1.15 -1.63504 -0.969934
v 1.35 -1.63504 -0.969934
v 1.15 -1.624818 -1.04758
v 1.35 -1.624818 -1.04758
v 1.15 -1.594848 -1.119934
v 1.35 -1.594848 -1.119934
v 1.15 -1.547172 -1.182066
v 1.35 -1.547172 -1.182066
v 1.15 -1.48504 -1.229741
v 1.35 -1.48504 -1.229741
v 1.15 -1.412686 -1.259712
v 1.35 -1.412686 -1.259712
v 1.15 -1.33504 -1.269934
v 1.35 -1.33504 -1.269934
v 1.15 0.156805 -1.269934
v 1.35 0.156805 -1.269934
v 1.15 0.156805 -1.119934
v 1.35 0.156805 -1.119934
v 1.15 1.190689 -1.4
v 1.35 1.190689 -1.4
v 1.15 1.190689 -1.538062
v 1.35 1.190689 -1.538062
v 1.15 0.545003 -1.538062
v 1.35 0.545003 -1.538062
v 1.15 0.4652 -1.458258
v 1.35 0.4652 -1.458258
v 1.15 -1.28323 -1.6
v 1.35 -1.28323 -1.6
v 1.15 -2.099716 -1.6
v 1.35 -2.099716 -1.6
v 1.15 -2.099716 -1.85
v 1.35 -2.099716 -1.85
v 1.15 -2.399716 -1.85
v 1.35 -2.399716 -1.85
v 1.15 -2.549716 -2.0
v 1.35 -2.549716 -2.0
v 1.15 -3.05 -2.0
v 1.35 -3.05 -2.0
v 1.15 -3.05 -1.8
v 1.35 -3.05 -1.8
v 1.15 -2.65 -1.69282
v 1.35 -2.65 -1.69282
v 1.15 -2.22 -1.332007
v 1.35 -2.22 -1.332007
v 1.15 -2.22 -1.132007
v 1.35 -2.22 -1.132007
v 1.15 -2.35 -1.132007
v 1.35 -2.35 -1.132007
v 1.15 -2.35 -0.682007
v 1.35 -2.35 -0.682007
v 1.15 -2.22 -0.682007
v 1.35 -2.22 -0.682007
v 1.15 -2.22 -0.482007
v 1.35 -2.22 -0.482007
v -0.85 -2.35 -0.3
v -0.85 -2.35 -0.482007
v -0.65 -2.35 -0.3
v -0.65 -2.35 -0.482007
v -0.85 0.73496 -0.3
v -0.65 0.73496 -0.3
v -0.65 0.768606 -0.30443
v -0.85 0.768606 -0.30443
v -0.65 0.79996 -0.317417
v -0.85 0.79996 -0.317417
v -0.65 0.826884 -0.338076
v -0.85 0.826884 -0.338076
v -0.65 0.847543 -0.365
v -0.85 0.847543 -0.365
v -0.65 0.86053 -0.396354
v -0.85 0.86053 -0.396354
v -0.65 0.86496 -0.43
v -0.85 0.86496 -0.43
v -0.85 0.86496 -0.457276
v -0.65 0.86496 -0.457276
v -0.65 0.86053 -0.490923
v -0.85 0.86053 -0.490923
v -0.65 0.847543 -0.522276
v -0.85 0.847543 -0.522276
v -0.65 0.826884 -0.5492
v -0.85 0.826884 -0.5492
v -0.65 0.79996 -0.569859
v -0.85 0.79996 -0.569859
v -0.65 0.768606 -0.582846
v -0.85 0.768606 -0.582846
v -0.65 0.73496 -0.587276
v -0.85 0.73496 -0.587276
v -0.85 0.630855 -0.587276
v -0.65 0.630855 -0.587276
v -0.85 0.553075 -0.535866
v -0.65 0.553075 -0.535866
v -0.85 0.465507 -0.503859
v -0.65 0.465507 -0.503859
v -0.85 0.372907 -0.492993
v -0.65 0.372907 -0.492993
v -0.85 0.280308 -0.503859
v -0.65 0.280308 -0.503859
v -0.85 0.19274 -0.535866
v -0.65 0.19274 -0.535866
v -0.85 0.11496 -0.587276
v -0.65 0.11496 -0.587276
v -0.85 -1.33504 -0.587276
v -0.65 -1.33504 -0.587276
v -0.85 -1.412686 -0.597498
v -0.65 -1.412686 -0.597498
v -0.85 -1.48504 -0.627468
v -0.65 -1.48504 -0.627468
v -0.85 -1.547172 -0.675144
v -0.65 -1.547172 -0.675144
v -0.85 -1.594848 -0.737276
v -0.65 -1.594848 -0.737276
v -0.85 -1.624818 -0.80963
v -0.65 -1.624818 -0.80963
v -0.85 -1.63504 -0.887276
v -0.65 -1.63504 -0.887276
v -0.85 -1.63504 -0.969934
v -0.65 -1.63504 -0.969934
v -0.85 -1.624818 -1.04758
v -0.65 -1.624818 -1.04758
v -0.85 -1.594848 -1.119934
v -0.65 -1.594848 -1.119934
v -0.85 -1.547172 -1.182066
v -0.65 -1.547172 -1.182066
v -0.85 -1.48504 -1.229741
v -0.65 -1.48504 -1.229741
v -0.85 -1.412686 -1.259712
v -0.65 -1.412686 -1.259712
v -0.85 -1.33504 -1.269934
v -0.65 -1.33504 -1.269934
v -0.85 0.156805 -1.269934
v -0.65 0.156805 -1.269934
v -0.85 0.156805 -1.119934
v -0.65 0.156805 -1.119934
v -0.85 1.190689 -1.4
v -0.65 1.190689 -1.4
v -0.85 1.190689 -1.538062
v -0.65 1.190689 -1.538062
v -0.85 0.545003 -1.538062
v -0.65 0.545003 -1.538062
v -0.85 0.4652 -1.458258
v -0.65 0.4652 -1.458258
v -0.85 -1.28323 -1.6
v -0.65 -1.28323 -1.6
v -0.85 -2.099716 -1.6
v -0.65 -2.099716 -1.6
v -0.85 -2.099716 -1.85
v -0.65 -2.099716 -1.85
v -0.85 -2.399716 -1.85
v -0.65 -2.399716 -1.85
v -0.85 -2.549716 -2.0
v -0.65 -2.549716 -2.0
v -0.85 -3.05 -2.0
v -0.65 -3.05 -2.0
v -0.85 -3.05 -1.8
v -0.65 -3.05 -1.8
v -0.85 -2.65 -1.69282
v -0.65 -2.65 -1.69282
v -0.85 -2.22 -1.332007
v -0.65 -2.22 -1.332007
v -0.85 -2.22 -1.132007
v -0.65 -2.22 -1.132007
v -0.85 -2.35 -1.132007
v -0.65 -2.35 -1.132007
v -0.85 -2.35 -0.682007
v -0.65 -2.35 -0.682007
v -0.85 -2.22 -0.682007
v -0.65 -2.22 -0.682007
v -0.85 -2.22 -0.482007
v -0.65 -2.22 -0.482007
v 3.65 -2.35 -0.3
v 3.65 -2.35 -0.482007
v 3.85 -2.35 -0.3
v 3.85 -2.35 -0.482007
v 3.65 0.73496 -0.3
v 3.85 0.73496 -0.3
v 3.85 0.768606 -0.30443
v 3.65 0.768606 -0.30443
v 3.85 0.79996 -0.317417
v 3.65 0.79996 -0.317417
v 3.85 0.826884 -0.338076
v 3.65 0.826884 -0.338076
v 3.85 0.847543 -0.365
v 3.65 0.847543 -0.365
v 3.85 0.86053 -0.396354
v 3.65 0.86053 -0.396354
v 3.85 0.86496 -0.43
v 3.65 0.86496 -0.43
v 3.65 0.86496 -0.457276
v 3.85 0.86496 -0.457276
v 3.85 0.86053 -0.490923
v 3.65 0.86053 -0.490923
v 3.85 0.847543 -0.522276
v 3.65 0.847543 -0.522276
v 3.85 0.826884 -0.5492
v 3.65 0.826884 -0.5492
v 3.85 0.79996 -0.569859
v 3.65 0.79996 -0.569859
v 3.85 0.768606 -0.582846
v 3.65 0.768606 -0.582846
v 3.85 0.73496 -0.587276
v 3.65 0.73496 -0.587276
v 3.65 0.630855 -0.587276
v 3.85 0.630855 -0.587276
v 3.65 0.553075 -0.535866
v 3.85 0.553075 -0.535866
v 3.65 0.465507 -0.503859
v 3.85 0.465507 -0.503859
v 3.65 0.372907 -0.492993
v 3.85 0.372907 -0.492993
v 3.65 0.280308 -0.503859
v 3.85 0.280308 -0.503859
v 3.65 0.19274 -0.535866
v 3.85 0.19274 -0.535866
v 3.65 0.11496 -0.587276
v 3.85 0.11496 -0.587276
v 3.65 -1.33504 -0.587276
v 3.85 -1.33504 -0.587276
v 3.65 -1.412686 -0.597498
v 3.85 -1.412686 -0.597498
v 3.65 -1.48504 -0.627468
v 3.85 -1.48504 -0.627468
v 3.65 -1.547172 -0.675144
v 3.85 -1.547172 -0.675144
v 3.65 -1.594848 -0.737276
v 3.85 -1.594848 -0.737276
v 3.65 -1.624818 -0.80963
v 3.85 -1.624818 -0.80963
v 3.65 -1.63504 -0.887276
v 3.85 -1.63504 -0.887276
v 3.65 -1.63504 -0.969934
v 3.85 -1.63504 -0.969934
v 3.65 -1.624818 -1.04758
v 3.85 -1.624818 -1.04758
v 3.65 -1.594848 -1.119934
v 3.85 -1.594848 -1.119934
v 3.65 -1.547172 -1.182066
v 3.85 -1.547172 -1.182066
v 3.65 -1.48504 -1.229741
v 3.85 -1.48504 -1.229741
v 3.65 -1.412686 -1.259712
v 3.85 -1.412686 -1.259712
v 3.65 -1.33504 -1.269934
v 3.85 -1.33504 -1.269934
v 3.65 0.156805 -1.269934
v 3.85 0.156805 -1.269934
v 3.65 0.156805 -1.119934
v 3.85 0.156805 -1.119934
v 3.65 1.190689 -1.4
v 3.85 1.190689 -1.4
v 3.65 1.190689 -1.538062
v 3.85 1.190689 -1.538062
v 3.65 0.545003 -1.538062
v 3.85 0.545003 -1.538062
v 3.65 0.4652 -1.458258
v 3.85 0.4652 -1.458258
v 3.65 -1.28323 -1.6
v 3.85 -1.28323 -1.6
v 3.65 -2.099716 -1.6
v 3.85 -2.099716 -1.6
v 3.65 -2.099716 -1.85
v 3.85 -2.099716 -1.85
v 3.65 -2.399716 -1.85
v 3.85 -2.399716 -1.85
v 3.65 -2.549716 -2.0
v 3.85 -2.549716 -2.0
v 3.65 -3.05 -2.0
v 3.85 -3.05 -2.0
v 3.65 -3.05 -1.8
v 3.85 -3.05 -1.8
v 3.65 -2.65 -1.69282
v 3.85 -2.65 -1.69282
v 3.65 -2.22 -1.332007
v 3.85 -2.22 -1.332007
v 3.65 -2.22 -1.132007
v 3.85 -2.22 -1.132007
v 3.65 -2.35 -1.132007
v 3.85 -2.35 -1.132007
v 3.65 -2.35 -0.682007
v 3.85 -2.35 -0.682007
v 3.65 -2.22 -0.682007
v 3.85 -2.22 -0.682007
v 3.65 -2.22 -0.482007
v 3.85 -2.22 -0.482007
v 1.65 -2.35 -0.3
v 1.65 -2.35 -0.482007
v 1.85 -2.35 -0.3
v 1.85 -2.35 -0.482007
v 1.65 0.73496 -0.3
v 1.85 0.73496 -0.3
v 1.85 0.768606 -0.30443
v 1.65 0.768606 -0.30443
v 1.85 0.79996 -0.317417
v 1.65 0.79996 -0.317417
v 1.85 0.826884 -0.338076
v 1.65 0.826884 -0.338076
v 1.85 0.847543 -0.365
v 1.65 0.847543 -0.365
v 1.85 0.86053 -0.396354
v 1.65 0.86053 -0.396354
v 1.85 0.86496 -0.43
v 1.65 0.86496 -0.43
v 1.65 0.86496 -0.457276
v 1.85 0.86496 -0.457276
v 1.85 0.86053 -0.490923
v 1.65 0.86053 -0.490923
v 1.85 0.847543 -0.522276
v 1.65 0.847543 -0.522276
v 1.85 0.826884 -0.5492
v 1.65 0.826884 -0.5492
v 1.85 0.79996 -0.569859
v 1.65 0.79996 -0.569859
v 1.85 0.768606 -0.582846
v 1.65 0.768606 -0.582846
v 1.85 0.73496 -0.587276
v 1.65 0.73496 -0.587276
v 1.65 0.630855 -0.587276
v 1.85 0.630855 -0.587276
v 1.65 0.553075 -0.535866
v 1.85 0.553075 -0.535866
v 1.65 0.465507 -0.503859
v 1.85 0.465507 -0.503859
v 1.65 0.372907 -0.492993
v 1.85 0.372907 -0.492993
v 1.65 0.280308 -0.503859
v 1.85 0.280308 -0.503859
v 1.65 0.19274 -0.535866
v 1.85 0.19274 -0.535866
v 1.65 0.11496 -0.587276
v 1.85 0.11496 -0.587276
v 1.65 -1.33504 -0.587276
v 1.85 -1.33504 -0.587276
v 1.65 -1.412686 -0.597498
v 1.85 -1.412686 -0.597498
v 1.65 -1.48504 -0.627468
v 1.85 -1.48504 -0.627468
v 1.65 -1.547172 -0.675144
v 1.85 -1.547172 -0.675144
v 1.65 -1.594848 -0.737276
v 1.85 -1.594848 -0.737276
v 1.65 -1.624818 -0.80963
v 1.85 -1.624818 -0.80963
v 1.65 -1.63504 -0.887276
v 1.85 -1.63504 -0.887276
v 1.65 -1.63504 -0.969934
v 1.85 -1.63504 -0.969934
v 1.65 -1.624818 -1.04758
v 1.85 -1.624818 -1.04758
v 1.65 -1.594848 -1.119934
v 1.85 -1.594848 -1.119934
v 1.65 -1.547172 -1.182066
v 1.85 -1.547172 -1.182066
v 1.65 -1.48504 -1.229741
v 1.85 -1.48504 -1.229741
v 1.65 -1.412686 -1.259712
v 1.85 -1.412686 -1.259712
v 1.65 -1.33504 -1.269934
v 1.85 -1.33504 -1.269934
v 1.65 0.156805 -1.269934
v 1.85 0.156805 -1.269934
v 1.65 0.156805 -1.119934
v 1.85 0.156805 -1.119934
v 1.65 1.190689 -1.4
v 1.85 1.190689 -1.4
v 1.65 1.190689 -1.538062
v 1.85 1.190689 -1.538062
v 1.65 0.545003 -1.538062
v 1.85 0.545003 -1.538062
v 1.65 0.4652 -1.458258
v 1.85 0.4652 -1.458258
v 1.65 -1.28323 -1.6
v 1.85 -1.28323 -1.6
v 1.65 -2.099716 -1.6
v 1.85 -2.099716 -1.6
v 1.65 -2.099716 -1.85
v 1.85 -2.099716 -1.85
v 1.65 -2.399716 -1.85
v 1.85 -2.399716 -1.85
v 1.65 -2.549716 -2.0
v 1.85 -2.549716 -2.0
v 1.65 -3.05 -2.0
v 1.85 -3.05 -2.0
v 1.65 -3.05 -1.8
v 1.85 -3.05 -1.8
v 1.65 -2.65 -1.69282
v 1.85 -2.65 -1.69282
v 1.65 -2.22 -1.332007
v 1.85 -2.22 -1.332007
v 1.65 -2.22 -1.132007
v 1.85 -2.22 -1.132007
v 1.65 -2.35 -1.132007
v 1.85 -2.35 -1.132007
v 1.65 -2.35 -0.682007
v 1.85 -2.35 -0.682007
v 1.65 -2.22 -0.682007
v 1.85 -2.22 -0.682007
v 1.65 -2.22 -0.482007
v 1.85 -2.22 -0.482007
v -0.35 -2.35 -0.3
v -0.35 -2.35 -0.482007
v -0.15 -2.35 -0.3
v -0.15 -2.35 -0.482007
v -0.35 0.73496 -0.3
v -0.15 0.73496 -0.3
v -0.15 0.768606 -0.30443
v -0.35 0.768606 -0.30443
v -0.15 0.79996 -0.317417
v -0.35 0.79996 -0.317417
v -0.15 0.826884 -0.338076
v -0.35 0.826884 -0.338076
v -0.15 0.847543 -0.365
v -0.35 0.847543 -0.365
v -0.15 0.86053 -0.396354
v -0.35 0.86053 -0.396354
v -0.15 0.86496 -0.43
v -0.35 0.86496 -0.43
v -0.35 0.86496 -0.457276
v -0.15 0.86496 -0.457276
v -0.15 0.86053 -0.490923
v -0.35 0.86053 -0.490923
v -0.15 0.847543 -0.522276
v -0.35 0.847543 -0.522276
v -0.15 0.826884 -0.5492
v -0.35 0.826884 -0.5492
v -0.15 0.79996 -0.569859
v -0.35 0.79996 -0.569859
v -0.15 0.768606 -0.582846
v -0.35 0.768606 -0.582846
v -0.15 0.73496 -0.587276
v -0.35 0.73496 -0.587276
v -0.35 0.630855 -0.587276
v -0.15 0.630855 -0.587276
v -0.35 0.553075 -0.535866
v -0.15 0.553075 -0.535866
v -0.35 0.465507 -0.503859
v -0.15 0.465507 -0.503859
v -0.35 0.372907 -0.492993
v -0.15 0.372907 -0.492993
v -0.35 0.280308 -0.503859
v -0.15 0.280308 -0.503859
v -0.35 0.19274 -0.535866
v -0.15 0.19274 -0.535866
v -0.35 0.11496 -0.587276
v -0.15 0.11496 -0.587276
v -0.35 -1.33504 -0.587276
v -0.15 -1.33504 -0.587276
v -0.35 -1.412686 -0.597498
v -0.15 -1.412686 -0.597498
v -0.35 -1.48504 -0.627468
v -0.15 -1.48504 -0.627468
v -0.35 -1.547172 -0.675144
v -0.15 -1.547172 -0.675144
v -0.35 -1.594848 -0.737276
v -0.15 -1.594848 -0.737276
v -0.35 -1.624818 -0.80963
v -0.15 -1.624818 -0.80963
v -0.35 -1.63504 -0.887276
v -0.15 -1.63504 -0.887276
v -0.35 -1.63504 -0.969934
v -0.15 -1.63504 -0.969934
v -0.35 -1.624818 -1.04758
v -0.15 -1.624818 -1.04758
v -0.35 -1.594848 -1.119934
v -0.15 -1.594848 -1.119934
v -0.35 -1.547172 -1.182066
v -0.15 -1.547172 -1.182066
v -0.35 -1.48504 -1.229741
v -0.15 -1.48504 -1.229741
v -0.35 -1.412686 -1.259712
v -0.15 -1.412686 -1.259712
v -0.35 -1.33504 -1.269934
v -0.15 -1.33504 -1.269934
v -0.35 0.156805 -1.269934
v -0.15 0.156805 -1.269934
v -0.35 0.156805 -1.119934
v -0.15 0.156805 -1.119934
v -0.35 1.190689 -1.4
v -0.15 1.190689 -1.4
v -0.35 1.190689 -1.538062
v -0.15 1.190689 -1.538062
v -0.35 0.545003 -1.538062
v -0.15 0.545003 -1.538062
v -0.35 0.4652 -1.458258
v -0.15 0.4652 -1.458258
v -0.35 -1.28323 -1.6
v -0.15 -1.28323 -1.6
v -0.35 -2.099716 -1.6
v -0.15 -2.099716 -1.6
v -0.35 -2.099716 -1.85
v -0.15 -2.099716 -1.85
v -0.35 -2.399716 -1.85
v -0.15 -2.399716 -1.85
v -0.35 -2.549716 -2.0
v -0.15 -2.549716 -2.0
v -0.35 -3.05 -2.0
v -0.15 -3.05 -2.0
v -0.35 -3.05 -1.8
v -0.15 -3.05 -1.8
v -0.35 -2.65 -1.69282
v -0.15 -2.65 -1.69282
v -0.35 -2.22 -1.332007
v -0.15 -2.22 -1.332007
v -0.35 -2.22 -1.132007
v -0.15 -2.22 -1.132007
v -0.35 -2.35 -1.132007
v -0.15 -2.35 -1.132007
v -0.35 -2.35 -0.682007
v -0.15 -2.35 -0.682007
v -0.35 -2.22 -0.682007
v -0.15 -2.22 -0.682007
v -0.35 -2.22 -0.482007
v -0.15 -2.22 -0.482007
v 2.15 -2.35 -0.3
v 2.15 -2.35 -0.482007
v 2.35 -2.35 -0.3
v 2.35 -2.35 -0.482007
v 2.15 0.73496 -0.3
v 2.35 0.73496 -0.3
v 2.35 0.768606 -0.30443
v 2.15 0.768606 -0.30443
v 2.35 0.79996 -0.317417
v 2.15 0.79996 -0.317417
v 2.35 0.826884 -0.338076
v 2.15 0.826884 -0.338076
v 2.35 0.847543 -0.365
v 2.15 0.847543 -0.365
v 2.35 0.86053 -0.396354
v 2.15 0.86053 -0.396354
v 2.35 0.86496 -0.43
v 2.15 0.86496 -0.43
v 2.15 0.86496 -0.457276
v 2.35 0.86496 -0.457276
v 2.35 0.86053 -0.490923
v 2.15 0.86053 -0.490923
v 2.35 0.847543 -0.522276
v 2.15 0.847543 -0.522276
v 2.35 0.826884 -0.5492
v 2.15 0.826884 -0.5492
v 2.35 0.79996 -0.569859
v 2.15 0.79996 -0.569859
v 2.35 0.768606 -0.582846
v 2.15 0.768606 -0.582846
v 2.35 0.73496 -0.587276
v 2.15 0.73496 -0.587276
v 2.15 0.630855 -0.587276
v 2.35 0.630855 -0.587276
v 2.15 0.553075 -0.535866
v 2.35 0.553075 -0.535866
v 2.15 0.465507 -0.503859
v 2.35 0.465507 -0.503859
v 2.15 0.372907 -0.492993
v 2.35 0.372907 -0.492993
v 2.15 0.280308 -0.503859
v 2.35 0.280308 -0.503859
v 2.15 0.19274 -0.535866
v 2.35 0.19274 -0.535866
v 2.15 0.11496 -0.587276
v 2.35 0.11496 -0.587276
v 2.15 -1.33504 -0.587276
v 2.35 -1.33504 -0.587276
v 2.15 -1.412686 -0.597498
v 2.35 -1.412686 -0.597498
v 2.15 -1.48504 -0.627468
v 2.35 -1.48504 -0.627468
v 2.15 -1.547172 -0.675144
v 2.35 -1.547172 -0.675144
v 2.15 -1.594848 -0.737276
v 2.35 -1.594848 -0.737276
v 2.15 -1.624818 -0.80963
v 2.35 -1.624818 -0.80963
v 2.15 -1.63504 -0.887276
v 2.35 -1.63504 -0.887276
v 2.15 -1.63504 -0.969934
v 2.35 -1.63504 -0.969934
v 2.15 -1.624818 -1.04758
v 2.35 -1.624818 -1.04758
v 2.15 -1.594848 -1.119934
v 2.35 -1.594848 -1.119934
v 2.15 -1.547172 -1.182066
v 2.35 -1.547172 -1.182066
v 2.15 -1.48504 -1.229741
v 2.35 -1.48504 -1.229741
v 2.15 -1.412686 -1.259712
v 2.35 -1.412686 -1.259712
v 2.15 -1.33504 -1.269934
v 2.35 -1.33504 -1.269934
v 2.15 0.156805 -1.269934
v 2.35 0.156805 -1.269934
v 2.15 0.156805 -1.119934
v 2.35 0.156805 -1.119934
v 2.15 1.190689 -1.4
v 2.35 1.190689 -1.4
v 2.15 1.190689 -1.538062
v 2.35 1.190689 -1.538062
v 2.15 0.545003 -1.538062
v 2.35 0.545003 -1.538062
v 2.15 0.4652 -1.458258
v 2.35 0.4652 -1.458258
v 2.15 -1.28323 -1.6
v 2.35 -1.28323 -1.6
v 2.15 -2.099716 -1.6
v 2.35 -2.099716 -1.6
v 2.15 -2.099716 -1.85
v 2.35 -2.099716 -1.85
v 2.15 -2.399716 -1.85
v 2.35 -2.399716 -1.85
v 2.15 -2.549716 -2.0
v 2.35 -2.549716 -2.0
v 2.15 -3.05 -2.0
v 2.35 -3.05 -2.0
v 2.15 -3.05 -1.8
v 2.35 -3.05 -1.8
v 2.15 -2.65 -1.69282
v 2.35 -2.65 -1.69282
v 2.15 -2.22 -1.332007
v 2.35 -2.22 -1.332007
v 2.15 -2.22 -1.132007
v 2.35 -2.22 -1.132007
v 2.15 -2.35 -1.132007
v 2.35 -2.35 -1.132007
v 2.15 -2.35 -0.682007
v 2.35 -2.35 -0.682007
v 2.15 -2.22 -0.682007
v 2.35 -2.22 -0.682007
v 2.15 -2.22 -0.482007
v 2.35 -2.22 -0.482007
usemtl 1
f 1// 2// 3//
f 4// 5// 6//
f 6// 5// 7//
f 8// 9// 10//
f 10// 9// 11//
f 10// 11// 12//
f 12// 11// 13//
f 12// 13// 14//
f 14// 13// 15//
f 14// 15// 16//
f 16// 15// 17//
f 13// 11// 18//
f 18// 19// 13//
f 13// 19// 20//
f 13// 20// 21//
f 22// 23// 24//
f 24// 23// 21//
f 24// 21// 25//
f 25// 21// 20//
f 25// 20// 26//
f 26// 20// 27//
f 28// 29// 30//
f 31// 32// 33//
f 30// 34// 35//
f 36// 37// 38//
f 38// 37// 39//
f 40// 41// 42//
f 33// 43// 44//
f 45// 46// 47//
f 47// 46// 48//
f 36// 49// 37//
f 37// 49// 50//
f 37// 50// 51//
f 40// 42// 52//
f 53// 54// 55//
f 33// 32// 56//
f 57// 58// 59//
f 42// 60// 29//
f 29// 60// 39//
f 29// 39// 30//
f 30// 39// 37//
f 30// 37// 34//
f 41// 61// 42//
f 42// 61// 62//
f 42// 62// 60//
f 53// 55// 63//
f 55// 64// 65//
f 65// 64// 66//
f 67// 68// 69//
f 44// 70// 33//
f 33// 70// 71//
f 33// 71// 31//
f 72// 73// 74//
f 74// 73// 75//
f 76// 77// 78//
f 79// 80// 81//
f 81// 80// 82//
f 81// 82// 83//
f 83// 82// 84//
f 83// 84// 55//
f 55// 84// 85//
f 55// 85// 63//
f 54// 86// 55//
f 55// 86// 87//
f 55// 87// 64//
f 88// 89// 64//
f 64// 89// 90//
f 64// 90// 66//
f 91// 92// 79//
f 79// 92// 93//
f 67// 69// 94//
f 94// 69// 95//
f 94// 95// 96//
f 45// 97// 46//
f 46// 97// 98//
f 46// 98// 99//
f 99// 98// 75//
f 99// 75// 100//
f 100// 75// 73//
f 101// 102// 103//
f 104// 105// 106//
f 106// 105// 107//
f 106// 107// 108//
f 109// 110// 106//
f 106// 110// 59//
f 106// 59// 104//
f 96// 111// 94//
f 94// 111// 79//
f 94// 79// 112//
f 112// 79// 93//
f 113// 114// 59//
f 108// 115// 106//
f 106// 115// 116//
f 106// 116// 117//
f 117// 116// 118//
f 42// 119// 52//
f 52// 119// 120//
f 52// 120// 121//
f 121// 120// 122//
f 121// 122// 33//
f 33// 122// 123//
f 33// 123// 43//
f 56// 32// 74//
f 74// 32// 124//
f 74// 124// 72//
f 113// 59// 125//
f 114// 126// 59//
f 59// 126// 127//
f 59// 127// 57//
f 48// 128// 47//
f 47// 128// 59//
f 47// 59// 129//
f 129// 59// 58//
f 130// 131// 59//
f 128// 132// 59//
f 59// 132// 133//
f 59// 133// 101//
f 101// 103// 59//
f 59// 103// 134//
f 59// 134// 130//
f 131// 135// 59//
f 59// 135// 136//
f 59// 136// 104//
f 137// 117// 78//
f 78// 117// 118//
f 78// 118// 76//
f 76// 118// 138//
f 76// 138// 139//
f 139// 138// 140//
f 139// 140// 141//
f 142// 143// 144//
f 144// 143// 145//
f 144// 145// 146//
f 59// 9// 147//
f 147// 9// 8//
f 148// 149// 150//
f 30// 151// 152//
f 153// 154// 155//
f 155// 154// 156//
f 157// 158// 159//
f 152// 160// 30//
f 30// 160// 161//
f 30// 161// 162//
f 156// 163// 155//
f 155// 163// 164//
f 155// 164// 165//
f 165// 164// 166//
f 165// 166// 167//
f 168// 169// 170//
f 170// 169// 171//
f 172// 173// 170//
f 174// 175// 142//
f 176// 177// 178//
f 178// 177// 179//
f 162// 180// 30//
f 30// 180// 181//
f 30// 181// 182//
f 171// 183// 170//
f 170// 183// 184//
f 170// 184// 185//
f 172// 170// 186//
f 187// 188// 166//
f 166// 188// 189//
f 166// 189// 167//
f 174// 142// 190//
f 191// 192// 59//
f 193// 194// 195//
f 196// 197// 198//
f 175// 199// 142//
f 142// 199// 200//
f 142// 200// 201//
f 202// 203// 204//
f 204// 203// 205//
f 191// 59// 206//
f 207// 178// 208//
f 208// 178// 209//
f 179// 210// 178//
f 178// 210// 211//
f 178// 211// 212//
f 182// 213// 30//
f 30// 213// 214//
f 30// 214// 215//
f 215// 216// 30//
f 30// 216// 217//
f 30// 217// 218//
f 185// 219// 170//
f 170// 219// 220//
f 170// 220// 221//
f 221// 220// 193//
f 221// 193// 222//
f 222// 193// 195//
f 148// 150// 198//
f 198// 150// 223//
f 198// 223// 196//
f 197// 224// 198//
f 198// 224// 225//
f 198// 225// 158//
f 158// 225// 226//
f 158// 226// 227//
f 227// 228// 158//
f 158// 228// 229//
f 158// 229// 159//
f 230// 231// 159//
f 231// 232// 159//
f 159// 232// 233//
f 159// 233// 234//
f 234// 235// 159//
f 159// 235// 236//
f 159// 236// 237//
f 238// 239// 59//
f 59// 239// 240//
f 241// 190// 150//
f 150// 190// 142//
f 150// 142// 30//
f 30// 142// 144//
f 30// 144// 28//
f 28// 144// 137//
f 28// 137// 242//
f 242// 137// 78//
f 243// 244// 245//
f 244// 246// 247//
f 170// 248// 178//
f 178// 248// 249//
f 178// 249// 209//
f 207// 250// 178//
f 178// 250// 251//
f 178// 251// 176//
f 218// 252// 30//
f 30// 252// 253//
f 30// 253// 150//
f 254// 237// 255//
f 255// 237// 256//
f 254// 257// 237//
f 237// 257// 258//
f 237// 258// 159//
f 159// 258// 259//
f 159// 259// 157//
f 187// 166// 159//
f 159// 166// 260//
f 159// 260// 261//
f 261// 262// 159//
f 159// 262// 263//
f 159// 263// 230//
f 230// 263// 168//
f 230// 168// 264//
f 264// 168// 170//
f 264// 170// 265//
f 265// 170// 173//
f 266// 267// 268//
f 269// 270// 59//
f 270// 271// 59//
f 59// 271// 272//
f 59// 272// 238//
f 238// 272// 273//
f 273// 272// 274//
f 274// 272// 275//
f 274// 275// 276//
f 277// 278// 279//
f 279// 278// 280//
f 277// 279// 245//
f 245// 279// 281//
f 245// 281// 243//
f 282// 283// 170//
f 170// 283// 284//
f 170// 284// 186//
f 146// 145// 268//
f 268// 145// 285//
f 268// 285// 266//
f 286// 287// 147//
f 240// 288// 59//
f 59// 288// 289//
f 59// 289// 290//
f 291// 292// 150//
f 201// 293// 142//
f 142// 293// 294//
f 142// 294// 295//
f 295// 294// 296//
f 295// 296// 297//
f 244// 247// 245//
f 245// 247// 298//
f 245// 298// 299//
f 287// 300// 147//
f 147// 300// 301//
f 147// 301// 59//
f 59// 301// 302//
f 59// 302// 303//
f 276// 304// 274//
f 274// 304// 305//
f 274// 305// 306//
f 292// 307// 150//
f 150// 307// 308//
f 150// 308// 241//
f 205// 309// 204//
f 204// 309// 310//
f 204// 310// 297//
f 297// 310// 311//
f 297// 311// 295//
f 211// 312// 212//
f 212// 312// 313//
f 212// 313// 314//
f 315// 316// 30//
f 30// 316// 317//
f 30// 317// 151//
f 267// 318// 268//
f 268// 318// 319//
f 268// 319// 320//
f 320// 321// 268//
f 268// 321// 322//
f 268// 322// 323//
f 324// 325// 326//
f 326// 325// 327//
f 326// 327// 328//
f 306// 329// 274//
f 274// 329// 330//
f 274// 330// 202//
f 202// 330// 331//
f 202// 331// 203//
f 178// 332// 170//
f 170// 332// 333//
f 170// 333// 334//
f 324// 335// 325//
f 325// 335// 336//
f 325// 336// 337//
f 337// 336// 338//
f 149// 339// 150//
f 150// 339// 340//
f 150// 340// 291//
f 291// 340// 341//
f 291// 341// 342//
f 192// 343// 59//
f 59// 343// 344//
f 59// 344// 345//
f 334// 346// 170//
f 170// 346// 347//
f 170// 347// 282//
f 290// 348// 59//
f 59// 348// 349//
f 59// 349// 212//
f 345// 279// 59//
f 59// 279// 30//
f 59// 30// 125//
f 125// 30// 35//
f 125// 35// 81//
f 81// 35// 350//
f 81// 350// 79//
f 79// 350// 351//
f 79// 351// 91//
f 280// 352// 279//
f 279// 352// 353//
f 279// 353// 30//
f 30// 353// 354//
f 30// 354// 315//
f 355// 147// 356//
f 356// 147// 357//
f 355// 358// 147//
f 147// 358// 359//
f 147// 359// 286//
f 314// 360// 212//
f 212// 360// 361//
f 212// 361// 59//
f 59// 361// 362//
f 59// 362// 206//
f 363// 364// 147//
f 147// 364// 365//
f 147// 365// 357//
f 366// 367// 368//
f 368// 367// 369//
f 368// 369// 303//
f 303// 369// 370//
f 303// 370// 59//
f 59// 370// 371//
f 59// 371// 269//
f 323// 372// 268//
f 268// 372// 373//
f 268// 373// 147//
f 147// 373// 374//
f 147// 374// 363//
f 328// 327// 375//
f 375// 327// 376//
f 375// 376// 368//
f 368// 376// 377//
f 368// 377// 366//
f 378// 379// 16//
f 16// 379// 14//
f 380// 146// 381//
f 381// 146// 382//
f 381// 382// 383//
f 383// 382// 384//
f 383// 384// 385//
f 385// 384// 378//
f 385// 378// 17//
f 17// 378// 16//
f 386// 387// 388//
f 388// 387// 389//
f 388// 389// 390//
f 391// 392// 144//
f 144// 392// 393//
f 380// 394// 146//
f 146// 394// 395//
f 146// 395// 396//
f 393// 397// 144//
f 144// 397// 398//
f 144// 398// 399//
f 396// 400// 146//
f 146// 400// 401//
f 146// 401// 402//
f 399// 403// 144//
f 144// 403// 404//
f 144// 404// 137//
f 137// 404// 405//
f 402// 406// 146//
f 146// 406// 407//
f 146// 407// 144//
f 407// 408// 144//
f 144// 408// 409//
f 144// 409// 410//
f 405// 411// 137//
f 137// 411// 412//
f 137// 412// 413//
f 413// 414// 137//
f 137// 414// 415//
f 137// 415// 416//
f 416// 415// 417//
f 416// 417// 390//
f 390// 417// 418//
f 390// 418// 388//
f 410// 419// 144//
f 144// 419// 420//
f 144// 420// 421//
f 421// 422// 144//
f 144// 422// 423//
f 144// 423// 424//
f 424// 425// 144//
f 144// 425// 426//
f 144// 426// 391//
f 23// 22// 110//
f 110// 22// 427//
f 18// 11// 428//
f 428// 11// 9//
f 428// 9// 3//
f 429// 110// 430//
f 430// 110// 427//
f 430// 427// 431//
f 432// 433// 59//
f 59// 433// 434//
f 429// 435// 110//
f 110// 435// 436//
f 110// 436// 59//
f 436// 437// 59//
f 59// 437// 438//
f 59// 438// 439//
f 434// 440// 59//
f 59// 440// 441//
f 59// 441// 442//
f 439// 443// 59//
f 59// 443// 444//
f 59// 444// 445//
f 442// 446// 59//
f 59// 446// 447//
f 59// 447// 448//
f 445// 449// 59//
f 59// 449// 450//
f 59// 450// 451//
f 448// 452// 59//
f 59// 452// 453//
f 59// 453// 454//
f 451// 455// 59//
f 59// 455// 456//
f 59// 456// 432//
f 454// 457// 59//
f 59// 457// 458//
f 59// 458// 9//
f 458// 459// 9//
f 9// 459// 460//
f 9// 460// 461//
f 461// 462// 9//
f 9// 462// 1//
f 9// 1// 3//
f 463// 464// 19//
f 19// 464// 465//
f 19// 465// 20//
f 20// 465// 466//
f 20// 466// 7//
f 7// 466// 467//
f 7// 467// 6//
f 19// 18// 463//
f 463// 18// 428//
f 6// 467// 468//
f 428// 3// 463//
f 463// 3// 2//
f 464// 463// 469//
f 469// 463// 2//
f 469// 2// 468//
f 468// 2// 470//
f 468// 470// 6//
f 6// 470// 471//
f 6// 471// 4//
f 384// 382// 465//
f 465// 382// 466//
f 147// 468// 268//
f 268// 468// 467//
f 467// 466// 268//
f 268// 466// 382//
f 268// 382// 146//
f 384// 465// 378//
f 378// 465// 464//
f 469// 472// 464//
f 464// 472// 473//
f 464// 473// 378//
f 378// 473// 379//
f 469// 468// 472//
f 472// 468// 147//
f 472// 147// 10//
f 10// 147// 8//
f 473// 12// 379//
f 379// 12// 14//
f 10// 12// 472//
f 472// 12// 473//
f 474// 475// 21//
f 475// 474// 476//
f 476// 474// 477//
f 476// 477// 478//
f 478// 477// 479//
f 478// 479// 21//
f 21// 479// 480//
f 21// 480// 474//
f 481// 482// 483//
f 475// 484// 21//
f 21// 484// 485//
f 21// 485// 486//
f 483// 482// 487//
f 487// 482// 15//
f 487// 15// 488//
f 488// 15// 13//
f 488// 13// 489//
f 486// 490// 21//
f 21// 490// 491//
f 21// 491// 13//
f 13// 491// 492//
f 13// 492// 493//
f 494// 495// 13//
f 13// 495// 496//
f 13// 497// 498//
f 493// 499// 13//
f 13// 499// 500//
f 13// 500// 501//
f 496// 502// 13//
f 13// 502// 503//
f 13// 503// 497//
f 498// 504// 13//
f 13// 504// 505//
f 13// 505// 506//
f 506// 507// 13//
f 13// 507// 508//
f 13// 508// 509//
f 501// 510// 13//
f 13// 510// 511//
f 13// 511// 494//
f 509// 512// 13//
f 13// 512// 513//
f 13// 513// 514//
f 514// 515// 13//
f 13// 515// 516//
f 13// 516// 517//
f 483// 489// 481//
f 481// 489// 13//
f 481// 13// 518//
f 518// 13// 517//
f 482// 481// 385//
f 385// 481// 383//
f 15// 482// 17//
f 17// 482// 385//
f 383// 481// 381//
f 381// 481// 518//
f 381// 518// 519//
f 519// 518// 520//
f 521// 522// 488//
f 488// 522// 487//
f 523// 521// 489//
f 489// 521// 488//
f 524// 523// 483//
f 483// 523// 489//
f 522// 524// 487//
f 487// 524// 483//
f 523// 524// 521//
f 521// 524// 522//
f 381// 519// 380//
f 380// 519// 525//
f 25// 26// 526//
f 526// 26// 527//
f 528// 529// 485//
f 485// 529// 486//
f 530// 531// 532//
f 532// 531// 533//
f 532// 533// 534//
f 534// 533// 535//
f 534// 535// 435//
f 435// 535// 436//
f 413// 412// 536//
f 536// 412// 537//
f 536// 537// 528//
f 528// 537// 529//
f 538// 539// 417//
f 417// 539// 484//
f 417// 484// 418//
f 418// 484// 475//
f 540// 527// 27//
f 27// 527// 26//
f 541// 542// 526//
f 5// 543// 7//
f 7// 543// 527//
f 7// 527// 540//
f 544// 545// 546//
f 547// 548// 527//
f 546// 547// 544//
f 544// 547// 527//
f 544// 527// 549//
f 549// 527// 543//
f 549// 543// 550//
f 550// 543// 551//
f 552// 553// 554//
f 555// 556// 527//
f 554// 555// 552//
f 552// 555// 527//
f 552// 527// 557//
f 557// 527// 548//
f 557// 548// 558//
f 558// 548// 559//
f 560// 561// 562//
f 563// 564// 527//
f 562// 563// 560//
f 560// 563// 527//
f 560// 527// 565//
f 565// 527// 556//
f 565// 556// 566//
f 566// 556// 567//
f 568// 569// 570//
f 571// 572// 527//
f 570// 571// 568//
f 568// 571// 527//
f 568// 527// 573//
f 573// 527// 564//
f 573// 564// 574//
f 574// 564// 575//
f 576// 577// 578//
f 579// 580// 527//
f 578// 579// 576//
f 576// 579// 527//
f 576// 527// 581//
f 581// 527// 572//
f 581// 572// 582//
f 582// 572// 583//
f 584// 585// 586//
f 587// 588// 527//
f 586// 587// 584//
f 584// 587// 527//
f 584// 527// 589//
f 589// 527// 580//
f 589// 580// 590//
f 590// 580// 591//
f 592// 593// 594//
f 594// 595// 592//
f 592// 595// 527//
f 592// 527// 596//
f 596// 527// 588//
f 596// 588// 597//
f 597// 588// 598//
f 530// 599// 600//
f 601// 602// 603//
f 603// 602// 531//
f 600// 541// 530//
f 530// 541// 526//
f 530// 526// 531//
f 531// 526// 527//
f 531// 527// 603//
f 603// 527// 595//
f 604// 542// 605//
f 605// 542// 541//
f 606// 431// 427//
f 607// 608// 609//
f 604// 605// 610//
f 610// 605// 611//
f 612// 610// 613//
f 613// 610// 611//
f 613// 611// 609//
f 609// 611// 606//
f 609// 606// 607//
f 607// 606// 427//
f 430// 606// 429//
f 429// 606// 611//
f 614// 415// 615//
f 615// 415// 414//
f 538// 614// 539//
f 539// 614// 615//
f 614// 538// 415//
f 415// 538// 417//
f 616// 435// 617//
f 617// 435// 429//
f 599// 485// 600//
f 600// 485// 484//
f 413// 616// 414//
f 414// 616// 617//
f 616// 413// 536//
f 599// 530// 532//
f 534// 435// 532//
f 532// 435// 616//
f 532// 616// 599//
f 599// 616// 536//
f 599// 536// 485//
f 485// 536// 528//
f 617// 429// 605//
f 605// 429// 611//
f 484// 539// 600//
f 600// 539// 615//
f 605// 541// 617//
f 617// 541// 600//
f 617// 600// 414//
f 414// 600// 615//
f 430// 431// 606//
f 110// 109// 23//
f 23// 109// 618//
f 23// 618// 21//
f 21// 618// 619//
f 21// 619// 478//
f 478// 619// 620//
f 478// 620// 386//
f 386// 620// 387//
f 621// 389// 620//
f 620// 389// 387//
f 542// 604// 526//
f 526// 604// 610//
f 610// 612// 526//
f 526// 612// 622//
f 608// 607// 623//
f 623// 607// 24//
f 623// 24// 622//
f 622// 24// 25//
f 622// 25// 526//
f 22// 24// 427//
f 427// 24// 607//
f 416// 390// 622//
f 622// 390// 623//
f 117// 137// 416//
f 613// 106// 612//
f 612// 106// 117//
f 612// 117// 622//
f 622// 117// 416//
f 389// 621// 390//
f 390// 621// 624//
f 623// 390// 608//
f 608// 390// 624//
f 608// 624// 609//
f 609// 624// 625//
f 618// 109// 625//
f 625// 109// 106//
f 625// 106// 609//
f 609// 106// 613//
f 619// 624// 620//
f 620// 624// 621//
f 619// 618// 624//
f 624// 618// 625//
f 475// 476// 418//
f 418// 476// 388//
f 476// 478// 388//
f 388// 478// 386//
f 626// 627// 479//
f 479// 627// 480//
f 627// 628// 480//
f 480// 628// 474//
f 628// 629// 474//
f 474// 629// 477//
f 629// 626// 477//
f 477// 626// 479//
f 629// 628// 626//
f 626// 628// 627//
f 630// 631// 490//
f 490// 631// 491//
f 603// 595// 632//
f 632// 595// 633//
f 632// 633// 634//
f 634// 633// 635//
f 634// 635// 437//
f 437// 635// 438//
f 411// 405// 636//
f 636// 405// 637//
f 636// 637// 630//
f 630// 637// 631//
f 638// 437// 639//
f 639// 437// 436//
f 601// 490// 602//
f 602// 490// 486//
f 411// 638// 412//
f 412// 638// 639//
f 638// 411// 636//
f 601// 603// 632//
f 634// 437// 632//
f 632// 437// 638//
f 632// 638// 601//
f 601// 638// 636//
f 601// 636// 490//
f 490// 636// 630//
f 639// 436// 533//
f 533// 436// 535//
f 486// 529// 602//
f 602// 529// 537//
f 533// 531// 639//
f 639// 531// 602//
f 639// 602// 412//
f 412// 602// 537//
f 640// 641// 499//
f 499// 641// 500//
f 588// 587// 642//
f 642// 587// 643//
f 642// 643// 644//
f 644// 643// 645//
f 644// 645// 444//
f 444// 645// 445//
f 399// 398// 646//
f 646// 398// 647//
f 646// 647// 640//
f 640// 647// 641//
f 492// 648// 493//
f 493// 648// 649//
f 650// 592// 651//
f 651// 592// 596//
f 652// 650// 653//
f 653// 650// 651//
f 439// 652// 443//
f 443// 652// 653//
f 654// 404// 655//
f 655// 404// 403//
f 648// 654// 649//
f 649// 654// 655//
f 656// 444// 657//
f 657// 444// 443//
f 598// 499// 597//
f 597// 499// 493//
f 399// 656// 403//
f 403// 656// 657//
f 656// 399// 646//
f 598// 588// 642//
f 644// 444// 642//
f 642// 444// 656//
f 642// 656// 598//
f 598// 656// 646//
f 598// 646// 499//
f 499// 646// 640//
f 657// 443// 651//
f 651// 443// 653//
f 493// 649// 597//
f 597// 649// 655//
f 651// 596// 657//
f 657// 596// 597//
f 657// 597// 403//
f 403// 597// 655//
f 658// 439// 659//
f 659// 439// 438//
f 593// 492// 594//
f 594// 492// 491//
f 404// 658// 405//
f 405// 658// 659//
f 658// 404// 654//
f 593// 592// 650//
f 652// 439// 650//
f 650// 439// 658//
f 650// 658// 593//
f 593// 658// 654//
f 593// 654// 492//
f 492// 654// 648//
f 659// 438// 633//
f 633// 438// 635//
f 491// 631// 594//
f 594// 631// 637//
f 633// 595// 659//
f 659// 595// 594//
f 659// 594// 405//
f 405// 594// 637//
f 660// 661// 501//
f 501// 661// 510//
f 584// 589// 662//
f 662// 589// 663//
f 662// 663// 664//
f 664// 663// 665//
f 664// 665// 449//
f 449// 665// 450//
f 397// 393// 666//
f 666// 393// 667//
f 666// 667// 660//
f 660// 667// 661//
f 668// 449// 669//
f 669// 449// 445//
f 585// 501// 586//
f 586// 501// 500//
f 397// 668// 398//
f 398// 668// 669//
f 668// 397// 666//
f 585// 584// 662//
f 664// 449// 662//
f 662// 449// 668//
f 662// 668// 585//
f 585// 668// 666//
f 585// 666// 501//
f 501// 666// 660//
f 669// 445// 643//
f 643// 445// 645//
f 500// 641// 586//
f 586// 641// 647//
f 643// 587// 669//
f 669// 587// 586//
f 669// 586// 398//
f 398// 586// 647//
f 670// 671// 511//
f 511// 671// 494//
f 580// 579// 672//
f 672// 579// 673//
f 672// 673// 674//
f 674// 673// 675//
f 674// 675// 451//
f 451// 675// 455//
f 392// 391// 676//
f 676// 391// 677//
f 676// 677// 670//
f 670// 677// 671//
f 678// 451// 679//
f 679// 451// 450//
f 591// 511// 590//
f 590// 511// 510//
f 392// 678// 393//
f 393// 678// 679//
f 678// 392// 676//
f 591// 580// 672//
f 674// 451// 672//
f 672// 451// 678//
f 672// 678// 591//
f 591// 678// 676//
f 591// 676// 511//
f 511// 676// 670//
f 679// 450// 663//
f 663// 450// 665//
f 510// 661// 590//
f 590// 661// 667//
f 663// 589// 679//
f 679// 589// 590//
f 679// 590// 393//
f 393// 590// 667//
f 680// 681// 495//
f 495// 681// 496//
f 576// 581// 682//
f 682// 581// 683//
f 682// 683// 684//
f 684// 683// 685//
f 684// 685// 456//
f 456// 685// 432//
f 426// 425// 686//
f 686// 425// 687//
f 686// 687// 680//
f 680// 687// 681//
f 688// 456// 689//
f 689// 456// 455//
f 577// 495// 578//
f 578// 495// 494//
f 426// 688// 391//
f 391// 688// 689//
f 688// 426// 686//
f 577// 576// 682//
f 684// 456// 682//
f 682// 456// 688//
f 682// 688// 577//
f 577// 688// 686//
f 577// 686// 495//
f 495// 686// 680//
f 689// 455// 673//
f 673// 455// 675//
f 494// 671// 578//
f 578// 671// 677//
f 673// 579// 689//
f 689// 579// 578//
f 689// 578// 391//
f 391// 578// 677//
f 690// 691// 502//
f 502// 691// 503//
f 572// 571// 692//
f 692// 571// 693//
f 692// 693// 694//
f 694// 693// 695//
f 694// 695// 433//
f 433// 695// 434//
f 424// 423// 696//
f 696// 423// 697//
f 696// 697// 690//
f 690// 697// 691//
f 698// 433// 699//
f 699// 433// 432//
f 583// 502// 582//
f 582// 502// 496//
f 424// 698// 425//
f 425// 698// 699//
f 698// 424// 696//
f 583// 572// 692//
f 694// 433// 692//
f 692// 433// 698//
f 692// 698// 583//
f 583// 698// 696//
f 583// 696// 502//
f 502// 696// 690//
f 699// 432// 683//
f 683// 432// 685//
f 496// 681// 582//
f 582// 681// 687//
f 683// 581// 699//
f 699// 581// 582//
f 699// 582// 425//
f 425// 582// 687//
f 700// 701// 497//
f 497// 701// 498//
f 568// 573// 702//
f 702// 573// 703//
f 702// 703// 704//
f 704// 703// 705//
f 704// 705// 440//
f 440// 705// 441//
f 422// 421// 706//
f 706// 421// 707//
f 706// 707// 700//
f 700// 707// 701//
f 708// 440// 709//
f 709// 440// 434//
f 569// 497// 570//
f 570// 497// 503//
f 422// 708// 423//
f 423// 708// 709//
f 708// 422// 706//
f 569// 568// 702//
f 704// 440// 702//
f 702// 440// 708//
f 702// 708// 569//
f 569// 708// 706//
f 569// 706// 497//
f 497// 706// 700//
f 709// 434// 693//
f 693// 434// 695//
f 503// 691// 570//
f 570// 691// 697//
f 693// 571// 709//
f 709// 571// 570//
f 709// 570// 423//
f 423// 570// 697//
f 710// 711// 504//
f 504// 711// 505//
f 564// 563// 712//
f 712// 563// 713//
f 712// 713// 714//
f 714// 713// 715//
f 714// 715// 442//
f 442// 715// 446//
f 420// 419// 716//
f 716// 419// 717//
f 716// 717// 710//
f 710// 717// 711//
f 718// 442// 719//
f 719// 442// 441//
f 575// 504// 574//
f 574// 504// 498//
f 420// 718// 421//
f 421// 718// 719//
f 718// 420// 716//
f 575// 564// 712//
f 714// 442// 712//
f 712// 442// 718//
f 712// 718// 575//
f 575// 718// 716//
f 575// 716// 504//
f 504// 716// 710//
f 719// 441// 703//
f 703// 441// 705//
f 498// 701// 574//
f 574// 701// 707//
f 703// 573// 719//
f 719// 573// 574//
f 719// 574// 421//
f 421// 574// 707//
f 720// 721// 506//
f 506// 721// 507//
f 560// 565// 722//
f 722// 565// 723//
f 722// 723// 724//
f 724// 723// 725//
f 724// 725// 447//
f 447// 725// 448//
f 410// 409// 726//
f 726// 409// 727//
f 726// 727// 720//
f 720// 727// 721//
f 728// 447// 729//
f 729// 447// 446//
f 561// 506// 562//
f 562// 506// 505//
f 410// 728// 419//
f 419// 728// 729//
f 728// 410// 726//
f 561// 560// 722//
f 724// 447// 722//
f 722// 447// 728//
f 722// 728// 561//
f 561// 728// 726//
f 561// 726// 506//
f 506// 726// 720//
f 729// 446// 713//
f 713// 446// 715//
f 505// 711// 562//
f 562// 711// 717//
f 713// 563// 729//
f 729// 563// 562//
f 729// 562// 419//
f 419// 562// 717//
f 730// 731// 508//
f 508// 731// 509//
f 556// 555// 732//
f 732// 555// 733//
f 732// 733// 734//
f 734// 733// 735//
f 734// 735// 452//
f 452// 735// 453//
f 408// 407// 736//
f 736// 407// 737//
f 736// 737// 730//
f 730// 737// 731//
f 738// 452// 739//
f 739// 452// 448//
f 567// 508// 566//
f 566// 508// 507//
f 408// 738// 409//
f 409// 738// 739//
f 738// 408// 736//
f 567// 556// 732//
f 734// 452// 732//
f 732// 452// 738//
f 732// 738// 567//
f 567// 738// 736//
f 567// 736// 508//
f 508// 736// 730//
f 739// 448// 723//
f 723// 448// 725//
f 507// 721// 566//
f 566// 721// 727//
f 723// 565// 739//
f 739// 565// 566//
f 739// 566// 409//
f 409// 566// 727//
f 740// 741// 514//
f 514// 741// 515//
f 548// 547// 742//
f 742// 547// 743//
f 742// 743// 744//
f 744// 743// 745//
f 744// 745// 458//
f 458// 745// 459//
f 401// 400// 746//
f 746// 400// 747//
f 746// 747// 740//
f 740// 747// 741//
f 512// 748// 513//
f 513// 748// 749//
f 750// 552// 751//
f 751// 552// 557//
f 752// 750// 753//
f 753// 750// 751//
f 454// 752// 457//
f 457// 752// 753//
f 754// 406// 755//
f 755// 406// 402//
f 748// 754// 749//
f 749// 754// 755//
f 756// 458// 757//
f 757// 458// 457//
f 559// 514// 558//
f 558// 514// 513//
f 401// 756// 402//
f 402// 756// 757//
f 756// 401// 746//
f 559// 548// 742//
f 744// 458// 742//
f 742// 458// 756//
f 742// 756// 559//
f 559// 756// 746//
f 559// 746// 514//
f 514// 746// 740//
f 757// 457// 751//
f 751// 457// 753//
f 513// 749// 558//
f 558// 749// 755//
f 751// 557// 757//
f 757// 557// 558//
f 757// 558// 402//
f 402// 558// 755//
f 758// 759// 516//
f 516// 759// 517//
f 544// 549// 760//
f 760// 549// 761//
f 760// 761// 762//
f 762// 761// 763//
f 762// 763// 460//
f 460// 763// 461//
f 396// 395// 764//
f 764// 395// 765//
f 764// 765// 758//
f 758// 765// 759//
f 766// 460// 767//
f 767// 460// 459//
f 545// 516// 546//
f 546// 516// 515//
f 396// 766// 400//
f 400// 766// 767//
f 766// 396// 764//
f 545// 544// 760//
f 762// 460// 760//
f 760// 460// 766//
f 760// 766// 545//
f 545// 766// 764//
f 545// 764// 516//
f 516// 764// 758//
f 767// 459// 743//
f 743// 459// 745//
f 515// 741// 546//
f 546// 741// 747//
f 743// 547// 767//
f 767// 547// 546//
f 767// 546// 400//
f 400// 546// 747//
f 543// 5// 471//
f 471// 5// 4//
f 470// 2// 462//
f 462// 2// 1//
f 394// 380// 768//
f 768// 380// 525//
f 768// 525// 520//
f 520// 525// 519//
f 540// 27// 7//
f 7// 27// 20//
f 769// 462// 770//
f 770// 462// 461//
f 551// 518// 550//
f 550// 518// 517//
f 394// 769// 395//
f 395// 769// 770//
f 769// 394// 768//
f 551// 543// 471//
f 470// 462// 471//
f 471// 462// 769//
f 471// 769// 551//
f 551// 769// 768//
f 551// 768// 518//
f 518// 768// 520//
f 770// 461// 761//
f 761// 461// 763//
f 517// 759// 550//
f 550// 759// 765//
f 761// 549// 770//
f 770// 549// 550//
f 770// 550// 395//
f 395// 550// 765//
f 771// 454// 772//
f 772// 454// 453//
f 553// 512// 554//
f 554// 512// 509//
f 406// 771// 407//
f 407// 771// 772//
f 771// 406// 754//
f 553// 552// 750//
f 752// 454// 750//
f 750// 454// 771//
f 750// 771// 553//
f 553// 771// 754//
f 553// 754// 512//
f 512// 754// 748//
f 772// 453// 733//
f 733// 453// 735//
f 509// 731// 554//
f 554// 731// 737//
f 733// 555// 772//
f 772// 555// 554//
f 772// 554// 407//
f 407// 554// 737//
usemtl 2
f 773// 327// 774//
f 774// 327// 325//
f 775// 376// 773//
f 773// 376// 327//
f 776// 377// 775//
f 775// 377// 376//
f 377// 776// 777//
f 377// 777// 366//
f 366// 777// 778//
f 366// 778// 367//
f 367// 778// 779//
f 367// 779// 369//
f 369// 779// 780//
f 369// 780// 370//
f 370// 780// 781//
f 370// 781// 371//
f 371// 781// 782//
f 371// 782// 269//
f 269// 782// 783//
f 269// 783// 270//
f 270// 783// 784//
f 270// 784// 271//
f 271// 784// 785//
f 271// 785// 272//
f 272// 785// 786//
f 272// 786// 275//
f 275// 786// 787//
f 275// 787// 276//
f 276// 787// 788//
f 276// 788// 304//
f 304// 788// 789//
f 304// 789// 305//
f 305// 789// 790//
f 305// 790// 306//
f 306// 790// 791//
f 306// 791// 329//
f 792// 330// 791//
f 791// 330// 329//
f 330// 792// 793//
f 330// 793// 331//
f 331// 793// 794//
f 331// 794// 203//
f 203// 794// 795//
f 203// 795// 205//
f 205// 795// 796//
f 205// 796// 309//
f 797// 310// 796//
f 796// 310// 309//
f 310// 797// 798//
f 310// 798// 311//
f 311// 798// 799//
f 311// 799// 295//
f 295// 799// 142//
f 142// 799// 800//
f 142// 800// 143//
f 801// 145// 800//
f 800// 145// 143//
f 802// 266// 801//
f 801// 266// 285//
f 801// 285// 145//
f 803// 267// 802//
f 802// 267// 266//
f 267// 803// 804//
f 267// 804// 318//
f 318// 804// 805//
f 318// 805// 319//
f 806// 320// 805//
f 805// 320// 319//
f 320// 806// 807//
f 320// 807// 321//
f 321// 807// 808//
f 321// 808// 322//
f 322// 808// 809//
f 322// 809// 323//
f 323// 809// 810//
f 323// 810// 372//
f 372// 810// 811//
f 372// 811// 373//
f 373// 811// 812//
f 373// 812// 374//
f 374// 812// 813//
f 374// 813// 363//
f 363// 813// 814//
f 363// 814// 364//
f 364// 814// 815//
f 364// 815// 365//
f 816// 357// 815//
f 815// 357// 365//
f 817// 356// 816//
f 816// 356// 357//
f 356// 817// 818//
f 356// 818// 355//
f 355// 818// 819//
f 355// 819// 358//
f 358// 819// 820//
f 358// 820// 359//
f 359// 820// 821//
f 359// 821// 286//
f 286// 821// 822//
f 286// 822// 287//
f 287// 822// 823//
f 287// 823// 300//
f 300// 823// 824//
f 300// 824// 301//
f 301// 824// 825//
f 301// 825// 302//
f 302// 825// 826//
f 302// 826// 303//
f 303// 826// 827//
f 303// 827// 368//
f 368// 827// 828//
f 368// 828// 375//
f 375// 828// 829//
f 375// 829// 328//
f 328// 829// 830//
f 328// 830// 326//
f 326// 830// 831//
f 326// 831// 324//
f 324// 831// 832//
f 324// 832// 335//
f 335// 832// 833//
f 335// 833// 336//
f 834// 338// 833//
f 833// 338// 336//
f 835// 337// 834//
f 834// 337// 338//
f 835// 774// 337//
f 337// 774// 325//
f 836// 800// 837//
f 837// 800// 799//
f 835// 838// 839//
f 808// 807// 834//
f 834// 807// 806//
f 839// 840// 835//
f 835// 840// 841//
f 835// 841// 774//
f 774// 841// 842//
f 798// 773// 799//
f 799// 773// 774//
f 799// 774// 837//
f 837// 774// 842//
f 806// 805// 834//
f 834// 805// 804//
f 834// 804// 835//
f 835// 804// 803//
f 835// 803// 838//
f 838// 803// 802//
f 838// 802// 836//
f 836// 802// 801//
f 836// 801// 800//
f 773// 792// 775//
f 775// 792// 791//
f 775// 791// 776//
f 776// 791// 790//
f 776// 790// 777//
f 819// 833// 820//
f 820// 833// 832//
f 820// 832// 821//
f 815// 814// 834//
f 834// 814// 813//
f 834// 813// 808//
f 808// 813// 812//
f 798// 797// 773//
f 773// 797// 796//
f 773// 796// 795//
f 777// 790// 778//
f 778// 790// 789//
f 778// 789// 779//
f 811// 810// 812//
f 812// 810// 809//
f 812// 809// 808//
f 795// 794// 773//
f 773// 794// 793//
f 773// 793// 792//
f 781// 780// 787//
f 819// 818// 833//
f 833// 818// 817//
f 833// 817// 834//
f 834// 817// 816//
f 834// 816// 815//
f 779// 789// 780//
f 780// 789// 788//
f 780// 788// 787//
f 830// 829// 822//
f 821// 832// 822//
f 822// 832// 831//
f 822// 831// 830//
f 824// 827// 825//
f 825// 827// 826//
f 829// 828// 822//
f 822// 828// 827//
f 822// 827// 823//
f 823// 827// 824//
f 781// 787// 782//
f 782// 787// 786//
f 782// 786// 783//
f 783// 786// 785//
f 783// 785// 784//
f 837// 843// 836//
f 836// 843// 844//
f 843// 837// 842//
f 843// 842// 845//
f 845// 842// 841//
f 845// 841// 846//
f 846// 841// 840//
f 846// 840// 847//
f 839// 848// 840//
f 840// 848// 847//
f 838// 849// 839//
f 839// 849// 848//
f 844// 849// 836//
f 836// 849// 838//
f 850// 257// 851//
f 851// 257// 254//
f 257// 850// 852//
f 257// 852// 258//
f 258// 852// 853//
f 258// 853// 259//
f 259// 853// 854//
f 259// 854// 157//
f 157// 854// 855//
f 157// 855// 158//
f 158// 855// 856//
f 158// 856// 198//
f 198// 856// 857//
f 198// 857// 148//
f 148// 857// 858//
f 148// 858// 149//
f 149// 858// 859//
f 149// 859// 339//
f 339// 859// 860//
f 339// 860// 340//
f 861// 341// 860//
f 860// 341// 340//
f 862// 342// 861//
f 861// 342// 341//
f 342// 862// 863//
f 342// 863// 291//
f 291// 863// 864//
f 291// 864// 292//
f 865// 307// 864//
f 864// 307// 292//
f 866// 308// 865//
f 865// 308// 307//
f 308// 866// 867//
f 308// 867// 241//
f 241// 867// 868//
f 241// 868// 190//
f 190// 868// 869//
f 190// 869// 174//
f 174// 869// 870//
f 174// 870// 175//
f 175// 870// 871//
f 175// 871// 199//
f 199// 871// 872//
f 199// 872// 200//
f 200// 872// 873//
f 200// 873// 201//
f 201// 873// 874//
f 201// 874// 293//
f 293// 874// 875//
f 293// 875// 294//
f 294// 875// 876//
f 294// 876// 296//
f 296// 876// 877//
f 296// 877// 297//
f 297// 877// 878//
f 297// 878// 204//
f 204// 878// 879//
f 204// 879// 202//
f 202// 879// 880//
f 202// 880// 274//
f 274// 880// 881//
f 274// 881// 273//
f 273// 881// 882//
f 273// 882// 238//
f 238// 882// 883//
f 238// 883// 239//
f 239// 883// 884//
f 239// 884// 240//
f 885// 288// 884//
f 884// 288// 240//
f 288// 885// 886//
f 288// 886// 289//
f 289// 886// 887//
f 289// 887// 290//
f 290// 887// 888//
f 290// 888// 348//
f 348// 888// 889//
f 348// 889// 349//
f 349// 889// 890//
f 349// 890// 212//
f 212// 890// 891//
f 212// 891// 178//
f 178// 891// 892//
f 178// 892// 332//
f 332// 892// 893//
f 332// 893// 333//
f 333// 893// 894//
f 333// 894// 334//
f 895// 346// 894//
f 894// 346// 334//
f 346// 895// 896//
f 346// 896// 347//
f 347// 896// 897//
f 347// 897// 282//
f 282// 897// 898//
f 282// 898// 283//
f 283// 898// 899//
f 283// 899// 284//
f 284// 899// 900//
f 284// 900// 186//
f 186// 900// 901//
f 186// 901// 172//
f 172// 901// 902//
f 172// 902// 173//
f 173// 902// 903//
f 173// 903// 265//
f 265// 903// 904//
f 265// 904// 264//
f 264// 904// 905//
f 264// 905// 230//
f 230// 905// 906//
f 230// 906// 231//
f 231// 906// 907//
f 231// 907// 232//
f 232// 907// 908//
f 232// 908// 233//
f 233// 908// 909//
f 233// 909// 234//
f 234// 909// 910//
f 234// 910// 235//
f 911// 236// 910//
f 910// 236// 235//
f 912// 237// 911//
f 911// 237// 236//
f 913// 256// 912//
f 912// 256// 237//
f 256// 913// 914//
f 256// 914// 255//
f 255// 914// 851//
f 255// 851// 254//
f 852// 850// 861//
f 862// 861// 915//
f 893// 912// 911//
f 898// 897// 910//
f 850// 851// 861//
f 861// 851// 914//
f 861// 914// 915//
f 915// 914// 913//
f 915// 913// 916//
f 897// 896// 910//
f 910// 896// 895//
f 910// 895// 911//
f 911// 895// 894//
f 911// 894// 893//
f 917// 918// 893//
f 893// 918// 919//
f 893// 919// 920//
f 913// 912// 916//
f 916// 912// 893//
f 916// 893// 921//
f 921// 893// 920//
f 922// 923// 866//
f 866// 923// 867//
f 867// 923// 924//
f 867// 924// 868//
f 890// 889// 888//
f 866// 865// 922//
f 922// 865// 864//
f 922// 864// 915//
f 915// 864// 863//
f 915// 863// 862//
f 901// 900// 910//
f 910// 900// 899//
f 910// 899// 898//
f 861// 860// 852//
f 852// 860// 859//
f 852// 859// 853//
f 853// 859// 858//
f 868// 924// 869//
f 869// 924// 925//
f 869// 925// 870//
f 909// 908// 903//
f 903// 908// 907//
f 903// 907// 904//
f 904// 907// 906//
f 904// 906// 905//
f 858// 857// 853//
f 853// 857// 856//
f 853// 856// 854//
f 854// 856// 855//
f 926// 917// 886//
f 886// 917// 893//
f 886// 893// 887//
f 887// 893// 892//
f 887// 892// 888//
f 888// 892// 891//
f 888// 891// 890//
f 870// 925// 871//
f 871// 925// 927//
f 871// 927// 872//
f 872// 927// 928//
f 872// 928// 873//
f 873// 928// 929//
f 873// 929// 874//
f 886// 885// 926//
f 926// 885// 884//
f 926// 884// 883//
f 909// 903// 910//
f 910// 903// 902//
f 910// 902// 901//
f 883// 882// 926//
f 926// 882// 881//
f 926// 881// 930//
f 930// 881// 880//
f 930// 880// 931//
f 931// 880// 879//
f 931// 879// 932//
f 929// 933// 874//
f 874// 933// 934//
f 874// 934// 875//
f 875// 934// 935//
f 875// 935// 876//
f 876// 935// 936//
f 876// 936// 877//
f 877// 936// 932//
f 877// 932// 878//
f 878// 932// 879//
f 919// 937// 920//
f 920// 937// 938//
f 937// 919// 918//
f 937// 918// 939//
f 939// 918// 917//
f 939// 917// 940//
f 940// 917// 926//
f 940// 926// 941//
f 941// 926// 930//
f 941// 930// 942//
f 942// 930// 931//
f 942// 931// 943//
f 943// 931// 932//
f 943// 932// 944//
f 944// 932// 936//
f 944// 936// 945//
f 945// 936// 935//
f 945// 935// 946//
f 946// 935// 934//
f 946// 934// 947//
f 947// 934// 933//
f 947// 933// 948//
f 948// 933// 929//
f 948// 929// 949//
f 949// 929// 928//
f 949// 928// 950//
f 950// 928// 927//
f 950// 927// 951//
f 951// 927// 925//
f 951// 925// 952//
f 952// 925// 924//
f 952// 924// 953//
f 953// 924// 923//
f 953// 923// 954//
f 954// 923// 922//
f 954// 922// 955//
f 915// 956// 922//
f 922// 956// 955//
f 916// 957// 915//
f 915// 957// 956//
f 957// 916// 921//
f 957// 921// 958//
f 958// 921// 920//
f 958// 920// 938//
f 959// 154// 960//
f 960// 154// 153//
f 154// 959// 961//
f 154// 961// 156//
f 156// 961// 962//
f 156// 962// 163//
f 163// 962// 963//
f 163// 963// 164//
f 964// 166// 963//
f 963// 166// 164//
f 965// 260// 964//
f 964// 260// 166//
f 260// 965// 966//
f 260// 966// 261//
f 261// 966// 967//
f 261// 967// 262//
f 262// 967// 968//
f 262// 968// 263//
f 263// 968// 969//
f 263// 969// 168//
f 168// 969// 970//
f 168// 970// 169//
f 169// 970// 971//
f 169// 971// 171//
f 171// 971// 972//
f 171// 972// 183//
f 183// 972// 973//
f 183// 973// 184//
f 184// 973// 974//
f 184// 974// 185//
f 185// 974// 975//
f 185// 975// 219//
f 219// 975// 976//
f 219// 976// 220//
f 977// 193// 976//
f 976// 193// 220//
f 978// 194// 977//
f 977// 194// 193//
f 979// 195// 978//
f 978// 195// 194//
f 195// 979// 980//
f 195// 980// 222//
f 222// 980// 981//
f 222// 981// 221//
f 982// 170// 981//
f 981// 170// 221//
f 983// 248// 982//
f 982// 248// 170//
f 248// 983// 984//
f 248// 984// 249//
f 249// 984// 985//
f 249// 985// 209//
f 209// 985// 986//
f 209// 986// 208//
f 208// 986// 987//
f 208// 987// 207//
f 207// 987// 988//
f 207// 988// 250//
f 250// 988// 989//
f 250// 989// 251//
f 251// 989// 990//
f 251// 990// 176//
f 176// 990// 991//
f 176// 991// 177//
f 177// 991// 992//
f 177// 992// 179//
f 179// 992// 993//
f 179// 993// 210//
f 210// 993// 994//
f 210// 994// 211//
f 995// 312// 994//
f 994// 312// 211//
f 312// 995// 996//
f 312// 996// 313//
f 313// 996// 997//
f 313// 997// 314//
f 998// 360// 997//
f 997// 360// 314//
f 360// 998// 999//
f 360// 999// 361//
f 361// 999// 1000//
f 361// 1000// 362//
f 362// 1000// 1001//
f 362// 1001// 206//
f 206// 1001// 1002//
f 206// 1002// 191//
f 191// 1002// 1003//
f 191// 1003// 192//
f 192// 1003// 1004//
f 192// 1004// 343//
f 343// 1004// 1005//
f 343// 1005// 344//
f 344// 1005// 1006//
f 344// 1006// 345//
f 345// 1006// 1007//
f 345// 1007// 279//
f 279// 1007// 1008//
f 279// 1008// 281//
f 281// 1008// 1009//
f 281// 1009// 243//
f 243// 1009// 1010//
f 243// 1010// 244//
f 244// 1010// 1011//
f 244// 1011// 246//
f 1012// 247// 1011//
f 1011// 247// 246//
f 247// 1012// 1013//
f 247// 1013// 298//
f 298// 1013// 1014//
f 298// 1014// 299//
f 1015// 245// 1014//
f 1014// 245// 299//
f 245// 1015// 1016//
f 245// 1016// 277//
f 277// 1016// 1017//
f 277// 1017// 278//
f 278// 1017// 1018//
f 278// 1018// 280//
f 280// 1018// 1019//
f 280// 1019// 352//
f 352// 1019// 1020//
f 352// 1020// 353//
f 353// 1020// 1021//
f 353// 1021// 354//
f 354// 1021// 1022//
f 354// 1022// 315//
f 315// 1022// 1023//
f 315// 1023// 316//
f 316// 1023// 1024//
f 316// 1024// 317//
f 317// 1024// 1025//
f 317// 1025// 151//
f 151// 1025// 1026//
f 151// 1026// 152//
f 152// 1026// 1027//
f 152// 1027// 160//
f 160// 1027// 1028//
f 160// 1028// 161//
f 161// 1028// 1029//
f 161// 1029// 162//
f 162// 1029// 1030//
f 162// 1030// 180//
f 1031// 181// 1030//
f 1030// 181// 180//
f 181// 1031// 1032//
f 181// 1032// 182//
f 182// 1032// 1033//
f 182// 1033// 213//
f 1034// 214// 1033//
f 1033// 214// 213//
f 214// 1034// 1035//
f 214// 1035// 215//
f 215// 1035// 1036//
f 215// 1036// 216//
f 1037// 217// 1036//
f 1036// 217// 216//
f 217// 1037// 1038//
f 217// 1038// 218//
f 218// 1038// 1039//
f 218// 1039// 252//
f 252// 1039// 1040//
f 252// 1040// 253//
f 1041// 150// 1040//
f 1040// 150// 253//
f 1042// 223// 1041//
f 1041// 223// 150//
f 223// 1042// 1043//
f 223// 1043// 196//
f 196// 1043// 1044//
f 196// 1044// 197//
f 197// 1044// 1045//
f 197// 1045// 224//
f 224// 1045// 1046//
f 224// 1046// 225//
f 225// 1046// 1047//
f 225// 1047// 226//
f 226// 1047// 1048//
f 226// 1048// 227//
f 227// 1048// 1049//
f 227// 1049// 228//
f 228// 1049// 1050//
f 228// 1050// 229//
f 229// 1050// 1051//
f 229// 1051// 159//
f 159// 1051// 1052//
f 159// 1052// 187//
f 187// 1052// 1053//
f 187// 1053// 188//
f 1054// 189// 1053//
f 1053// 189// 188//
f 189// 1054// 1055//
f 189// 1055// 167//
f 167// 1055// 1056//
f 167// 1056// 165//
f 1057// 155// 1056//
f 1056// 155// 165//
f 1057// 960// 155//
f 155// 960// 153//
f 981// 980// 995//
f 995// 980// 979//
f 1002// 1001// 978//
f 978// 1001// 1000//
f 978// 1000// 999//
f 1008// 978// 1009//
f 1009// 978// 1010//
f 1018// 1017// 1057//
f 989// 988// 983//
f 999// 998// 978//
f 978// 998// 997//
f 978// 997// 979//
f 979// 997// 996//
f 979// 996// 995//
f 1014// 1013// 978//
f 1013// 1012// 978//
f 978// 1012// 1011//
f 978// 1011// 1010//
f 1008// 1007// 978//
f 978// 1007// 1006//
f 978// 1006// 1005//
f 960// 977// 959//
f 959// 977// 976//
f 959// 976// 961//
f 961// 976// 962//
f 1044// 1043// 1053//
f 1053// 1043// 1042//
f 1017// 1016// 1057//
f 1057// 1016// 1015//
f 1057// 1015// 960//
f 960// 1015// 1014//
f 960// 1014// 977//
f 977// 1014// 978//
f 962// 976// 963//
f 963// 976// 965//
f 963// 965// 964//
f 981// 995// 982//
f 982// 995// 994//
f 982// 994// 983//
f 983// 994// 993//
f 983// 993// 992//
f 988// 987// 986//
f 1005// 1004// 978//
f 978// 1004// 1003//
f 978// 1003// 1002//
f 1026// 1025// 1057//
f 1057// 1025// 1024//
f 1021// 1020// 1057//
f 1057// 1020// 1019//
f 1057// 1019// 1018//
f 1042// 1041// 1053//
f 1053// 1041// 1040//
f 1053// 1040// 1054//
f 1054// 1040// 1039//
f 1054// 1039// 1055//
f 1055// 1039// 1038//
f 1055// 1038// 1056//
f 1056// 1038// 1037//
f 1056// 1037// 1057//
f 1057// 1037// 1036//
f 1057// 1036// 1035//
f 1035// 1034// 1057//
f 1057// 1034// 1033//
f 1057// 1033// 1032//
f 986// 985// 988//
f 988// 985// 984//
f 988// 984// 983//
f 975// 967// 976//
f 976// 967// 966//
f 976// 966// 965//
f 1024// 1023// 1057//
f 1057// 1023// 1022//
f 1057// 1022// 1021//
f 1050// 1049// 1045//
f 1032// 1031// 1057//
f 1057// 1031// 1030//
f 1057// 1030// 1029//
f 992// 991// 983//
f 983// 991// 990//
f 983// 990// 989//
f 975// 974// 967//
f 967// 974// 973//
f 967// 973// 968//
f 968// 973// 972//
f 972// 971// 968//
f 968// 971// 970//
f 968// 970// 969//
f 1050// 1045// 1051//
f 1029// 1028// 1057//
f 1057// 1028// 1027//
f 1057// 1027// 1026//
f 1044// 1053// 1045//
f 1045// 1053// 1052//
f 1045// 1052// 1051//
f 1049// 1048// 1045//
f 1045// 1048// 1047//
f 1045// 1047// 1046//
f 1058// 34// 1059//
f 1059// 34// 37//
f 1060// 35// 1058//
f 1058// 35// 34//
f 1061// 350// 1060//
f 1060// 350// 35//
f 350// 1061// 1062//
f 350// 1062// 351//
f 351// 1062// 1063//
f 351// 1063// 91//
f 91// 1063// 1064//
f 91// 1064// 92//
f 92// 1064// 1065//
f 92// 1065// 93//
f 93// 1065// 1066//
f 93// 1066// 112//
f 112// 1066// 1067//
f 112// 1067// 94//
f 94// 1067// 1068//
f 94// 1068// 67//
f 67// 1068// 1069//
f 67// 1069// 68//
f 68// 1069// 1070//
f 68// 1070// 69//
f 69// 1070// 1071//
f 69// 1071// 95//
f 95// 1071// 1072//
f 95// 1072// 96//
f 96// 1072// 1073//
f 96// 1073// 111//
f 111// 1073// 1074//
f 111// 1074// 79//
f 79// 1074// 1075//
f 79// 1075// 80//
f 80// 1075// 1076//
f 80// 1076// 82//
f 82// 1076// 1077//
f 82// 1077// 84//
f 84// 1077// 1078//
f 84// 1078// 85//
f 85// 1078// 1079//
f 85// 1079// 63//
f 63// 1079// 1080//
f 63// 1080// 53//
f 53// 1080// 1081//
f 53// 1081// 54//
f 54// 1081// 1082//
f 54// 1082// 86//
f 86// 1082// 1083//
f 86// 1083// 87//
f 87// 1083// 1084//
f 87// 1084// 64//
f 64// 1084// 1085//
f 64// 1085// 88//
f 88// 1085// 1086//
f 88// 1086// 89//
f 89// 1086// 1087//
f 89// 1087// 90//
f 90// 1087// 1088//
f 90// 1088// 66//
f 66// 1088// 1089//
f 66// 1089// 65//
f 65// 1089// 1090//
f 65// 1090// 55//
f 55// 1090// 1091//
f 55// 1091// 83//
f 1092// 81// 1091//
f 1091// 81// 83//
f 1093// 125// 1092//
f 1092// 125// 81//
f 125// 1093// 1094//
f 125// 1094// 113//
f 113// 1094// 1095//
f 113// 1095// 114//
f 114// 1095// 1096//
f 114// 1096// 126//
f 126// 1096// 1097//
f 126// 1097// 127//
f 127// 1097// 1098//
f 127// 1098// 57//
f 57// 1098// 1099//
f 57// 1099// 58//
f 58// 1099// 1100//
f 58// 1100// 129//
f 129// 1100// 1101//
f 129// 1101// 47//
f 47// 1101// 1102//
f 47// 1102// 45//
f 45// 1102// 1103//
f 45// 1103// 97//
f 97// 1103// 1104//
f 97// 1104// 98//
f 98// 1104// 1105//
f 98// 1105// 75//
f 75// 1105// 1106//
f 75// 1106// 74//
f 74// 1106// 1107//
f 74// 1107// 56//
f 56// 1107// 1108//
f 56// 1108// 33//
f 33// 1108// 1109//
f 33// 1109// 121//
f 121// 1109// 1110//
f 121// 1110// 52//
f 52// 1110// 1111//
f 52// 1111// 40//
f 40// 1111// 1112//
f 40// 1112// 41//
f 41// 1112// 1113//
f 41// 1113// 61//
f 61// 1113// 1114//
f 61// 1114// 62//
f 62// 1114// 1115//
f 62// 1115// 60//
f 60// 1115// 1116//
f 60// 1116// 39//
f 39// 1116// 1117//
f 39// 1117// 38//
f 38// 1117// 1118//
f 38// 1118// 36//
f 36// 1118// 1119//
f 36// 1119// 49//
f 49// 1119// 1120//
f 49// 1120// 50//
f 1121// 51// 1120//
f 1120// 51// 50//
f 1121// 1059// 51//
f 51// 1059// 37//
f 1060// 1058// 1121//
f 1121// 1058// 1059//
f 1094// 1093// 1092//
f 1061// 1060// 1062//
f 1062// 1060// 1121//
f 1062// 1121// 1063//
f 1063// 1121// 1064//
f 1112// 1111// 1073//
f 1120// 1066// 1121//
f 1121// 1066// 1065//
f 1121// 1065// 1064//
f 1073// 1111// 1074//
f 1074// 1111// 1110//
f 1074// 1110// 1075//
f 1120// 1119// 1066//
f 1066// 1119// 1118//
f 1066// 1118// 1067//
f 1067// 1118// 1117//
f 1067// 1117// 1068//
f 1068// 1117// 1116//
f 1068// 1116// 1069//
f 1092// 1091// 1094//
f 1094// 1091// 1090//
f 1094// 1090// 1095//
f 1095// 1090// 1089//
f 1095// 1089// 1096//
f 1096// 1089// 1088//
f 1096// 1088// 1097//
f 1097// 1088// 1087//
f 1097// 1087// 1098//
f 1098// 1087// 1086//
f 1098// 1086// 1099//
f 1099// 1086// 1085//
f 1099// 1085// 1100//
f 1100// 1085// 1084//
f 1100// 1084// 1101//
f 1101// 1084// 1083//
f 1101// 1083// 1102//
f 1102// 1083// 1082//
f 1102// 1082// 1103//
f 1103// 1082// 1081//
f 1103// 1081// 1104//
f 1104// 1081// 1080//
f 1104// 1080// 1105//
f 1105// 1080// 1079//
f 1105// 1079// 1106//
f 1106// 1079// 1078//
f 1106// 1078// 1107//
f 1073// 1072// 1112//
f 1112// 1072// 1071//
f 1112// 1071// 1113//
f 1113// 1071// 1070//
f 1113// 1070// 1114//
f 1114// 1070// 1069//
f 1114// 1069// 1115//
f 1115// 1069// 1116//
f 1078// 1077// 1107//
f 1107// 1077// 1076//
f 1107// 1076// 1108//
f 1108// 1076// 1075//
f 1108// 1075// 1109//
f 1109// 1075// 1110//
f 28// 1122// 29//
f 29// 1122// 1123//
f 29// 1123// 42//
f 42// 1123// 1124//
f 42// 1124// 119//
f 119// 1124// 1125//
f 119// 1125// 120//
f 120// 1125// 1126//
f 120// 1126// 122//
f 1127// 123// 1126//
f 1126// 123// 122//
f 123// 1127// 1128//
f 123// 1128// 43//
f 43// 1128// 1129//
f 43// 1129// 44//
f 44// 1129// 1130//
f 44// 1130// 70//
f 70// 1130// 1131//
f 70// 1131// 71//
f 71// 1131// 1132//
f 71// 1132// 31//
f 31// 1132// 1133//
f 31// 1133// 32//
f 32// 1133// 1134//
f 32// 1134// 124//
f 124// 1134// 1135//
f 124// 1135// 72//
f 72// 1135// 1136//
f 72// 1136// 73//
f 73// 1136// 1137//
f 73// 1137// 100//
f 100// 1137// 1138//
f 100// 1138// 99//
f 99// 1138// 1139//
f 99// 1139// 46//
f 46// 1139// 1140//
f 46// 1140// 48//
f 48// 1140// 1141//
f 48// 1141// 128//
f 128// 1141// 1142//
f 128// 1142// 132//
f 132// 1142// 1143//
f 132// 1143// 133//
f 133// 1143// 1144//
f 133// 1144// 101//
f 101// 1144// 1145//
f 101// 1145// 102//
f 102// 1145// 1146//
f 102// 1146// 103//
f 103// 1146// 1147//
f 103// 1147// 134//
f 134// 1147// 1148//
f 134// 1148// 130//
f 1149// 131// 1148//
f 1148// 131// 130//
f 1150// 135// 1149//
f 1149// 135// 131//
f 135// 1150// 1151//
f 135// 1151// 136//
f 136// 1151// 1152//
f 136// 1152// 104//
f 104// 1152// 1153//
f 104// 1153// 105//
f 105// 1153// 1154//
f 105// 1154// 107//
f 107// 1154// 1155//
f 107// 1155// 108//
f 108// 1155// 1156//
f 108// 1156// 115//
f 115// 1156// 1157//
f 115// 1157// 116//
f 116// 1157// 1158//
f 116// 1158// 118//
f 118// 1158// 1159//
f 118// 1159// 138//
f 138// 1159// 1160//
f 138// 1160// 140//
f 140// 1160// 1161//
f 140// 1161// 141//
f 1162// 139// 1161//
f 1161// 139// 141//
f 1163// 76// 1162//
f 1162// 76// 139//
f 76// 1163// 1164//
f 76// 1164// 77//
f 77// 1164// 1165//
f 77// 1165// 78//
f 1166// 242// 1165//
f 1165// 242// 78//
f 1166// 1122// 242//
f 242// 1122// 28//
f 1135// 1134// 1145//
f 1146// 1145// 1131//
f 1127// 1156// 1155//
f 1134// 1133// 1145//
f 1145// 1133// 1132//
f 1145// 1132// 1131//
f 1131// 1130// 1146//
f 1146// 1130// 1129//
f 1146// 1129// 1147//
f 1147// 1129// 1128//
f 1163// 1162// 1127//
f 1162// 1161// 1127//
f 1127// 1161// 1160//
f 1127// 1160// 1159//
f 1127// 1152// 1151//
f 1122// 1166// 1123//
f 1123// 1166// 1165//
f 1123// 1165// 1124//
f 1124// 1165// 1164//
f 1124// 1164// 1125//
f 1125// 1164// 1163//
f 1125// 1163// 1126//
f 1126// 1163// 1127//
f 1159// 1158// 1127//
f 1127// 1158// 1157//
f 1127// 1157// 1156//
f 1138// 1137// 1145//
f 1145// 1137// 1136//
f 1145// 1136// 1135//
f 1155// 1154// 1127//
f 1127// 1154// 1153//
f 1127// 1153// 1152//
f 1151// 1150// 1127//
f 1127// 1150// 1149//
f 1127// 1149// 1128//
f 1128// 1149// 1148//
f 1128// 1148// 1147//
f 1145// 1144// 1138//
f 1138// 1144// 1143//
f 1138// 1143// 1142//
f 1142// 1141// 1138//
f 1138// 1141// 1140//
f 1138// 1140// 1139//
usemtl 1
f 848// 849// 844//
f 844// 843// 845//
f 845// 846// 844//
f 844// 846// 847//
f 844// 847// 848//
f 954// 955// 946//
f 956// 957// 955//
f 955// 957// 958//
f 955// 958// 938//
f 954// 946// 953//
f 938// 937// 955//
f 955// 937// 939//
f 955// 939// 940//
f 953// 946// 952//
f 952// 946// 947//
f 952// 947// 948//
f 940// 941// 955//
f 955// 941// 942//
f 955// 942// 943//
f 948// 949// 952//
f 952// 949// 950//
f 952// 950// 951//
f 943// 944// 955//
f 955// 944// 945//
f 955// 945// 946//
usemtl 3
f 1167// 1168// 1169//
f 1169// 1168// 1170//
f 1171// 1167// 1172//
f 1172// 1167// 1169//
f 1171// 1172// 1173//
f 1171// 1173// 1174//
f 1174// 1173// 1175//
f 1174// 1175// 1176//
f 1176// 1175// 1177//
f 1176// 1177// 1178//
f 1178// 1177// 1179//
f 1178// 1179// 1180//
f 1180// 1179// 1181//
f 1180// 1181// 1182//
f 1182// 1181// 1183//
f 1182// 1183// 1184//
f 1185// 1184// 1186//
f 1186// 1184// 1183//
f 1185// 1186// 1187//
f 1185// 1187// 1188//
f 1188// 1187// 1189//
f 1188// 1189// 1190//
f 1190// 1189// 1191//
f 1190// 1191// 1192//
f 1192// 1191// 1193//
f 1192// 1193// 1194//
f 1194// 1193// 1195//
f 1194// 1195// 1196//
f 1196// 1195// 1197//
f 1196// 1197// 1198//
f 1199// 1198// 1200//
f 1200// 1198// 1197//
f 1199// 1200// 1201//
f 1201// 1200// 1202//
f 1201// 1202// 1203//
f 1203// 1202// 1204//
f 1203// 1204// 1205//
f 1205// 1204// 1206//
f 1205// 1206// 1207//
f 1207// 1206// 1208//
f 1207// 1208// 1209//
f 1209// 1208// 1210//
f 1209// 1210// 1211//
f 1211// 1210// 1212//
f 1213// 1211// 1214//
f 1214// 1211// 1212//
f 1213// 1214// 1215//
f 1215// 1214// 1216//
f 1215// 1216// 1217//
f 1217// 1216// 1218//
f 1217// 1218// 1219//
f 1219// 1218// 1220//
f 1219// 1220// 1221//
f 1221// 1220// 1222//
f 1221// 1222// 1223//
f 1223// 1222// 1224//
f 1223// 1224// 1225//
f 1225// 1224// 1226//
f 1227// 1225// 1228//
f 1228// 1225// 1226//
f 1227// 1228// 1229//
f 1229// 1228// 1230//
f 1229// 1230// 1231//
f 1231// 1230// 1232//
f 1231// 1232// 1233//
f 1233// 1232// 1234//
f 1233// 1234// 1235//
f 1235// 1234// 1236//
f 1235// 1236// 1237//
f 1237// 1236// 1238//
f 1237// 1238// 1239//
f 1239// 1238// 1240//
f 1241// 1239// 1242//
f 1242// 1239// 1240//
f 1243// 1241// 1244//
f 1244// 1241// 1242//
f 1245// 1243// 1246//
f 1246// 1243// 1244//
f 1247// 1245// 1248//
f 1248// 1245// 1246//
f 1249// 1247// 1250//
f 1250// 1247// 1248//
f 1251// 1249// 1252//
f 1252// 1249// 1250//
f 1253// 1251// 1254//
f 1254// 1251// 1252//
f 1255// 1253// 1256//
f 1256// 1253// 1254//
f 1257// 1255// 1258//
f 1258// 1255// 1256//
f 1259// 1257// 1260//
f 1260// 1257// 1258//
f 1261// 1259// 1262//
f 1262// 1259// 1260//
f 1263// 1261// 1264//
f 1264// 1261// 1262//
f 1265// 1263// 1266//
f 1266// 1263// 1264//
f 1267// 1265// 1268//
f 1268// 1265// 1266//
f 1269// 1267// 1270//
f 1270// 1267// 1268//
f 1271// 1269// 1272//
f 1272// 1269// 1270//
f 1273// 1271// 1274//
f 1274// 1271// 1272//
f 1275// 1273// 1276//
f 1276// 1273// 1274//
f 1277// 1275// 1278//
f 1278// 1275// 1276//
f 1279// 1277// 1280//
f 1280// 1277// 1278//
f 1168// 1279// 1170//
f 1170// 1279// 1280//
f 1247// 1249// 1245//
f 1245// 1249// 1251//
f 1245// 1251// 1243//
f 1273// 1275// 1271//
f 1271// 1275// 1277//
f 1168// 1167// 1279//
f 1279// 1167// 1171//
f 1233// 1235// 1253//
f 1263// 1265// 1261//
f 1261// 1265// 1267//
f 1261// 1267// 1259//
f 1259// 1267// 1255//
f 1259// 1255// 1257//
f 1213// 1215// 1279//
f 1279// 1215// 1217//
f 1267// 1269// 1255//
f 1255// 1269// 1271//
f 1255// 1271// 1253//
f 1253// 1271// 1277//
f 1253// 1277// 1233//
f 1233// 1277// 1231//
f 1225// 1227// 1277//
f 1277// 1227// 1229//
f 1277// 1229// 1231//
f 1235// 1237// 1253//
f 1253// 1237// 1239//
f 1253// 1239// 1251//
f 1251// 1239// 1241//
f 1251// 1241// 1243//
f 1217// 1219// 1279//
f 1279// 1219// 1221//
f 1279// 1221// 1277//
f 1277// 1221// 1223//
f 1277// 1223// 1225//
f 1182// 1184// 1201//
f 1201// 1184// 1185//
f 1203// 1205// 1171//
f 1171// 1205// 1207//
f 1171// 1207// 1279//
f 1279// 1207// 1209//
f 1279// 1209// 1213//
f 1213// 1209// 1211//
f 1203// 1171// 1201//
f 1201// 1171// 1174//
f 1201// 1174// 1176//
f 1176// 1178// 1201//
f 1201// 1178// 1180//
f 1201// 1180// 1182//
f 1188// 1190// 1185//
f 1185// 1190// 1192//
f 1185// 1192// 1194//
f 1199// 1201// 1198//
f 1198// 1201// 1185//
f 1198// 1185// 1196//
f 1196// 1185// 1194//
f 1272// 1256// 1254//
f 1246// 1244// 1248//
f 1248// 1244// 1242//
f 1172// 1169// 1280//
f 1280// 1169// 1170//
f 1173// 1172// 1183//
f 1278// 1276// 1274//
f 1238// 1236// 1254//
f 1260// 1268// 1262//
f 1262// 1268// 1266//
f 1262// 1266// 1264//
f 1236// 1234// 1254//
f 1254// 1234// 1278//
f 1254// 1278// 1272//
f 1272// 1278// 1274//
f 1260// 1258// 1268//
f 1268// 1258// 1256//
f 1268// 1256// 1270//
f 1270// 1256// 1272//
f 1234// 1232// 1278//
f 1278// 1232// 1230//
f 1278// 1230// 1228//
f 1220// 1218// 1280//
f 1280// 1218// 1216//
f 1280// 1216// 1214//
f 1200// 1197// 1172//
f 1250// 1248// 1252//
f 1252// 1248// 1242//
f 1252// 1242// 1254//
f 1254// 1242// 1240//
f 1254// 1240// 1238//
f 1228// 1226// 1278//
f 1278// 1226// 1224//
f 1278// 1224// 1280//
f 1280// 1224// 1222//
f 1280// 1222// 1220//
f 1206// 1204// 1172//
f 1172// 1204// 1202//
f 1172// 1202// 1200//
f 1206// 1172// 1208//
f 1208// 1172// 1280//
f 1208// 1280// 1210//
f 1210// 1280// 1214//
f 1210// 1214// 1212//
f 1172// 1191// 1189//
f 1179// 1177// 1175//
f 1197// 1195// 1172//
f 1172// 1195// 1193//
f 1172// 1193// 1191//
f 1189// 1187// 1172//
f 1172// 1187// 1186//
f 1172// 1186// 1183//
f 1173// 1183// 1175//
f 1175// 1183// 1181//
f 1175// 1181// 1179//
f 1281// 1282// 1283//
f 1283// 1282// 1284//
f 1285// 1281// 1286//
f 1286// 1281// 1283//
f 1285// 1286// 1287//
f 1285// 1287// 1288//
f 1288// 1287// 1289//
f 1288// 1289// 1290//
f 1290// 1289// 1291//
f 1290// 1291// 1292//
f 1292// 1291// 1293//
f 1292// 1293// 1294//
f 1294// 1293// 1295//
f 1294// 1295// 1296//
f 1296// 1295// 1297//
f 1296// 1297// 1298//
f 1299// 1298// 1300//
f 1300// 1298// 1297//
f 1299// 1300// 1301//
f 1299// 1301// 1302//
f 1302// 1301// 1303//
f 1302// 1303// 1304//
f 1304// 1303// 1305//
f 1304// 1305// 1306//
f 1306// 1305// 1307//
f 1306// 1307// 1308//
f 1308// 1307// 1309//
f 1308// 1309// 1310//
f 1310// 1309// 1311//
f 1310// 1311// 1312//
f 1313// 1312// 1314//
f 1314// 1312// 1311//
f 1313// 1314// 1315//
f 1315// 1314// 1316//
f 1315// 1316// 1317//
f 1317// 1316// 1318//
f 1317// 1318// 1319//
f 1319// 1318// 1320//
f 1319// 1320// 1321//
f 1321// 1320// 1322//
f 1321// 1322// 1323//
f 1323// 1322// 1324//
f 1323// 1324// 1325//
f 1325// 1324// 1326//
f 1327// 1325// 1328//
f 1328// 1325// 1326//
f 1327// 1328// 1329//
f 1329// 1328// 1330//
f 1329// 1330// 1331//
f 1331// 1330// 1332//
f 1331// 1332// 1333//
f 1333// 1332// 1334//
f 1333// 1334// 1335//
f 1335// 1334// 1336//
f 1335// 1336// 1337//
f 1337// 1336// 1338//
f 1337// 1338// 1339//
f 1339// 1338// 1340//
f 1341// 1339// 1342//
f 1342// 1339// 1340//
f 1341// 1342// 1343//
f 1343// 1342// 1344//
f 1343// 1344// 1345//
f 1345// 1344// 1346//
f 1345// 1346// 1347//
f 1347// 1346// 1348//
f 1347// 1348// 1349//
f 1349// 1348// 1350//
f 1349// 1350// 1351//
f 1351// 1350// 1352//
f 1351// 1352// 1353//
f 1353// 1352// 1354//
f 1355// 1353// 1356//
f 1356// 1353// 1354//
f 1357// 1355// 1358//
f 1358// 1355// 1356//
f 1359// 1357// 1360//
f 1360// 1357// 1358//
f 1361// 1359// 1362//
f 1362// 1359// 1360//
f 1363// 1361// 1364//
f 1364// 1361// 1362//
f 1365// 1363// 1366//
f 1366// 1363// 1364//
f 1367// 1365// 1368//
f 1368// 1365// 1366//
f 1369// 1367// 1370//
f 1370// 1367// 1368//
f 1371// 1369// 1372//
f 1372// 1369// 1370//
f 1373// 1371// 1374//
f 1374// 1371// 1372//
f 1375// 1373// 1376//
f 1376// 1373// 1374//
f 1377// 1375// 1378//
f 1378// 1375// 1376//
f 1379// 1377// 1380//
f 1380// 1377// 1378//
f 1381// 1379// 1382//
f 1382// 1379// 1380//
f 1383// 1381// 1384//
f 1384// 1381// 1382//
f 1385// 1383// 1386//
f 1386// 1383// 1384//
f 1387// 1385// 1388//
f 1388// 1385// 1386//
f 1389// 1387// 1390//
f 1390// 1387// 1388//
f 1391// 1389// 1392//
f 1392// 1389// 1390//
f 1393// 1391// 1394//
f 1394// 1391// 1392//
f 1282// 1393// 1284//
f 1284// 1393// 1394//
f 1361// 1363// 1359//
f 1359// 1363// 1365//
f 1359// 1365// 1357//
f 1387// 1389// 1385//
f 1385// 1389// 1391//
f 1282// 1281// 1393//
f 1393// 1281// 1285//
f 1377// 1379// 1375//
f 1375// 1379// 1381//
f 1375// 1381// 1373//
f 1373// 1381// 1369//
f 1373// 1369// 1371//
f 1367// 1347// 1349//
f 1327// 1329// 1393//
f 1393// 1329// 1331//
f 1339// 1341// 1391//
f 1391// 1341// 1343//
f 1391// 1343// 1345//
f 1381// 1383// 1369//
f 1369// 1383// 1385//
f 1369// 1385// 1367//
f 1367// 1385// 1391//
f 1367// 1391// 1347//
f 1347// 1391// 1345//
f 1312// 1313// 1315//
f 1349// 1351// 1367//
f 1367// 1351// 1353//
f 1367// 1353// 1365//
f 1365// 1353// 1355//
f 1365// 1355// 1357//
f 1317// 1319// 1285//
f 1285// 1319// 1321//
f 1285// 1321// 1393//
f 1393// 1321// 1323//
f 1393// 1323// 1327//
f 1327// 1323// 1325//
f 1331// 1333// 1393//
f 1393// 1333// 1335//
f 1393// 1335// 1391//
f 1391// 1335// 1337//
f 1391// 1337// 1339//
f 1317// 1285// 1315//
f 1315// 1285// 1288//
f 1315// 1288// 1290//
f 1290// 1292// 1315//
f 1315// 1292// 1294//
f 1315// 1294// 1296//
f 1296// 1298// 1315//
f 1315// 1298// 1299//
f 1315// 1299// 1312//
f 1312// 1299// 1302//
f 1312// 1302// 1304//
f 1304// 1306// 1312//
f 1312// 1306// 1308//
f 1312// 1308// 1310//
f 1360// 1358// 1362//
f 1362// 1358// 1356//
f 1286// 1283// 1394//
f 1394// 1283// 1284//
f 1390// 1388// 1392//
f 1392// 1388// 1386//
f 1378// 1376// 1380//
f 1380// 1376// 1382//
f 1364// 1362// 1366//
f 1366// 1362// 1356//
f 1366// 1356// 1368//
f 1368// 1356// 1354//
f 1354// 1352// 1368//
f 1368// 1352// 1350//
f 1368// 1350// 1348//
f 1376// 1374// 1382//
f 1382// 1374// 1372//
f 1382// 1372// 1370//
f 1348// 1392// 1368//
f 1368// 1392// 1386//
f 1368// 1386// 1370//
f 1370// 1386// 1384//
f 1370// 1384// 1382//
f 1348// 1346// 1392//
f 1392// 1346// 1344//
f 1392// 1344// 1342//
f 1334// 1332// 1394//
f 1394// 1332// 1330//
f 1394// 1330// 1328//
f 1320// 1318// 1286//
f 1286// 1318// 1316//
f 1286// 1316// 1314//
f 1342// 1340// 1392//
f 1392// 1340// 1338//
f 1392// 1338// 1394//
f 1394// 1338// 1336//
f 1394// 1336// 1334//
f 1320// 1286// 1322//
f 1322// 1286// 1394//
f 1322// 1394// 1324//
f 1324// 1394// 1328//
f 1324// 1328// 1326//
f 1301// 1300// 1286//
f 1286// 1300// 1297//
f 1286// 1297// 1287//
f 1293// 1291// 1289//
f 1314// 1311// 1286//
f 1286// 1311// 1309//
f 1286// 1309// 1307//
f 1307// 1305// 1286//
f 1286// 1305// 1303//
f 1286// 1303// 1301//
f 1287// 1297// 1289//
f 1289// 1297// 1295//
f 1289// 1295// 1293//
usemtl 4
f 1395// 1396// 1397//
f 1397// 1396// 1398//
f 1397// 1398// 1399//
f 1399// 1398// 1400//
f 1399// 1400// 1401//
f 1401// 1400// 1402//
f 1403// 1404// 1400//
f 1398// 1405// 1406//
f 1407// 1408// 1406//
f 1406// 1408// 1403//
f 1406// 1403// 1398//
f 1398// 1403// 1400//
f 1409// 1408// 1410//
f 1410// 1408// 1407//
f 1411// 1409// 1412//
f 1412// 1409// 1410//
f 1413// 1411// 1414//
f 1414// 1411// 1412//
f 1402// 1415// 1416//
f 1402// 1416// 1401//
f 1396// 1395// 1417//
f 1418// 1396// 1419//
f 1419// 1396// 1417//
f 1419// 1417// 1414//
f 1414// 1417// 1420//
f 1414// 1420// 1413//
f 1413// 1420// 1421//
f 1413// 1421// 1416//
f 1416// 1421// 1422//
f 1416// 1422// 1401//
f 1403// 1416// 1404//
f 1404// 1416// 1415//
f 1404// 1415// 1400//
f 1400// 1415// 1402//
f 1411// 1413// 1409//
f 1409// 1413// 1416//
f 1409// 1416// 1408//
f 1408// 1416// 1403//
f 1405// 1398// 1418//
f 1418// 1398// 1396//
f 1406// 1405// 1419//
f 1419// 1405// 1418//
f 1407// 1406// 1410//
f 1410// 1406// 1419//
f 1410// 1419// 1412//
f 1412// 1419// 1414//
f 1423// 1424// 1417//
f 1417// 1424// 1420//
f 1422// 1421// 1425//
f 1425// 1421// 1426//
f 1425// 1426// 1423//
f 1423// 1426// 1424//
f 1426// 1421// 1424//
f 1424// 1421// 1420//
f 1425// 1399// 1422//
f 1422// 1399// 1401//
f 1423// 1397// 1425//
f 1425// 1397// 1399//
f 1397// 1423// 1395//
f 1395// 1423// 1417//
usemtl 3
f 1427// 1428// 1429//
f 1429// 1428// 1430//
f 1431// 1427// 1432//
f 1432// 1427// 1429//
f 1431// 1432// 1433//
f 1431// 1433// 1434//
f 1434// 1433// 1435//
f 1434// 1435// 1436//
f 1436// 1435// 1437//
f 1436// 1437// 1438//
f 1438// 1437// 1439//
f 1438// 1439// 1440//
f 1440// 1439// 1441//
f 1440// 1441// 1442//
f 1442// 1441// 1443//
f 1442// 1443// 1444//
f 1445// 1444// 1446//
f 1446// 1444// 1443//
f 1445// 1446// 1447//
f 1445// 1447// 1448//
f 1448// 1447// 1449//
f 1448// 1449// 1450//
f 1450// 1449// 1451//
f 1450// 1451// 1452//
f 1452// 1451// 1453//
f 1452// 1453// 1454//
f 1454// 1453// 1455//
f 1454// 1455// 1456//
f 1456// 1455// 1457//
f 1456// 1457// 1458//
f 1459// 1458// 1460//
f 1460// 1458// 1457//
f 1459// 1460// 1461//
f 1461// 1460// 1462//
f 1461// 1462// 1463//
f 1463// 1462// 1464//
f 1463// 1464// 1465//
f 1465// 1464// 1466//
f 1465// 1466// 1467//
f 1467// 1466// 1468//
f 1467// 1468// 1469//
f 1469// 1468// 1470//
f 1469// 1470// 1471//
f 1471// 1470// 1472//
f 1473// 1471// 1474//
f 1474// 1471// 1472//
f 1473// 1474// 1475//
f 1475// 1474// 1476//
f 1475// 1476// 1477//
f 1477// 1476// 1478//
f 1477// 1478// 1479//
f 1479// 1478// 1480//
f 1479// 1480// 1481//
f 1481// 1480// 1482//
f 1481// 1482// 1483//
f 1483// 1482// 1484//
f 1483// 1484// 1485//
f 1485// 1484// 1486//
f 1487// 1485// 1488//
f 1488// 1485// 1486//
f 1487// 1488// 1489//
f 1489// 1488// 1490//
f 1489// 1490// 1491//
f 1491// 1490// 1492//
f 1491// 1492// 1493//
f 1493// 1492// 1494//
f 1493// 1494// 1495//
f 1495// 1494// 1496//
f 1495// 1496// 1497//
f 1497// 1496// 1498//
f 1497// 1498// 1499//
f 1499// 1498// 1500//
f 1501// 1499// 1502//
f 1502// 1499// 1500//
f 1503// 1501// 1504//
f 1504// 1501// 1502//
f 1505// 1503// 1506//
f 1506// 1503// 1504//
f 1507// 1505// 1508//
f 1508// 1505// 1506//
f 1509// 1507// 1510//
f 1510// 1507// 1508//
f 1511// 1509// 1512//
f 1512// 1509// 1510//
f 1513// 1511// 1514//
f 1514// 1511// 1512//
f 1515// 1513// 1516//
f 1516// 1513// 1514//
f 1517// 1515// 1518//
f 1518// 1515// 1516//
f 1519// 1517// 1520//
f 1520// 1517// 1518//
f 1521// 1519// 1522//
f 1522// 1519// 1520//
f 1523// 1521// 1524//
f 1524// 1521// 1522//
f 1525// 1523// 1526//
f 1526// 1523// 1524//
f 1527// 1525// 1528//
f 1528// 1525// 1526//
f 1529// 1527// 1530//
f 1530// 1527// 1528//
f 1531// 1529// 1532//
f 1532// 1529// 1530//
f 1533// 1531// 1534//
f 1534// 1531// 1532//
f 1535// 1533// 1536//
f 1536// 1533// 1534//
f 1537// 1535// 1538//
f 1538// 1535// 1536//
f 1539// 1537// 1540//
f 1540// 1537// 1538//
f 1428// 1539// 1430//
f 1430// 1539// 1540//
f 1507// 1509// 1505//
f 1505// 1509// 1511//
f 1505// 1511// 1503//
f 1533// 1535// 1531//
f 1531// 1535// 1537//
f 1428// 1427// 1539//
f 1539// 1427// 1431//
f 1523// 1525// 1521//
f 1521// 1525// 1527//
f 1521// 1527// 1519//
f 1519// 1527// 1515//
f 1519// 1515// 1517//
f 1513// 1493// 1495//
f 1473// 1475// 1539//
f 1539// 1475// 1477//
f 1485// 1487// 1537//
f 1537// 1487// 1489//
f 1537// 1489// 1491//
f 1527// 1529// 1515//
f 1515// 1529// 1531//
f 1515// 1531// 1513//
f 1513// 1531// 1537//
f 1513// 1537// 1493//
f 1493// 1537// 1491//
f 1458// 1459// 1461//
f 1495// 1497// 1513//
f 1513// 1497// 1499//
f 1513// 1499// 1511//
f 1511// 1499// 1501//
f 1511// 1501// 1503//
f 1463// 1465// 1431//
f 1431// 1465// 1467//
f 1431// 1467// 1539//
f 1539// 1467// 1469//
f 1539// 1469// 1473//
f 1473// 1469// 1471//
f 1477// 1479// 1539//
f 1539// 1479// 1481//
f 1539// 1481// 1537//
f 1537// 1481// 1483//
f 1537// 1483// 1485//
f 1463// 1431// 1461//
f 1461// 1431// 1434//
f 1461// 1434// 1436//
f 1436// 1438// 1461//
f 1461// 1438// 1440//
f 1461// 1440// 1442//
f 1442// 1444// 1461//
f 1461// 1444// 1445//
f 1461// 1445// 1458//
f 1458// 1445// 1448//
f 1458// 1448// 1450//
f 1450// 1452// 1458//
f 1458// 1452// 1454//
f 1458// 1454// 1456//
f 1506// 1504// 1508//
f 1508// 1504// 1502//
f 1432// 1429// 1540//
f 1540// 1429// 1430//
f 1536// 1534// 1538//
f 1538// 1534// 1532//
f 1524// 1522// 1526//
f 1526// 1522// 1528//
f 1510// 1508// 1512//
f 1512// 1508// 1502//
f 1512// 1502// 1514//
f 1514// 1502// 1500//
f 1500// 1498// 1514//
f 1514// 1498// 1496//
f 1514// 1496// 1494//
f 1480// 1478// 1540//
f 1540// 1478// 1476//
f 1540// 1476// 1474//
f 1522// 1520// 1528//
f 1528// 1520// 1518//
f 1528// 1518// 1516//
f 1494// 1538// 1514//
f 1514// 1538// 1532//
f 1514// 1532// 1516//
f 1516// 1532// 1530//
f 1516// 1530// 1528//
f 1494// 1492// 1538//
f 1538// 1492// 1490//
f 1538// 1490// 1488//
f 1488// 1486// 1538//
f 1538// 1486// 1484//
f 1538// 1484// 1540//
f 1540// 1484// 1482//
f 1540// 1482// 1480//
f 1466// 1432// 1468//
f 1468// 1432// 1540//
f 1468// 1540// 1470//
f 1470// 1540// 1474//
f 1470// 1474// 1472//
f 1466// 1464// 1432//
f 1432// 1464// 1462//
f 1432// 1462// 1460//
f 1447// 1446// 1432//
f 1432// 1446// 1443//
f 1432// 1443// 1433//
f 1439// 1437// 1435//
f 1460// 1457// 1432//
f 1432// 1457// 1455//
f 1432// 1455// 1453//
f 1453// 1451// 1432//
f 1432// 1451// 1449//
f 1432// 1449// 1447//
f 1433// 1443// 1435//
f 1435// 1443// 1441//
f 1435// 1441// 1439//
f 1541// 1542// 1543//
f 1543// 1542// 1544//
f 1543// 1544// 1545//
f 1545// 1544// 1546//
f 1547// 1548// 1549//
f 1549// 1548// 1542//
f 1549// 1542// 1550//
f 1550// 1542// 1541//
f 1551// 1552// 1553//
f 1553// 1552// 1554//
f 1555// 1553// 1556//
f 1556// 1553// 1554//
f 1556// 1554// 1550//
f 1550// 1554// 1549//
f 1544// 1551// 1546//
f 1546// 1551// 1553//
f 1551// 1544// 1552//
f 1552// 1544// 1542//
f 1552// 1557// 1558//
f 1559// 1542// 1560//
f 1560// 1542// 1561//
f 1558// 1562// 1552//
f 1552// 1562// 1563//
f 1552// 1563// 1564//
f 1564// 1563// 1565//
f 1564// 1565// 1566//
f 1567// 1568// 1569//
f 1559// 1570// 1542//
f 1542// 1570// 1571//
f 1542// 1571// 1552//
f 1552// 1571// 1572//
f 1552// 1572// 1557//
f 1573// 1574// 1575//
f 1576// 1577// 1566//
f 1576// 1566// 1578//
f 1561// 1542// 1579//
f 1579// 1542// 1548//
f 1579// 1548// 1569//
f 1569// 1548// 1580//
f 1569// 1580// 1581//
f 1569// 1568// 1582//
f 1582// 1568// 1583//
f 1582// 1583// 1584//
f 1585// 1586// 1587//
f 1575// 1574// 1566//
f 1566// 1574// 1588//
f 1566// 1588// 1578//
f 1577// 1589// 1566//
f 1566// 1589// 1590//
f 1566// 1590// 1564//
f 1581// 1591// 1569//
f 1569// 1591// 1592//
f 1569// 1592// 1567//
f 1584// 1593// 1582//
f 1582// 1593// 1594//
f 1582// 1594// 1595//
f 1595// 1594// 1596//
f 1573// 1575// 1587//
f 1587// 1575// 1597//
f 1587// 1597// 1585//
f 1553// 1555// 1546//
f 1546// 1555// 1545//
f 1598// 1568// 1567//
f 1598// 1567// 1599//
f 1599// 1567// 1592//
f 1599// 1592// 1600//
f 1600// 1592// 1591//
f 1600// 1591// 1601//
f 1601// 1591// 1581//
f 1601// 1581// 1602//
f 1602// 1581// 1580//
f 1602// 1580// 1603//
f 1603// 1580// 1548//
f 1603// 1548// 1547//
f 1598// 1604// 1568//
f 1568// 1604// 1583//
f 1605// 1582// 1595//
f 1605// 1595// 1606//
f 1606// 1595// 1596//
f 1606// 1596// 1607//
f 1607// 1596// 1594//
f 1607// 1594// 1608//
f 1608// 1594// 1593//
f 1608// 1593// 1609//
f 1609// 1593// 1584//
f 1609// 1584// 1610//
f 1610// 1584// 1583//
f 1610// 1583// 1604//
f 1605// 1611// 1582//
f 1582// 1611// 1569//
f 1612// 1571// 1613//
f 1613// 1571// 1570//
f 1613// 1570// 1614//
f 1614// 1570// 1559//
f 1614// 1559// 1615//
f 1615// 1559// 1560//
f 1615// 1560// 1616//
f 1616// 1560// 1561//
f 1616// 1561// 1617//
f 1617// 1561// 1579//
f 1617// 1579// 1611//
f 1611// 1579// 1569//
f 1612// 1618// 1571//
f 1571// 1618// 1572//
f 1619// 1566// 1620//
f 1620// 1566// 1565//
f 1620// 1565// 1621//
f 1621// 1565// 1563//
f 1621// 1563// 1622//
f 1622// 1563// 1562//
f 1622// 1562// 1623//
f 1623// 1562// 1558//
f 1623// 1558// 1624//
f 1624// 1558// 1557//
f 1624// 1557// 1618//
f 1618// 1557// 1572//
f 1619// 1625// 1566//
f 1566// 1625// 1575//
f 1626// 1574// 1573//
f 1626// 1573// 1627//
f 1627// 1573// 1587//
f 1627// 1587// 1628//
f 1628// 1587// 1586//
f 1628// 1586// 1629//
f 1629// 1586// 1585//
f 1629// 1585// 1630//
f 1630// 1585// 1597//
f 1630// 1597// 1631//
f 1631// 1597// 1575//
f 1631// 1575// 1625//
f 1626// 1632// 1574//
f 1574// 1632// 1588//
f 1633// 1564// 1590//
f 1633// 1590// 1634//
f 1634// 1590// 1589//
f 1634// 1589// 1635//
f 1635// 1589// 1577//
f 1635// 1577// 1636//
f 1636// 1577// 1576//
f 1636// 1576// 1637//
f 1637// 1576// 1578//
f 1637// 1578// 1638//
f 1638// 1578// 1588//
f 1638// 1588// 1632//
f 1633// 1554// 1564//
f 1564// 1554// 1552//
f 1603// 1547// 1611//
f 1613// 1614// 1549//
f 1621// 1622// 1554//
f 1554// 1622// 1623//
f 1625// 1619// 1626//
f 1614// 1615// 1549//
f 1549// 1615// 1616//
f 1549// 1616// 1547//
f 1547// 1616// 1617//
f 1547// 1617// 1611//
f 1623// 1624// 1554//
f 1554// 1624// 1618//
f 1554// 1618// 1549//
f 1549// 1618// 1612//
f 1549// 1612// 1613//
f 1635// 1636// 1619//
f 1619// 1636// 1637//
f 1625// 1626// 1631//
f 1621// 1554// 1620//
f 1620// 1554// 1633//
f 1620// 1633// 1619//
f 1619// 1633// 1634//
f 1619// 1634// 1635//
f 1637// 1638// 1619//
f 1619// 1638// 1632//
f 1619// 1632// 1626//
f 1610// 1604// 1605//
f 1605// 1604// 1598//
f 1605// 1598// 1611//
f 1611// 1598// 1599//
f 1611// 1599// 1600//
f 1626// 1627// 1631//
f 1631// 1627// 1628//
f 1631// 1628// 1630//
f 1630// 1628// 1629//
f 1606// 1607// 1608//
f 1600// 1601// 1611//
f 1611// 1601// 1602//
f 1611// 1602// 1603//
f 1606// 1608// 1605//
f 1605// 1608// 1609//
f 1605// 1609// 1610//
f 1556// 1543// 1555//
f 1555// 1543// 1545//
f 1550// 1541// 1556//
f 1556// 1541// 1543//
f 1639// 1640// 1641//
f 1641// 1640// 1642//
f 1643// 1639// 1644//
f 1644// 1639// 1641//
f 1643// 1644// 1645//
f 1643// 1645// 1646//
f 1646// 1645// 1647//
f 1646// 1647// 1648//
f 1648// 1647// 1649//
f 1648// 1649// 1650//
f 1650// 1649// 1651//
f 1650// 1651// 1652//
f 1652// 1651// 1653//
f 1652// 1653// 1654//
f 1654// 1653// 1655//
f 1654// 1655// 1656//
f 1657// 1656// 1658//
f 1658// 1656// 1655//
f 1657// 1658// 1659//
f 1657// 1659// 1660//
f 1660// 1659// 1661//
f 1660// 1661// 1662//
f 1662// 1661// 1663//
f 1662// 1663// 1664//
f 1664// 1663// 1665//
f 1664// 1665// 1666//
f 1666// 1665// 1667//
f 1666// 1667// 1668//
f 1668// 1667// 1669//
f 1668// 1669// 1670//
f 1671// 1670// 1672//
f 1672// 1670// 1669//
f 1671// 1672// 1673//
f 1673// 1672// 1674//
f 1673// 1674// 1675//
f 1675// 1674// 1676//
f 1675// 1676// 1677//
f 1677// 1676// 1678//
f 1677// 1678// 1679//
f 1679// 1678// 1680//
f 1679// 1680// 1681//
f 1681// 1680// 1682//
f 1681// 1682// 1683//
f 1683// 1682// 1684//
f 1685// 1683// 1686//
f 1686// 1683// 1684//
f 1685// 1686// 1687//
f 1687// 1686// 1688//
f 1687// 1688// 1689//
f 1689// 1688// 1690//
f 1689// 1690// 1691//
f 1691// 1690// 1692//
f 1691// 1692// 1693//
f 1693// 1692// 1694//
f 1693// 1694// 1695//
f 1695// 1694// 1696//
f 1695// 1696// 1697//
f 1697// 1696// 1698//
f 1699// 1697// 1700//
f 1700// 1697// 1698//
f 1699// 1700// 1701//
f 1701// 1700// 1702//
f 1701// 1702// 1703//
f 1703// 1702// 1704//
f 1703// 1704// 1705//
f 1705// 1704// 1706//
f 1705// 1706// 1707//
f 1707// 1706// 1708//
f 1707// 1708// 1709//
f 1709// 1708// 1710//
f 1709// 1710// 1711//
f 1711// 1710// 1712//
f 1713// 1711// 1714//
f 1714// 1711// 1712//
f 1715// 1713// 1716//
f 1716// 1713// 1714//
f 1717// 1715// 1718//
f 1718// 1715// 1716//
f 1719// 1717// 1720//
f 1720// 1717// 1718//
f 1721// 1719// 1722//
f 1722// 1719// 1720//
f 1723// 1721// 1724//
f 1724// 1721// 1722//
f 1725// 1723// 1726//
f 1726// 1723// 1724//
f 1727// 1725// 1728//
f 1728// 1725// 1726//
f 1729// 1727// 1730//
f 1730// 1727// 1728//
f 1731// 1729// 1732//
f 1732// 1729// 1730//
f 1733// 1731// 1734//
f 1734// 1731// 1732//
f 1735// 1733// 1736//
f 1736// 1733// 1734//
f 1737// 1735// 1738//
f 1738// 1735// 1736//
f 1739// 1737// 1740//
f 1740// 1737// 1738//
f 1741// 1739// 1742//
f 1742// 1739// 1740//
f 1743// 1741// 1744//
f 1744// 1741// 1742//
f 1745// 1743// 1746//
f 1746// 1743// 1744//
f 1747// 1745// 1748//
f 1748// 1745// 1746//
f 1749// 1747// 1750//
f 1750// 1747// 1748//
f 1751// 1749// 1752//
f 1752// 1749// 1750//
f 1640// 1751// 1642//
f 1642// 1751// 1752//
f 1719// 1721// 1717//
f 1717// 1721// 1723//
f 1717// 1723// 1715//
f 1745// 1747// 1743//
f 1743// 1747// 1749//
f 1640// 1639// 1751//
f 1751// 1639// 1643//
f 1705// 1707// 1725//
f 1735// 1737// 1733//
f 1733// 1737// 1739//
f 1733// 1739// 1731//
f 1731// 1739// 1727//
f 1731// 1727// 1729//
f 1685// 1687// 1751//
f 1751// 1687// 1689//
f 1739// 1741// 1727//
f 1727// 1741// 1743//
f 1727// 1743// 1725//
f 1725// 1743// 1749//
f 1725// 1749// 1705//
f 1705// 1749// 1703//
f 1697// 1699// 1749//
f 1749// 1699// 1701//
f 1749// 1701// 1703//
f 1707// 1709// 1725//
f 1725// 1709// 1711//
f 1725// 1711// 1723//
f 1723// 1711// 1713//
f 1723// 1713// 1715//
f 1689// 1691// 1751//
f 1751// 1691// 1693//
f 1751// 1693// 1749//
f 1749// 1693// 1695//
f 1749// 1695// 1697//
f 1654// 1656// 1673//
f 1673// 1656// 1657//
f 1675// 1677// 1643//
f 1643// 1677// 1679//
f 1643// 1679// 1751//
f 1751// 1679// 1681//
f 1751// 1681// 1685//
f 1685// 1681// 1683//
f 1675// 1643// 1673//
f 1673// 1643// 1646//
f 1673// 1646// 1648//
f 1648// 1650// 1673//
f 1673// 1650// 1652//
f 1673// 1652// 1654//
f 1660// 1662// 1657//
f 1657// 1662// 1664//
f 1657// 1664// 1666//
f 1671// 1673// 1670//
f 1670// 1673// 1657//
f 1670// 1657// 1668//
f 1668// 1657// 1666//
f 1744// 1728// 1726//
f 1718// 1716// 1720//
f 1720// 1716// 1714//
f 1644// 1641// 1752//
f 1752// 1641// 1642//
f 1645// 1644// 1655//
f 1750// 1748// 1746//
f 1710// 1708// 1726//
f 1732// 1740// 1734//
f 1734// 1740// 1738//
f 1734// 1738// 1736//
f 1708// 1706// 1726//
f 1726// 1706// 1750//
f 1726// 1750// 1744//
f 1744// 1750// 1746//
f 1732// 1730// 1740//
f 1740// 1730// 1728//
f 1740// 1728// 1742//
f 1742// 1728// 1744//
f 1706// 1704// 1750//
f 1750// 1704// 1702//
f 1750// 1702// 1700//
f 1692// 1690// 1752//
f 1752// 1690// 1688//
f 1752// 1688// 1686//
f 1672// 1669// 1644//
f 1722// 1720// 1724//
f 1724// 1720// 1714//
f 1724// 1714// 1726//
f 1726// 1714// 1712//
f 1726// 1712// 1710//
f 1700// 1698// 1750//
f 1750// 1698// 1696//
f 1750// 1696// 1752//
f 1752// 1696// 1694//
f 1752// 1694// 1692//
f 1678// 1676// 1644//
f 1644// 1676// 1674//
f 1644// 1674// 1672//
f 1678// 1644// 1680//
f 1680// 1644// 1752//
f 1680// 1752// 1682//
f 1682// 1752// 1686//
f 1682// 1686// 1684//
f 1644// 1663// 1661//
f 1651// 1649// 1647//
f 1669// 1667// 1644//
f 1644// 1667// 1665//
f 1644// 1665// 1663//
f 1661// 1659// 1644//
f 1644// 1659// 1658//
f 1644// 1658// 1655//
f 1645// 1655// 1647//
f 1647// 1655// 1653//
f 1647// 1653// 1651//
f 1753// 1754// 1755//
f 1756// 1757// 1755//
f 1755// 1757// 1758//
f 1755// 1758// 1753//
f 1759// 1754// 1760//
f 1760// 1754// 1753//
f 1760// 1753// 1761//
f 1761// 1753// 1762//
f 1763// 1764// 1765//
f 1765// 1764// 1766//
f 1759// 1760// 1766//
f 1766// 1760// 1767//
f 1766// 1767// 1765//
f 1765// 1767// 1768//
f 1765// 1758// 1763//
f 1763// 1758// 1757//
f 1753// 1758// 1768//
f 1768// 1758// 1765//
f 1769// 1770// 1768//
f 1769// 1768// 1771//
f 1753// 1772// 1773//
f 1774// 1775// 1776//
f 1774// 1776// 1777//
f 1770// 1778// 1768//
f 1768// 1778// 1779//
f 1768// 1779// 1753//
f 1753// 1779// 1780//
f 1753// 1780// 1772//
f 1773// 1781// 1753//
f 1753// 1781// 1782//
f 1753// 1782// 1762//
f 1762// 1782// 1783//
f 1762// 1783// 1784//
f 1775// 1785// 1776//
f 1776// 1785// 1786//
f 1776// 1786// 1787//
f 1787// 1786// 1788//
f 1787// 1788// 1789//
f 1771// 1768// 1790//
f 1790// 1768// 1791//
f 1790// 1791// 1776//
f 1776// 1791// 1792//
f 1776// 1792// 1777//
f 1789// 1793// 1787//
f 1787// 1793// 1794//
f 1787// 1794// 1795//
f 1795// 1794// 1796//
f 1797// 1784// 1798//
f 1798// 1784// 1799//
f 1798// 1799// 1800//
f 1801// 1802// 1803//
f 1797// 1804// 1784//
f 1784// 1804// 1805//
f 1784// 1805// 1806//
f 1806// 1807// 1784//
f 1784// 1807// 1808//
f 1784// 1808// 1762//
f 1800// 1799// 1803//
f 1803// 1799// 1809//
f 1803// 1809// 1801//
f 1764// 1763// 1756//
f 1756// 1763// 1757//
f 1761// 1762// 1808//
f 1761// 1808// 1810//
f 1810// 1808// 1807//
f 1810// 1807// 1811//
f 1811// 1807// 1806//
f 1811// 1806// 1812//
f 1812// 1806// 1805//
f 1812// 1805// 1813//
f 1813// 1805// 1804//
f 1813// 1804// 1814//
f 1814// 1804// 1797//
f 1814// 1797// 1815//
f 1816// 1815// 1798//
f 1798// 1815// 1797//
f 1816// 1798// 1800//
f 1816// 1800// 1817//
f 1817// 1800// 1803//
f 1817// 1803// 1818//
f 1818// 1803// 1802//
f 1818// 1802// 1819//
f 1819// 1802// 1801//
f 1819// 1801// 1820//
f 1820// 1801// 1809//
f 1820// 1809// 1821//
f 1821// 1809// 1799//
f 1821// 1799// 1822//
f 1823// 1822// 1784//
f 1784// 1822// 1799//
f 1823// 1784// 1824//
f 1824// 1784// 1783//
f 1824// 1783// 1825//
f 1825// 1783// 1782//
f 1825// 1782// 1826//
f 1826// 1782// 1781//
f 1826// 1781// 1827//
f 1827// 1781// 1773//
f 1827// 1773// 1828//
f 1828// 1773// 1772//
f 1828// 1772// 1829//
f 1829// 1772// 1780//
f 1830// 1829// 1779//
f 1779// 1829// 1780//
f 1830// 1779// 1831//
f 1831// 1779// 1778//
f 1831// 1778// 1832//
f 1832// 1778// 1770//
f 1832// 1770// 1833//
f 1833// 1770// 1769//
f 1833// 1769// 1834//
f 1834// 1769// 1771//
f 1834// 1771// 1835//
f 1835// 1771// 1790//
f 1835// 1790// 1836//
f 1836// 1790// 1776//
f 1837// 1836// 1787//
f 1787// 1836// 1776//
f 1837// 1787// 1795//
f 1837// 1795// 1838//
f 1838// 1795// 1796//
f 1838// 1796// 1839//
f 1839// 1796// 1794//
f 1839// 1794// 1840//
f 1840// 1794// 1793//
f 1840// 1793// 1841//
f 1841// 1793// 1789//
f 1841// 1789// 1842//
f 1842// 1789// 1788//
f 1842// 1788// 1843//
f 1844// 1843// 1786//
f 1786// 1843// 1788//
f 1844// 1786// 1785//
f 1844// 1785// 1845//
f 1845// 1785// 1775//
f 1845// 1775// 1846//
f 1846// 1775// 1774//
f 1846// 1774// 1847//
f 1847// 1774// 1777//
f 1847// 1777// 1848//
f 1848// 1777// 1792//
f 1848// 1792// 1849//
f 1849// 1792// 1791//
f 1849// 1791// 1850//
f 1767// 1850// 1768//
f 1768// 1850// 1791//
f 1831// 1832// 1767//
f 1825// 1826// 1760//
f 1760// 1826// 1827//
f 1822// 1823// 1816//
f 1827// 1828// 1760//
f 1760// 1828// 1829//
f 1760// 1829// 1767//
f 1767// 1829// 1830//
f 1767// 1830// 1831//
f 1832// 1833// 1767//
f 1767// 1833// 1834//
f 1767// 1834// 1850//
f 1850// 1834// 1835//
f 1850// 1835// 1836//
f 1812// 1813// 1823//
f 1822// 1816// 1821//
f 1812// 1823// 1811//
f 1813// 1814// 1823//
f 1823// 1814// 1815//
f 1823// 1815// 1816//
f 1825// 1760// 1824//
f 1824// 1760// 1761//
f 1824// 1761// 1823//
f 1823// 1761// 1810//
f 1823// 1810// 1811//
f 1842// 1843// 1837//
f 1837// 1843// 1844//
f 1837// 1844// 1836//
f 1816// 1817// 1821//
f 1821// 1817// 1818//
f 1821// 1818// 1820//
f 1820// 1818// 1819//
f 1844// 1845// 1836//
f 1836// 1845// 1846//
f 1836// 1846// 1847//
f 1838// 1839// 1840//
f 1847// 1848// 1836//
f 1836// 1848// 1849//
f 1836// 1849// 1850//
f 1838// 1840// 1837//
f 1837// 1840// 1841//
f 1837// 1841// 1842//
f 1755// 1766// 1756//
f 1756// 1766// 1764//
f 1754// 1759// 1755//
f 1755// 1759// 1766//
f 1851// 1852// 1853//
f 1853// 1852// 1854//
f 1855// 1851// 1856//
f 1856// 1851// 1853//
f 1855// 1856// 1857//
f 1855// 1857// 1858//
f 1858// 1857// 1859//
f 1858// 1859// 1860//
f 1860// 1859// 1861//
f 1860// 1861// 1862//
f 1862// 1861// 1863//
f 1862// 1863// 1864//
f 1864// 1863// 1865//
f 1864// 1865// 1866//
f 1866// 1865// 1867//
f 1866// 1867// 1868//
f 1869// 1868// 1870//
f 1870// 1868// 1867//
f 1869// 1870// 1871//
f 1869// 1871// 1872//
f 1872// 1871// 1873//
f 1872// 1873// 1874//
f 1874// 1873// 1875//
f 1874// 1875// 1876//
f 1876// 1875// 1877//
f 1876// 1877// 1878//
f 1878// 1877// 1879//
f 1878// 1879// 1880//
f 1880// 1879// 1881//
f 1880// 1881// 1882//
f 1883// 1882// 1884//
f 1884// 1882// 1881//
f 1883// 1884// 1885//
f 1885// 1884// 1886//
f 1885// 1886// 1887//
f 1887// 1886// 1888//
f 1887// 1888// 1889//
f 1889// 1888// 1890//
f 1889// 1890// 1891//
f 1891// 1890// 1892//
f 1891// 1892// 1893//
f 1893// 1892// 1894//
f 1893// 1894// 1895//
f 1895// 1894// 1896//
f 1897// 1895// 1898//
f 1898// 1895// 1896//
f 1897// 1898// 1899//
f 1899// 1898// 1900//
f 1899// 1900// 1901//
f 1901// 1900// 1902//
f 1901// 1902// 1903//
f 1903// 1902// 1904//
f 1903// 1904// 1905//
f 1905// 1904// 1906//
f 1905// 1906// 1907//
f 1907// 1906// 1908//
f 1907// 1908// 1909//
f 1909// 1908// 1910//
f 1911// 1909// 1912//
f 1912// 1909// 1910//
f 1911// 1912// 1913//
f 1913// 1912// 1914//
f 1913// 1914// 1915//
f 1915// 1914// 1916//
f 1915// 1916// 1917//
f 1917// 1916// 1918//
f 1917// 1918// 1919//
f 1919// 1918// 1920//
f 1919// 1920// 1921//
f 1921// 1920// 1922//
f 1921// 1922// 1923//
f 1923// 1922// 1924//
f 1925// 1923// 1926//
f 1926// 1923// 1924//
f 1927// 1925// 1928//
f 1928// 1925// 1926//
f 1929// 1927// 1930//
f 1930// 1927// 1928//
f 1931// 1929// 1932//
f 1932// 1929// 1930//
f 1933// 1931// 1934//
f 1934// 1931// 1932//
f 1935// 1933// 1936//
f 1936// 1933// 1934//
f 1937// 1935// 1938//
f 1938// 1935// 1936//
f 1939// 1937// 1940//
f 1940// 1937// 1938//
f 1941// 1939// 1942//
f 1942// 1939// 1940//
f 1943// 1941// 1944//
f 1944// 1941// 1942//
f 1945// 1943// 1946//
f 1946// 1943// 1944//
f 1947// 1945// 1948//
f 1948// 1945// 1946//
f 1949// 1947// 1950//
f 1950// 1947// 1948//
f 1951// 1949// 1952//
f 1952// 1949// 1950//
f 1953// 1951// 1954//
f 1954// 1951// 1952//
f 1955// 1953// 1956//
f 1956// 1953// 1954//
f 1957// 1955// 1958//
f 1958// 1955// 1956//
f 1959// 1957// 1960//
f 1960// 1957// 1958//
f 1961// 1959// 1962//
f 1962// 1959// 1960//
f 1963// 1961// 1964//
f 1964// 1961// 1962//
f 1852// 1963// 1854//
f 1854// 1963// 1964//
f 1931// 1933// 1929//
f 1929// 1933// 1935//
f 1929// 1935// 1927//
f 1957// 1959// 1955//
f 1955// 1959// 1961//
f 1852// 1851// 1963//
f 1963// 1851// 1855//
f 1917// 1919// 1937//
f 1947// 1949// 1945//
f 1945// 1949// 1951//
f 1945// 1951// 1943//
f 1943// 1951// 1939//
f 1943// 1939// 1941//
f 1897// 1899// 1963//
f 1963// 1899// 1901//
f 1951// 1953// 1939//
f 1939// 1953// 1955//
f 1939// 1955// 1937//
f 1937// 1955// 1961//
f 1937// 1961// 1917//
f 1917// 1961// 1915//
f 1909// 1911// 1961//
f 1961// 1911// 1913//
f 1961// 1913// 1915//
f 1919// 1921// 1937//
f 1937// 1921// 1923//
f 1937// 1923// 1935//
f 1935// 1923// 1925//
f 1935// 1925// 1927//
f 1901// 1903// 1963//
f 1963// 1903// 1905//
f 1963// 1905// 1961//
f 1961// 1905// 1907//
f 1961// 1907// 1909//
f 1866// 1868// 1885//
f 1885// 1868// 1869//
f 1887// 1889// 1855//
f 1855// 1889// 1891//
f 1855// 1891// 1963//
f 1963// 1891// 1893//
f 1963// 1893// 1897//
f 1897// 1893// 1895//
f 1887// 1855// 1885//
f 1885// 1855// 1858//
f 1885// 1858// 1860//
f 1860// 1862// 1885//
f 1885// 1862// 1864//
f 1885// 1864// 1866//
f 1872// 1874// 1869//
f 1869// 1874// 1876//
f 1869// 1876// 1878//
f 1883// 1885// 1882//
f 1882// 1885// 1869//
f 1882// 1869// 1880//
f 1880// 1869// 1878//
f 1956// 1940// 1938//
f 1930// 1928// 1932//
f 1932// 1928// 1926//
f 1856// 1853// 1964//
f 1964// 1853// 1854//
f 1857// 1856// 1867//
f 1962// 1960// 1958//
f 1922// 1920// 1938//
f 1944// 1952// 1946//
f 1946// 1952// 1950//
f 1946// 1950// 1948//
f 1920// 1918// 1938//
f 1938// 1918// 1962//
f 1938// 1962// 1956//
f 1956// 1962// 1958//
f 1944// 1942// 1952//
f 1952// 1942// 1940//
f 1952// 1940// 1954//
f 1954// 1940// 1956//
f 1918// 1916// 1962//
f 1962// 1916// 1914//
f 1962// 1914// 1912//
f 1856// 1890// 1888//
f 1888// 1886// 1856//
f 1856// 1886// 1884//
f 1856// 1884// 1881//
f 1934// 1932// 1936//
f 1936// 1932// 1926//
f 1936// 1926// 1938//
f 1938// 1926// 1924//
f 1938// 1924// 1922//
f 1912// 1910// 1962//
f 1962// 1910// 1908//
f 1962// 1908// 1964//
f 1964// 1908// 1906//
f 1964// 1906// 1904//
f 1904// 1902// 1964//
f 1964// 1902// 1900//
f 1964// 1900// 1898//
f 1890// 1856// 1892//
f 1892// 1856// 1964//
f 1892// 1964// 1894//
f 1894// 1964// 1898//
f 1894// 1898// 1896//
f 1856// 1875// 1873//
f 1863// 1861// 1859//
f 1881// 1879// 1856//
f 1856// 1879// 1877//
f 1856// 1877// 1875//
f 1873// 1871// 1856//
f 1856// 1871// 1870//
f 1856// 1870// 1867//
f 1857// 1867// 1859//
f 1859// 1867// 1865//
f 1859// 1865// 1863//
f 1965// 1966// 1967//
f 1967// 1966// 1968//
f 1969// 1965// 1970//
f 1970// 1965// 1967//
f 1969// 1970// 1971//
f 1969// 1971// 1972//
f 1972// 1971// 1973//
f 1972// 1973// 1974//
f 1974// 1973// 1975//
f 1974// 1975// 1976//
f 1976// 1975// 1977//
f 1976// 1977// 1978//
f 1978// 1977// 1979//
f 1978// 1979// 1980//
f 1980// 1979// 1981//
f 1980// 1981// 1982//
f 1983// 1982// 1984//
f 1984// 1982// 1981//
f 1983// 1984// 1985//
f 1983// 1985// 1986//
f 1986// 1985// 1987//
f 1986// 1987// 1988//
f 1988// 1987// 1989//
f 1988// 1989// 1990//
f 1990// 1989// 1991//
f 1990// 1991// 1992//
f 1992// 1991// 1993//
f 1992// 1993// 1994//
f 1994// 1993// 1995//
f 1994// 1995// 1996//
f 1997// 1996// 1998//
f 1998// 1996// 1995//
f 1997// 1998// 1999//
f 1999// 1998// 2000//
f 1999// 2000// 2001//
f 2001// 2000// 2002//
f 2001// 2002// 2003//
f 2003// 2002// 2004//
f 2003// 2004// 2005//
f 2005// 2004// 2006//
f 2005// 2006// 2007//
f 2007// 2006// 2008//
f 2007// 2008// 2009//
f 2009// 2008// 2010//
f 2011// 2009// 2012//
f 2012// 2009// 2010//
f 2011// 2012// 2013//
f 2013// 2012// 2014//
f 2013// 2014// 2015//
f 2015// 2014// 2016//
f 2015// 2016// 2017//
f 2017// 2016// 2018//
f 2017// 2018// 2019//
f 2019// 2018// 2020//
f 2019// 2020// 2021//
f 2021// 2020// 2022//
f 2021// 2022// 2023//
f 2023// 2022// 2024//
f 2025// 2023// 2026//
f 2026// 2023// 2024//
f 2025// 2026// 2027//
f 2027// 2026// 2028//
f 2027// 2028// 2029//
f 2029// 2028// 2030//
f 2029// 2030// 2031//
f 2031// 2030// 2032//
f 2031// 2032// 2033//
f 2033// 2032// 2034//
f 2033// 2034// 2035//
f 2035// 2034// 2036//
f 2035// 2036// 2037//
f 2037// 2036// 2038//
f 2039// 2037// 2040//
f 2040// 2037// 2038//
f 2041// 2039// 2042//
f 2042// 2039// 2040//
f 2043// 2041// 2044//
f 2044// 2041// 2042//
f 2045// 2043// 2046//
f 2046// 2043// 2044//
f 2047// 2045// 2048//
f 2048// 2045// 2046//
f 2049// 2047// 2050//
f 2050// 2047// 2048//
f 2051// 2049// 2052//
f 2052// 2049// 2050//
f 2053// 2051// 2054//
f 2054// 2051// 2052//
f 2055// 2053// 2056//
f 2056// 2053// 2054//
f 2057// 2055// 2058//
f 2058// 2055// 2056//
f 2059// 2057// 2060//
f 2060// 2057// 2058//
f 2061// 2059// 2062//
f 2062// 2059// 2060//
f 2063// 2061// 2064//
f 2064// 2061// 2062//
f 2065// 2063// 2066//
f 2066// 2063// 2064//
f 2067// 2065// 2068//
f 2068// 2065// 2066//
f 2069// 2067// 2070//
f 2070// 2067// 2068//
f 2071// 2069// 2072//
f 2072// 2069// 2070//
f 2073// 2071// 2074//
f 2074// 2071// 2072//
f 2075// 2073// 2076//
f 2076// 2073// 2074//
f 2077// 2075// 2078//
f 2078// 2075// 2076//
f 1966// 2077// 1968//
f 1968// 2077// 2078//
f 2045// 2047// 2043//
f 2043// 2047// 2049//
f 2043// 2049// 2041//
f 2071// 2073// 2069//
f 2069// 2073// 2075//
f 1966// 1965// 2077//
f 2077// 1965// 1969//
f 2061// 2063// 2059//
f 2059// 2063// 2065//
f 2059// 2065// 2057//
f 2057// 2065// 2053//
f 2057// 2053// 2055//
f 2031// 2033// 2051//
f 2011// 2013// 2077//
f 2077// 2013// 2015//
f 2033// 2035// 2051//
f 2051// 2035// 2037//
f 2051// 2037// 2049//
f 2049// 2037// 2039//
f 2049// 2039// 2041//
f 2023// 2025// 2075//
f 2075// 2025// 2027//
f 2075// 2027// 2029//
f 2065// 2067// 2053//
f 2053// 2067// 2069//
f 2053// 2069// 2051//
f 2051// 2069// 2075//
f 2051// 2075// 2031//
f 2031// 2075// 2029//
f 2015// 2017// 2077//
f 2077// 2017// 2019//
f 2077// 2019// 2075//
f 2075// 2019// 2021//
f 2075// 2021// 2023//
f 1980// 1982// 1999//
f 1999// 1982// 1983//
f 2001// 2003// 1969//
f 1969// 2003// 2005//
f 1969// 2005// 2077//
f 2077// 2005// 2007//
f 2077// 2007// 2011//
f 2011// 2007// 2009//
f 2001// 1969// 1999//
f 1999// 1969// 1972//
f 1999// 1972// 1974//
f 1974// 1976// 1999//
f 1999// 1976// 1978//
f 1999// 1978// 1980//
f 1986// 1988// 1983//
f 1983// 1988// 1990//
f 1983// 1990// 1992//
f 1997// 1999// 1996//
f 1996// 1999// 1983//
f 1996// 1983// 1994//
f 1994// 1983// 1992//
f 2044// 2042// 2046//
f 2046// 2042// 2040//
f 1970// 1967// 2078//
f 2078// 1967// 1968//
f 1971// 1970// 1981//
f 2074// 2072// 2076//
f 2076// 2072// 2070//
f 2062// 2060// 2064//
f 2064// 2060// 2066//
f 2032// 2052// 2034//
f 2034// 2052// 2036//
f 2060// 2058// 2066//
f 2066// 2058// 2056//
f 2066// 2056// 2054//
f 2048// 2046// 2050//
f 2050// 2046// 2040//
f 2050// 2040// 2052//
f 2052// 2040// 2038//
f 2052// 2038// 2036//
f 2032// 2076// 2052//
f 2052// 2076// 2070//
f 2052// 2070// 2054//
f 2054// 2070// 2068//
f 2054// 2068// 2066//
f 2032// 2030// 2076//
f 2076// 2030// 2028//
f 2076// 2028// 2026//
f 2026// 2024// 2076//
f 2076// 2024// 2022//
f 2076// 2022// 2078//
f 2078// 2022// 2020//
f 2078// 2020// 2018//
f 2018// 2016// 2078//
f 2078// 2016// 2014//
f 2078// 2014// 2012//
f 1970// 2004// 2002//
f 2004// 1970// 2006//
f 2006// 1970// 2078//
f 2006// 2078// 2008//
f 2008// 2078// 2012//
f 2008// 2012// 2010//
f 2002// 2000// 1970//
f 1970// 2000// 1998//
f 1970// 1998// 1995//
f 1970// 1989// 1987//
f 1977// 1975// 1973//
f 1995// 1993// 1970//
f 1970// 1993// 1991//
f 1970// 1991// 1989//
f 1987// 1985// 1970//
f 1970// 1985// 1984//
f 1970// 1984// 1981//
f 1971// 1981// 1973//
f 1973// 1981// 1979//
f 1973// 1979// 1977//
f 2079// 2080// 2081//
f 2081// 2080// 2082//
f 2083// 2079// 2084//
f 2084// 2079// 2081//
f 2083// 2084// 2085//
f 2083// 2085// 2086//
f 2086// 2085// 2087//
f 2086// 2087// 2088//
f 2088// 2087// 2089//
f 2088// 2089// 2090//
f 2090// 2089// 2091//
f 2090// 2091// 2092//
f 2092// 2091// 2093//
f 2092// 2093// 2094//
f 2094// 2093// 2095//
f 2094// 2095// 2096//
f 2097// 2096// 2098//
f 2098// 2096// 2095//
f 2097// 2098// 2099//
f 2097// 2099// 2100//
f 2100// 2099// 2101//
f 2100// 2101// 2102//
f 2102// 2101// 2103//
f 2102// 2103// 2104//
f 2104// 2103// 2105//
f 2104// 2105// 2106//
f 2106// 2105// 2107//
f 2106// 2107// 2108//
f 2108// 2107// 2109//
f 2108// 2109// 2110//
f 2111// 2110// 2112//
f 2112// 2110// 2109//
f 2111// 2112// 2113//
f 2113// 2112// 2114//
f 2113// 2114// 2115//
f 2115// 2114// 2116//
f 2115// 2116// 2117//
f 2117// 2116// 2118//
f 2117// 2118// 2119//
f 2119// 2118// 2120//
f 2119// 2120// 2121//
f 2121// 2120// 2122//
f 2121// 2122// 2123//
f 2123// 2122// 2124//
f 2125// 2123// 2126//
f 2126// 2123// 2124//
f 2125// 2126// 2127//
f 2127// 2126// 2128//
f 2127// 2128// 2129//
f 2129// 2128// 2130//
f 2129// 2130// 2131//
f 2131// 2130// 2132//
f 2131// 2132// 2133//
f 2133// 2132// 2134//
f 2133// 2134// 2135//
f 2135// 2134// 2136//
f 2135// 2136// 2137//
f 2137// 2136// 2138//
f 2139// 2137// 2140//
f 2140// 2137// 2138//
f 2139// 2140// 2141//
f 2141// 2140// 2142//
f 2141// 2142// 2143//
f 2143// 2142// 2144//
f 2143// 2144// 2145//
f 2145// 2144// 2146//
f 2145// 2146// 2147//
f 2147// 2146// 2148//
f 2147// 2148// 2149//
f 2149// 2148// 2150//
f 2149// 2150// 2151//
f 2151// 2150// 2152//
f 2153// 2151// 2154//
f 2154// 2151// 2152//
f 2155// 2153// 2156//
f 2156// 2153// 2154//
f 2157// 2155// 2158//
f 2158// 2155// 2156//
f 2159// 2157// 2160//
f 2160// 2157// 2158//
f 2161// 2159// 2162//
f 2162// 2159// 2160//
f 2163// 2161// 2164//
f 2164// 2161// 2162//
f 2165// 2163// 2166//
f 2166// 2163// 2164//
f 2167// 2165// 2168//
f 2168// 2165// 2166//
f 2169// 2167// 2170//
f 2170// 2167// 2168//
f 2171// 2169// 2172//
f 2172// 2169// 2170//
f 2173// 2171// 2174//
f 2174// 2171// 2172//
f 2175// 2173// 2176//
f 2176// 2173// 2174//
f 2177// 2175// 2178//
f 2178// 2175// 2176//
f 2179// 2177// 2180//
f 2180// 2177// 2178//
f 2181// 2179// 2182//
f 2182// 2179// 2180//
f 2183// 2181// 2184//
f 2184// 2181// 2182//
f 2185// 2183// 2186//
f 2186// 2183// 2184//
f 2187// 2185// 2188//
f 2188// 2185// 2186//
f 2189// 2187// 2190//
f 2190// 2187// 2188//
f 2191// 2189// 2192//
f 2192// 2189// 2190//
f 2080// 2191// 2082//
f 2082// 2191// 2192//
f 2159// 2161// 2157//
f 2157// 2161// 2163//
f 2157// 2163// 2155//
f 2080// 2079// 2191//
f 2191// 2079// 2083//
f 2179// 2181// 2167//
f 2167// 2181// 2183//
f 2167// 2183// 2165//
f 2175// 2177// 2173//
f 2173// 2177// 2179//
f 2173// 2179// 2171//
f 2171// 2179// 2167//
f 2171// 2167// 2169//
f 2125// 2127// 2191//
f 2191// 2127// 2129//
f 2129// 2131// 2191//
f 2191// 2131// 2133//
f 2191// 2133// 2189//
f 2133// 2135// 2189//
f 2189// 2135// 2137//
f 2189// 2137// 2139//
f 2110// 2111// 2113//
f 2139// 2141// 2189//
f 2189// 2141// 2143//
f 2189// 2143// 2145//
f 2185// 2187// 2183//
f 2183// 2187// 2189//
f 2183// 2189// 2165//
f 2165// 2189// 2145//
f 2165// 2145// 2147//
f 2147// 2149// 2165//
f 2165// 2149// 2151//
f 2165// 2151// 2163//
f 2163// 2151// 2153//
f 2163// 2153// 2155//
f 2115// 2117// 2083//
f 2083// 2117// 2119//
f 2083// 2119// 2191//
f 2191// 2119// 2121//
f 2191// 2121// 2125//
f 2125// 2121// 2123//
f 2115// 2083// 2113//
f 2113// 2083// 2086//
f 2113// 2086// 2088//
f 2088// 2090// 2113//
f 2113// 2090// 2092//
f 2113// 2092// 2094//
f 2094// 2096// 2113//
f 2113// 2096// 2097//
f 2113// 2097// 2110//
f 2110// 2097// 2100//
f 2110// 2100// 2102//
f 2102// 2104// 2110//
f 2110// 2104// 2106//
f 2110// 2106// 2108//
f 2158// 2156// 2160//
f 2160// 2156// 2154//
f 2084// 2081// 2192//
f 2192// 2081// 2082//
f 2188// 2186// 2190//
f 2190// 2186// 2184//
f 2176// 2174// 2178//
f 2178// 2174// 2180//
f 2162// 2160// 2164//
f 2164// 2160// 2154//
f 2164// 2154// 2166//
f 2166// 2154// 2152//
f 2152// 2150// 2166//
f 2166// 2150// 2148//
f 2166// 2148// 2146//
f 2174// 2172// 2180//
f 2180// 2172// 2170//
f 2180// 2170// 2168//
f 2146// 2190// 2166//
f 2166// 2190// 2184//
f 2166// 2184// 2168//
f 2168// 2184// 2182//
f 2168// 2182// 2180//
f 2146// 2144// 2190//
f 2190// 2144// 2142//
f 2190// 2142// 2140//
f 2132// 2130// 2192//
f 2192// 2130// 2128//
f 2192// 2128// 2126//
f 2118// 2116// 2084//
f 2084// 2116// 2114//
f 2084// 2114// 2112//
f 2140// 2138// 2190//
f 2190// 2138// 2136//
f 2190// 2136// 2192//
f 2192// 2136// 2134//
f 2192// 2134// 2132//
f 2118// 2084// 2120//
f 2120// 2084// 2192//
f 2120// 2192// 2122//
f 2122// 2192// 2126//
f 2122// 2126// 2124//
f 2099// 2098// 2084//
f 2084// 2098// 2095//
f 2084// 2095// 2085//
f 2091// 2089// 2087//
f 2112// 2109// 2084//
f 2084// 2109// 2107//
f 2084// 2107// 2105//
f 2105// 2103// 2084//
f 2084// 2103// 2101//
f 2084// 2101// 2099//
f 2085// 2095// 2087//
f 2087// 2095// 2093//
f 2087// 2093// 2091//
f 2193// 2194// 2195//
f 2195// 2194// 2196//
f 2197// 2193// 2198//
f 2198// 2193// 2195//
f 2197// 2198// 2199//
f 2197// 2199// 2200//
f 2200// 2199// 2201//
f 2200// 2201// 2202//
f 2202// 2201// 2203//
f 2202// 2203// 2204//
f 2204// 2203// 2205//
f 2204// 2205// 2206//
f 2206// 2205// 2207//
f 2206// 2207// 2208//
f 2208// 2207// 2209//
f 2208// 2209// 2210//
f 2211// 2210// 2212//
f 2212// 2210// 2209//
f 2211// 2212// 2213//
f 2211// 2213// 2214//
f 2214// 2213// 2215//
f 2214// 2215// 2216//
f 2216// 2215// 2217//
f 2216// 2217// 2218//
f 2218// 2217// 2219//
f 2218// 2219// 2220//
f 2220// 2219// 2221//
f 2220// 2221// 2222//
f 2222// 2221// 2223//
f 2222// 2223// 2224//
f 2225// 2224// 2226//
f 2226// 2224// 2223//
f 2225// 2226// 2227//
f 2227// 2226// 2228//
f 2227// 2228// 2229//
f 2229// 2228// 2230//
f 2229// 2230// 2231//
f 2231// 2230// 2232//
f 2231// 2232// 2233//
f 2233// 2232// 2234//
f 2233// 2234// 2235//
f 2235// 2234// 2236//
f 2235// 2236// 2237//
f 2237// 2236// 2238//
f 2239// 2237// 2240//
f 2240// 2237// 2238//
f 2239// 2240// 2241//
f 2241// 2240// 2242//
f 2241// 2242// 2243//
f 2243// 2242// 2244//
f 2243// 2244// 2245//
f 2245// 2244// 2246//
f 2245// 2246// 2247//
f 2247// 2246// 2248//
f 2247// 2248// 2249//
f 2249// 2248// 2250//
f 2249// 2250// 2251//
f 2251// 2250// 2252//
f 2253// 2251// 2254//
f 2254// 2251// 2252//
f 2253// 2254// 2255//
f 2255// 2254// 2256//
f 2255// 2256// 2257//
f 2257// 2256// 2258//
f 2257// 2258// 2259//
f 2259// 2258// 2260//
f 2259// 2260// 2261//
f 2261// 2260// 2262//
f 2261// 2262// 2263//
f 2263// 2262// 2264//
f 2263// 2264// 2265//
f 2265// 2264// 2266//
f 2267// 2265// 2268//
f 2268// 2265// 2266//
f 2269// 2267// 2270//
f 2270// 2267// 2268//
f 2271// 2269// 2272//
f 2272// 2269// 2270//
f 2273// 2271// 2274//
f 2274// 2271// 2272//
f 2275// 2273// 2276//
f 2276// 2273// 2274//
f 2277// 2275// 2278//
f 2278// 2275// 2276//
f 2279// 2277// 2280//
f 2280// 2277// 2278//
f 2281// 2279// 2282//
f 2282// 2279// 2280//
f 2283// 2281// 2284//
f 2284// 2281// 2282//
f 2285// 2283// 2286//
f 2286// 2283// 2284//
f 2287// 2285// 2288//
f 2288// 2285// 2286//
f 2289// 2287// 2290//
f 2290// 2287// 2288//
f 2291// 2289// 2292//
f 2292// 2289// 2290//
f 2293// 2291// 2294//
f 2294// 2291// 2292//
f 2295// 2293// 2296//
f 2296// 2293// 2294//
f 2297// 2295// 2298//
f 2298// 2295// 2296//
f 2299// 2297// 2300//
f 2300// 2297// 2298//
f 2301// 2299// 2302//
f 2302// 2299// 2300//
f 2303// 2301// 2304//
f 2304// 2301// 2302//
f 2305// 2303// 2306//
f 2306// 2303// 2304//
f 2194// 2305// 2196//
f 2196// 2305// 2306//
f 2273// 2275// 2271//
f 2271// 2275// 2277//
f 2271// 2277// 2269//
f 2299// 2301// 2297//
f 2297// 2301// 2303//
f 2194// 2193// 2305//
f 2305// 2193// 2197//
f 2289// 2291// 2287//
f 2287// 2291// 2293//
f 2287// 2293// 2285//
f 2285// 2293// 2281//
f 2285// 2281// 2283//
f 2259// 2261// 2279//
f 2239// 2241// 2305//
f 2305// 2241// 2243//
f 2261// 2263// 2279//
f 2279// 2263// 2265//
f 2279// 2265// 2277//
f 2277// 2265// 2267//
f 2277// 2267// 2269//
f 2251// 2253// 2303//
f 2303// 2253// 2255//
f 2303// 2255// 2257//
f 2293// 2295// 2281//
f 2281// 2295// 2297//
f 2281// 2297// 2279//
f 2279// 2297// 2303//
f 2279// 2303// 2259//
f 2259// 2303// 2257//
f 2243// 2245// 2305//
f 2305// 2245// 2247//
f 2305// 2247// 2303//
f 2303// 2247// 2249//
f 2303// 2249// 2251//
f 2208// 2210// 2227//
f 2227// 2210// 2211//
f 2229// 2231// 2197//
f 2197// 2231// 2233//
f 2197// 2233// 2305//
f 2305// 2233// 2235//
f 2305// 2235// 2239//
f 2239// 2235// 2237//
f 2229// 2197// 2227//
f 2227// 2197// 2200//
f 2227// 2200// 2202//
f 2202// 2204// 2227//
f 2227// 2204// 2206//
f 2227// 2206// 2208//
f 2214// 2216// 2211//
f 2211// 2216// 2218//
f 2211// 2218// 2220//
f 2225// 2227// 2224//
f 2224// 2227// 2211//
f 2224// 2211// 2222//
f 2222// 2211// 2220//
f 2272// 2270// 2274//
f 2274// 2270// 2268//
f 2198// 2195// 2306//
f 2306// 2195// 2196//
f 2199// 2198// 2209//
f 2302// 2300// 2304//
f 2304// 2300// 2298//
f 2290// 2288// 2292//
f 2292// 2288// 2294//
f 2260// 2280// 2262//
f 2262// 2280// 2264//
f 2288// 2286// 2294//
f 2294// 2286// 2284//
f 2294// 2284// 2282//
f 2276// 2274// 2278//
f 2278// 2274// 2268//
f 2278// 2268// 2280//
f 2280// 2268// 2266//
f 2280// 2266// 2264//
f 2260// 2304// 2280//
f 2280// 2304// 2298//
f 2280// 2298// 2282//
f 2282// 2298// 2296//
f 2282// 2296// 2294//
f 2260// 2258// 2304//
f 2304// 2258// 2256//
f 2304// 2256// 2254//
f 2254// 2252// 2304//
f 2304// 2252// 2250//
f 2304// 2250// 2306//
f 2306// 2250// 2248//
f 2306// 2248// 2246//
f 2246// 2244// 2306//
f 2306// 2244// 2242//
f 2306// 2242// 2240//
f 2226// 2223// 2198//
f 2232// 2230// 2198//
f 2198// 2230// 2228//
f 2198// 2228// 2226//
f 2232// 2198// 2234//
f 2234// 2198// 2306//
f 2234// 2306// 2236//
f 2236// 2306// 2240//
f 2236// 2240// 2238//
f 2198// 2217// 2215//
f 2205// 2203// 2201//
f 2223// 2221// 2198//
f 2198// 2221// 2219//
f 2198// 2219// 2217//
f 2215// 2213// 2198//
f 2198// 2213// 2212//
f 2198// 2212// 2209//
f 2199// 2209// 2201//
f 2201// 2209// 2207//
f 2201// 2207// 2205//
f 2307// 2308// 2309//
f 2309// 2308// 2310//
f 2311// 2307// 2312//
f 2312// 2307// 2309//
f 2311// 2312// 2313//
f 2311// 2313// 2314//
f 2314// 2313// 2315//
f 2314// 2315// 2316//
f 2316// 2315// 2317//
f 2316// 2317// 2318//
f 2318// 2317// 2319//
f 2318// 2319// 2320//
f 2320// 2319// 2321//
f 2320// 2321// 2322//
f 2322// 2321// 2323//
f 2322// 2323// 2324//
f 2325// 2324// 2326//
f 2326// 2324// 2323//
f 2325// 2326// 2327//
f 2325// 2327// 2328//
f 2328// 2327// 2329//
f 2328// 2329// 2330//
f 2330// 2329// 2331//
f 2330// 2331// 2332//
f 2332// 2331// 2333//
f 2332// 2333// 2334//
f 2334// 2333// 2335//
f 2334// 2335// 2336//
f 2336// 2335// 2337//
f 2336// 2337// 2338//
f 2339// 2338// 2340//
f 2340// 2338// 2337//
f 2339// 2340// 2341//
f 2341// 2340// 2342//
f 2341// 2342// 2343//
f 2343// 2342// 2344//
f 2343// 2344// 2345//
f 2345// 2344// 2346//
f 2345// 2346// 2347//
f 2347// 2346// 2348//
f 2347// 2348// 2349//
f 2349// 2348// 2350//
f 2349// 2350// 2351//
f 2351// 2350// 2352//
f 2353// 2351// 2354//
f 2354// 2351// 2352//
f 2353// 2354// 2355//
f 2355// 2354// 2356//
f 2355// 2356// 2357//
f 2357// 2356// 2358//
f 2357// 2358// 2359//
f 2359// 2358// 2360//
f 2359// 2360// 2361//
f 2361// 2360// 2362//
f 2361// 2362// 2363//
f 2363// 2362// 2364//
f 2363// 2364// 2365//
f 2365// 2364// 2366//
f 2367// 2365// 2368//
f 2368// 2365// 2366//
f 2367// 2368// 2369//
f 2369// 2368// 2370//
f 2369// 2370// 2371//
f 2371// 2370// 2372//
f 2371// 2372// 2373//
f 2373// 2372// 2374//
f 2373// 2374// 2375//
f 2375// 2374// 2376//
f 2375// 2376// 2377//
f 2377// 2376// 2378//
f 2377// 2378// 2379//
f 2379// 2378// 2380//
f 2381// 2379// 2382//
f 2382// 2379// 2380//
f 2383// 2381// 2384//
f 2384// 2381// 2382//
f 2385// 2383// 2386//
f 2386// 2383// 2384//
f 2387// 2385// 2388//
f 2388// 2385// 2386//
f 2389// 2387// 2390//
f 2390// 2387// 2388//
f 2391// 2389// 2392//
f 2392// 2389// 2390//
f 2393// 2391// 2394//
f 2394// 2391// 2392//
f 2395// 2393// 2396//
f 2396// 2393// 2394//
f 2397// 2395// 2398//
f 2398// 2395// 2396//
f 2399// 2397// 2400//
f 2400// 2397// 2398//
f 2401// 2399// 2402//
f 2402// 2399// 2400//
f 2403// 2401// 2404//
f 2404// 2401// 2402//
f 2405// 2403// 2406//
f 2406// 2403// 2404//
f 2407// 2405// 2408//
f 2408// 2405// 2406//
f 2409// 2407// 2410//
f 2410// 2407// 2408//
f 2411// 2409// 2412//
f 2412// 2409// 2410//
f 2413// 2411// 2414//
f 2414// 2411// 2412//
f 2415// 2413// 2416//
f 2416// 2413// 2414//
f 2417// 2415// 2418//
f 2418// 2415// 2416//
f 2419// 2417// 2420//
f 2420// 2417// 2418//
f 2308// 2419// 2310//
f 2310// 2419// 2420//
f 2387// 2389// 2385//
f 2385// 2389// 2391//
f 2385// 2391// 2383//
f 2413// 2415// 2411//
f 2411// 2415// 2417//
f 2308// 2307// 2419//
f 2419// 2307// 2311//
f 2403// 2405// 2401//
f 2401// 2405// 2407//
f 2401// 2407// 2399//
f 2399// 2407// 2395//
f 2399// 2395// 2397//
f 2373// 2375// 2393//
f 2353// 2355// 2419//
f 2419// 2355// 2357//
f 2375// 2377// 2393//
f 2393// 2377// 2379//
f 2393// 2379// 2391//
f 2391// 2379// 2381//
f 2391// 2381// 2383//
f 2338// 2339// 2341//
f 2365// 2367// 2417//
f 2417// 2367// 2369//
f 2417// 2369// 2371//
f 2407// 2409// 2395//
f 2395// 2409// 2411//
f 2395// 2411// 2393//
f 2393// 2411// 2417//
f 2393// 2417// 2373//
f 2373// 2417// 2371//
f 2357// 2359// 2419//
f 2419// 2359// 2361//
f 2419// 2361// 2417//
f 2417// 2361// 2363//
f 2417// 2363// 2365//
f 2343// 2345// 2311//
f 2311// 2345// 2347//
f 2311// 2347// 2419//
f 2419// 2347// 2349//
f 2419// 2349// 2353//
f 2353// 2349// 2351//
f 2343// 2311// 2341//
f 2341// 2311// 2314//
f 2341// 2314// 2316//
f 2316// 2318// 2341//
f 2341// 2318// 2320//
f 2341// 2320// 2322//
f 2322// 2324// 2341//
f 2341// 2324// 2325//
f 2341// 2325// 2338//
f 2338// 2325// 2328//
f 2338// 2328// 2330//
f 2330// 2332// 2338//
f 2338// 2332// 2334//
f 2338// 2334// 2336//
f 2386// 2384// 2388//
f 2388// 2384// 2382//
f 2312// 2309// 2420//
f 2420// 2309// 2310//
f 2416// 2414// 2418//
f 2418// 2414// 2412//
f 2404// 2402// 2406//
f 2406// 2402// 2408//
f 2390// 2388// 2392//
f 2392// 2388// 2382//
f 2392// 2382// 2394//
f 2394// 2382// 2380//
f 2380// 2378// 2394//
f 2394// 2378// 2376//
f 2394// 2376// 2374//
f 2402// 2400// 2408//
f 2408// 2400// 2398//
f 2408// 2398// 2396//
f 2374// 2418// 2394//
f 2394// 2418// 2412//
f 2394// 2412// 2396//
f 2396// 2412// 2410//
f 2396// 2410// 2408//
f 2374// 2372// 2418//
f 2418// 2372// 2370//
f 2418// 2370// 2368//
f 2360// 2358// 2420//
f 2420// 2358// 2356//
f 2420// 2356// 2354//
f 2368// 2366// 2418//
f 2418// 2366// 2364//
f 2418// 2364// 2420//
f 2420// 2364// 2362//
f 2420// 2362// 2360//
f 2346// 2312// 2348//
f 2348// 2312// 2420//
f 2348// 2420// 2350//
f 2350// 2420// 2354//
f 2350// 2354// 2352//
f 2346// 2344// 2312//
f 2312// 2344// 2342//
f 2312// 2342// 2340//
f 2327// 2326// 2312//
f 2312// 2326// 2323//
f 2312// 2323// 2313//
f 2319// 2317// 2315//
f 2340// 2337// 2312//
f 2312// 2337// 2335//
f 2312// 2335// 2333//
f 2333// 2331// 2312//
f 2312// 2331// 2329//
f 2312// 2329// 2327//
f 2313// 2323// 2315//
f 2315// 2323// 2321//
f 2315// 2321// 2319//
f 2421// 2422// 2423//
f 2423// 2422// 2424//
f 2425// 2421// 2426//
f 2426// 2421// 2423//
f 2425// 2426// 2427//
f 2425// 2427// 2428//
f 2428// 2427// 2429//
f 2428// 2429// 2430//
f 2430// 2429// 2431//
f 2430// 2431// 2432//
f 2432// 2431// 2433//
f 2432// 2433// 2434//
f 2434// 2433// 2435//
f 2434// 2435// 2436//
f 2436// 2435// 2437//
f 2436// 2437// 2438//
f 2439// 2438// 2440//
f 2440// 2438// 2437//
f 2439// 2440// 2441//
f 2439// 2441// 2442//
f 2442// 2441// 2443//
f 2442// 2443// 2444//
f 2444// 2443// 2445//
f 2444// 2445// 2446//
f 2446// 2445// 2447//
f 2446// 2447// 2448//
f 2448// 2447// 2449//
f 2448// 2449// 2450//
f 2450// 2449// 2451//
f 2450// 2451// 2452//
f 2453// 2452// 2454//
f 2454// 2452// 2451//
f 2453// 2454// 2455//
f 2455// 2454// 2456//
f 2455// 2456// 2457//
f 2457// 2456// 2458//
f 2457// 2458// 2459//
f 2459// 2458// 2460//
f 2459// 2460// 2461//
f 2461// 2460// 2462//
f 2461// 2462// 2463//
f 2463// 2462// 2464//
f 2463// 2464// 2465//
f 2465// 2464// 2466//
f 2467// 2465// 2468//
f 2468// 2465// 2466//
f 2467// 2468// 2469//
f 2469// 2468// 2470//
f 2469// 2470// 2471//
f 2471// 2470// 2472//
f 2471// 2472// 2473//
f 2473// 2472// 2474//
f 2473// 2474// 2475//
f 2475// 2474// 2476//
f 2475// 2476// 2477//
f 2477// 2476// 2478//
f 2477// 2478// 2479//
f 2479// 2478// 2480//
f 2481// 2479// 2482//
f 2482// 2479// 2480//
f 2481// 2482// 2483//
f 2483// 2482// 2484//
f 2483// 2484// 2485//
f 2485// 2484// 2486//
f 2485// 2486// 2487//
f 2487// 2486// 2488//
f 2487// 2488// 2489//
f 2489// 2488// 2490//
f 2489// 2490// 2491//
f 2491// 2490// 2492//
f 2491// 2492// 2493//
f 2493// 2492// 2494//
f 2495// 2493// 2496//
f 2496// 2493// 2494//
f 2497// 2495// 2498//
f 2498// 2495// 2496//
f 2499// 2497// 2500//
f 2500// 2497// 2498//
f 2501// 2499// 2502//
f 2502// 2499// 2500//
f 2503// 2501// 2504//
f 2504// 2501// 2502//
f 2505// 2503// 2506//
f 2506// 2503// 2504//
f 2507// 2505// 2508//
f 2508// 2505// 2506//
f 2509// 2507// 2510//
f 2510// 2507// 2508//
f 2511// 2509// 2512//
f 2512// 2509// 2510//
f 2513// 2511// 2514//
f 2514// 2511// 2512//
f 2515// 2513// 2516//
f 2516// 2513// 2514//
f 2517// 2515// 2518//
f 2518// 2515// 2516//
f 2519// 2517// 2520//
f 2520// 2517// 2518//
f 2521// 2519// 2522//
f 2522// 2519// 2520//
f 2523// 2521// 2524//
f 2524// 2521// 2522//
f 2525// 2523// 2526//
f 2526// 2523// 2524//
f 2527// 2525// 2528//
f 2528// 2525// 2526//
f 2529// 2527// 2530//
f 2530// 2527// 2528//
f 2531// 2529// 2532//
f 2532// 2529// 2530//
f 2533// 2531// 2534//
f 2534// 2531// 2532//
f 2422// 2533// 2424//
f 2424// 2533// 2534//
f 2501// 2503// 2499//
f 2499// 2503// 2505//
f 2499// 2505// 2497//
f 2422// 2421// 2533//
f 2533// 2421// 2425//
f 2521// 2523// 2509//
f 2509// 2523// 2525//
f 2509// 2525// 2507//
f 2517// 2519// 2515//
f 2515// 2519// 2521//
f 2515// 2521// 2513//
f 2513// 2521// 2509//
f 2513// 2509// 2511//
f 2467// 2469// 2533//
f 2533// 2469// 2471//
f 2471// 2473// 2533//
f 2533// 2473// 2475//
f 2533// 2475// 2531//
f 2475// 2477// 2531//
f 2531// 2477// 2479//
f 2531// 2479// 2481//
f 2452// 2453// 2455//
f 2481// 2483// 2531//
f 2531// 2483// 2485//
f 2531// 2485// 2487//
f 2527// 2529// 2525//
f 2525// 2529// 2531//
f 2525// 2531// 2507//
f 2507// 2531// 2487//
f 2507// 2487// 2489//
f 2489// 2491// 2507//
f 2507// 2491// 2493//
f 2507// 2493// 2505//
f 2505// 2493// 2495//
f 2505// 2495// 2497//
f 2457// 2459// 2425//
f 2425// 2459// 2461//
f 2425// 2461// 2533//
f 2533// 2461// 2463//
f 2533// 2463// 2467//
f 2467// 2463// 2465//
f 2457// 2425// 2455//
f 2455// 2425// 2428//
f 2455// 2428// 2430//
f 2430// 2432// 2455//
f 2455// 2432// 2434//
f 2455// 2434// 2436//
f 2436// 2438// 2455//
f 2455// 2438// 2439//
f 2455// 2439// 2452//
f 2452// 2439// 2442//
f 2452// 2442// 2444//
f 2444// 2446// 2452//
f 2452// 2446// 2448//
f 2452// 2448// 2450//
f 2500// 2498// 2502//
f 2502// 2498// 2496//
f 2426// 2423// 2534//
f 2534// 2423// 2424//
f 2530// 2528// 2532//
f 2532// 2528// 2526//
f 2518// 2516// 2520//
f 2520// 2516// 2522//
f 2504// 2502// 2506//
f 2506// 2502// 2496//
f 2506// 2496// 2508//
f 2508// 2496// 2494//
f 2494// 2492// 2508//
f 2508// 2492// 2490//
f 2508// 2490// 2488//
f 2474// 2472// 2534//
f 2534// 2472// 2470//
f 2534// 2470// 2468//
f 2516// 2514// 2522//
f 2522// 2514// 2512//
f 2522// 2512// 2510//
f 2488// 2532// 2508//
f 2508// 2532// 2526//
f 2508// 2526// 2510//
f 2510// 2526// 2524//
f 2510// 2524// 2522//
f 2488// 2486// 2532//
f 2532// 2486// 2484//
f 2532// 2484// 2482//
f 2482// 2480// 2532//
f 2532// 2480// 2478//
f 2532// 2478// 2534//
f 2534// 2478// 2476//
f 2534// 2476// 2474//
f 2460// 2426// 2462//
f 2462// 2426// 2534//
f 2462// 2534// 2464//
f 2464// 2534// 2468//
f 2464// 2468// 2466//
f 2460// 2458// 2426//
f 2426// 2458// 2456//
f 2426// 2456// 2454//
f 2441// 2440// 2426//
f 2426// 2440// 2437//
f 2426// 2437// 2427//
f 2433// 2431// 2429//
f 2454// 2451// 2426//
f 2426// 2451// 2449//
f 2426// 2449// 2447//
f 2447// 2445// 2426//
f 2426// 2445// 2443//
f 2426// 2443// 2441//
f 2427// 2437// 2429//
f 2429// 2437// 2435//
f 2429// 2435// 2433//
f 2535// 2536// 2537//
f 2537// 2536// 2538//
f 2539// 2535// 2540//
f 2540// 2535// 2537//
f 2539// 2540// 2541//
f 2539// 2541// 2542//
f 2542// 2541// 2543//
f 2542// 2543// 2544//
f 2544// 2543// 2545//
f 2544// 2545// 2546//
f 2546// 2545// 2547//
f 2546// 2547// 2548//
f 2548// 2547// 2549//
f 2548// 2549// 2550//
f 2550// 2549// 2551//
f 2550// 2551// 2552//
f 2553// 2552// 2554//
f 2554// 2552// 2551//
f 2553// 2554// 2555//
f 2553// 2555// 2556//
f 2556// 2555// 2557//
f 2556// 2557// 2558//
f 2558// 2557// 2559//
f 2558// 2559// 2560//
f 2560// 2559// 2561//
f 2560// 2561// 2562//
f 2562// 2561// 2563//
f 2562// 2563// 2564//
f 2564// 2563// 2565//
f 2564// 2565// 2566//
f 2567// 2566// 2568//
f 2568// 2566// 2565//
f 2567// 2568// 2569//
f 2569// 2568// 2570//
f 2569// 2570// 2571//
f 2571// 2570// 2572//
f 2571// 2572// 2573//
f 2573// 2572// 2574//
f 2573// 2574// 2575//
f 2575// 2574// 2576//
f 2575// 2576// 2577//
f 2577// 2576// 2578//
f 2577// 2578// 2579//
f 2579// 2578// 2580//
f 2581// 2579// 2582//
f 2582// 2579// 2580//
f 2581// 2582// 2583//
f 2583// 2582// 2584//
f 2583// 2584// 2585//
f 2585// 2584// 2586//
f 2585// 2586// 2587//
f 2587// 2586// 2588//
f 2587// 2588// 2589//
f 2589// 2588// 2590//
f 2589// 2590// 2591//
f 2591// 2590// 2592//
f 2591// 2592// 2593//
f 2593// 2592// 2594//
f 2595// 2593// 2596//
f 2596// 2593// 2594//
f 2595// 2596// 2597//
f 2597// 2596// 2598//
f 2597// 2598// 2599//
f 2599// 2598// 2600//
f 2599// 2600// 2601//
f 2601// 2600// 2602//
f 2601// 2602// 2603//
f 2603// 2602// 2604//
f 2603// 2604// 2605//
f 2605// 2604// 2606//
f 2605// 2606// 2607//
f 2607// 2606// 2608//
f 2609// 2607// 2610//
f 2610// 2607// 2608//
f 2611// 2609// 2612//
f 2612// 2609// 2610//
f 2613// 2611// 2614//
f 2614// 2611// 2612//
f 2615// 2613// 2616//
f 2616// 2613// 2614//
f 2617// 2615// 2618//
f 2618// 2615// 2616//
f 2619// 2617// 2620//
f 2620// 2617// 2618//
f 2621// 2619// 2622//
f 2622// 2619// 2620//
f 2623// 2621// 2624//
f 2624// 2621// 2622//
f 2625// 2623// 2626//
f 2626// 2623// 2624//
f 2627// 2625// 2628//
f 2628// 2625// 2626//
f 2629// 2627// 2630//
f 2630// 2627// 2628//
f 2631// 2629// 2632//
f 2632// 2629// 2630//
f 2633// 2631// 2634//
f 2634// 2631// 2632//
f 2635// 2633// 2636//
f 2636// 2633// 2634//
f 2637// 2635// 2638//
f 2638// 2635// 2636//
f 2639// 2637// 2640//
f 2640// 2637// 2638//
f 2641// 2639// 2642//
f 2642// 2639// 2640//
f 2643// 2641// 2644//
f 2644// 2641// 2642//
f 2645// 2643// 2646//
f 2646// 2643// 2644//
f 2647// 2645// 2648//
f 2648// 2645// 2646//
f 2536// 2647// 2538//
f 2538// 2647// 2648//
f 2615// 2617// 2613//
f 2613// 2617// 2619//
f 2613// 2619// 2611//
f 2641// 2643// 2639//
f 2639// 2643// 2645//
f 2536// 2535// 2647//
f 2647// 2535// 2539//
f 2631// 2633// 2629//
f 2629// 2633// 2635//
f 2629// 2635// 2627//
f 2627// 2635// 2623//
f 2627// 2623// 2625//
f 2601// 2603// 2621//
f 2581// 2583// 2647//
f 2647// 2583// 2585//
f 2603// 2605// 2621//
f 2621// 2605// 2607//
f 2621// 2607// 2619//
f 2619// 2607// 2609//
f 2619// 2609// 2611//
f 2593// 2595// 2645//
f 2645// 2595// 2597//
f 2645// 2597// 2599//
f 2635// 2637// 2623//
f 2623// 2637// 2639//
f 2623// 2639// 2621//
f 2621// 2639// 2645//
f 2621// 2645// 2601//
f 2601// 2645// 2599//
f 2585// 2587// 2647//
f 2647// 2587// 2589//
f 2647// 2589// 2645//
f 2645// 2589// 2591//
f 2645// 2591// 2593//
f 2550// 2552// 2569//
f 2569// 2552// 2553//
f 2571// 2573// 2539//
f 2539// 2573// 2575//
f 2539// 2575// 2647//
f 2647// 2575// 2577//
f 2647// 2577// 2581//
f 2581// 2577// 2579//
f 2571// 2539// 2569//
f 2569// 2539// 2542//
f 2569// 2542// 2544//
f 2544// 2546// 2569//
f 2569// 2546// 2548//
f 2569// 2548// 2550//
f 2556// 2558// 2553//
f 2553// 2558// 2560//
f 2553// 2560// 2562//
f 2567// 2569// 2566//
f 2566// 2569// 2553//
f 2566// 2553// 2564//
f 2564// 2553// 2562//
f 2614// 2612// 2616//
f 2616// 2612// 2610//
f 2540// 2537// 2648//
f 2648// 2537// 2538//
f 2541// 2540// 2551//
f 2644// 2642// 2646//
f 2646// 2642// 2640//
f 2632// 2630// 2634//
f 2634// 2630// 2636//
f 2602// 2622// 2604//
f 2604// 2622// 2606//
f 2630// 2628// 2636//
f 2636// 2628// 2626//
f 2636// 2626// 2624//
f 2618// 2616// 2620//
f 2620// 2616// 2610//
f 2620// 2610// 2622//
f 2622// 2610// 2608//
f 2622// 2608// 2606//
f 2602// 2646// 2622//
f 2622// 2646// 2640//
f 2622// 2640// 2624//
f 2624// 2640// 2638//
f 2624// 2638// 2636//
f 2602// 2600// 2646//
f 2646// 2600// 2598//
f 2646// 2598// 2596//
f 2596// 2594// 2646//
f 2646// 2594// 2592//
f 2646// 2592// 2648//
f 2648// 2592// 2590//
f 2648// 2590// 2588//
f 2588// 2586// 2648//
f 2648// 2586// 2584//
f 2648// 2584// 2582//
f 2568// 2565// 2540//
f 2574// 2572// 2540//
f 2540// 2572// 2570//
f 2540// 2570// 2568//
f 2574// 2540// 2576//
f 2576// 2540// 2648//
f 2576// 2648// 2578//
f 2578// 2648// 2582//
f 2578// 2582// 2580//
f 2540// 2559// 2557//
f 2547// 2545// 2543//
f 2565// 2563// 2540//
f 2540// 2563// 2561//
f 2540// 2561// 2559//
f 2557// 2555// 2540//
f 2540// 2555// 2554//
f 2540// 2554// 2551//
f 2541// 2551// 2543//
f 2543// 2551// 2549//
f 2543// 2549// 2547//
f 2649// 2650// 2651//
f 2651// 2650// 2652//
f 2653// 2649// 2654//
f 2654// 2649// 2651//
f 2653// 2654// 2655//
f 2653// 2655// 2656//
f 2656// 2655// 2657//
f 2656// 2657// 2658//
f 2658// 2657// 2659//
f 2658// 2659// 2660//
f 2660// 2659// 2661//
f 2660// 2661// 2662//
f 2662// 2661// 2663//
f 2662// 2663// 2664//
f 2664// 2663// 2665//
f 2664// 2665// 2666//
f 2667// 2666// 2668//
f 2668// 2666// 2665//
f 2667// 2668// 2669//
f 2667// 2669// 2670//
f 2670// 2669// 2671//
f 2670// 2671// 2672//
f 2672// 2671// 2673//
f 2672// 2673// 2674//
f 2674// 2673// 2675//
f 2674// 2675// 2676//
f 2676// 2675// 2677//
f 2676// 2677// 2678//
f 2678// 2677// 2679//
f 2678// 2679// 2680//
f 2681// 2680// 2682//
f 2682// 2680// 2679//
f 2681// 2682// 2683//
f 2683// 2682// 2684//
f 2683// 2684// 2685//
f 2685// 2684// 2686//
f 2685// 2686// 2687//
f 2687// 2686// 2688//
f 2687// 2688// 2689//
f 2689// 2688// 2690//
f 2689// 2690// 2691//
f 2691// 2690// 2692//
f 2691// 2692// 2693//
f 2693// 2692// 2694//
f 2695// 2693// 2696//
f 2696// 2693// 2694//
f 2695// 2696// 2697//
f 2697// 2696// 2698//
f 2697// 2698// 2699//
f 2699// 2698// 2700//
f 2699// 2700// 2701//
f 2701// 2700// 2702//
f 2701// 2702// 2703//
f 2703// 2702// 2704//
f 2703// 2704// 2705//
f 2705// 2704// 2706//
f 2705// 2706// 2707//
f 2707// 2706// 2708//
f 2709// 2707// 2710//
f 2710// 2707// 2708//
f 2709// 2710// 2711//
f 2711// 2710// 2712//
f 2711// 2712// 2713//
f 2713// 2712// 2714//
f 2713// 2714// 2715//
f 2715// 2714// 2716//
f 2715// 2716// 2717//
f 2717// 2716// 2718//
f 2717// 2718// 2719//
f 2719// 2718// 2720//
f 2719// 2720// 2721//
f 2721// 2720// 2722//
f 2723// 2721// 2724//
f 2724// 2721// 2722//
f 2725// 2723// 2726//
f 2726// 2723// 2724//
f 2727// 2725// 2728//
f 2728// 2725// 2726//
f 2729// 2727// 2730//
f 2730// 2727// 2728//
f 2731// 2729// 2732//
f 2732// 2729// 2730//
f 2733// 2731// 2734//
f 2734// 2731// 2732//
f 2735// 2733// 2736//
f 2736// 2733// 2734//
f 2737// 2735// 2738//
f 2738// 2735// 2736//
f 2739// 2737// 2740//
f 2740// 2737// 2738//
f 2741// 2739// 2742//
f 2742// 2739// 2740//
f 2743// 2741// 2744//
f 2744// 2741// 2742//
f 2745// 2743// 2746//
f 2746// 2743// 2744//
f 2747// 2745// 2748//
f 2748// 2745// 2746//
f 2749// 2747// 2750//
f 2750// 2747// 2748//
f 2751// 2749// 2752//
f 2752// 2749// 2750//
f 2753// 2751// 2754//
f 2754// 2751// 2752//
f 2755// 2753// 2756//
f 2756// 2753// 2754//
f 2757// 2755// 2758//
f 2758// 2755// 2756//
f 2759// 2757// 2760//
f 2760// 2757// 2758//
f 2761// 2759// 2762//
f 2762// 2759// 2760//
f 2650// 2761// 2652//
f 2652// 2761// 2762//
f 2729// 2731// 2727//
f 2727// 2731// 2733//
f 2727// 2733// 2725//
f 2755// 2757// 2753//
f 2753// 2757// 2759//
f 2650// 2649// 2761//
f 2761// 2649// 2653//
f 2745// 2747// 2743//
f 2743// 2747// 2749//
f 2743// 2749// 2741//
f 2741// 2749// 2737//
f 2741// 2737// 2739//
f 2715// 2717// 2735//
f 2695// 2697// 2761//
f 2761// 2697// 2699//
f 2717// 2719// 2735//
f 2735// 2719// 2721//
f 2735// 2721// 2733//
f 2733// 2721// 2723//
f 2733// 2723// 2725//
f 2680// 2681// 2683//
f 2707// 2709// 2759//
f 2759// 2709// 2711//
f 2759// 2711// 2713//
f 2749// 2751// 2737//
f 2737// 2751// 2753//
f 2737// 2753// 2735//
f 2735// 2753// 2759//
f 2735// 2759// 2715//
f 2715// 2759// 2713//
f 2699// 2701// 2761//
f 2761// 2701// 2703//
f 2761// 2703// 2759//
f 2759// 2703// 2705//
f 2759// 2705// 2707//
f 2685// 2687// 2653//
f 2653// 2687// 2689//
f 2653// 2689// 2761//
f 2761// 2689// 2691//
f 2761// 2691// 2695//
f 2695// 2691// 2693//
f 2685// 2653// 2683//
f 2683// 2653// 2656//
f 2683// 2656// 2658//
f 2658// 2660// 2683//
f 2683// 2660// 2662//
f 2683// 2662// 2664//
f 2664// 2666// 2683//
f 2683// 2666// 2667//
f 2683// 2667// 2680//
f 2680// 2667// 2670//
f 2680// 2670// 2672//
f 2672// 2674// 2680//
f 2680// 2674// 2676//
f 2680// 2676// 2678//
f 2728// 2726// 2730//
f 2730// 2726// 2724//
f 2654// 2651// 2762//
f 2762// 2651// 2652//
f 2758// 2756// 2760//
f 2760// 2756// 2754//
f 2746// 2744// 2748//
f 2748// 2744// 2750//
f 2732// 2730// 2734//
f 2734// 2730// 2724//
f 2734// 2724// 2736//
f 2736// 2724// 2722//
f 2722// 2720// 2736//
f 2736// 2720// 2718//
f 2736// 2718// 2716//
f 2744// 2742// 2750//
f 2750// 2742// 2740//
f 2750// 2740// 2738//
f 2716// 2760// 2736//
f 2736// 2760// 2754//
f 2736// 2754// 2738//
f 2738// 2754// 2752//
f 2738// 2752// 2750//
f 2716// 2714// 2760//
f 2760// 2714// 2712//
f 2760// 2712// 2710//
f 2688// 2686// 2654//
f 2654// 2686// 2684//
f 2654// 2684// 2682//
f 2710// 2708// 2760//
f 2760// 2708// 2706//
f 2760// 2706// 2762//
f 2762// 2706// 2704//
f 2762// 2704// 2702//
f 2702// 2700// 2762//
f 2762// 2700// 2698//
f 2762// 2698// 2696//
f 2669// 2668// 2654//
f 2654// 2668// 2665//
f 2654// 2665// 2655//
f 2688// 2654// 2690//
f 2690// 2654// 2762//
f 2690// 2762// 2692//
f 2692// 2762// 2696//
f 2692// 2696// 2694//
f 2661// 2659// 2657//
f 2682// 2679// 2654//
f 2654// 2679// 2677//
f 2654// 2677// 2675//
f 2675// 2673// 2654//
f 2654// 2673// 2671//
f 2654// 2671// 2669//
f 2655// 2665// 2657//
f 2657// 2665// 2663//
f 2657// 2663// 2661//
f 2763// 2764// 2765//
f 2765// 2764// 2766//
f 2767// 2763// 2768//
f 2768// 2763// 2765//
f 2767// 2768// 2769//
f 2767// 2769// 2770//
f 2770// 2769// 2771//
f 2770// 2771// 2772//
f 2772// 2771// 2773//
f 2772// 2773// 2774//
f 2774// 2773// 2775//
f 2774// 2775// 2776//
f 2776// 2775// 2777//
f 2776// 2777// 2778//
f 2778// 2777// 2779//
f 2778// 2779// 2780//
f 2781// 2780// 2782//
f 2782// 2780// 2779//
f 2781// 2782// 2783//
f 2781// 2783// 2784//
f 2784// 2783// 2785//
f 2784// 2785// 2786//
f 2786// 2785// 2787//
f 2786// 2787// 2788//
f 2788// 2787// 2789//
f 2788// 2789// 2790//
f 2790// 2789// 2791//
f 2790// 2791// 2792//
f 2792// 2791// 2793//
f 2792// 2793// 2794//
f 2795// 2794// 2796//
f 2796// 2794// 2793//
f 2795// 2796// 2797//
f 2797// 2796// 2798//
f 2797// 2798// 2799//
f 2799// 2798// 2800//
f 2799// 2800// 2801//
f 2801// 2800// 2802//
f 2801// 2802// 2803//
f 2803// 2802// 2804//
f 2803// 2804// 2805//
f 2805// 2804// 2806//
f 2805// 2806// 2807//
f 2807// 2806// 2808//
f 2809// 2807// 2810//
f 2810// 2807// 2808//
f 2809// 2810// 2811//
f 2811// 2810// 2812//
f 2811// 2812// 2813//
f 2813// 2812// 2814//
f 2813// 2814// 2815//
f 2815// 2814// 2816//
f 2815// 2816// 2817//
f 2817// 2816// 2818//
f 2817// 2818// 2819//
f 2819// 2818// 2820//
f 2819// 2820// 2821//
f 2821// 2820// 2822//
f 2823// 2821// 2824//
f 2824// 2821// 2822//
f 2823// 2824// 2825//
f 2825// 2824// 2826//
f 2825// 2826// 2827//
f 2827// 2826// 2828//
f 2827// 2828// 2829//
f 2829// 2828// 2830//
f 2829// 2830// 2831//
f 2831// 2830// 2832//
f 2831// 2832// 2833//
f 2833// 2832// 2834//
f 2833// 2834// 2835//
f 2835// 2834// 2836//
f 2837// 2835// 2838//
f 2838// 2835// 2836//
f 2839// 2837// 2840//
f 2840// 2837// 2838//
f 2841// 2839// 2842//
f 2842// 2839// 2840//
f 2843// 2841// 2844//
f 2844// 2841// 2842//
f 2845// 2843// 2846//
f 2846// 2843// 2844//
f 2847// 2845// 2848//
f 2848// 2845// 2846//
f 2849// 2847// 2850//
f 2850// 2847// 2848//
f 2851// 2849// 2852//
f 2852// 2849// 2850//
f 2853// 2851// 2854//
f 2854// 2851// 2852//
f 2855// 2853// 2856//
f 2856// 2853// 2854//
f 2857// 2855// 2858//
f 2858// 2855// 2856//
f 2859// 2857// 2860//
f 2860// 2857// 2858//
f 2861// 2859// 2862//
f 2862// 2859// 2860//
f 2863// 2861// 2864//
f 2864// 2861// 2862//
f 2865// 2863// 2866//
f 2866// 2863// 2864//
f 2867// 2865// 2868//
f 2868// 2865// 2866//
f 2869// 2867// 2870//
f 2870// 2867// 2868//
f 2871// 2869// 2872//
f 2872// 2869// 2870//
f 2873// 2871// 2874//
f 2874// 2871// 2872//
f 2875// 2873// 2876//
f 2876// 2873// 2874//
f 2764// 2875// 2766//
f 2766// 2875// 2876//
f 2843// 2845// 2841//
f 2841// 2845// 2847//
f 2841// 2847// 2839//
f 2869// 2871// 2867//
f 2867// 2871// 2873//
f 2764// 2763// 2875//
f 2875// 2763// 2767//
f 2859// 2861// 2857//
f 2857// 2861// 2863//
f 2857// 2863// 2855//
f 2855// 2863// 2851//
f 2855// 2851// 2853//
f 2829// 2831// 2849//
f 2809// 2811// 2875//
f 2875// 2811// 2813//
f 2831// 2833// 2849//
f 2849// 2833// 2835//
f 2849// 2835// 2847//
f 2847// 2835// 2837//
f 2847// 2837// 2839//
f 2794// 2795// 2797//
f 2821// 2823// 2873//
f 2873// 2823// 2825//
f 2873// 2825// 2827//
f 2863// 2865// 2851//
f 2851// 2865// 2867//
f 2851// 2867// 2849//
f 2849// 2867// 2873//
f 2849// 2873// 2829//
f 2829// 2873// 2827//
f 2813// 2815// 2875//
f 2875// 2815// 2817//
f 2875// 2817// 2873//
f 2873// 2817// 2819//
f 2873// 2819// 2821//
f 2799// 2801// 2767//
f 2767// 2801// 2803//
f 2767// 2803// 2875//
f 2875// 2803// 2805//
f 2875// 2805// 2809//
f 2809// 2805// 2807//
f 2799// 2767// 2797//
f 2797// 2767// 2770//
f 2797// 2770// 2772//
f 2772// 2774// 2797//
f 2797// 2774// 2776//
f 2797// 2776// 2778//
f 2778// 2780// 2797//
f 2797// 2780// 2781//
f 2797// 2781// 2794//
f 2794// 2781// 2784//
f 2794// 2784// 2786//
f 2786// 2788// 2794//
f 2794// 2788// 2790//
f 2794// 2790// 2792//
f 2868// 2852// 2850//
f 2842// 2840// 2844//
f 2844// 2840// 2838//
f 2768// 2765// 2876//
f 2876// 2765// 2766//
f 2874// 2872// 2870//
f 2834// 2832// 2850//
f 2856// 2864// 2858//
f 2858// 2864// 2862//
f 2858// 2862// 2860//
f 2832// 2830// 2850//
f 2850// 2830// 2874//
f 2850// 2874// 2868//
f 2868// 2874// 2870//
f 2816// 2814// 2876//
f 2876// 2814// 2812//
f 2876// 2812// 2810//
f 2856// 2854// 2864//
f 2864// 2854// 2852//
f 2864// 2852// 2866//
f 2866// 2852// 2868//
f 2846// 2844// 2848//
f 2848// 2844// 2838//
f 2848// 2838// 2850//
f 2850// 2838// 2836//
f 2850// 2836// 2834//
f 2830// 2828// 2874//
f 2874// 2828// 2826//
f 2874// 2826// 2824//
f 2802// 2768// 2804//
f 2804// 2768// 2876//
f 2804// 2876// 2806//
f 2806// 2876// 2810//
f 2806// 2810// 2808//
f 2802// 2800// 2768//
f 2768// 2800// 2798//
f 2768// 2798// 2796//
f 2824// 2822// 2874//
f 2874// 2822// 2820//
f 2874// 2820// 2876//
f 2876// 2820// 2818//
f 2876// 2818// 2816//
f 2783// 2782// 2768//
f 2768// 2782// 2779//
f 2768// 2779// 2769//
f 2775// 2773// 2771//
f 2796// 2793// 2768//
f 2768// 2793// 2791//
f 2768// 2791// 2789//
f 2789// 2787// 2768//
f 2768// 2787// 2785//
f 2768// 2785// 2783//
f 2769// 2779// 2771//
f 2771// 2779// 2777//
f 2771// 2777// 2775//
f 2877// 2878// 2879//
f 2879// 2878// 2880//
f 2881// 2877// 2882//
f 2882// 2877// 2879//
f 2881// 2882// 2883//
f 2881// 2883// 2884//
f 2884// 2883// 2885//
f 2884// 2885// 2886//
f 2886// 2885// 2887//
f 2886// 2887// 2888//
f 2888// 2887// 2889//
f 2888// 2889// 2890//
f 2890// 2889// 2891//
f 2890// 2891// 2892//
f 2892// 2891// 2893//
f 2892// 2893// 2894//
f 2895// 2894// 2896//
f 2896// 2894// 2893//
f 2895// 2896// 2897//
f 2895// 2897// 2898//
f 2898// 2897// 2899//
f 2898// 2899// 2900//
f 2900// 2899// 2901//
f 2900// 2901// 2902//
f 2902// 2901// 2903//
f 2902// 2903// 2904//
f 2904// 2903// 2905//
f 2904// 2905// 2906//
f 2906// 2905// 2907//
f 2906// 2907// 2908//
f 2909// 2908// 2910//
f 2910// 2908// 2907//
f 2909// 2910// 2911//
f 2911// 2910// 2912//
f 2911// 2912// 2913//
f 2913// 2912// 2914//
f 2913// 2914// 2915//
f 2915// 2914// 2916//
f 2915// 2916// 2917//
f 2917// 2916// 2918//
f 2917// 2918// 2919//
f 2919// 2918// 2920//
f 2919// 2920// 2921//
f 2921// 2920// 2922//
f 2923// 2921// 2924//
f 2924// 2921// 2922//
f 2923// 2924// 2925//
f 2925// 2924// 2926//
f 2925// 2926// 2927//
f 2927// 2926// 2928//
f 2927// 2928// 2929//
f 2929// 2928// 2930//
f 2929// 2930// 2931//
f 2931// 2930// 2932//
f 2931// 2932// 2933//
f 2933// 2932// 2934//
f 2933// 2934// 2935//
f 2935// 2934// 2936//
f 2937// 2935// 2938//
f 2938// 2935// 2936//
f 2937// 2938// 2939//
f 2939// 2938// 2940//
f 2939// 2940// 2941//
f 2941// 2940// 2942//
f 2941// 2942// 2943//
f 2943// 2942// 2944//
f 2943// 2944// 2945//
f 2945// 2944// 2946//
f 2945// 2946// 2947//
f 2947// 2946// 2948//
f 2947// 2948// 2949//
f 2949// 2948// 2950//
f 2951// 2949// 2952//
f 2952// 2949// 2950//
f 2953// 2951// 2954//
f 2954// 2951// 2952//
f 2955// 2953// 2956//
f 2956// 2953// 2954//
f 2957// 2955// 2958//
f 2958// 2955// 2956//
f 2959// 2957// 2960//
f 2960// 2957// 2958//
f 2961// 2959// 2962//
f 2962// 2959// 2960//
f 2963// 2961// 2964//
f 2964// 2961// 2962//
f 2965// 2963// 2966//
f 2966// 2963// 2964//
f 2967// 2965// 2968//
f 2968// 2965// 2966//
f 2969// 2967// 2970//
f 2970// 2967// 2968//
f 2971// 2969// 2972//
f 2972// 2969// 2970//
f 2973// 2971// 2974//
f 2974// 2971// 2972//
f 2975// 2973// 2976//
f 2976// 2973// 2974//
f 2977// 2975// 2978//
f 2978// 2975// 2976//
f 2979// 2977// 2980//
f 2980// 2977// 2978//
f 2981// 2979// 2982//
f 2982// 2979// 2980//
f 2983// 2981// 2984//
f 2984// 2981// 2982//
f 2985// 2983// 2986//
f 2986// 2983// 2984//
f 2987// 2985// 2988//
f 2988// 2985// 2986//
f 2989// 2987// 2990//
f 2990// 2987// 2988//
f 2878// 2989// 2880//
f 2880// 2989// 2990//
f 2957// 2959// 2955//
f 2955// 2959// 2961//
f 2955// 2961// 2953//
f 2983// 2985// 2981//
f 2981// 2985// 2987//
f 2878// 2877// 2989//
f 2989// 2877// 2881//
f 2973// 2975// 2971//
f 2971// 2975// 2977//
f 2971// 2977// 2969//
f 2969// 2977// 2965//
f 2969// 2965// 2967//
f 2943// 2945// 2963//
f 2923// 2925// 2989//
f 2989// 2925// 2927//
f 2945// 2947// 2963//
f 2963// 2947// 2949//
f 2963// 2949// 2961//
f 2961// 2949// 2951//
f 2961// 2951// 2953//
f 2935// 2937// 2987//
f 2987// 2937// 2939//
f 2987// 2939// 2941//
f 2977// 2979// 2965//
f 2965// 2979// 2981//
f 2965// 2981// 2963//
f 2963// 2981// 2987//
f 2963// 2987// 2943//
f 2943// 2987// 2941//
f 2927// 2929// 2989//
f 2989// 2929// 2931//
f 2989// 2931// 2987//
f 2987// 2931// 2933//
f 2987// 2933// 2935//
f 2892// 2894// 2911//
f 2911// 2894// 2895//
f 2913// 2915// 2881//
f 2881// 2915// 2917//
f 2881// 2917// 2989//
f 2989// 2917// 2919//
f 2989// 2919// 2923//
f 2923// 2919// 2921//
f 2913// 2881// 2911//
f 2911// 2881// 2884//
f 2911// 2884// 2886//
f 2886// 2888// 2911//
f 2911// 2888// 2890//
f 2911// 2890// 2892//
f 2898// 2900// 2895//
f 2895// 2900// 2902//
f 2895// 2902// 2904//
f 2909// 2911// 2908//
f 2908// 2911// 2895//
f 2908// 2895// 2906//
f 2906// 2895// 2904//
f 2956// 2954// 2958//
f 2958// 2954// 2952//
f 2882// 2879// 2990//
f 2990// 2879// 2880//
f 2883// 2882// 2893//
f 2986// 2984// 2988//
f 2988// 2984// 2982//
f 2974// 2972// 2976//
f 2976// 2972// 2978//
f 2944// 2964// 2946//
f 2946// 2964// 2948//
f 2972// 2970// 2978//
f 2978// 2970// 2968//
f 2978// 2968// 2966//
f 2960// 2958// 2962//
f 2962// 2958// 2952//
f 2962// 2952// 2964//
f 2964// 2952// 2950//
f 2964// 2950// 2948//
f 2944// 2988// 2964//
f 2964// 2988// 2982//
f 2964// 2982// 2966//
f 2966// 2982// 2980//
f 2966// 2980// 2978//
f 2944// 2942// 2988//
f 2988// 2942// 2940//
f 2988// 2940// 2938//
f 2938// 2936// 2988//
f 2988// 2936// 2934//
f 2988// 2934// 2990//
f 2990// 2934// 2932//
f 2990// 2932// 2930//
f 2882// 2916// 2914//
f 2914// 2912// 2882//
f 2882// 2912// 2910//
f 2882// 2910// 2907//
f 2930// 2928// 2990//
f 2990// 2928// 2926//
f 2990// 2926// 2924//
f 2916// 2882// 2918//
f 2918// 2882// 2990//
f 2918// 2990// 2920//
f 2920// 2990// 2924//
f 2920// 2924// 2922//
f 2882// 2901// 2899//
f 2889// 2887// 2885//
f 2907// 2905// 2882//
f 2882// 2905// 2903//
f 2882// 2903// 2901//
f 2899// 2897// 2882//
f 2882// 2897// 2896//
f 2882// 2896// 2893//
f 2883// 2893// 2885//
f 2885// 2893// 2891//
f 2885// 2891// 2889//
f 2991// 2992// 2993//
f 2993// 2992// 2994//
f 2995// 2991// 2996//
f 2996// 2991// 2993//
f 2995// 2996// 2997//
f 2995// 2997// 2998//
f 2998// 2997// 2999//
f 2998// 2999// 3000//
f 3000// 2999// 3001//
f 3000// 3001// 3002//
f 3002// 3001// 3003//
f 3002// 3003// 3004//
f 3004// 3003// 3005//
f 3004// 3005// 3006//
f 3006// 3005// 3007//
f 3006// 3007// 3008//
f 3009// 3008// 3010//
f 3010// 3008// 3007//
f 3009// 3010// 3011//
f 3009// 3011// 3012//
f 3012// 3011// 3013//
f 3012// 3013// 3014//
f 3014// 3013// 3015//
f 3014// 3015// 3016//
f 3016// 3015// 3017//
f 3016// 3017// 3018//
f 3018// 3017// 3019//
f 3018// 3019// 3020//
f 3020// 3019// 3021//
f 3020// 3021// 3022//
f 3023// 3022// 3024//
f 3024// 3022// 3021//
f 3023// 3024// 3025//
f 3025// 3024// 3026//
f 3025// 3026// 3027//
f 3027// 3026// 3028//
f 3027// 3028// 3029//
f 3029// 3028// 3030//
f 3029// 3030// 3031//
f 3031// 3030// 3032//
f 3031// 3032// 3033//
f 3033// 3032// 3034//
f 3033// 3034// 3035//
f 3035// 3034// 3036//
f 3037// 3035// 3038//
f 3038// 3035// 3036//
f 3037// 3038// 3039//
f 3039// 3038// 3040//
f 3039// 3040// 3041//
f 3041// 3040// 3042//
f 3041// 3042// 3043//
f 3043// 3042// 3044//
f 3043// 3044// 3045//
f 3045// 3044// 3046//
f 3045// 3046// 3047//
f 3047// 3046// 3048//
f 3047// 3048// 3049//
f 3049// 3048// 3050//
f 3051// 3049// 3052//
f 3052// 3049// 3050//
f 3051// 3052// 3053//
f 3053// 3052// 3054//
f 3053// 3054// 3055//
f 3055// 3054// 3056//
f 3055// 3056// 3057//
f 3057// 3056// 3058//
f 3057// 3058// 3059//
f 3059// 3058// 3060//
f 3059// 3060// 3061//
f 3061// 3060// 3062//
f 3061// 3062// 3063//
f 3063// 3062// 3064//
f 3065// 3063// 3066//
f 3066// 3063// 3064//
f 3067// 3065// 3068//
f 3068// 3065// 3066//
f 3069// 3067// 3070//
f 3070// 3067// 3068//
f 3071// 3069// 3072//
f 3072// 3069// 3070//
f 3073// 3071// 3074//
f 3074// 3071// 3072//
f 3075// 3073// 3076//
f 3076// 3073// 3074//
f 3077// 3075// 3078//
f 3078// 3075// 3076//
f 3079// 3077// 3080//
f 3080// 3077// 3078//
f 3081// 3079// 3082//
f 3082// 3079// 3080//
f 3083// 3081// 3084//
f 3084// 3081// 3082//
f 3085// 3083// 3086//
f 3086// 3083// 3084//
f 3087// 3085// 3088//
f 3088// 3085// 3086//
f 3089// 3087// 3090//
f 3090// 3087// 3088//
f 3091// 3089// 3092//
f 3092// 3089// 3090//
f 3093// 3091// 3094//
f 3094// 3091// 3092//
f 3095// 3093// 3096//
f 3096// 3093// 3094//
f 3097// 3095// 3098//
f 3098// 3095// 3096//
f 3099// 3097// 3100//
f 3100// 3097// 3098//
f 3101// 3099// 3102//
f 3102// 3099// 3100//
f 3103// 3101// 3104//
f 3104// 3101// 3102//
f 2992// 3103// 2994//
f 2994// 3103// 3104//
f 3071// 3073// 3069//
f 3069// 3073// 3075//
f 3069// 3075// 3067//
f 3097// 3099// 3095//
f 3095// 3099// 3101//
f 2992// 2991// 3103//
f 3103// 2991// 2995//
f 3087// 3089// 3085//
f 3085// 3089// 3091//
f 3085// 3091// 3083//
f 3083// 3091// 3079//
f 3083// 3079// 3081//
f 3057// 3059// 3077//
f 3037// 3039// 3103//
f 3103// 3039// 3041//
f 3059// 3061// 3077//
f 3077// 3061// 3063//
f 3077// 3063// 3075//
f 3075// 3063// 3065//
f 3075// 3065// 3067//
f 3022// 3023// 3025//
f 3049// 3051// 3101//
f 3101// 3051// 3053//
f 3101// 3053// 3055//
f 3091// 3093// 3079//
f 3079// 3093// 3095//
f 3079// 3095// 3077//
f 3077// 3095// 3101//
f 3077// 3101// 3057//
f 3057// 3101// 3055//
f 3041// 3043// 3103//
f 3103// 3043// 3045//
f 3103// 3045// 3101//
f 3101// 3045// 3047//
f 3101// 3047// 3049//
f 3027// 3029// 2995//
f 2995// 3029// 3031//
f 2995// 3031// 3103//
f 3103// 3031// 3033//
f 3103// 3033// 3037//
f 3037// 3033// 3035//
f 3027// 2995// 3025//
f 3025// 2995// 2998//
f 3025// 2998// 3000//
f 3000// 3002// 3025//
f 3025// 3002// 3004//
f 3025// 3004// 3006//
f 3006// 3008// 3025//
f 3025// 3008// 3009//
f 3025// 3009// 3022//
f 3022// 3009// 3012//
f 3022// 3012// 3014//
f 3014// 3016// 3022//
f 3022// 3016// 3018//
f 3022// 3018// 3020//
f 3070// 3068// 3072//
f 3072// 3068// 3066//
f 2996// 2993// 3104//
f 3104// 2993// 2994//
f 3100// 3098// 3102//
f 3102// 3098// 3096//
f 3088// 3086// 3090//
f 3090// 3086// 3092//
f 3074// 3072// 3076//
f 3076// 3072// 3066//
f 3076// 3066// 3078//
f 3078// 3066// 3064//
f 3064// 3062// 3078//
f 3078// 3062// 3060//
f 3078// 3060// 3058//
f 3086// 3084// 3092//
f 3092// 3084// 3082//
f 3092// 3082// 3080//
f 3058// 3102// 3078//
f 3078// 3102// 3096//
f 3078// 3096// 3080//
f 3080// 3096// 3094//
f 3080// 3094// 3092//
f 3058// 3056// 3102//
f 3102// 3056// 3054//
f 3102// 3054// 3052//
f 3030// 3028// 2996//
f 2996// 3028// 3026//
f 2996// 3026// 3024//
f 3052// 3050// 3102//
f 3102// 3050// 3048//
f 3102// 3048// 3104//
f 3104// 3048// 3046//
f 3104// 3046// 3044//
f 3044// 3042// 3104//
f 3104// 3042// 3040//
f 3104// 3040// 3038//
f 3011// 3010// 2996//
f 2996// 3010// 3007//
f 2996// 3007// 2997//
f 3030// 2996// 3032//
f 3032// 2996// 3104//
f 3032// 3104// 3034//
f 3034// 3104// 3038//
f 3034// 3038// 3036//
f 3003// 3001// 2999//
f 3024// 3021// 2996//
f 2996// 3021// 3019//
f 2996// 3019// 3017//
f 3017// 3015// 2996//
f 2996// 3015// 3013//
f 2996// 3013// 3011//
f 2997// 3007// 2999//
f 2999// 3007// 3005//
f 2999// 3005// 3003//
f 3105// 3106// 3107//
f 3107// 3106// 3108//
f 3109// 3105// 3110//
f 3110// 3105// 3107//
f 3109// 3110// 3111//
f 3109// 3111// 3112//
f 3112// 3111// 3113//
f 3112// 3113// 3114//
f 3114// 3113// 3115//
f 3114// 3115// 3116//
f 3116// 3115// 3117//
f 3116// 3117// 3118//
f 3118// 3117// 3119//
f 3118// 3119// 3120//
f 3120// 3119// 3121//
f 3120// 3121// 3122//
f 3123// 3122// 3124//
f 3124// 3122// 3121//
f 3123// 3124// 3125//
f 3123// 3125// 3126//
f 3126// 3125// 3127//
f 3126// 3127// 3128//
f 3128// 3127// 3129//
f 3128// 3129// 3130//
f 3130// 3129// 3131//
f 3130// 3131// 3132//
f 3132// 3131// 3133//
f 3132// 3133// 3134//
f 3134// 3133// 3135//
f 3134// 3135// 3136//
f 3137// 3136// 3138//
f 3138// 3136// 3135//
f 3137// 3138// 3139//
f 3139// 3138// 3140//
f 3139// 3140// 3141//
f 3141// 3140// 3142//
f 3141// 3142// 3143//
f 3143// 3142// 3144//
f 3143// 3144// 3145//
f 3145// 3144// 3146//
f 3145// 3146// 3147//
f 3147// 3146// 3148//
f 3147// 3148// 3149//
f 3149// 3148// 3150//
f 3151// 3149// 3152//
f 3152// 3149// 3150//
f 3151// 3152// 3153//
f 3153// 3152// 3154//
f 3153// 3154// 3155//
f 3155// 3154// 3156//
f 3155// 3156// 3157//
f 3157// 3156// 3158//
f 3157// 3158// 3159//
f 3159// 3158// 3160//
f 3159// 3160// 3161//
f 3161// 3160// 3162//
f 3161// 3162// 3163//
f 3163// 3162// 3164//
f 3165// 3163// 3166//
f 3166// 3163// 3164//
f 3165// 3166// 3167//
f 3167// 3166// 3168//
f 3167// 3168// 3169//
f 3169// 3168// 3170//
f 3169// 3170// 3171//
f 3171// 3170// 3172//
f 3171// 3172// 3173//
f 3173// 3172// 3174//
f 3173// 3174// 3175//
f 3175// 3174// 3176//
f 3175// 3176// 3177//
f 3177// 3176// 3178//
f 3179// 3177// 3180//
f 3180// 3177// 3178//
f 3181// 3179// 3182//
f 3182// 3179// 3180//
f 3183// 3181// 3184//
f 3184// 3181// 3182//
f 3185// 3183// 3186//
f 3186// 3183// 3184//
f 3187// 3185// 3188//
f 3188// 3185// 3186//
f 3189// 3187// 3190//
f 3190// 3187// 3188//
f 3191// 3189// 3192//
f 3192// 3189// 3190//
f 3193// 3191// 3194//
f 3194// 3191// 3192//
f 3195// 3193// 3196//
f 3196// 3193// 3194//
f 3197// 3195// 3198//
f 3198// 3195// 3196//
f 3199// 3197// 3200//
f 3200// 3197// 3198//
f 3201// 3199// 3202//
f 3202// 3199// 3200//
f 3203// 3201// 3204//
f 3204// 3201// 3202//
f 3205// 3203// 3206//
f 3206// 3203// 3204//
f 3207// 3205// 3208//
f 3208// 3205// 3206//
f 3209// 3207// 3210//
f 3210// 3207// 3208//
f 3211// 3209// 3212//
f 3212// 3209// 3210//
f 3213// 3211// 3214//
f 3214// 3211// 3212//
f 3215// 3213// 3216//
f 3216// 3213// 3214//
f 3217// 3215// 3218//
f 3218// 3215// 3216//
f 3106// 3217// 3108//
f 3108// 3217// 3218//
f 3185// 3187// 3183//
f 3183// 3187// 3189//
f 3183// 3189// 3181//
f 3211// 3213// 3209//
f 3209// 3213// 3215//
f 3106// 3105// 3217//
f 3217// 3105// 3109//
f 3201// 3203// 3199//
f 3199// 3203// 3205//
f 3199// 3205// 3197//
f 3197// 3205// 3193//
f 3197// 3193// 3195//
f 3171// 3173// 3191//
f 3151// 3153// 3217//
f 3217// 3153// 3155//
f 3173// 3175// 3191//
f 3191// 3175// 3177//
f 3191// 3177// 3189//
f 3189// 3177// 3179//
f 3189// 3179// 3181//
f 3163// 3165// 3215//
f 3215// 3165// 3167//
f 3215// 3167// 3169//
f 3205// 3207// 3193//
f 3193// 3207// 3209//
f 3193// 3209// 3191//
f 3191// 3209// 3215//
f 3191// 3215// 3171//
f 3171// 3215// 3169//
f 3155// 3157// 3217//
f 3217// 3157// 3159//
f 3217// 3159// 3215//
f 3215// 3159// 3161//
f 3215// 3161// 3163//
f 3120// 3122// 3139//
f 3139// 3122// 3123//
f 3141// 3143// 3109//
f 3109// 3143// 3145//
f 3109// 3145// 3217//
f 3217// 3145// 3147//
f 3217// 3147// 3151//
f 3151// 3147// 3149//
f 3141// 3109// 3139//
f 3139// 3109// 3112//
f 3139// 3112// 3114//
f 3114// 3116// 3139//
f 3139// 3116// 3118//
f 3139// 3118// 3120//
f 3126// 3128// 3123//
f 3123// 3128// 3130//
f 3123// 3130// 3132//
f 3137// 3139// 3136//
f 3136// 3139// 3123//
f 3136// 3123// 3134//
f 3134// 3123// 3132//
f 3184// 3182// 3186//
f 3186// 3182// 3180//
f 3110// 3107// 3218//
f 3218// 3107// 3108//
f 3111// 3110// 3121//
f 3214// 3212// 3216//
f 3216// 3212// 3210//
f 3202// 3200// 3204//
f 3204// 3200// 3206//
f 3172// 3192// 3174//
f 3174// 3192// 3176//
f 3200// 3198// 3206//
f 3206// 3198// 3196//
f 3206// 3196// 3194//
f 3188// 3186// 3190//
f 3190// 3186// 3180//
f 3190// 3180// 3192//
f 3192// 3180// 3178//
f 3192// 3178// 3176//
f 3172// 3216// 3192//
f 3192// 3216// 3210//
f 3192// 3210// 3194//
f 3194// 3210// 3208//
f 3194// 3208// 3206//
f 3172// 3170// 3216//
f 3216// 3170// 3168//
f 3216// 3168// 3166//
f 3166// 3164// 3216//
f 3216// 3164// 3162//
f 3216// 3162// 3218//
f 3218// 3162// 3160//
f 3218// 3160// 3158//
f 3110// 3144// 3142//
f 3142// 3140// 3110//
f 3110// 3140// 3138//
f 3110// 3138// 3135//
f 3158// 3156// 3218//
f 3218// 3156// 3154//
f 3218// 3154// 3152//
f 3144// 3110// 3146//
f 3146// 3110// 3218//
f 3146// 3218// 3148//
f 3148// 3218// 3152//
f 3148// 3152// 3150//
f 3110// 3129// 3127//
f 3117// 3115// 3113//
f 3135// 3133// 3110//
f 3110// 3133// 3131//
f 3110// 3131// 3129//
f 3127// 3125// 3110//
f 3110// 3125// 3124//
f 3110// 3124// 3121//
f 3111// 3121// 3113//
f 3113// 3121// 3119//
f 3113// 3119// 3117//
