v -1.680684 -1.369631 0.0
v -2.015097 -1.369631 0.0
v -1.829884 -0.951948 0.0
newmtl 1
Ka 0.2980392156862745 0.2980392156862745 0.2980392156862745
Kd 0.20784313725490197 0.20784313725490197 0.20784313725490197
Ks 0.01568627450980392 0.01568627450980392 0.01568627450980392
d 0.0
endmtl
v -1.864564 -0.951948 0.0
v -1.839508 -0.917266 0.0
v -1.855654 -0.917159 0.0
v -1.84589 -0.881826 0.0
v -1.849129 -0.881826 0.0
v 0.399728 -1.708045 0.0
v 0.302167 -1.765972 0.0
v 0.399728 -1.598289 0.0
v 0.302167 -0.753777 0.0
v 0.546689 -0.753777 0.0
v 0.515344 -0.75594 0.0
v 0.399728 -0.787314 0.0
v 0.399728 -0.92146 0.0
v 0.512367 -0.873227 0.0
v 0.41765 -1.608217 0.0
v 0.633912 -0.857436 0.0
v 0.732381 -0.868494 0.0
v 0.807229 -0.895506 0.0
v 0.876444 -0.94181 0.0
v 0.936831 -1.008477 0.0
v 1.009484 -1.270545 0.0
v 0.999358 -1.378801 0.0
v 0.97219 -1.464815 0.0
v 0.749669 -1.651851 0.0
v 0.656397 -1.662314 0.0
v 0.822533 -1.625027 0.0
v 0.883906 -1.583661 0.0
v 0.930831 -1.534156 0.0
v 0.523656 -1.647581 0.0
v 0.978058 -1.085687 0.0
v 1.004714 -1.19274 0.0
v 0.975479 -1.674564 0.0
v 1.050591 -1.595486 0.0
v 1.186313 -1.765972 0.0
v 1.103864 -1.500401 0.0
v 1.090854 -1.023261 0.0
v 1.032242 -0.929767 0.0
v 1.186313 -0.753777 0.0
v 0.94196 -0.84294 0.0
v 0.733688 -1.765972 0.0
v 0.798116 -1.759292 0.0
v 0.89504 -1.72593 0.0
v 0.846976 -0.788266 0.0
v 0.735495 -0.755879 0.0
v 0.709746 -0.753777 0.0
v 1.13396 -1.394552 0.0
v 1.14363 -1.278739 0.0
v 1.129245 -1.136569 0.0
v 0.506322 -1.751813 0.0
v 0.60737 -1.765972 0.0
v 0.34 -8.150001 0.0
v 0.647537 -1.771601 0.0
v 1.186313 -8.150001 0.0
v 0.67488 -1.77207 0.0
v -6.01 -9.0 0.0
v -6.38 -9.0 0.0
v -6.01 -8.150001 0.0
v -6.38 -8.150001 0.0
v -8.75 -4.0 0.0
v -9.6 -4.0 0.0
v -9.6 -3.63 0.0
v -7.28 -8.150001 0.0
v -7.28 -9.0 0.0
v -7.65 -9.0 0.0
v -8.75 -3.63 0.0
v -8.75 -2.73 0.0
v -5.953795 -1.765972 0.0
v -8.75 -4.9 0.0
v -8.75 -5.27 0.0
v -9.6 -4.9 0.0
v -9.6 -5.27 0.0
v -8.55 -9.0 0.0
v -9.6 -9.0 0.0
v -8.55 -8.150001 0.0
v -9.6 -6.17 0.0
v -7.65 -8.150001 0.0
v -2.2 -8.150001 0.0
v -1.368565 -8.150001 0.0
v -1.368565 -1.765972 0.0
v -1.3 -8.150001 0.0
v -3.47 -8.150001 0.0
v -3.47 -9.0 0.0
v -3.84 -9.0 0.0
v -3.84 -8.150001 0.0
v -4.74 -8.150001 0.0
v -2.57 -8.150001 0.0
v -2.57 -9.0 0.0
v -2.2 -9.0 0.0
v -8.75 -6.17 0.0
v -5.953795 -8.150001 0.0
v -5.11 -8.150001 0.0
v -5.11 -9.0 0.0
v -4.74 -9.0 0.0
v -0.93 -8.150001 0.0
v -0.93 -9.0 0.0
v -1.3 -9.0 0.0
v 0.302167 -9.0 0.0
v -0.03 -9.0 0.0
v -0.03 -8.150001 0.0
v -0.429541 -8.150001 0.0
v -0.429541 -1.765972 0.0
v 0.34 -9.0 0.0
v 9.6 -1.765972 0.0
v 9.6 -9.0 0.0
v 8.860001 -8.150001 0.0
v 8.860001 -9.0 0.0
v 6.69 -8.150001 0.0
v 7.59 -8.150001 0.0
v 7.96 -8.150001 0.0
v 7.59 -9.0 0.0
v 7.96 -9.0 0.0
v 5.42 -8.150001 0.0
v 5.42 -9.0 0.0
v 5.05 -9.0 0.0
v 5.05 -8.150001 0.0
v 4.15 -8.150001 0.0
v 6.32 -8.150001 0.0
v 6.32 -9.0 0.0
v 6.69 -9.0 0.0
v 2.88 -8.150001 0.0
v 2.88 -9.0 0.0
v 2.51 -9.0 0.0
v 2.51 -8.150001 0.0
v 1.61 -8.150001 0.0
v 3.78 -8.150001 0.0
v 3.78 -9.0 0.0
v 4.15 -9.0 0.0
v 1.24 -8.150001 0.0
v 1.24 -9.0 0.0
v 1.61 -9.0 0.0
v 1.24 8.150001 0.0
v 1.24 9.0 0.0
v 1.61 9.0 0.0
v 8.860001 9.0 0.0
v 9.6 9.0 0.0
v 8.860001 8.150001 0.0
v 9.6 -0.753777 0.0
v 7.96 8.150001 0.0
v 7.59 9.0 0.0
v 7.96 9.0 0.0
v 7.59 8.150001 0.0
v 2.5 3.3 0.0
v 2.5 -0.3 0.0
v 1.186313 -0.3 0.0
v 0.302167 -0.3 0.0
v 0.635055 -0.74768 0.0
v 5.05 8.150001 0.0
v 5.05 9.0 0.0
v 5.42 9.0 0.0
v 6.32 9.0 0.0
v 6.69 9.0 0.0
v 6.32 8.150001 0.0
v 6.69 8.150001 0.0
v 1.61 8.150001 0.0
v 2.51 8.150001 0.0
v 5.42 8.150001 0.0
v 2.51 9.0 0.0
v 2.88 9.0 0.0
v 2.88 8.150001 0.0
v 3.78 8.150001 0.0
v 3.78 9.0 0.0
v 4.15 9.0 0.0
v 4.15 8.150001 0.0
v 0.302167 9.0 0.0
v 0.34 9.0 0.0
v 0.34 8.150001 0.0
v 1.186313 8.150001 0.0
v 1.186313 3.3 0.0
v 0.302167 3.3 0.0
v -1.368565 8.150001 0.0
v -1.3 8.150001 0.0
v -0.429541 3.3 0.0
v -0.03 9.0 0.0
v -0.03 8.150001 0.0
v -0.429541 8.150001 0.0
v -0.93 8.150001 0.0
v -0.93 9.0 0.0
v -1.3 9.0 0.0
v -3.84 8.150001 0.0
v -3.84 9.0 0.0
v -3.47 9.0 0.0
v -3.47 8.150001 0.0
v -2.57 8.150001 0.0
v -1.368565 -0.753777 0.0
v -4.74 8.150001 0.0
v -5.11 8.150001 0.0
v -4.74 9.0 0.0
v -5.11 9.0 0.0
v -1.1 3.3 0.0
v -2.2 8.150001 0.0
v -2.2 9.0 0.0
v -2.57 9.0 0.0
v -8.75 -0.19 0.0
v -9.6 -0.19 0.0
v -9.6 0.18 0.0
v -8.75 0.18 0.0
v -8.75 1.08 0.0
v -5.953795 8.150001 0.0
v -8.75 2.35 0.0
v -9.6 2.35 0.0
v -9.6 2.72 0.0
v -8.75 2.72 0.0
v -8.75 3.62 0.0
v -8.75 1.45 0.0
v -9.6 1.45 0.0
v -9.6 1.08 0.0
v -9.6 4.89 0.0
v -9.6 5.26 0.0
v -8.75 4.89 0.0
v -8.75 5.26 0.0
v -9.6 6.16 0.0
v -9.6 9.0 0.0
v -8.55 9.0 0.0
v -9.6 3.62 0.0
v -9.6 3.99 0.0
v -8.75 3.99 0.0
v -6.01 8.150001 0.0
v -6.38 9.0 0.0
v -6.01 9.0 0.0
v -6.38 8.150001 0.0
v -8.75 6.16 0.0
v -7.65 9.0 0.0
v -7.28 9.0 0.0
v -7.65 8.150001 0.0
v -7.28 8.150001 0.0
v -8.55 8.150001 0.0
v -9.6 -2.73 0.0
v -9.6 -2.36 0.0
v -8.75 -2.36 0.0
v -8.75 -1.765972 0.0
v -5.953795 -0.753777 0.0
v -8.75 -1.46 0.0
v -8.75 -0.753777 0.0
v -8.75 -1.09 0.0
v -9.6 -1.09 0.0
v -9.6 -1.46 0.0
v -0.429541 -0.3 0.0
v 1.228996 -1.650119 0.0
v 1.228996 -1.759875 0.0
v 1.741191 -1.759875 0.0
v 1.607045 -1.650119 0.0
v 1.607045 -0.759875 0.0
v 1.741191 -0.759875 0.0
v -1.1 -0.3 0.0
v -0.429541 -0.753777 0.0
v -0.307589 -0.759875 0.0
v -0.307589 -0.869631 0.0
v -0.33198 -1.650119 0.0
v -0.33198 -1.759875 0.0
v 0.204606 -1.759875 0.0
v 0.204606 -0.759875 0.0
v 0.070459 -1.308655 0.0
v 0.070459 -1.650119 0.0
v -0.283199 -1.308655 0.0
v -0.283199 -1.198899 0.0
v 0.070459 -1.198899 0.0
v 0.070459 -0.869631 0.0
v -1.282045 -1.485797 0.0
v -1.224698 -1.57524 0.0
v -1.142388 -1.654051 0.0
v -1.037974 -1.714729 0.0
v -0.809304 -0.759875 0.0
v -0.953777 -0.775318 0.0
v -1.070778 -0.816403 0.0
v -1.179619 -0.889345 0.0
v -1.180665 -0.890263 0.0
v -1.251381 -0.968676 0.0
v -1.297854 -1.054677 0.0
v -0.922747 -1.749074 0.0
v -0.799015 -1.759875 0.0
v -0.527102 -1.759875 0.0
v -0.527102 -0.759875 0.0
v -1.324712 -1.153203 0.0
v -1.33198 -1.247298 0.0
v -1.317947 -1.381127 0.0
v -2.161248 -1.759875 0.0
v -2.307589 -1.759875 0.0
v -1.917346 -0.759875 0.0
v -2.060067 -1.479387 0.0
v -1.646957 -1.479387 0.0
v -1.551492 -1.759875 0.0
v -1.40515 -1.759875 0.0
v -1.783199 -0.759875 0.0
v -0.661248 -0.869631 0.0
v -0.661248 -1.650119 0.0
v -0.808733 -0.869631 0.0
v -0.803207 -1.650119 0.0
v -0.908708 -1.640299 0.0
v -1.197833 -1.250157 0.0
v -1.189338 -1.150632 0.0
v -1.165993 -1.071538 0.0
v -0.927092 -0.882213 0.0
v -0.992859 -1.614032 0.0
v -1.061058 -1.573534 0.0
v -1.117145 -1.518136 0.0
v -1.159322 -1.449189 0.0
v -1.188652 -1.355189 0.0
v -1.131253 -1.009861 0.0
v -1.08268 -0.958287 0.0
v -1.009636 -0.911098 0.0
newmtl 2
Ka 1.0 1.0 1.0
Kd 1.0 1.0 1.0
Ks 0.8784313725490196 0.8784313725490196 0.8784313725490196
d 0.0
endmtl
v -9.261926 -5.629413 0.0
v -9.296891 -5.545 0.0
newmtl 3
Ka 0.6470588235294118 0.5176470588235295 0.0
Kd 0.6470588235294118 0.5176470588235295 0.0
Ks 0.45098039215686275 0.3607843137254902 0.0
d 0.0
endmtl
v -9.425 -6.023109 0.0
v -9.352512 -5.967488 0.0
v -9.509414 -6.058074 0.0
v -9.6 -6.07 0.0
v -9.352512 -5.472512 0.0
v -9.425 -5.416891 0.0
v -9.509414 -5.381926 0.0
v -9.6 -5.37 0.0
v -9.296891 -5.895 0.0
v -9.261926 -5.810587 0.0
v -9.25 -5.72 0.0
v -9.261926 -4.359414 0.0
v -9.296891 -4.275 0.0
v -9.425 -4.753109 0.0
v -9.352512 -4.697487 0.0
v -9.509414 -4.788074 0.0
v -9.6 -4.8 0.0
v -9.352512 -4.202513 0.0
v -9.425 -4.146891 0.0
v -9.509414 -4.111926 0.0
v -9.6 -4.1 0.0
v -9.296891 -4.625 0.0
v -9.261926 -4.540587 0.0
v -9.25 -4.45 0.0
v -9.6 -3.53 0.0
v -9.509414 -3.518074 0.0
v -9.261926 -3.089413 0.0
v -9.296891 -3.005 0.0
v -9.352512 -3.427487 0.0
v -9.296891 -3.355 0.0
v -9.261926 -3.270587 0.0
v -9.25 -3.18 0.0
v -9.425 -3.483109 0.0
v -9.352512 -2.932513 0.0
v -9.425 -2.876891 0.0
v -9.509414 -2.841926 0.0
v -9.6 -2.83 0.0
v -9.352512 -2.157487 0.0
v -9.296891 -2.085 0.0
v -9.6 -2.26 0.0
v -9.509414 -2.248074 0.0
v -9.425 -2.213109 0.0
v -9.261926 -2.000587 0.0
v -9.25 -1.91 0.0
v -9.261926 -1.819413 0.0
v -9.296891 -1.735 0.0
v -9.352512 -1.662513 0.0
v -9.425 -1.606891 0.0
v -9.509414 -1.571926 0.0
v -9.6 -1.56 0.0
v -9.6 -0.99 0.0
v -9.509414 -0.978074 0.0
v -9.261926 -0.549413 0.0
v -9.296891 -0.465 0.0
v -9.352512 -0.887487 0.0
v -9.296891 -0.815 0.0
v -9.261926 -0.730587 0.0
v -9.25 -0.64 0.0
v -9.425 -0.943109 0.0
v -9.352512 -0.392513 0.0
v -9.425 -0.336891 0.0
v -9.509414 -0.301926 0.0
v -9.6 -0.29 0.0
v -9.261926 0.720587 0.0
v -9.296891 0.805 0.0
v -9.425 0.326891 0.0
v -9.352512 0.382513 0.0
v -9.296891 0.455 0.0
v -9.261926 0.539413 0.0
v -9.25 0.63 0.0
v -9.509414 0.291926 0.0
v -9.6 0.28 0.0
v -9.352512 0.877487 0.0
v -9.425 0.933109 0.0
v -9.509414 0.968074 0.0
v -9.6 0.98 0.0
v -9.296891 1.725 0.0
v -9.352512 1.652513 0.0
v -9.425 1.596891 0.0
v -9.509414 1.561926 0.0
v -9.6 1.55 0.0
v -9.261926 1.809413 0.0
v -9.25 1.9 0.0
v -9.261926 1.990587 0.0
v -9.296891 2.075 0.0
v -9.352512 2.147487 0.0
v -9.425 2.203109 0.0
v -9.509414 2.238074 0.0
v -9.6 2.25 0.0
v -9.352512 2.922513 0.0
v -9.296891 2.995 0.0
v -9.6 2.82 0.0
v -9.509414 2.831926 0.0
v -9.261926 3.079413 0.0
v -9.25 3.17 0.0
v -9.261926 3.260587 0.0
v -9.296891 3.345 0.0
v -9.425 2.866891 0.0
v -9.352512 3.417487 0.0
v -9.425 3.473109 0.0
v -9.509414 3.508074 0.0
v -9.6 3.52 0.0
v -9.261926 4.530587 0.0
v -9.296891 4.615 0.0
v -9.425 4.136891 0.0
v -9.352512 4.192513 0.0
v -9.509414 4.101926 0.0
v -9.6 4.09 0.0
v -9.352512 4.687487 0.0
v -9.425 4.743109 0.0
v -9.509414 4.778074 0.0
v -9.6 4.79 0.0
v -9.296891 4.265 0.0
v -9.261926 4.349413 0.0
v -9.25 4.44 0.0
v 1.09 -9.0 0.0
v 1.079778 -8.922355 0.0
v 1.002132 -8.787868 0.0
v 0.94 -8.740192 0.0
v 0.867646 -8.710222 0.0
v 1.049808 -8.849999 0.0
v 0.79 -8.7 0.0
v 0.712354 -8.710222 0.0
v 0.64 -8.740192 0.0
v 0.577868 -8.787868 0.0
v 0.530192 -8.849999 0.0
v 0.500222 -8.922355 0.0
v 0.49 -9.0 0.0
v -0.18 -9.0 0.0
v -0.190222 -8.922355 0.0
v -0.267868 -8.787868 0.0
v -0.33 -8.740192 0.0
v -0.402354 -8.710222 0.0
v -0.220192 -8.849999 0.0
v -0.48 -8.7 0.0
v -0.557646 -8.710222 0.0
v -0.63 -8.740192 0.0
v -0.692132 -8.787868 0.0
v -0.739808 -8.849999 0.0
v -0.769778 -8.922355 0.0
v -0.78 -9.0 0.0
v -1.45 -9.0 0.0
v -1.460222 -8.922355 0.0
v -1.537868 -8.787868 0.0
v -1.6 -8.740192 0.0
v -1.672354 -8.710222 0.0
v -1.490192 -8.849999 0.0
v -1.75 -8.7 0.0
v -1.827646 -8.710222 0.0
v -1.9 -8.740192 0.0
v -1.962132 -8.787868 0.0
v -2.009808 -8.849999 0.0
v -2.039778 -8.922355 0.0
v -2.05 -9.0 0.0
v -2.760192 -8.849999 0.0
v -2.807868 -8.787868 0.0
v -2.87 -8.740192 0.0
v -2.942354 -8.710222 0.0
v -2.730222 -8.922355 0.0
v -2.72 -9.0 0.0
v -3.02 -8.7 0.0
v -3.097646 -8.710222 0.0
v -3.17 -8.740192 0.0
v -3.232132 -8.787868 0.0
v -3.279808 -8.849999 0.0
v -3.309778 -8.922355 0.0
v -3.32 -9.0 0.0
v -4.030192 -8.849999 0.0
v -4.077868 -8.787868 0.0
v -4.14 -8.740192 0.0
v -4.212354 -8.710222 0.0
v -4.29 -8.7 0.0
v -4.367646 -8.710222 0.0
v -4.44 -8.740192 0.0
v -4.000222 -8.922355 0.0
v -3.99 -9.0 0.0
v -4.502132 -8.787868 0.0
v -4.549808 -8.849999 0.0
v -4.579778 -8.922355 0.0
v -4.59 -9.0 0.0
v -5.26 -9.0 0.0
v -5.270222 -8.922355 0.0
v -5.300192 -8.849999 0.0
v -5.347868 -8.787868 0.0
v -5.41 -8.740192 0.0
v -5.482354 -8.710222 0.0
v -5.56 -8.7 0.0
v -5.637646 -8.710222 0.0
v -5.71 -8.740192 0.0
v -5.772132 -8.787868 0.0
v -5.819808 -8.849999 0.0
v -5.849778 -8.922355 0.0
v -5.86 -9.0 0.0
v -6.53 -9.0 0.0
v -6.540222 -8.922355 0.0
v -6.570192 -8.849999 0.0
v -6.617868 -8.787868 0.0
v -6.68 -8.740192 0.0
v -6.752354 -8.710222 0.0
v -6.83 -8.7 0.0
v -6.907646 -8.710222 0.0
v -6.98 -8.740192 0.0
v -7.042132 -8.787868 0.0
v -7.089808 -8.849999 0.0
v -7.119778 -8.922355 0.0
v -7.13 -9.0 0.0
v -7.8 -9.0 0.0
v -7.810223 -8.922355 0.0
v -7.887868 -8.787868 0.0
v -7.95 -8.740192 0.0
v -8.022354 -8.710222 0.0
v -8.1 -8.7 0.0
v -8.177646 -8.710222 0.0
v -8.25 -8.740192 0.0
v -8.312132 -8.787868 0.0
v -8.359808 -8.849999 0.0
v -8.389777 -8.922355 0.0
v -8.4 -9.0 0.0
v -7.840192 -8.849999 0.0
v 2.319808 -8.849999 0.0
v 2.272132 -8.787868 0.0
v 2.349778 -8.922355 0.0
v 2.36 -9.0 0.0
v 2.21 -8.740192 0.0
v 2.137646 -8.710222 0.0
v 2.06 -8.7 0.0
v 1.982354 -8.710222 0.0
v 1.91 -8.740192 0.0
v 1.847868 -8.787868 0.0
v 1.800192 -8.849999 0.0
v 1.770222 -8.922355 0.0
v 1.76 -9.0 0.0
v 3.589808 -8.849999 0.0
v 3.542132 -8.787868 0.0
v 3.48 -8.740192 0.0
v 3.407646 -8.710222 0.0
v 3.619778 -8.922355 0.0
v 3.63 -9.0 0.0
v 3.33 -8.7 0.0
v 3.252354 -8.710222 0.0
v 3.18 -8.740192 0.0
v 3.117868 -8.787868 0.0
v 3.070192 -8.849999 0.0
v 3.040222 -8.922355 0.0
v 3.03 -9.0 0.0
v 4.859807 -8.849999 0.0
v 4.812132 -8.787868 0.0
v 4.75 -8.740192 0.0
v 4.677646 -8.710222 0.0
v 4.6 -8.7 0.0
v 4.522354 -8.710222 0.0
v 4.45 -8.740192 0.0
v 4.889778 -8.922355 0.0
v 4.9 -9.0 0.0
v 4.387868 -8.787868 0.0
v 4.340192 -8.849999 0.0
v 4.310222 -8.922355 0.0
v 4.3 -9.0 0.0
v 6.129808 -8.849999 0.0
v 6.082132 -8.787868 0.0
v 6.02 -8.740192 0.0
v 5.947646 -8.710222 0.0
v 5.87 -8.7 0.0
v 5.792354 -8.710222 0.0
v 5.72 -8.740192 0.0
v 6.159778 -8.922355 0.0
v 6.17 -9.0 0.0
v 5.657868 -8.787868 0.0
v 5.610192 -8.849999 0.0
v 5.580222 -8.922355 0.0
v 5.57 -9.0 0.0
v 7.399807 -8.849999 0.0
v 7.352132 -8.787868 0.0
v 7.29 -8.740192 0.0
v 7.217646 -8.710222 0.0
v 7.14 -8.7 0.0
v 7.062354 -8.710222 0.0
v 6.99 -8.740192 0.0
v 7.429778 -8.922355 0.0
v 7.44 -9.0 0.0
v 6.927868 -8.787868 0.0
v 6.880193 -8.849999 0.0
v 6.850222 -8.922355 0.0
v 6.84 -9.0 0.0
v 8.71 -9.0 0.0
v 8.699778 -8.922355 0.0
v 8.622132 -8.787868 0.0
v 8.56 -8.740192 0.0
v 8.487645 -8.710222 0.0
v 8.41 -8.7 0.0
v 8.332354 -8.710222 0.0
v 8.259999 -8.740192 0.0
v 8.669807 -8.849999 0.0
v 8.197868 -8.787868 0.0
v 8.150192 -8.849999 0.0
v 8.120222 -8.922355 0.0
v 8.11 -9.0 0.0
v 8.11 9.0 0.0
v 8.120222 8.922355 0.0
v 8.197868 8.787868 0.0
v 8.259999 8.740192 0.0
v 8.332354 8.710222 0.0
v 8.41 8.7 0.0
v 8.487645 8.710222 0.0
v 8.56 8.740192 0.0
v 8.150192 8.849999 0.0
v 8.622132 8.787868 0.0
v 8.669807 8.849999 0.0
v 8.699778 8.922355 0.0
v 8.71 9.0 0.0
v 6.880193 8.849999 0.0
v 6.927868 8.787868 0.0
v 6.99 8.740192 0.0
v 6.850222 8.922355 0.0
v 6.84 9.0 0.0
v 7.062354 8.710222 0.0
v 7.14 8.7 0.0
v 7.217646 8.710222 0.0
v 7.29 8.740192 0.0
v 7.352132 8.787868 0.0
v 7.399807 8.849999 0.0
v 7.429778 8.922355 0.0
v 7.44 9.0 0.0
v 5.610192 8.849999 0.0
v 5.657868 8.787868 0.0
v 5.72 8.740192 0.0
v 5.580222 8.922355 0.0
v 5.57 9.0 0.0
v 5.792354 8.710222 0.0
v 5.87 8.7 0.0
v 5.947646 8.710222 0.0
v 6.02 8.740192 0.0
v 6.082132 8.787868 0.0
v 6.129808 8.849999 0.0
v 6.159778 8.922355 0.0
v 6.17 9.0 0.0
v 4.340192 8.849999 0.0
v 4.387868 8.787868 0.0
v 4.45 8.740192 0.0
v 4.310222 8.922355 0.0
v 4.3 9.0 0.0
v 4.522354 8.710222 0.0
v 4.6 8.7 0.0
v 4.677646 8.710222 0.0
v 4.75 8.740192 0.0
v 4.812132 8.787868 0.0
v 4.859807 8.849999 0.0
v 4.889778 8.922355 0.0
v 4.9 9.0 0.0
v 3.03 9.0 0.0
v 3.040222 8.922355 0.0
v 3.117868 8.787868 0.0
v 3.18 8.740192 0.0
v 3.252354 8.710222 0.0
v 3.33 8.7 0.0
v 3.407646 8.710222 0.0
v 3.48 8.740192 0.0
v 3.070192 8.849999 0.0
v 3.542132 8.787868 0.0
v 3.589808 8.849999 0.0
v 3.619778 8.922355 0.0
v 3.63 9.0 0.0
v 1.76 9.0 0.0
v 1.770222 8.922355 0.0
v 1.800192 8.849999 0.0
v 1.847868 8.787868 0.0
v 1.91 8.740192 0.0
v 1.982354 8.710222 0.0
v 2.06 8.7 0.0
v 2.137646 8.710222 0.0
v 2.21 8.740192 0.0
v 2.272132 8.787868 0.0
v 2.319808 8.849999 0.0
v 2.349778 8.922355 0.0
v 2.36 9.0 0.0
v -9.261926 5.800587 0.0
v -9.296891 5.885 0.0
v -9.425 5.406891 0.0
v -9.352512 5.462513 0.0
v -9.509414 5.371926 0.0
v -9.6 5.36 0.0
v -9.352512 5.957488 0.0
v -9.425 6.013109 0.0
v -9.509414 6.048074 0.0
v -9.6 6.06 0.0
v -9.296891 5.535 0.0
v -9.261926 5.619413 0.0
v -9.25 5.71 0.0
v -8.4 9.0 0.0
v -8.389777 8.922355 0.0
v -8.312132 8.787868 0.0
v -8.25 8.740192 0.0
v -8.177646 8.710222 0.0
v -8.1 8.7 0.0
v -8.022354 8.710222 0.0
v -7.95 8.740192 0.0
v -8.359808 8.849999 0.0
v -7.887868 8.787868 0.0
v -7.840192 8.849999 0.0
v -7.810223 8.922355 0.0
v -7.8 9.0 0.0
v -7.13 9.0 0.0
v -7.119778 8.922355 0.0
v -7.042132 8.787868 0.0
v -6.98 8.740192 0.0
v -7.089808 8.849999 0.0
v -6.907646 8.710222 0.0
v -6.83 8.7 0.0
v -6.752354 8.710222 0.0
v -6.68 8.740192 0.0
v -6.617868 8.787868 0.0
v -6.570192 8.849999 0.0
v -6.540222 8.922355 0.0
v -6.53 9.0 0.0
v -5.86 9.0 0.0
v -5.849778 8.922355 0.0
v -5.772132 8.787868 0.0
v -5.71 8.740192 0.0
v -5.819808 8.849999 0.0
v -5.637646 8.710222 0.0
v -5.56 8.7 0.0
v -5.482354 8.710222 0.0
v -5.41 8.740192 0.0
v -5.347868 8.787868 0.0
v -5.300192 8.849999 0.0
v -5.270222 8.922355 0.0
v -5.26 9.0 0.0
v -4.549808 8.849999 0.0
v -4.502132 8.787868 0.0
v -4.44 8.740192 0.0
v -4.579778 8.922355 0.0
v -4.59 9.0 0.0
v -4.367646 8.710222 0.0
v -4.29 8.7 0.0
v -4.212354 8.710222 0.0
v -4.14 8.740192 0.0
v -4.077868 8.787868 0.0
v -4.030192 8.849999 0.0
v -4.000222 8.922355 0.0
v -3.99 9.0 0.0
v -3.279808 8.849999 0.0
v -3.232132 8.787868 0.0
v -3.17 8.740192 0.0
v -3.097646 8.710222 0.0
v -3.02 8.7 0.0
v -2.942354 8.710222 0.0
v -2.87 8.740192 0.0
v -3.309778 8.922355 0.0
v -3.32 9.0 0.0
v -2.807868 8.787868 0.0
v -2.760192 8.849999 0.0
v -2.730222 8.922355 0.0
v -2.72 9.0 0.0
v -2.009808 8.849999 0.0
v -1.962132 8.787868 0.0
v -1.9 8.740192 0.0
v -2.039778 8.922355 0.0
v -2.05 9.0 0.0
v -1.827646 8.710222 0.0
v -1.75 8.7 0.0
v -1.672354 8.710222 0.0
v -1.6 8.740192 0.0
v -1.537868 8.787868 0.0
v -1.490192 8.849999 0.0
v -1.460222 8.922355 0.0
v -1.45 9.0 0.0
v -0.78 9.0 0.0
v -0.769778 8.922355 0.0
v -0.692132 8.787868 0.0
v -0.63 8.740192 0.0
v -0.739808 8.849999 0.0
v -0.557646 8.710222 0.0
v -0.48 8.7 0.0
v -0.402354 8.710222 0.0
v -0.33 8.740192 0.0
v -0.267868 8.787868 0.0
v -0.220192 8.849999 0.0
v -0.190222 8.922355 0.0
v -0.18 9.0 0.0
v 0.49 9.0 0.0
v 0.500222 8.922355 0.0
v 0.577868 8.787868 0.0
v 0.64 8.740192 0.0
v 0.530192 8.849999 0.0
v 0.712354 8.710222 0.0
v 0.79 8.7 0.0
v 0.867646 8.710222 0.0
v 0.94 8.740192 0.0
v 1.002132 8.787868 0.0
v 1.049808 8.849999 0.0
v 1.079778 8.922355 0.0
v 1.09 9.0 0.0
v -9.150001 -1.09 0.8
v -9.6 -1.09 0.8
v -9.6 -1.46 0.8
v 1.61 8.55 0.8
v 1.61 9.0 0.8
v 1.24 9.0 0.8
v -8.75 -7.325 0.8
v -8.75 7.325 0.8
v -9.150001 0.18 0.8
v -9.150001 1.08 0.8
v 9.6 9.0 0.8
v 8.860001 9.0 0.8
v 8.860001 8.55 0.8
v 1.24 8.55 0.8
v 0.34 8.55 0.8
v -8.25 7.825 0.8
v -9.150001 1.45 0.8
v -9.6 1.45 0.8
v -9.6 1.08 0.8
v 6.69 8.55 0.8
v 6.69 9.0 0.8
v 6.32 9.0 0.8
v -9.150001 6.16 0.8
v -9.150001 5.26 0.8
v -9.150001 -3.63 0.8
v -9.6 -3.63 0.8
v -9.6 -4.0 0.8
v 8.379409 7.807963 0.8
v 8.5 7.758012 0.8
v 8.603553 7.678554 0.8
v 8.683013 7.575 0.8
v -0.93 8.55 0.8
v -0.93 9.0 0.8
v -1.3 9.0 0.8
v -9.150001 -1.46 0.8
v -9.150001 -2.36 0.8
v -9.150001 -4.0 0.8
v -9.150001 -4.9 0.8
v 8.25 7.825 0.8
v 7.96 8.55 0.8
v -1.3 8.55 0.8
v -2.2 8.55 0.8
v -9.6 5.26 0.8
v -9.6 4.89 0.8
v -9.150001 4.89 0.8
v -9.150001 3.99 0.8
v -9.150001 -0.19 0.8
v -9.6 -0.19 0.8
v -9.6 0.18 0.8
v -9.150001 -2.73 0.8
v -9.6 -2.73 0.8
v -9.6 -2.36 0.8
v 4.446446 -3.071447 0.8
v 4.366987 -3.175 0.8
v 4.85 -3.675 0.8
v 6.32 8.55 0.8
v 5.42 8.55 0.8
v -0.03 8.55 0.8
v -0.03 9.0 0.8
v 0.34 9.0 0.8
v -9.6 3.99 0.8
v -9.6 3.62 0.8
v -9.150001 3.62 0.8
v -9.150001 2.72 0.8
v 3.78 -8.55 0.8
v 7.35 -7.675 0.8
v 4.85 -7.675 0.8
v 7.96 9.0 0.8
v 7.59 9.0 0.8
v 7.59 8.55 0.8
v 4.15 8.55 0.8
v 4.15 9.0 0.8
v 3.78 9.0 0.8
v -3.84 -8.55 0.8
v -3.84 -9.0 0.8
v -3.47 -9.0 0.8
v 5.05 -8.55 0.8
v 4.15 -8.55 0.8
v 4.15 -9.0 0.8
v 3.78 -9.0 0.8
v 3.78 8.55 0.8
v 2.88 8.55 0.8
v -2.2 9.0 0.8
v -2.57 9.0 0.8
v -2.57 8.55 0.8
v -3.47 8.55 0.8
v -8.379409 7.807963 0.8
v -9.6 2.72 0.8
v -9.6 2.35 0.8
v -9.150001 2.35 0.8
v 5.05 8.55 0.8
v 5.05 9.0 0.8
v 5.42 9.0 0.8
v -4.74 8.55 0.8
v -4.74 9.0 0.8
v -5.11 9.0 0.8
v 7.35 -3.675 0.8
v 8.25 -2.925 0.8
v 4.8 -2.925 0.8
v 6.32 -8.55 0.8
v 6.32 -9.0 0.8
v 6.69 -9.0 0.8
v 2.51 8.55 0.8
v 2.51 9.0 0.8
v 2.88 9.0 0.8
v -5.11 8.55 0.8
v -6.01 8.55 0.8
v -0.03 -8.55 0.8
v -0.03 -9.0 0.8
v 0.34 -9.0 0.8
v -8.25 -7.825 0.8
v 2.88 -8.55 0.8
v 3.8 -7.825 0.8
v 3.92941 -7.807963 0.8
v -3.84 8.55 0.8
v -3.84 9.0 0.8
v -3.47 9.0 0.8
v 2.51 -8.55 0.8
v 2.51 -9.0 0.8
v 2.88 -9.0 0.8
v 4.317037 -3.29559 0.8
v 4.3 -3.425 0.8
v 4.3 -7.325 0.8
v 4.282963 -7.45441 0.8
v 4.233013 -7.575 0.8
v 4.153553 -7.678554 0.8
v 4.05 -7.758012 0.8
v 4.67059 -2.942037 0.8
v 4.55 -2.991987 0.8
v -9.6 -4.9 0.8
v -9.6 -5.27 0.8
v -9.150001 -5.27 0.8
v -9.150001 -6.17 0.8
v -8.732964 -7.45441 0.8
v -9.6 -6.17 0.8
v 6.69 -8.55 0.8
v 5.42 -8.55 0.8
v 5.42 -9.0 0.8
v 5.05 -9.0 0.8
v 8.732964 -2.55441 0.8
v 8.683013 -2.675 0.8
v 7.59 -8.55 0.8
v 8.603553 -2.778553 0.8
v 8.5 -2.858013 0.8
v 8.860001 -9.0 0.8
v 9.6 -9.0 0.8
v 8.860001 -8.55 0.8
v -7.28 9.0 0.8
v -7.65 9.0 0.8
v -7.28 8.55 0.8
v -7.65 8.55 0.8
v 8.379409 -2.907963 0.8
v -8.55 9.0 0.8
v -9.6 9.0 0.8
v -8.55 8.55 0.8
v -9.6 6.16 0.8
v -8.5 -7.758012 0.8
v -8.603553 -7.678554 0.8
v -8.55 -8.55 0.8
v -8.683013 -7.575 0.8
v 8.732964 7.45441 0.8
v 8.75 7.325 0.8
v 8.75 -2.425 0.8
v 7.96 -8.55 0.8
v 7.96 -9.0 0.8
v 7.59 -9.0 0.8
v -8.732964 7.45441 0.8
v -8.683013 7.575 0.8
v -8.603553 7.678554 0.8
v -8.5 7.758012 0.8
v -7.65 -8.55 0.8
v -8.379409 -7.807963 0.8
v -3.47 -8.55 0.8
v -2.57 -8.55 0.8
v -9.6 -9.0 0.8
v -8.55 -9.0 0.8
v -6.01 9.0 0.8
v -6.38 9.0 0.8
v -6.38 8.55 0.8
v -7.65 -9.0 0.8
v -7.28 -9.0 0.8
v -7.28 -8.55 0.8
v -6.38 -8.55 0.8
v -2.57 -9.0 0.8
v -2.2 -9.0 0.8
v -2.2 -8.55 0.8
v -1.3 -8.55 0.8
v -6.38 -9.0 0.8
v -6.01 -9.0 0.8
v -6.01 -8.55 0.8
v -5.11 -8.55 0.8
v -4.74 -8.55 0.8
v -4.74 -9.0 0.8
v -5.11 -9.0 0.8
v 0.34 -8.55 0.8
v 1.24 -8.55 0.8
v -0.93 -8.55 0.8
v -0.93 -9.0 0.8
v -1.3 -9.0 0.8
v 1.61 -8.55 0.8
v 1.61 -9.0 0.8
v 1.24 -9.0 0.8
v 4.8 -2.425 3.2
v 8.25 -2.425 3.2
v 8.25 7.325 3.2
newmtl 4
Ka 0.6470588235294118 0.6196078431372549 0.5882352941176471
Kd 0.6470588235294118 0.6196078431372549 0.5882352941176471
Ks 0.45098039215686275 0.43529411764705883 0.4117647058823529
d 0.0
endmtl
v -8.25 -7.325 3.2
v 3.8 -7.325 3.2
v 3.8 -3.425 3.2
v 3.899031 -2.991116 3.2
v 4.018168 -2.80151 3.2
v -8.25 7.325 3.2
v 3.825072 -3.202479 3.2
v 4.17651 -2.643168 3.2
v 4.366116 -2.524031 3.2
v 4.577479 -2.450072 3.2
v -9.6 -0.29 0.8
v -9.6 0.28 0.8
v -9.6 -1.56 0.8
v -9.6 -0.99 0.8
v -9.6 -2.83 0.8
v -9.6 -2.26 0.8
v -9.6 -4.1 0.8
v -9.6 -3.53 0.8
v -9.6 -5.37 0.8
v -9.6 -4.8 0.8
v -9.6 0.98 0.8
v -9.6 1.55 0.8
v -9.6 2.25 0.8
v -9.6 2.82 0.8
v -9.6 3.52 0.8
v -9.6 4.09 0.8
v -9.6 4.79 0.8
v -9.6 5.36 0.8
v -9.6 6.06 0.8
v -8.4 -9.0 0.8
newmtl 5
Ka 0.08235294117647059 0.17647058823529413 1.0
Kd 0.08235294117647059 0.17647058823529413 1.0
Ks 0.023529411764705882 0.050980392156862744 0.30196078431372547
d 0.0
endmtl
v -7.13 -9.0 0.8
v -7.8 -9.0 0.8
v -5.86 -9.0 0.8
v -6.53 -9.0 0.8
v -4.59 -9.0 0.8
v -5.26 -9.0 0.8
v -3.32 -9.0 0.8
v -3.99 -9.0 0.8
v -2.05 -9.0 0.8
v -2.72 -9.0 0.8
v -0.78 -9.0 0.8
v -1.45 -9.0 0.8
v 0.49 -9.0 0.8
v -0.18 -9.0 0.8
v 1.76 -9.0 0.8
v 1.09 -9.0 0.8
v 3.03 -9.0 0.8
v 2.36 -9.0 0.8
v 4.3 -9.0 0.8
v 3.63 -9.0 0.8
v 5.57 -9.0 0.8
v 4.9 -9.0 0.8
v 6.84 -9.0 0.8
v 6.17 -9.0 0.8
v 8.11 -9.0 0.8
v 7.44 -9.0 0.8
v 8.71 9.0 0.8
v 7.44 9.0 0.8
v 8.11 9.0 0.8
v 6.17 9.0 0.8
v 6.84 9.0 0.8
v 4.9 9.0 0.8
v 5.57 9.0 0.8
v 3.63 9.0 0.8
v 4.3 9.0 0.8
v 2.36 9.0 0.8
v 3.03 9.0 0.8
v 1.09 9.0 0.8
v 1.76 9.0 0.8
v -0.18 9.0 0.8
v 0.49 9.0 0.8
v -1.45 9.0 0.8
v -0.78 9.0 0.8
v -2.72 9.0 0.8
v -2.05 9.0 0.8
v -3.99 9.0 0.8
v -3.32 9.0 0.8
v -5.26 9.0 0.8
v -4.59 9.0 0.8
v -6.53 9.0 0.8
v -5.86 9.0 0.8
v -7.8 9.0 0.8
v -7.13 9.0 0.8
v -9.352512 5.957488 0.8
v -9.296891 5.885 0.8
v -9.509414 6.048074 0.8
v -9.425 6.013109 0.8
v -9.296891 5.535 0.8
v -9.352512 5.462513 0.8
v -9.425 5.406891 0.8
v -9.509414 5.371926 0.8
v -9.261926 5.800587 0.8
v -9.25 5.71 0.8
v -9.261926 5.619413 0.8
v -9.352512 4.687487 0.8
v -9.296891 4.615 0.8
v -9.509414 4.778074 0.8
v -9.425 4.743109 0.8
v -9.296891 4.265 0.8
v -9.352512 4.192513 0.8
v -9.425 4.136891 0.8
v -9.509414 4.101926 0.8
v -9.261926 4.530587 0.8
v -9.25 4.44 0.8
v -9.261926 4.349413 0.8
v -9.352512 3.417487 0.8
v -9.296891 3.345 0.8
v -9.509414 3.508074 0.8
v -9.261926 3.260587 0.8
v -9.25 3.17 0.8
v -9.261926 3.079413 0.8
v -9.296891 2.995 0.8
v -9.352512 2.922513 0.8
v -9.425 2.866891 0.8
v -9.509414 2.831926 0.8
v -9.425 3.473109 0.8
v -9.352512 2.147487 0.8
v -9.296891 2.075 0.8
v -9.509414 2.238074 0.8
v -9.425 2.203109 0.8
v -9.261926 1.990587 0.8
v -9.25 1.9 0.8
v -9.261926 1.809413 0.8
v -9.296891 1.725 0.8
v -9.352512 1.652513 0.8
v -9.425 1.596891 0.8
v -9.509414 1.561926 0.8
v -9.352512 0.877487 0.8
v -9.296891 0.805 0.8
v -9.509414 0.968074 0.8
v -9.261926 0.720587 0.8
v -9.25 0.63 0.8
v -9.261926 0.539413 0.8
v -9.296891 0.455 0.8
v -9.352512 0.382513 0.8
v -9.425 0.326891 0.8
v -9.509414 0.291926 0.8
v -9.425 0.933109 0.8
v -9.352512 -0.392513 0.8
v -9.296891 -0.465 0.8
v -9.509414 -0.301926 0.8
v -9.261926 -0.549413 0.8
v -9.25 -0.64 0.8
v -9.261926 -0.730587 0.8
v -9.296891 -0.815 0.8
v -9.352512 -0.887487 0.8
v -9.425 -0.943109 0.8
v -9.509414 -0.978074 0.8
v -9.425 -0.336891 0.8
v -9.352512 -1.662513 0.8
v -9.296891 -1.735 0.8
v -9.509414 -1.571926 0.8
v -9.425 -1.606891 0.8
v -9.261926 -1.819413 0.8
v -9.25 -1.91 0.8
v -9.261926 -2.000587 0.8
v -9.296891 -2.085 0.8
v -9.352512 -2.157487 0.8
v -9.425 -2.213109 0.8
v -9.509414 -2.248074 0.8
v -9.352512 -2.932513 0.8
v -9.296891 -3.005 0.8
v -9.509414 -2.841926 0.8
v -9.261926 -3.089413 0.8
v -9.25 -3.18 0.8
v -9.261926 -3.270587 0.8
v -9.296891 -3.355 0.8
v -9.352512 -3.427487 0.8
v -9.425 -3.483109 0.8
v -9.509414 -3.518074 0.8
v -9.425 -2.876891 0.8
v -9.352512 -4.202513 0.8
v -9.296891 -4.275 0.8
v -9.509414 -4.111926 0.8
v -9.425 -4.146891 0.8
v -9.296891 -4.625 0.8
v -9.352512 -4.697487 0.8
v -9.425 -4.753109 0.8
v -9.509414 -4.788074 0.8
v -9.261926 -4.359414 0.8
v -9.25 -4.45 0.8
v -9.261926 -4.540587 0.8
v -8.389777 -8.922355 0.8
v -8.312132 -8.787868 0.8
v -8.25 -8.740192 0.8
v -8.177646 -8.710222 0.8
v -8.1 -8.7 0.8
v -8.022354 -8.710222 0.8
v -7.95 -8.740192 0.8
v -8.359808 -8.849999 0.8
v -7.887868 -8.787868 0.8
v -7.840192 -8.849999 0.8
v -7.810223 -8.922355 0.8
v -7.089808 -8.849999 0.8
v -7.042132 -8.787868 0.8
v -6.98 -8.740192 0.8
v -6.68 -8.740192 0.8
v -6.617868 -8.787868 0.8
v -6.570192 -8.849999 0.8
v -6.540222 -8.922355 0.8
v -6.907646 -8.710222 0.8
v -6.83 -8.7 0.8
v -6.752354 -8.710222 0.8
v -7.119778 -8.922355 0.8
v -5.819808 -8.849999 0.8
v -5.772132 -8.787868 0.8
v -5.71 -8.740192 0.8
v -5.41 -8.740192 0.8
v -5.347868 -8.787868 0.8
v -5.300192 -8.849999 0.8
v -5.270222 -8.922355 0.8
v -5.637646 -8.710222 0.8
v -5.56 -8.7 0.8
v -5.482354 -8.710222 0.8
v -5.849778 -8.922355 0.8
v -4.549808 -8.849999 0.8
v -4.502132 -8.787868 0.8
v -4.44 -8.740192 0.8
v -4.367646 -8.710222 0.8
v -4.29 -8.7 0.8
v -4.212354 -8.710222 0.8
v -4.14 -8.740192 0.8
v -4.579778 -8.922355 0.8
v -4.077868 -8.787868 0.8
v -4.030192 -8.849999 0.8
v -4.000222 -8.922355 0.8
v -3.279808 -8.849999 0.8
v -3.232132 -8.787868 0.8
v -3.17 -8.740192 0.8
v -3.097646 -8.710222 0.8
v -3.02 -8.7 0.8
v -2.942354 -8.710222 0.8
v -2.87 -8.740192 0.8
v -3.309778 -8.922355 0.8
v -2.807868 -8.787868 0.8
v -2.760192 -8.849999 0.8
v -2.730222 -8.922355 0.8
v -9.352512 -5.472512 0.8
v -9.296891 -5.545 0.8
v -9.509414 -5.381926 0.8
v -9.425 -5.416891 0.8
v -9.296891 -5.895 0.8
v -9.352512 -5.967488 0.8
v -9.425 -6.023109 0.8
v -9.509414 -6.058074 0.8
v -9.6 -6.07 0.8
v -9.261926 -5.629413 0.8
v -9.25 -5.72 0.8
v -9.261926 -5.810587 0.8
v 8.699778 8.922355 0.8
v 8.622132 8.787868 0.8
v 8.56 8.740192 0.8
v 8.669807 8.849999 0.8
v 8.487645 8.710222 0.8
v 8.41 8.7 0.8
v 8.332354 8.710222 0.8
v 8.259999 8.740192 0.8
v 8.197868 8.787868 0.8
v 8.150192 8.849999 0.8
v 8.120222 8.922355 0.8
v 7.429778 8.922355 0.8
v 7.352132 8.787868 0.8
v 7.29 8.740192 0.8
v 7.217646 8.710222 0.8
v 7.14 8.7 0.8
v 7.062354 8.710222 0.8
v 6.99 8.740192 0.8
v 7.399807 8.849999 0.8
v 6.927868 8.787868 0.8
v 6.880193 8.849999 0.8
v 6.850222 8.922355 0.8
v 6.159778 8.922355 0.8
v 6.082132 8.787868 0.8
v 6.02 8.740192 0.8
v 5.947646 8.710222 0.8
v 5.87 8.7 0.8
v 5.792354 8.710222 0.8
v 5.72 8.740192 0.8
v 6.129808 8.849999 0.8
v 5.657868 8.787868 0.8
v 5.610192 8.849999 0.8
v 5.580222 8.922355 0.8
v 4.889778 8.922355 0.8
v 4.812132 8.787868 0.8
v 4.75 8.740192 0.8
v 4.677646 8.710222 0.8
v 4.6 8.7 0.8
v 4.522354 8.710222 0.8
v 4.45 8.740192 0.8
v 4.859807 8.849999 0.8
v 4.387868 8.787868 0.8
v 4.340192 8.849999 0.8
v 4.310222 8.922355 0.8
v -2.009808 -8.849999 0.8
v -1.962132 -8.787868 0.8
v -1.9 -8.740192 0.8
v -1.827646 -8.710222 0.8
v -1.75 -8.7 0.8
v -1.672354 -8.710222 0.8
v -1.6 -8.740192 0.8
v -1.537868 -8.787868 0.8
v -1.490192 -8.849999 0.8
v -1.460222 -8.922355 0.8
v -2.039778 -8.922355 0.8
v 3.589808 8.849999 0.8
v 3.542132 8.787868 0.8
v 3.48 8.740192 0.8
v 3.407646 8.710222 0.8
v 3.33 8.7 0.8
v 3.252354 8.710222 0.8
v 3.18 8.740192 0.8
v 3.117868 8.787868 0.8
v 3.070192 8.849999 0.8
v 3.040222 8.922355 0.8
v 3.619778 8.922355 0.8
v -0.769778 -8.922355 0.8
v -0.692132 -8.787868 0.8
v -0.63 -8.740192 0.8
v -0.557646 -8.710222 0.8
v -0.48 -8.7 0.8
v -0.402354 -8.710222 0.8
v -0.33 -8.740192 0.8
v -0.739808 -8.849999 0.8
v -0.267868 -8.787868 0.8
v -0.220192 -8.849999 0.8
v -0.190222 -8.922355 0.8
v 0.500222 -8.922355 0.8
v 0.577868 -8.787868 0.8
v 0.64 -8.740192 0.8
v 0.712354 -8.710222 0.8
v 0.79 -8.7 0.8
v 0.867646 -8.710222 0.8
v 0.94 -8.740192 0.8
v 0.530192 -8.849999 0.8
v 1.002132 -8.787868 0.8
v 1.049808 -8.849999 0.8
v 1.079778 -8.922355 0.8
v 1.800192 -8.849999 0.8
v 1.847868 -8.787868 0.8
v 2.06 -8.7 0.8
v 2.137646 -8.710222 0.8
v 2.21 -8.740192 0.8
v 2.272132 -8.787868 0.8
v 2.319808 -8.849999 0.8
v 2.349778 -8.922355 0.8
v 1.770222 -8.922355 0.8
v 1.91 -8.740192 0.8
v 1.982354 -8.710222 0.8
v 3.070192 -8.849999 0.8
v 3.117868 -8.787868 0.8
v 3.18 -8.740192 0.8
v 3.252354 -8.710222 0.8
v 3.33 -8.7 0.8
v 3.407646 -8.710222 0.8
v 3.48 -8.740192 0.8
v 3.040222 -8.922355 0.8
v 3.542132 -8.787868 0.8
v 3.589808 -8.849999 0.8
v 3.619778 -8.922355 0.8
v 4.340192 -8.849999 0.8
v 4.387868 -8.787868 0.8
v 4.45 -8.740192 0.8
v 4.522354 -8.710222 0.8
v 4.6 -8.7 0.8
v 4.677646 -8.710222 0.8
v 4.75 -8.740192 0.8
v 4.310222 -8.922355 0.8
v 4.812132 -8.787868 0.8
v 4.859807 -8.849999 0.8
v 4.889778 -8.922355 0.8
v 5.610192 -8.849999 0.8
v 5.657868 -8.787868 0.8
v 5.72 -8.740192 0.8
v 5.792354 -8.710222 0.8
v 5.87 -8.7 0.8
v 5.947646 -8.710222 0.8
v 6.02 -8.740192 0.8
v 5.580222 -8.922355 0.8
v 6.082132 -8.787868 0.8
v 6.129808 -8.849999 0.8
v 6.159778 -8.922355 0.8
v 6.880193 -8.849999 0.8
v 6.927868 -8.787868 0.8
v 6.99 -8.740192 0.8
v 7.062354 -8.710222 0.8
v 7.14 -8.7 0.8
v 7.217646 -8.710222 0.8
v 7.29 -8.740192 0.8
v 6.850222 -8.922355 0.8
v 7.352132 -8.787868 0.8
v 7.399807 -8.849999 0.8
v 7.429778 -8.922355 0.8
v 8.120222 -8.922355 0.8
v 8.197868 -8.787868 0.8
v 8.259999 -8.740192 0.8
v 8.150192 -8.849999 0.8
v 8.332354 -8.710222 0.8
v 8.41 -8.7 0.8
v 8.487645 -8.710222 0.8
v 8.56 -8.740192 0.8
v 8.622132 -8.787868 0.8
v 8.669807 -8.849999 0.8
v 8.699778 -8.922355 0.8
v 8.71 -9.0 0.8
v 2.349778 8.922355 0.8
v 2.06 8.7 0.8
v 1.982354 8.710222 0.8
v 1.91 8.740192 0.8
v 1.847868 8.787868 0.8
v 1.800192 8.849999 0.8
v 1.770222 8.922355 0.8
v 2.272132 8.787868 0.8
v 2.21 8.740192 0.8
v 2.137646 8.710222 0.8
v 2.319808 8.849999 0.8
v 1.079778 8.922355 0.8
v 1.002132 8.787868 0.8
v 0.94 8.740192 0.8
v 0.867646 8.710222 0.8
v 0.79 8.7 0.8
v 0.712354 8.710222 0.8
v 0.64 8.740192 0.8
v 1.049808 8.849999 0.8
v 0.577868 8.787868 0.8
v 0.530192 8.849999 0.8
v 0.500222 8.922355 0.8
v -0.190222 8.922355 0.8
v -0.267868 8.787868 0.8
v -0.33 8.740192 0.8
v -0.402354 8.710222 0.8
v -0.48 8.7 0.8
v -0.557646 8.710222 0.8
v -0.63 8.740192 0.8
v -0.692132 8.787868 0.8
v -0.739808 8.849999 0.8
v -0.769778 8.922355 0.8
v -0.220192 8.849999 0.8
v -1.460222 8.922355 0.8
v -1.75 8.7 0.8
v -1.827646 8.710222 0.8
v -1.9 8.740192 0.8
v -1.537868 8.787868 0.8
v -1.6 8.740192 0.8
v -1.672354 8.710222 0.8
v -1.962132 8.787868 0.8
v -2.009808 8.849999 0.8
v -2.039778 8.922355 0.8
v -1.490192 8.849999 0.8
v -2.760192 8.849999 0.8
v -2.807868 8.787868 0.8
v -2.87 8.740192 0.8
v -2.942354 8.710222 0.8
v -3.02 8.7 0.8
v -3.097646 8.710222 0.8
v -3.17 8.740192 0.8
v -3.232132 8.787868 0.8
v -3.279808 8.849999 0.8
v -3.309778 8.922355 0.8
v -2.730222 8.922355 0.8
v -4.000222 8.922355 0.8
v -4.077868 8.787868 0.8
v -4.14 8.740192 0.8
v -4.212354 8.710222 0.8
v -4.29 8.7 0.8
v -4.367646 8.710222 0.8
v -4.44 8.740192 0.8
v -4.030192 8.849999 0.8
v -4.502132 8.787868 0.8
v -4.549808 8.849999 0.8
v -4.579778 8.922355 0.8
v -5.300192 8.849999 0.8
v -5.347868 8.787868 0.8
v -5.41 8.740192 0.8
v -5.71 8.740192 0.8
v -5.772132 8.787868 0.8
v -5.819808 8.849999 0.8
v -5.849778 8.922355 0.8
v -5.482354 8.710222 0.8
v -5.56 8.7 0.8
v -5.637646 8.710222 0.8
v -5.270222 8.922355 0.8
v -6.570192 8.849999 0.8
v -6.617868 8.787868 0.8
v -6.68 8.740192 0.8
v -6.98 8.740192 0.8
v -7.042132 8.787868 0.8
v -7.089808 8.849999 0.8
v -7.119778 8.922355 0.8
v -6.752354 8.710222 0.8
v -6.83 8.7 0.8
v -6.907646 8.710222 0.8
v -6.540222 8.922355 0.8
v -8.4 9.0 0.8
v -7.840192 8.849999 0.8
v -7.887868 8.787868 0.8
v -7.95 8.740192 0.8
v -7.810223 8.922355 0.8
v -8.022354 8.710222 0.8
v -8.1 8.7 0.8
v -8.177646 8.710222 0.8
v -8.25 8.740192 0.8
v -8.312132 8.787868 0.8
v -8.359808 8.849999 0.8
v -8.389777 8.922355 0.8
v 8.75 7.325 2.7
v 8.75 -2.425 2.7
v -8.25 7.825 2.7
v 8.25 7.825 2.7
v -8.75 7.325 2.7
v -8.75 -7.325 2.7
v 3.8 -7.825 2.7
v -8.25 -7.825 2.7
v 4.3 -3.425 2.7
v 4.3 -7.325 2.7
v 8.25 -2.925 2.7
v 4.8 -2.925 2.7
v -8.732964 -7.45441 2.7
v -8.683013 -7.575 2.7
v -8.603553 -7.678554 2.7
v -8.5 -7.758012 2.7
v -8.379409 -7.807963 2.7
v -8.379409 7.325 3.182963
v -8.379409 -7.325 3.182963
v -8.5 7.325 3.133013
v -8.5 -7.325 3.133013
v -8.603553 7.325 3.053553
v -8.603553 -7.325 3.053553
v -8.683013 7.325 2.95
v -8.683013 -7.325 2.95
v -8.732964 7.325 2.829409
v -8.732964 -7.325 2.829409
v -8.379409 7.807963 2.7
v -8.5 7.758012 2.7
v -8.603553 7.678554 2.7
v -8.683013 7.575 2.7
v -8.732964 7.45441 2.7
v -8.25 -7.807963 2.829409
v -8.375 -7.791506 2.829409
v -8.375 -7.541507 3.133013
v -8.314705 -7.437072 3.182963
v -8.341506 -7.416506 3.182963
v -8.375 -7.358494 3.182963
v -8.283494 -7.45 3.182963
v -8.314705 -7.566482 3.133013
v -8.341506 -7.666506 3.053553
v -8.25 -7.45441 3.182963
v -8.426777 -7.501777 3.133013
v -8.362072 -7.389705 3.182963
v -8.466506 -7.45 3.133013
v -8.491482 -7.389705 3.133013
v -8.25 -7.575 3.133013
v -8.25 -7.678554 3.053553
v -8.25 -7.758012 2.95
v -8.426777 -7.631186 3.053553
v -8.5 -7.575 3.053553
v -8.556187 -7.501777 3.053553
v -8.591507 -7.416506 3.053553
v -8.362072 -7.743258 2.95
v -8.466506 -7.7 2.95
v -8.556187 -7.631186 2.95
v -8.625 -7.541507 2.95
v -8.668258 -7.437072 2.95
v -8.491482 -7.743258 2.829409
v -8.591507 -7.666506 2.829409
v -8.668258 -7.566482 2.829409
v -8.716506 -7.45 2.829409
v -8.716506 7.45 2.829409
v -8.466506 7.45 3.133013
v -8.362072 7.389705 3.182963
v -8.341506 7.416506 3.182963
v -8.25 7.45441 3.182963
v -8.283494 7.45 3.182963
v -8.375 7.358494 3.182963
v -8.491482 7.389705 3.133013
v -8.591507 7.416506 3.053553
v -8.426777 7.501777 3.133013
v -8.314705 7.437072 3.182963
v -8.375 7.541507 3.133013
v -8.314705 7.566482 3.133013
v -8.25 7.575 3.133013
v -8.556187 7.501777 3.053553
v -8.5 7.575 3.053553
v -8.426777 7.631186 3.053553
v -8.341506 7.666506 3.053553
v -8.25 7.678554 3.053553
v -8.668258 7.437072 2.95
v -8.625 7.541507 2.95
v -8.556187 7.631186 2.95
v -8.466506 7.7 2.95
v -8.362072 7.743258 2.95
v -8.25 7.758012 2.95
v -8.668258 7.566482 2.829409
v -8.591507 7.666506 2.829409
v -8.491482 7.743258 2.829409
v -8.375 7.791506 2.829409
v -8.25 7.807963 2.829409
v 3.92941 -7.807963 2.7
v 4.05 -7.758012 2.7
v 4.153553 -7.678554 2.7
v 4.233013 -7.575 2.7
v 4.282963 -7.45441 2.7
v 3.8 -7.45441 3.182963
v 3.8 -7.575 3.133013
v 3.8 -7.678554 3.053553
v 3.8 -7.758012 2.95
v 3.8 -7.807963 2.829409
v 8.25 7.45441 3.182963
v 8.25 7.575 3.133013
v 8.25 7.678554 3.053553
v 8.25 7.758012 2.95
v 8.25 7.807963 2.829409
v 8.732964 7.45441 2.7
v 8.683013 7.575 2.7
v 8.603553 7.678554 2.7
v 8.5 7.758012 2.7
v 8.379409 7.807963 2.7
v 4.282963 -7.325 2.829409
v 4.266507 -7.45 2.829409
v 4.016507 -7.45 3.133013
v 3.912072 -7.389705 3.182963
v 3.891506 -7.416506 3.182963
v 3.833494 -7.45 3.182963
v 3.925 -7.358494 3.182963
v 4.041481 -7.389705 3.133013
v 4.141506 -7.416506 3.053553
v 3.92941 -7.325 3.182963
v 3.976777 -7.501777 3.133013
v 3.864705 -7.437072 3.182963
v 3.925 -7.541507 3.133013
v 3.864705 -7.566482 3.133013
v 4.05 -7.325 3.133013
v 4.153553 -7.325 3.053553
v 4.233013 -7.325 2.95
v 4.106186 -7.501777 3.053553
v 4.05 -7.575 3.053553
v 3.976777 -7.631186 3.053553
v 3.891506 -7.666506 3.053553
v 4.218258 -7.437072 2.95
v 4.175 -7.541507 2.95
v 4.106186 -7.631186 2.95
v 4.016507 -7.7 2.95
v 3.912072 -7.743258 2.95
v 4.218258 -7.566482 2.829409
v 4.141506 -7.666506 2.829409
v 4.041481 -7.743258 2.829409
v 3.925 -7.791506 2.829409
v 8.375 7.791506 2.829409
v 8.375 7.541507 3.133013
v 8.314705 7.437072 3.182963
v 8.341506 7.416506 3.182963
v 8.379409 7.325 3.182963
v 8.375 7.358494 3.182963
v 8.283494 7.45 3.182963
v 8.314705 7.566482 3.133013
v 8.341506 7.666506 3.053553
v 8.426777 7.501777 3.133013
v 8.362072 7.389705 3.182963
v 8.466506 7.45 3.133013
v 8.491482 7.389705 3.133013
v 8.5 7.325 3.133013
v 8.426777 7.631186 3.053553
v 8.5 7.575 3.053553
v 8.556187 7.501777 3.053553
v 8.591507 7.416506 3.053553
v 8.603553 7.325 3.053553
v 8.362072 7.743258 2.95
v 8.466506 7.7 2.95
v 8.556187 7.631186 2.95
v 8.625 7.541507 2.95
v 8.668258 7.437072 2.95
v 8.683013 7.325 2.95
v 8.491482 7.743258 2.829409
v 8.591507 7.666506 2.829409
v 8.668258 7.566482 2.829409
v 8.716506 7.45 2.829409
v 8.732964 7.325 2.829409
v 4.688739 -2.937536 2.7
v 4.671167 -2.943685 2.7
v 4.583058 -2.974515 2.7
v 4.551486 -2.994353 2.7
v 4.488255 -3.034084 2.7
v 4.448669 -3.07367 2.7
v 4.409084 -3.113255 2.7
v 4.369353 -3.176486 2.7
v 4.349516 -3.208058 2.7
v 4.312536 -3.31374 2.7
v 4.318685 -3.296167 2.7
v 3.92941 -3.425 3.182963
v 4.05 -3.425 3.133013
v 4.153553 -3.425 3.053553
v 4.233013 -3.425 2.95
v 4.282963 -3.425 2.829409
v 8.379409 -2.425 3.182963
v 8.5 -2.425 3.133013
v 8.603553 -2.425 3.053553
v 8.683013 -2.425 2.95
v 8.732964 -2.425 2.829409
v 8.379409 -2.907963 2.7
v 8.5 -2.858013 2.7
v 8.603553 -2.778553 2.7
v 8.683013 -2.675 2.7
v 8.732964 -2.55441 2.7
v 3.951237 -3.231275 3.182963
v 4.068804 -3.258109 3.133013
v 4.169761 -3.281152 3.053553
v 4.247228 -3.298834 2.95
v 4.295926 -3.309948 2.829409
v 4.334166 -3.200666 2.829409
v 4.395764 -3.102633 2.829409
v 4.477633 -3.020764 2.829409
v 4.575666 -2.959166 2.829409
v 4.684948 -2.920926 2.829409
v 4.8 -2.907963 2.829409
v 4.289162 -3.178993 2.95
v 4.356712 -3.071489 2.95
v 4.446489 -2.981711 2.95
v 4.553993 -2.914162 2.95
v 4.673833 -2.872228 2.95
v 4.8 -2.858013 2.95
v 4.217572 -3.144517 3.053553
v 4.294588 -3.021947 3.053553
v 4.396947 -2.919588 3.053553
v 4.519517 -2.842572 3.053553
v 4.656152 -2.794761 3.053553
v 4.8 -2.778553 3.053553
v 4.124274 -3.099587 3.133013
v 4.213626 -2.957383 3.133013
v 4.332383 -2.838626 3.133013
v 4.474587 -2.749273 3.133013
v 4.633109 -2.693804 3.133013
v 4.8 -2.675 3.133013
v 4.015625 -3.047265 3.182963
v 4.119345 -2.882196 3.182963
v 4.257195 -2.744345 3.182963
v 4.422265 -2.640625 3.182963
v 4.606276 -2.576237 3.182963
v 4.8 -2.55441 3.182963
v 8.716506 -2.55 2.829409
v 8.466506 -2.55 3.133013
v 8.362072 -2.489705 3.182963
v 8.341506 -2.516506 3.182963
v 8.25 -2.55441 3.182963
v 8.283494 -2.55 3.182963
v 8.375 -2.458494 3.182963
v 8.491482 -2.489705 3.133013
v 8.591507 -2.516506 3.053553
v 8.426777 -2.601777 3.133013
v 8.314705 -2.537072 3.182963
v 8.375 -2.641506 3.133013
v 8.314705 -2.666481 3.133013
v 8.25 -2.675 3.133013
v 8.556187 -2.601777 3.053553
v 8.5 -2.675 3.053553
v 8.426777 -2.731186 3.053553
v 8.341506 -2.766506 3.053553
v 8.25 -2.778553 3.053553
v 8.668258 -2.537072 2.95
v 8.625 -2.641506 2.95
v 8.556187 -2.731186 2.95
v 8.466506 -2.8 2.95
v 8.362072 -2.843258 2.95
v 8.25 -2.858013 2.95
v 8.668258 -2.666481 2.829409
v 8.591507 -2.766506 2.829409
v 8.491482 -2.843258 2.829409
v 8.375 -2.891506 2.829409
v 8.25 -2.907963 2.829409
v 7.35 -3.675 1.2
v 7.35 -7.675 1.2
v 4.85 -3.675 1.2
v 4.85 -7.675 1.2
v 7.065926 -5.416181 1.2
v 7.1 -5.675 1.2
v 6.966025 -6.175 1.2
v 6.807107 -6.382107 1.2
v 6.6 -6.541025 1.2
v 5.233974 -5.175 1.2
v 5.392893 -4.967893 1.2
v 6.358819 -4.709074 1.2
v 6.6 -4.808974 1.2
v 7.065926 -5.933819 1.2
v 5.841181 -6.640926 1.2
v 6.1 -6.675 1.2
v 6.358819 -6.640926 1.2
v 5.6 -6.541025 1.2
v 5.392893 -6.382107 1.2
v 5.233974 -6.175 1.2
v 6.807107 -4.967893 1.2
v 6.966025 -5.175 1.2
v 5.134074 -5.933819 1.2
v 5.1 -5.675 1.2
v 5.134074 -5.416181 1.2
v 5.6 -4.808974 1.2
v 5.841181 -4.709074 1.2
v 6.1 -4.675 1.2
v 6.879423 -6.125 2.2
v 6.966025 -6.175 2.2
v 6.969333 -5.907937 2.2
v 7.065926 -5.933819 2.2
v 7.0 -5.675 2.2
v 7.1 -5.675 2.2
v 6.969333 -5.442063 2.2
v 7.065926 -5.416181 2.2
v 6.879423 -5.225 2.2
v 6.966025 -5.175 2.2
v 6.736396 -5.038604 2.2
v 6.807107 -4.967893 2.2
v 6.55 -4.895577 2.2
v 6.6 -4.808974 2.2
v 6.332937 -4.805667 2.2
v 6.358819 -4.709074 2.2
v 6.1 -4.775 2.2
v 6.1 -4.675 2.2
v 5.867063 -4.805667 2.2
v 5.841181 -4.709074 2.2
v 5.65 -4.895577 2.2
v 5.6 -4.808974 2.2
v 5.463604 -5.038604 2.2
v 5.392893 -4.967893 2.2
v 5.320577 -5.225 2.2
v 5.233974 -5.175 2.2
v 5.230667 -5.442063 2.2
v 5.134074 -5.416181 2.2
v 5.2 -5.675 2.2
v 5.1 -5.675 2.2
v 5.230667 -5.907937 2.2
v 5.134074 -5.933819 2.2
v 5.320577 -6.125 2.2
v 5.233974 -6.175 2.2
v 5.463604 -6.311396 2.2
v 5.392893 -6.382107 2.2
v 5.65 -6.454423 2.2
v 5.6 -6.541025 2.2
v 5.867063 -6.544333 2.2
v 5.841181 -6.640926 2.2
v 6.1 -6.575 2.2
v 6.1 -6.675 2.2
v 6.332937 -6.544333 2.2
v 6.358819 -6.640926 2.2
v 6.55 -6.454423 2.2
v 6.6 -6.541025 2.2
v 6.736396 -6.311396 2.2
v 6.807107 -6.382107 2.2
v 5.2 -5.675 1.2
v 5.230667 -5.442063 1.2
v 5.320577 -5.225 1.2
v 5.463604 -5.038604 1.2
v 5.65 -4.895577 1.2
v 5.867063 -4.805667 1.2
v 6.1 -4.775 1.2
v 6.332937 -4.805667 1.2
v 6.55 -4.895577 1.2
v 6.736396 -5.038604 1.2
v 6.879423 -5.225 1.2
v 6.969333 -5.442063 1.2
v 7.0 -5.675 1.2
v 6.969333 -5.907937 1.2
v 6.879423 -6.125 1.2
v 6.736396 -6.311396 1.2
v 6.55 -6.454423 1.2
v 6.332937 -6.544333 1.2
v 6.1 -6.575 1.2
v 5.867063 -6.544333 1.2
v 5.65 -6.454423 1.2
v 5.463604 -6.311396 1.2
v 5.320577 -6.125 1.2
v 5.230667 -5.907937 1.2
v 6.316506 -5.55 1.2
v 6.276776 -5.498223 1.2
v 6.225 -5.458494 1.2
v 6.164705 -5.433518 1.2
v 6.1 -5.425 1.2
v 6.035295 -5.433518 1.2
v 5.975 -5.458494 1.2
v 5.923223 -5.498223 1.2
v 5.883493 -5.55 1.2
v 5.858519 -5.610295 1.2
v 5.85 -5.675 1.2
v 5.858519 -5.739705 1.2
v 5.883493 -5.8 1.2
v 5.923223 -5.851777 1.2
v 5.975 -5.891507 1.2
v 6.035295 -5.916481 1.2
v 6.1 -5.925 1.2
v 6.164705 -5.916481 1.2
v 6.225 -5.891507 1.2
v 6.276776 -5.851777 1.2
v 6.316506 -5.8 1.2
v 6.341482 -5.739705 1.2
v 6.35 -5.675 1.2
v 6.341482 -5.610295 1.2
v 5.858519 -5.610295 2.0
v 5.883493 -5.55 2.0
v 5.923223 -5.498223 2.0
v 5.975 -5.458494 2.0
v 6.035295 -5.433518 2.0
v 6.1 -5.425 2.0
v 6.164705 -5.433518 2.0
v 6.225 -5.458494 2.0
v 6.276776 -5.498223 2.0
v 6.316506 -5.55 2.0
v 6.341482 -5.610295 2.0
v 6.35 -5.675 2.0
v 6.341482 -5.739705 2.0
v 6.316506 -5.8 2.0
v 6.276776 -5.851777 2.0
v 6.225 -5.891507 2.0
v 6.164705 -5.916481 2.0
v 6.1 -5.925 2.0
v 6.035295 -5.916481 2.0
v 5.975 -5.891507 2.0
v 5.923223 -5.851777 2.0
v 5.883493 -5.8 2.0
v 5.858519 -5.739705 2.0
v 5.85 -5.675 2.0
v 6.143301 -5.7 2.2
v 6.148296 -5.687941 2.2
v 6.1 -5.675 2.2
v 6.15 -5.675 2.2
v 6.148296 -5.662059 2.2
v 6.112941 -5.723296 2.2
v 6.125 -5.718301 2.2
v 6.135355 -5.710355 2.2
v 6.075 -5.718301 2.2
v 6.087059 -5.723296 2.2
v 6.1 -5.725 2.2
v 6.051704 -5.687941 2.2
v 6.056698 -5.7 2.2
v 6.064644 -5.710355 2.2
v 6.056698 -5.65 2.2
v 6.051704 -5.662059 2.2
v 6.05 -5.675 2.2
v 6.087059 -5.626704 2.2
v 6.075 -5.631699 2.2
v 6.064644 -5.639645 2.2
v 6.125 -5.631699 2.2
v 6.112941 -5.626704 2.2
v 6.1 -5.625 2.2
v 6.143301 -5.65 2.2
v 6.135355 -5.639645 2.2
v 6.198297 -5.648662 2.193185
v 6.18813 -5.624118 2.193185
v 6.171958 -5.603042 2.193185
v 6.150882 -5.58687 2.193185
v 6.126338 -5.576704 2.193185
v 6.1 -5.573236 2.193185
v 6.073662 -5.576704 2.193185
v 6.049118 -5.58687 2.193185
v 6.028042 -5.603042 2.193185
v 6.01187 -5.624118 2.193185
v 6.001704 -5.648662 2.193185
v 5.998236 -5.675 2.193185
v 6.001704 -5.701338 2.193185
v 6.01187 -5.725882 2.193185
v 6.028042 -5.746958 2.193185
v 6.049118 -5.76313 2.193185
v 6.073662 -5.773296 2.193185
v 6.1 -5.776764 2.193185
v 6.126338 -5.773296 2.193185
v 6.150882 -5.76313 2.193185
v 6.171958 -5.746958 2.193185
v 6.18813 -5.725882 2.193185
v 6.198297 -5.701338 2.193185
v 6.201764 -5.675 2.193185
v 6.244889 -5.636177 2.173205
v 6.229904 -5.6 2.173205
v 6.206066 -5.568934 2.173205
v 6.175 -5.545096 2.173205
v 6.138823 -5.530111 2.173205
v 6.1 -5.525 2.173205
v 6.061177 -5.530111 2.173205
v 6.025 -5.545096 2.173205
v 5.993934 -5.568934 2.173205
v 5.970096 -5.6 2.173205
v 5.955111 -5.636177 2.173205
v 5.95 -5.675 2.173205
v 5.955111 -5.713823 2.173205
v 5.970096 -5.75 2.173205
v 5.993934 -5.781066 2.173205
v 6.025 -5.804904 2.173205
v 6.061177 -5.819889 2.173205
v 6.1 -5.825 2.173205
v 6.138823 -5.819889 2.173205
v 6.175 -5.804904 2.173205
v 6.206066 -5.781066 2.173205
v 6.229904 -5.75 2.173205
v 6.244889 -5.713823 2.173205
v 6.25 -5.675 2.173205
v 6.284899 -5.625457 2.141421
v 6.265776 -5.579289 2.141421
v 6.235355 -5.539645 2.141421
v 6.195711 -5.509224 2.141421
v 6.149543 -5.490101 2.141421
v 6.1 -5.483578 2.141421
v 6.050457 -5.490101 2.141421
v 6.004289 -5.509224 2.141421
v 5.964645 -5.539645 2.141421
v 5.934225 -5.579289 2.141421
v 5.915101 -5.625457 2.141421
v 5.908579 -5.675 2.141421
v 5.915101 -5.724544 2.141421
v 5.934225 -5.770711 2.141421
v 5.964645 -5.810355 2.141421
v 6.004289 -5.840775 2.141421
v 6.050457 -5.859899 2.141421
v 6.1 -5.866421 2.141421
v 6.149543 -5.859899 2.141421
v 6.195711 -5.840775 2.141421
v 6.235355 -5.810355 2.141421
v 6.265776 -5.770711 2.141421
v 6.284899 -5.724544 2.141421
v 6.291421 -5.675 2.141421
v 6.315599 -5.61723 2.1
v 6.293302 -5.563397 2.1
v 6.25783 -5.51717 2.1
v 6.211603 -5.481699 2.1
v 6.15777 -5.4594 2.1
v 6.1 -5.451795 2.1
v 6.042231 -5.4594 2.1
v 5.988398 -5.481699 2.1
v 5.94217 -5.51717 2.1
v 5.906699 -5.563397 2.1
v 5.8844 -5.61723 2.1
v 5.876795 -5.675 2.1
v 5.8844 -5.732769 2.1
v 5.906699 -5.786602 2.1
v 5.94217 -5.83283 2.1
v 5.988398 -5.868301 2.1
v 6.042231 -5.890599 2.1
v 6.1 -5.898205 2.1
v 6.15777 -5.890599 2.1
v 6.211603 -5.868301 2.1
v 6.25783 -5.83283 2.1
v 6.293302 -5.786602 2.1
v 6.315599 -5.732769 2.1
v 6.323205 -5.675 2.1
v 6.334899 -5.612059 2.051764
v 6.310605 -5.553408 2.051764
v 6.271958 -5.503042 2.051764
v 6.221592 -5.464396 2.051764
v 6.162941 -5.440101 2.051764
v 6.1 -5.431815 2.051764
v 6.037059 -5.440101 2.051764
v 5.978407 -5.464396 2.051764
v 5.928042 -5.503042 2.051764
v 5.889395 -5.553408 2.051764
v 5.865101 -5.612059 2.051764
v 5.856815 -5.675 2.051764
v 5.865101 -5.737941 2.051764
v 5.889395 -5.796593 2.051764
v 5.928042 -5.846958 2.051764
v 5.978407 -5.885604 2.051764
v 6.037059 -5.909899 2.051764
v 6.1 -5.918185 2.051764
v 6.162941 -5.909899 2.051764
v 6.221592 -5.885604 2.051764
v 6.271958 -5.846958 2.051764
v 6.310605 -5.796593 2.051764
v 6.334899 -5.737941 2.051764
v 6.343185 -5.675 2.051764
usemtl 1
f 1// 2// 3//
f 3// 2// 4//
f 3// 4// 5//
f 5// 4// 6//
f 5// 6// 7//
f 7// 6// 8//
f 9// 10// 11//
f 11// 10// 12//
f 12// 13// 14//
f 14// 15// 12//
f 12// 15// 16//
f 12// 16// 11//
f 11// 16// 17//
f 11// 17// 18//
f 18// 17// 19//
f 18// 19// 20//
f 20// 21// 18//
f 18// 21// 22//
f 18// 22// 23//
f 24// 25// 18//
f 18// 25// 26//
f 27// 28// 29//
f 29// 28// 30//
f 26// 31// 18//
f 18// 31// 30//
f 18// 30// 32//
f 32// 30// 28//
f 23// 33// 18//
f 18// 33// 34//
f 18// 34// 24//
f 35// 36// 37//
f 37// 36// 38//
f 39// 40// 41//
f 41// 40// 42//
f 43// 44// 37//
f 37// 44// 45//
f 37// 45// 35//
f 42// 46// 41//
f 41// 46// 47//
f 41// 47// 48//
f 38// 49// 37//
f 37// 49// 50//
f 37// 50// 41//
f 41// 50// 51//
f 41// 51// 39//
f 9// 52// 10//
f 10// 52// 53//
f 10// 53// 54//
f 54// 53// 55//
f 54// 55// 56//
f 56// 55// 57//
f 58// 59// 60//
f 60// 59// 61//
f 62// 63// 64//
f 65// 66// 67//
f 68// 69// 70//
f 64// 68// 62//
f 62// 68// 70//
f 62// 70// 71//
f 71// 70// 72//
f 71// 72// 73//
f 73// 72// 74//
f 75// 76// 77//
f 77// 76// 78//
f 77// 78// 79//
f 80// 70// 81//
f 81// 70// 82//
f 81// 82// 83//
f 84// 85// 86//
f 87// 88// 70//
f 86// 87// 84//
f 84// 87// 70//
f 84// 70// 89//
f 89// 70// 80//
f 89// 80// 90//
f 90// 80// 91//
f 67// 79// 65//
f 65// 79// 78//
f 65// 78// 61//
f 61// 78// 92//
f 61// 92// 60//
f 60// 92// 72//
f 60// 72// 93//
f 93// 72// 70//
f 93// 70// 94//
f 94// 70// 88//
f 94// 88// 95//
f 95// 88// 96//
f 97// 98// 99//
f 100// 101// 102//
f 99// 83// 97//
f 97// 83// 82//
f 97// 82// 103//
f 103// 82// 104//
f 103// 104// 102//
f 102// 104// 10//
f 102// 10// 100//
f 100// 10// 54//
f 100// 54// 105//
f 106// 107// 108//
f 108// 107// 109//
f 110// 37// 111//
f 111// 37// 112//
f 111// 112// 113//
f 113// 112// 114//
f 115// 116// 117//
f 118// 119// 37//
f 117// 118// 115//
f 115// 118// 37//
f 115// 37// 120//
f 120// 37// 110//
f 120// 110// 121//
f 121// 110// 122//
f 123// 124// 125//
f 126// 127// 37//
f 125// 126// 123//
f 123// 126// 37//
f 123// 37// 128//
f 128// 37// 119//
f 128// 119// 129//
f 129// 119// 130//
f 57// 43// 56//
f 56// 43// 37//
f 56// 37// 131//
f 131// 37// 127//
f 131// 127// 132//
f 132// 127// 133//
f 134// 135// 136//
f 137// 138// 139//
f 139// 138// 140//
f 139// 140// 141//
f 142// 143// 144//
f 144// 143// 141//
f 144// 141// 145//
f 145// 141// 140//
f 145// 140// 146//
f 146// 140// 41//
f 146// 41// 147//
f 147// 41// 48//
f 147// 48// 148//
f 148// 48// 149//
f 150// 151// 152//
f 153// 154// 155//
f 155// 154// 156//
f 145// 157// 158//
f 159// 155// 145//
f 145// 155// 156//
f 145// 156// 144//
f 160// 161// 158//
f 158// 161// 162//
f 158// 162// 145//
f 145// 162// 163//
f 164// 165// 163//
f 163// 165// 166//
f 163// 166// 145//
f 145// 166// 150//
f 145// 150// 159//
f 159// 150// 152//
f 167// 168// 169//
f 136// 157// 134//
f 134// 157// 145//
f 134// 145// 170//
f 170// 145// 171//
f 170// 171// 169//
f 169// 171// 172//
f 169// 172// 167//
f 173// 174// 175//
f 176// 167// 177//
f 177// 167// 172//
f 177// 172// 178//
f 178// 172// 175//
f 178// 175// 179//
f 179// 175// 174//
f 179// 174// 180//
f 180// 174// 181//
f 182// 183// 184//
f 185// 186// 187//
f 184// 185// 182//
f 182// 185// 187//
f 182// 187// 188//
f 188// 187// 189//
f 188// 189// 190//
f 190// 189// 191//
f 175// 192// 173//
f 173// 192// 187//
f 173// 187// 193//
f 193// 187// 186//
f 193// 186// 194//
f 194// 186// 195//
f 196// 197// 198//
f 199// 200// 201//
f 202// 203// 204//
f 205// 206// 201//
f 204// 205// 202//
f 202// 205// 201//
f 202// 201// 207//
f 207// 201// 200//
f 207// 200// 208//
f 208// 200// 209//
f 210// 211// 212//
f 212// 211// 213//
f 214// 215// 216//
f 217// 218// 206//
f 206// 218// 219//
f 206// 219// 201//
f 201// 219// 212//
f 201// 212// 220//
f 220// 212// 213//
f 221// 222// 223//
f 223// 222// 220//
f 223// 220// 224//
f 224// 220// 213//
f 225// 226// 227//
f 227// 226// 228//
f 216// 229// 214//
f 214// 229// 227//
f 214// 227// 224//
f 224// 227// 228//
f 224// 228// 223//
f 230// 231// 69//
f 69// 231// 232//
f 69// 232// 70//
f 70// 232// 233//
f 70// 233// 234//
f 234// 233// 235//
f 198// 199// 196//
f 196// 199// 201//
f 196// 201// 236//
f 236// 201// 234//
f 236// 234// 237//
f 237// 234// 235//
f 237// 235// 238//
f 238// 235// 239//
f 149// 13// 148//
f 148// 13// 12//
f 148// 12// 240//
f 41// 241// 37//
f 37// 241// 242//
f 37// 242// 243//
f 244// 241// 245//
f 245// 241// 41//
f 245// 41// 246//
f 246// 41// 140//
f 246// 140// 243//
f 243// 140// 106//
f 243// 106// 37//
f 37// 106// 108//
f 37// 108// 112//
f 247// 240// 248//
f 248// 240// 12//
f 248// 12// 249//
f 249// 250// 248//
f 248// 250// 251//
f 248// 251// 104//
f 104// 251// 252//
f 104// 252// 10//
f 10// 252// 253//
f 10// 253// 12//
f 12// 253// 254//
f 12// 254// 249//
f 255// 256// 257//
f 257// 256// 251//
f 257// 251// 258//
f 258// 251// 250//
f 258// 250// 259//
f 259// 250// 260//
f 261// 262// 82//
f 82// 262// 263//
f 82// 263// 264//
f 192// 247// 187//
f 187// 247// 248//
f 187// 248// 265//
f 265// 266// 187//
f 187// 266// 267//
f 187// 267// 268//
f 268// 269// 187//
f 187// 269// 270//
f 187// 270// 271//
f 264// 272// 82//
f 82// 272// 273//
f 82// 273// 104//
f 104// 273// 274//
f 104// 274// 248//
f 248// 274// 275//
f 248// 275// 265//
f 271// 276// 187//
f 187// 276// 277//
f 187// 277// 82//
f 82// 277// 278//
f 82// 278// 261//
f 279// 82// 280//
f 280// 82// 70//
f 280// 70// 281//
f 281// 70// 234//
f 281// 234// 187//
f 187// 234// 201//
f 187// 201// 189//
f 282// 283// 279//
f 279// 283// 284//
f 279// 284// 82//
f 82// 284// 285//
f 82// 285// 187//
f 187// 285// 286//
f 187// 286// 281//
f 287// 288// 289//
f 289// 288// 290//
f 289// 290// 291//
f 292// 293// 289//
f 289// 293// 294//
f 289// 294// 295//
f 291// 296// 289//
f 289// 296// 297//
f 289// 297// 298//
f 298// 299// 289//
f 289// 299// 300//
f 289// 300// 292//
f 301// 302// 294//
f 294// 302// 303//
f 294// 303// 295//
usemtl 2
f 1// 283// 2//
f 2// 283// 282//
f 3// 286// 1//
f 1// 286// 285//
f 1// 285// 283//
f 283// 285// 284//
f 3// 5// 286//
f 286// 5// 7//
f 286// 7// 281//
f 281// 7// 8//
f 281// 8// 6//
f 6// 4// 281//
f 281// 4// 2//
f 281// 2// 280//
f 280// 2// 282//
f 280// 282// 279//
f 271// 270// 301//
f 301// 270// 269//
f 301// 269// 302//
f 302// 269// 268//
f 302// 268// 303//
f 303// 268// 267//
f 303// 267// 295//
f 295// 267// 266//
f 295// 266// 289//
f 289// 266// 265//
f 289// 265// 287//
f 287// 265// 275//
f 287// 275// 288//
f 288// 275// 274//
f 288// 274// 290//
f 290// 274// 273//
f 290// 273// 291//
f 291// 273// 272//
f 291// 272// 296//
f 296// 272// 264//
f 296// 264// 297//
f 297// 264// 263//
f 297// 263// 298//
f 298// 263// 262//
f 298// 262// 299//
f 299// 262// 261//
f 299// 261// 300//
f 300// 261// 278//
f 300// 278// 292//
f 292// 278// 277//
f 292// 277// 293//
f 293// 277// 276//
f 293// 276// 294//
f 294// 276// 271//
f 294// 271// 301//
f 253// 252// 251//
f 251// 256// 253//
f 253// 256// 255//
f 253// 255// 254//
f 250// 249// 260//
f 260// 249// 254//
f 260// 254// 259//
f 259// 254// 255//
f 259// 255// 258//
f 258// 255// 257//
f 17// 16// 15//
f 9// 11// 18//
f 9// 18// 52//
f 52// 18// 32//
f 52// 32// 53//
f 53// 32// 28//
f 53// 28// 55//
f 55// 28// 57//
f 57// 28// 27//
f 57// 27// 43//
f 15// 14// 17//
f 17// 14// 13//
f 17// 13// 19//
f 13// 149// 19//
f 19// 149// 48//
f 19// 48// 20//
f 20// 48// 47//
f 20// 47// 21//
f 21// 47// 46//
f 21// 46// 22//
f 22// 46// 42//
f 22// 42// 23//
f 23// 42// 40//
f 23// 40// 33//
f 33// 40// 39//
f 33// 39// 34//
f 34// 39// 51//
f 34// 51// 24//
f 24// 51// 50//
f 24// 50// 25//
f 25// 50// 49//
f 25// 49// 26//
f 26// 49// 38//
f 26// 38// 31//
f 31// 38// 36//
f 31// 36// 30//
f 30// 36// 35//
f 30// 35// 29//
f 29// 35// 45//
f 29// 45// 27//
f 27// 45// 44//
f 27// 44// 43//
f 245// 246// 244//
f 244// 246// 243//
f 244// 243// 241//
f 241// 243// 242//
usemtl 3
f 304// 305// 72//
f 92// 306// 307//
f 306// 92// 308//
f 308// 92// 78//
f 308// 78// 309//
f 305// 310// 72//
f 72// 310// 311//
f 72// 311// 74//
f 74// 311// 312//
f 74// 312// 313//
f 307// 314// 92//
f 92// 314// 315//
f 92// 315// 72//
f 72// 315// 316//
f 72// 316// 304//
f 317// 318// 62//
f 71// 319// 320//
f 319// 71// 321//
f 321// 71// 73//
f 321// 73// 322//
f 318// 323// 62//
f 62// 323// 324//
f 62// 324// 63//
f 63// 324// 325//
f 63// 325// 326//
f 320// 327// 71//
f 71// 327// 328//
f 71// 328// 62//
f 62// 328// 329//
f 62// 329// 317//
f 64// 330// 331//
f 69// 332// 333//
f 334// 335// 68//
f 68// 335// 336//
f 68// 336// 69//
f 69// 336// 337//
f 69// 337// 332//
f 64// 331// 68//
f 68// 331// 338//
f 68// 338// 334//
f 333// 339// 69//
f 69// 339// 340//
f 69// 340// 230//
f 230// 340// 341//
f 230// 341// 342//
f 343// 344// 232//
f 231// 345// 346//
f 231// 346// 232//
f 232// 346// 347//
f 232// 347// 343//
f 344// 348// 232//
f 232// 348// 349//
f 232// 349// 235//
f 235// 349// 350//
f 235// 350// 351//
f 351// 352// 235//
f 235// 352// 353//
f 235// 353// 239//
f 239// 353// 354//
f 239// 354// 355//
f 238// 356// 357//
f 196// 358// 359//
f 360// 361// 237//
f 237// 361// 362//
f 237// 362// 196//
f 196// 362// 363//
f 196// 363// 358//
f 238// 357// 237//
f 237// 357// 364//
f 237// 364// 360//
f 359// 365// 196//
f 196// 365// 366//
f 196// 366// 197//
f 197// 366// 367//
f 197// 367// 368//
f 200// 369// 370//
f 199// 371// 372//
f 372// 373// 199//
f 199// 373// 374//
f 199// 374// 200//
f 200// 374// 375//
f 200// 375// 369//
f 371// 199// 376//
f 376// 199// 198//
f 376// 198// 377//
f 370// 378// 200//
f 200// 378// 379//
f 200// 379// 209//
f 209// 379// 380//
f 209// 380// 381//
f 382// 207// 383//
f 383// 207// 384//
f 384// 207// 385//
f 385// 207// 208//
f 385// 208// 386//
f 382// 387// 207//
f 207// 387// 388//
f 207// 388// 202//
f 202// 388// 389//
f 202// 389// 390//
f 390// 391// 202//
f 202// 391// 392//
f 202// 392// 203//
f 203// 392// 393//
f 203// 393// 394//
f 395// 396// 205//
f 204// 397// 398//
f 396// 399// 205//
f 205// 399// 400//
f 205// 400// 206//
f 206// 400// 401//
f 206// 401// 402//
f 204// 398// 205//
f 205// 398// 403//
f 205// 403// 395//
f 402// 404// 206//
f 206// 404// 405//
f 206// 405// 217//
f 217// 405// 406//
f 217// 406// 407//
f 408// 409// 212//
f 219// 410// 411//
f 410// 219// 412//
f 412// 219// 218//
f 412// 218// 413//
f 409// 414// 212//
f 212// 414// 415//
f 212// 415// 210//
f 210// 415// 416//
f 210// 416// 417//
f 411// 418// 219//
f 219// 418// 419//
f 219// 419// 212//
f 212// 419// 420//
f 212// 420// 408//
f 132// 421// 422//
f 423// 424// 131//
f 131// 424// 425//
f 131// 425// 54//
f 132// 422// 131//
f 131// 422// 426//
f 131// 426// 423//
f 425// 427// 54//
f 54// 427// 428//
f 54// 428// 429//
f 429// 430// 54//
f 54// 430// 431//
f 54// 431// 105//
f 105// 431// 432//
f 105// 432// 433//
f 101// 434// 435//
f 436// 437// 102//
f 102// 437// 438//
f 102// 438// 97//
f 101// 435// 102//
f 102// 435// 439//
f 102// 439// 436//
f 438// 440// 97//
f 97// 440// 441//
f 97// 441// 442//
f 442// 443// 97//
f 97// 443// 444//
f 97// 444// 98//
f 98// 444// 445//
f 98// 445// 446//
f 99// 447// 448//
f 449// 450// 83//
f 83// 450// 451//
f 83// 451// 80//
f 99// 448// 83//
f 83// 448// 452//
f 83// 452// 449//
f 451// 453// 80//
f 80// 453// 454//
f 80// 454// 455//
f 455// 456// 80//
f 80// 456// 457//
f 80// 457// 91//
f 91// 457// 458//
f 91// 458// 459//
f 460// 461// 89//
f 461// 462// 89//
f 89// 462// 463//
f 89// 463// 84//
f 460// 89// 464//
f 464// 89// 90//
f 464// 90// 465//
f 463// 466// 84//
f 84// 466// 467//
f 84// 467// 468//
f 468// 469// 84//
f 84// 469// 470//
f 84// 470// 85//
f 85// 470// 471//
f 85// 471// 472//
f 473// 474// 87//
f 474// 475// 87//
f 87// 475// 476//
f 87// 476// 88//
f 476// 477// 88//
f 88// 477// 478//
f 88// 478// 479//
f 473// 87// 480//
f 480// 87// 86//
f 480// 86// 481//
f 479// 482// 88//
f 88// 482// 483//
f 88// 483// 96//
f 96// 483// 484//
f 96// 484// 485//
f 95// 486// 487//
f 95// 487// 94//
f 94// 487// 488//
f 94// 488// 489//
f 489// 490// 94//
f 94// 490// 491//
f 94// 491// 60//
f 491// 492// 60//
f 60// 492// 493//
f 60// 493// 494//
f 494// 495// 60//
f 60// 495// 496//
f 60// 496// 58//
f 58// 496// 497//
f 58// 497// 498//
f 59// 499// 500//
f 59// 500// 61//
f 61// 500// 501//
f 61// 501// 502//
f 502// 503// 61//
f 61// 503// 504//
f 61// 504// 65//
f 504// 505// 65//
f 65// 505// 506//
f 65// 506// 507//
f 507// 508// 65//
f 65// 508// 509//
f 65// 509// 66//
f 66// 509// 510//
f 66// 510// 511//
f 67// 512// 513//
f 514// 515// 79//
f 79// 515// 516//
f 79// 516// 77//
f 516// 517// 77//
f 77// 517// 518//
f 77// 518// 519//
f 519// 520// 77//
f 77// 520// 521//
f 77// 521// 75//
f 75// 521// 522//
f 75// 522// 523//
f 67// 513// 79//
f 79// 513// 524//
f 79// 524// 514//
f 126// 525// 526//
f 525// 126// 527//
f 527// 126// 125//
f 527// 125// 528//
f 526// 529// 126//
f 126// 529// 530//
f 126// 530// 127//
f 530// 531// 127//
f 127// 531// 532//
f 127// 532// 533//
f 533// 534// 127//
f 127// 534// 535//
f 127// 535// 133//
f 133// 535// 536//
f 133// 536// 537//
f 538// 539// 128//
f 539// 540// 128//
f 128// 540// 541//
f 128// 541// 123//
f 538// 128// 542//
f 542// 128// 129//
f 542// 129// 543//
f 541// 544// 123//
f 123// 544// 545//
f 123// 545// 546//
f 546// 547// 123//
f 123// 547// 548//
f 123// 548// 124//
f 124// 548// 549//
f 124// 549// 550//
f 551// 552// 118//
f 552// 553// 118//
f 118// 553// 554//
f 118// 554// 119//
f 554// 555// 119//
f 119// 555// 556//
f 119// 556// 557//
f 551// 118// 558//
f 558// 118// 117//
f 558// 117// 559//
f 557// 560// 119//
f 119// 560// 561//
f 119// 561// 130//
f 130// 561// 562//
f 130// 562// 563//
f 564// 565// 120//
f 565// 566// 120//
f 120// 566// 567//
f 120// 567// 115//
f 567// 568// 115//
f 115// 568// 569//
f 115// 569// 570//
f 564// 120// 571//
f 571// 120// 121//
f 571// 121// 572//
f 570// 573// 115//
f 115// 573// 574//
f 115// 574// 116//
f 116// 574// 575//
f 116// 575// 576//
f 577// 578// 111//
f 578// 579// 111//
f 111// 579// 580//
f 111// 580// 110//
f 580// 581// 110//
f 110// 581// 582//
f 110// 582// 583//
f 577// 111// 584//
f 584// 111// 113//
f 584// 113// 585//
f 583// 586// 110//
f 110// 586// 587//
f 110// 587// 122//
f 122// 587// 588//
f 122// 588// 589//
f 109// 590// 591//
f 592// 593// 108//
f 108// 593// 594//
f 108// 594// 112//
f 594// 595// 112//
f 112// 595// 596//
f 112// 596// 597//
f 109// 591// 108//
f 108// 591// 598//
f 108// 598// 592//
f 597// 599// 112//
f 112// 599// 600//
f 112// 600// 114//
f 114// 600// 601//
f 114// 601// 602//
f 143// 603// 604//
f 141// 605// 606//
f 606// 607// 141//
f 141// 607// 608//
f 141// 608// 139//
f 139// 608// 609//
f 139// 609// 610//
f 143// 604// 141//
f 141// 604// 611//
f 141// 611// 605//
f 610// 612// 139//
f 139// 612// 613//
f 139// 613// 137//
f 137// 613// 614//
f 137// 614// 615//
f 616// 617// 156//
f 156// 617// 618//
f 616// 156// 619//
f 619// 156// 154//
f 619// 154// 620//
f 618// 621// 156//
f 156// 621// 622//
f 156// 622// 144//
f 144// 622// 623//
f 144// 623// 624//
f 624// 625// 144//
f 144// 625// 626//
f 144// 626// 142//
f 142// 626// 627//
f 142// 627// 628//
f 629// 630// 159//
f 159// 630// 631//
f 629// 159// 632//
f 632// 159// 152//
f 632// 152// 633//
f 631// 634// 159//
f 159// 634// 635//
f 159// 635// 155//
f 155// 635// 636//
f 155// 636// 637//
f 637// 638// 155//
f 155// 638// 639//
f 155// 639// 153//
f 153// 639// 640//
f 153// 640// 641//
f 642// 643// 166//
f 166// 643// 644//
f 642// 166// 645//
f 645// 166// 165//
f 645// 165// 646//
f 644// 647// 166//
f 166// 647// 648//
f 166// 648// 150//
f 150// 648// 649//
f 150// 649// 650//
f 650// 651// 150//
f 150// 651// 652//
f 150// 652// 151//
f 151// 652// 653//
f 151// 653// 654//
f 161// 655// 656//
f 162// 657// 658//
f 658// 659// 162//
f 162// 659// 660//
f 162// 660// 163//
f 163// 660// 661//
f 163// 661// 662//
f 161// 656// 162//
f 162// 656// 663//
f 162// 663// 657//
f 662// 664// 163//
f 163// 664// 665//
f 163// 665// 164//
f 164// 665// 666//
f 164// 666// 667//
f 136// 668// 669//
f 136// 669// 157//
f 669// 670// 157//
f 157// 670// 671//
f 157// 671// 672//
f 672// 673// 157//
f 157// 673// 674//
f 157// 674// 158//
f 158// 674// 675//
f 158// 675// 676//
f 676// 677// 158//
f 158// 677// 678//
f 158// 678// 160//
f 160// 678// 679//
f 160// 679// 680//
f 681// 682// 224//
f 213// 683// 684//
f 683// 213// 685//
f 685// 213// 211//
f 685// 211// 686//
f 682// 687// 224//
f 224// 687// 688//
f 224// 688// 214//
f 214// 688// 689//
f 214// 689// 690//
f 684// 691// 213//
f 213// 691// 692//
f 213// 692// 224//
f 224// 692// 693//
f 224// 693// 681//
f 216// 694// 695//
f 229// 696// 697//
f 697// 698// 229//
f 229// 698// 699//
f 229// 699// 227//
f 227// 699// 700//
f 227// 700// 701//
f 216// 695// 229//
f 229// 695// 702//
f 229// 702// 696//
f 701// 703// 227//
f 227// 703// 704//
f 227// 704// 225//
f 225// 704// 705//
f 225// 705// 706//
f 226// 707// 708//
f 228// 709// 710//
f 226// 708// 228//
f 228// 708// 711//
f 228// 711// 709//
f 710// 712// 228//
f 228// 712// 713//
f 228// 713// 223//
f 223// 713// 714//
f 223// 714// 715//
f 715// 716// 223//
f 223// 716// 717//
f 223// 717// 221//
f 221// 717// 718//
f 221// 718// 719//
f 222// 720// 721//
f 220// 722// 723//
f 222// 721// 220//
f 220// 721// 724//
f 220// 724// 722//
f 723// 725// 220//
f 220// 725// 726//
f 220// 726// 189//
f 189// 726// 727//
f 189// 727// 728//
f 728// 729// 189//
f 189// 729// 730//
f 189// 730// 191//
f 191// 730// 731//
f 191// 731// 732//
f 733// 734// 188//
f 188// 734// 735//
f 733// 188// 736//
f 736// 188// 190//
f 736// 190// 737//
f 735// 738// 188//
f 188// 738// 739//
f 188// 739// 182//
f 182// 739// 740//
f 182// 740// 741//
f 741// 742// 182//
f 182// 742// 743//
f 182// 743// 183//
f 183// 743// 744//
f 183// 744// 745//
f 746// 747// 185//
f 185// 747// 748//
f 748// 749// 185//
f 185// 749// 750//
f 185// 750// 186//
f 186// 750// 751//
f 186// 751// 752//
f 746// 185// 753//
f 753// 185// 184//
f 753// 184// 754//
f 752// 755// 186//
f 186// 755// 756//
f 186// 756// 195//
f 195// 756// 757//
f 195// 757// 758//
f 759// 760// 193//
f 193// 760// 761//
f 759// 193// 762//
f 762// 193// 194//
f 762// 194// 763//
f 761// 764// 193//
f 193// 764// 765//
f 193// 765// 174//
f 174// 765// 766//
f 174// 766// 767//
f 767// 768// 174//
f 174// 768// 769//
f 174// 769// 181//
f 181// 769// 770//
f 181// 770// 771//
f 180// 772// 773//
f 179// 774// 775//
f 180// 773// 179//
f 179// 773// 776//
f 179// 776// 774//
f 775// 777// 179//
f 179// 777// 778//
f 179// 778// 177//
f 177// 778// 779//
f 177// 779// 780//
f 780// 781// 177//
f 177// 781// 782//
f 177// 782// 176//
f 176// 782// 783//
f 176// 783// 784//
f 168// 785// 786//
f 169// 787// 788//
f 168// 786// 169//
f 169// 786// 789//
f 169// 789// 787//
f 788// 790// 169//
f 169// 790// 791//
f 169// 791// 134//
f 134// 791// 792//
f 134// 792// 793//
f 793// 794// 134//
f 134// 794// 795//
f 134// 795// 135//
f 135// 795// 796//
f 135// 796// 797//
usemtl 1
f 798// 799// 800//
f 801// 802// 803//
f 804// 805// 806//
f 806// 805// 807//
f 808// 809// 810//
f 811// 812// 813//
f 814// 815// 816//
f 817// 818// 819//
f 805// 820// 821//
f 822// 823// 824//
f 825// 826// 810//
f 810// 826// 827//
f 810// 827// 828//
f 829// 830// 831//
f 832// 833// 804//
f 804// 834// 835//
f 825// 810// 836//
f 836// 810// 837//
f 836// 837// 813//
f 838// 839// 813//
f 840// 841// 821//
f 821// 841// 842//
f 821// 842// 805//
f 805// 842// 843//
f 800// 832// 798//
f 798// 832// 804//
f 798// 804// 844//
f 844// 804// 806//
f 844// 806// 845//
f 845// 806// 846//
f 824// 834// 822//
f 822// 834// 804//
f 822// 804// 847//
f 847// 804// 833//
f 847// 833// 848//
f 848// 833// 849//
f 850// 851// 852//
f 853// 854// 813//
f 831// 838// 829//
f 829// 838// 813//
f 829// 813// 855//
f 855// 813// 812//
f 855// 812// 856//
f 856// 812// 857//
f 858// 859// 843//
f 843// 859// 860//
f 843// 860// 805//
f 805// 860// 861//
f 862// 863// 864//
f 865// 866// 837//
f 837// 866// 867//
f 837// 867// 813//
f 813// 867// 817//
f 813// 817// 853//
f 853// 817// 819//
f 868// 869// 870//
f 871// 872// 873//
f 874// 863// 875//
f 875// 863// 862//
f 875// 862// 876//
f 876// 862// 877//
f 878// 879// 813//
f 880// 881// 839//
f 839// 881// 882//
f 839// 882// 813//
f 813// 882// 883//
f 813// 883// 884//
f 885// 886// 861//
f 861// 886// 887//
f 861// 887// 805//
f 805// 887// 814//
f 805// 814// 807//
f 807// 814// 816//
f 870// 878// 868//
f 868// 878// 813//
f 868// 813// 888//
f 888// 813// 854//
f 888// 854// 889//
f 889// 854// 890//
f 891// 892// 893//
f 894// 895// 852//
f 852// 895// 896//
f 897// 898// 899//
f 803// 811// 801//
f 801// 811// 813//
f 801// 813// 900//
f 900// 813// 879//
f 900// 879// 901//
f 901// 879// 902//
f 903// 904// 884//
f 905// 906// 907//
f 908// 909// 910//
f 910// 909// 862//
f 910// 862// 911//
f 893// 903// 891//
f 891// 903// 884//
f 891// 884// 912//
f 912// 884// 883//
f 912// 883// 913//
f 913// 883// 914//
f 915// 916// 917//
f 851// 918// 852//
f 852// 918// 919//
f 852// 919// 864//
f 864// 919// 920//
f 864// 920// 921//
f 921// 922// 864//
f 864// 922// 923//
f 864// 923// 862//
f 862// 923// 924//
f 862// 924// 911//
f 896// 925// 852//
f 852// 925// 926//
f 852// 926// 850//
f 927// 928// 835//
f 835// 928// 929//
f 835// 929// 804//
f 804// 929// 930//
f 804// 930// 931//
f 931// 930// 932//
f 899// 933// 897//
f 897// 933// 863//
f 897// 863// 934//
f 934// 863// 874//
f 934// 874// 935//
f 935// 874// 936//
f 937// 938// 939//
f 939// 938// 940//
f 939// 940// 941//
f 942// 943// 944//
f 944// 943// 808//
f 945// 946// 947//
f 947// 946// 948//
f 933// 939// 863//
f 863// 939// 941//
f 863// 941// 894//
f 894// 941// 949//
f 894// 949// 895//
f 950// 951// 952//
f 952// 951// 953//
f 954// 955// 956//
f 956// 955// 957//
f 828// 958// 810//
f 810// 958// 959//
f 810// 959// 808//
f 808// 959// 960//
f 808// 960// 944//
f 944// 960// 937//
f 944// 937// 961//
f 961// 937// 939//
f 961// 939// 962//
f 962// 939// 963//
f 820// 805// 953//
f 953// 805// 964//
f 953// 964// 952//
f 964// 965// 952//
f 952// 965// 966//
f 952// 966// 967//
f 968// 908// 956//
f 956// 908// 969//
f 956// 969// 954//
f 970// 971// 908//
f 972// 973// 932//
f 932// 973// 956//
f 932// 956// 931//
f 931// 956// 957//
f 974// 975// 904//
f 904// 975// 976//
f 904// 976// 884//
f 884// 976// 947//
f 884// 947// 967//
f 967// 947// 948//
f 967// 948// 952//
f 977// 978// 968//
f 968// 978// 979//
f 968// 979// 908//
f 908// 979// 980//
f 981// 982// 971//
f 971// 982// 983//
f 971// 983// 908//
f 908// 983// 984//
f 985// 986// 980//
f 980// 986// 987//
f 980// 987// 908//
f 908// 987// 988//
f 873// 970// 871//
f 871// 970// 908//
f 871// 908// 989//
f 989// 908// 988//
f 989// 988// 990//
f 990// 988// 991//
f 992// 993// 908//
f 907// 992// 905//
f 905// 992// 908//
f 905// 908// 994//
f 994// 908// 984//
f 994// 984// 995//
f 995// 984// 996//
f 917// 909// 915//
f 915// 909// 908//
f 915// 908// 997//
f 997// 908// 993//
f 997// 993// 998//
f 998// 993// 999//
usemtl 4
f 1000// 1001// 1002//
f 1003// 1004// 1005//
f 1006// 1007// 1008//
f 1003// 1005// 1008//
f 1008// 1005// 1009//
f 1008// 1009// 1006//
f 1007// 1010// 1008//
f 1008// 1010// 1011//
f 1008// 1011// 1002//
f 1002// 1011// 1012//
f 1002// 1012// 1000//
usemtl 1
f 368// 1013// 197//
f 197// 1013// 845//
f 197// 845// 198//
f 198// 845// 846//
f 198// 846// 377//
f 377// 846// 1014//
f 355// 1015// 239//
f 239// 1015// 800//
f 239// 800// 238//
f 238// 800// 799//
f 238// 799// 356//
f 356// 799// 1016//
f 342// 1017// 230//
f 230// 1017// 848//
f 230// 848// 231//
f 231// 848// 849//
f 231// 849// 345//
f 345// 849// 1018//
f 326// 1019// 63//
f 63// 1019// 824//
f 63// 824// 64//
f 64// 824// 823//
f 64// 823// 330//
f 330// 823// 1020//
f 313// 1021// 74//
f 74// 1021// 928//
f 74// 928// 73//
f 73// 928// 927//
f 73// 927// 322//
f 322// 927// 1022//
f 381// 1023// 209//
f 209// 1023// 816//
f 209// 816// 208//
f 208// 816// 815//
f 208// 815// 386//
f 386// 815// 1024//
f 394// 1025// 203//
f 203// 1025// 886//
f 203// 886// 204//
f 204// 886// 885//
f 204// 885// 397//
f 397// 885// 1026//
f 407// 1027// 217//
f 217// 1027// 859//
f 217// 859// 218//
f 218// 859// 858//
f 218// 858// 413//
f 413// 858// 1028//
f 417// 1029// 210//
f 210// 1029// 841//
f 210// 841// 211//
f 211// 841// 840//
f 211// 840// 686//
f 686// 840// 1030//
f 690// 1031// 214//
f 214// 1031// 953//
f 214// 953// 215//
f 215// 953// 951//
usemtl 5
f 523// 1032// 75//
f 75// 1032// 973//
f 75// 973// 76//
f 76// 973// 972//
f 511// 1033// 66//
f 66// 1033// 978//
f 66// 978// 67//
f 67// 978// 977//
f 67// 977// 512//
f 512// 977// 1034//
usemtl 1
f 498// 1035// 58//
f 58// 1035// 986//
f 58// 986// 59//
f 59// 986// 985//
f 59// 985// 499//
f 499// 985// 1036//
f 485// 1037// 96//
f 96// 1037// 990//
f 96// 990// 95//
f 95// 990// 991//
f 95// 991// 486//
f 486// 991// 1038//
f 472// 1039// 85//
f 85// 1039// 873//
f 85// 873// 86//
f 86// 873// 872//
f 86// 872// 481//
f 481// 872// 1040//
f 459// 1041// 91//
f 91// 1041// 982//
f 91// 982// 90//
f 90// 982// 981//
f 90// 981// 465//
f 465// 981// 1042//
f 446// 1043// 98//
f 98// 1043// 995//
f 98// 995// 99//
f 99// 995// 996//
f 99// 996// 447//
f 447// 996// 1044//
f 433// 1045// 105//
f 105// 1045// 907//
f 105// 907// 101//
f 101// 907// 906//
f 101// 906// 434//
f 434// 906// 1046//
f 537// 1047// 133//
f 133// 1047// 998//
f 133// 998// 132//
f 132// 998// 999//
f 132// 999// 421//
f 421// 999// 1048//
f 550// 1049// 124//
f 124// 1049// 917//
f 124// 917// 125//
f 125// 917// 916//
f 125// 916// 528//
f 528// 916// 1050//
f 563// 1051// 130//
f 130// 1051// 876//
f 130// 876// 129//
f 129// 876// 877//
f 129// 877// 543//
f 543// 877// 1052//
f 576// 1053// 116//
f 116// 1053// 935//
f 116// 935// 117//
f 117// 935// 936//
f 117// 936// 559//
f 559// 936// 1054//
f 589// 1055// 122//
f 122// 1055// 899//
f 122// 899// 121//
f 121// 899// 898//
f 121// 898// 572//
f 572// 898// 1056//
f 602// 1057// 114//
f 114// 1057// 962//
f 114// 962// 113//
f 113// 962// 963//
f 113// 963// 585//
f 585// 963// 1058//
usemtl 5
f 615// 1059// 137//
f 137// 1059// 809//
f 137// 809// 138//
f 138// 809// 808//
usemtl 1
f 628// 1060// 142//
f 142// 1060// 866//
f 142// 866// 143//
f 143// 866// 865//
f 143// 865// 603//
f 603// 865// 1061//
f 641// 1062// 153//
f 153// 1062// 819//
f 153// 819// 154//
f 154// 819// 818//
f 154// 818// 620//
f 620// 818// 1063//
f 654// 1064// 151//
f 151// 1064// 889//
f 151// 889// 152//
f 152// 889// 890//
f 152// 890// 633//
f 633// 890// 1065//
f 667// 1066// 164//
f 164// 1066// 870//
f 164// 870// 165//
f 165// 870// 869//
f 165// 869// 646//
f 646// 869// 1067//
f 680// 1068// 160//
f 160// 1068// 901//
f 160// 901// 161//
f 161// 901// 902//
f 161// 902// 655//
f 655// 902// 1069//
usemtl 5
f 797// 1070// 135//
f 135// 1070// 803//
f 135// 803// 136//
f 136// 803// 802//
f 136// 802// 668//
f 668// 802// 1071//
f 784// 1072// 176//
f 176// 1072// 856//
f 176// 856// 168//
f 168// 856// 857//
f 168// 857// 785//
f 785// 857// 1073//
f 771// 1074// 181//
f 181// 1074// 831//
f 181// 831// 180//
f 180// 831// 830//
f 180// 830// 772//
f 772// 830// 1075//
f 758// 1076// 195//
f 195// 1076// 881//
f 195// 881// 194//
f 194// 881// 880//
f 194// 880// 763//
f 763// 880// 1077//
f 745// 1078// 183//
f 183// 1078// 913//
f 183// 913// 184//
f 184// 913// 914//
f 184// 914// 754//
f 754// 914// 1079//
f 732// 1080// 191//
f 191// 1080// 893//
f 191// 893// 190//
f 190// 893// 892//
f 190// 892// 737//
f 737// 892// 1081//
f 719// 1082// 221//
f 221// 1082// 975//
f 221// 975// 222//
f 222// 975// 974//
f 222// 974// 720//
f 720// 974// 1083//
f 706// 1084// 225//
f 225// 1084// 946//
f 225// 946// 226//
f 226// 946// 945//
f 226// 945// 707//
f 707// 945// 1085//
usemtl 3
f 1086// 1087// 820//
f 953// 1031// 1088//
f 953// 1088// 820//
f 820// 1088// 1089//
f 820// 1089// 1086//
f 1090// 1091// 821//
f 821// 1091// 1092//
f 821// 1092// 840//
f 840// 1092// 1093//
f 840// 1093// 1030//
f 1087// 1094// 820//
f 820// 1094// 1095//
f 820// 1095// 821//
f 821// 1095// 1096//
f 821// 1096// 1090//
f 1097// 1098// 842//
f 841// 1029// 1099//
f 841// 1099// 842//
f 842// 1099// 1100//
f 842// 1100// 1097//
f 1101// 1102// 843//
f 843// 1102// 1103//
f 843// 1103// 858//
f 858// 1103// 1104//
f 858// 1104// 1028//
f 1098// 1105// 842//
f 842// 1105// 1106//
f 842// 1106// 843//
f 843// 1106// 1107//
f 843// 1107// 1101//
f 1108// 1109// 860//
f 859// 1027// 1110//
f 1109// 1111// 860//
f 860// 1111// 1112//
f 860// 1112// 861//
f 861// 1112// 1113//
f 861// 1113// 1114//
f 1114// 1115// 861//
f 861// 1115// 1116//
f 861// 1116// 885//
f 885// 1116// 1117//
f 885// 1117// 1026//
f 859// 1110// 860//
f 860// 1110// 1118//
f 860// 1118// 1108//
f 1119// 1120// 887//
f 886// 1025// 1121//
f 886// 1121// 887//
f 887// 1121// 1122//
f 887// 1122// 1119//
f 1120// 1123// 887//
f 887// 1123// 1124//
f 887// 1124// 814//
f 814// 1124// 1125//
f 814// 1125// 1126//
f 1126// 1127// 814//
f 814// 1127// 1128//
f 814// 1128// 815//
f 815// 1128// 1129//
f 815// 1129// 1024//
f 1130// 1131// 807//
f 816// 1023// 1132//
f 1131// 1133// 807//
f 807// 1133// 1134//
f 807// 1134// 806//
f 806// 1134// 1135//
f 806// 1135// 1136//
f 1136// 1137// 806//
f 806// 1137// 1138//
f 806// 1138// 846//
f 846// 1138// 1139//
f 846// 1139// 1014//
f 816// 1132// 807//
f 807// 1132// 1140//
f 807// 1140// 1130//
f 1141// 1142// 844//
f 845// 1013// 1143//
f 1142// 1144// 844//
f 844// 1144// 1145//
f 844// 1145// 798//
f 798// 1145// 1146//
f 798// 1146// 1147//
f 1147// 1148// 798//
f 798// 1148// 1149//
f 798// 1149// 799//
f 799// 1149// 1150//
f 799// 1150// 1016//
f 845// 1143// 844//
f 844// 1143// 1151//
f 844// 1151// 1141//
f 1152// 1153// 832//
f 800// 1015// 1154//
f 800// 1154// 832//
f 832// 1154// 1155//
f 832// 1155// 1152//
f 1153// 1156// 832//
f 832// 1156// 1157//
f 832// 1157// 833//
f 833// 1157// 1158//
f 833// 1158// 1159//
f 1159// 1160// 833//
f 833// 1160// 1161//
f 833// 1161// 849//
f 849// 1161// 1162//
f 849// 1162// 1018//
f 1163// 1164// 847//
f 848// 1017// 1165//
f 1164// 1166// 847//
f 847// 1166// 1167//
f 847// 1167// 822//
f 822// 1167// 1168//
f 822// 1168// 1169//
f 1169// 1170// 822//
f 822// 1170// 1171//
f 822// 1171// 823//
f 823// 1171// 1172//
f 823// 1172// 1020//
f 848// 1165// 847//
f 847// 1165// 1173//
f 847// 1173// 1163//
f 1174// 1175// 834//
f 824// 1019// 1176//
f 824// 1176// 834//
f 834// 1176// 1177//
f 834// 1177// 1174//
f 1178// 1179// 835//
f 835// 1179// 1180//
f 835// 1180// 927//
f 927// 1180// 1181//
f 927// 1181// 1022//
f 1175// 1182// 834//
f 834// 1182// 1183//
f 834// 1183// 835//
f 835// 1183// 1184//
f 835// 1184// 1178//
f 973// 1032// 1185//
f 956// 1186// 1187//
f 1187// 1188// 956//
f 956// 1188// 1189//
f 956// 1189// 968//
f 968// 1189// 1190//
f 968// 1190// 1191//
f 973// 1185// 956//
f 956// 1185// 1192//
f 956// 1192// 1186//
f 1191// 1193// 968//
f 968// 1193// 1194//
f 968// 1194// 977//
f 977// 1194// 1195//
f 977// 1195// 1034//
f 1196// 1197// 979//
f 979// 1197// 1198//
f 1199// 1200// 980//
f 980// 1200// 1201//
f 980// 1201// 985//
f 985// 1201// 1202//
f 985// 1202// 1036//
f 1198// 1203// 979//
f 979// 1203// 1204//
f 979// 1204// 980//
f 980// 1204// 1205//
f 980// 1205// 1199//
f 1196// 979// 1206//
f 1206// 979// 978//
f 1206// 978// 1033//
f 1207// 1208// 987//
f 987// 1208// 1209//
f 1210// 1211// 988//
f 988// 1211// 1212//
f 988// 1212// 991//
f 991// 1212// 1213//
f 991// 1213// 1038//
f 1209// 1214// 987//
f 987// 1214// 1215//
f 987// 1215// 988//
f 988// 1215// 1216//
f 988// 1216// 1210//
f 1207// 987// 1217//
f 1217// 987// 986//
f 1217// 986// 1035//
f 1218// 1219// 989//
f 989// 1219// 1220//
f 1220// 1221// 989//
f 989// 1221// 1222//
f 989// 1222// 871//
f 871// 1222// 1223//
f 871// 1223// 1224//
f 1218// 989// 1225//
f 1225// 989// 990//
f 1225// 990// 1037//
f 1224// 1226// 871//
f 871// 1226// 1227//
f 871// 1227// 872//
f 872// 1227// 1228//
f 872// 1228// 1040//
f 1229// 1230// 970//
f 970// 1230// 1231//
f 1231// 1232// 970//
f 970// 1232// 1233//
f 970// 1233// 971//
f 971// 1233// 1234//
f 971// 1234// 1235//
f 1229// 970// 1236//
f 1236// 970// 873//
f 1236// 873// 1039//
f 1235// 1237// 971//
f 971// 1237// 1238//
f 971// 1238// 981//
f 981// 1238// 1239//
f 981// 1239// 1042//
f 1240// 1241// 929//
f 928// 1021// 1242//
f 928// 1242// 929//
f 929// 1242// 1243//
f 929// 1243// 1240//
f 1244// 1245// 930//
f 930// 1245// 1246//
f 930// 1246// 932//
f 932// 1246// 1247//
f 932// 1247// 1248//
f 1241// 1249// 929//
f 929// 1249// 1250//
f 929// 1250// 930//
f 930// 1250// 1251//
f 930// 1251// 1244//
f 809// 1059// 1252//
f 810// 1253// 1254//
f 809// 1252// 810//
f 810// 1252// 1255//
f 810// 1255// 1253//
f 1254// 1256// 810//
f 810// 1256// 1257//
f 810// 1257// 837//
f 837// 1257// 1258//
f 837// 1258// 1259//
f 1259// 1260// 837//
f 837// 1260// 1261//
f 837// 1261// 865//
f 865// 1261// 1262//
f 865// 1262// 1061//
f 866// 1060// 1263//
f 867// 1264// 1265//
f 1265// 1266// 867//
f 867// 1266// 1267//
f 867// 1267// 817//
f 817// 1267// 1268//
f 817// 1268// 1269//
f 866// 1263// 867//
f 867// 1263// 1270//
f 867// 1270// 1264//
f 1269// 1271// 817//
f 817// 1271// 1272//
f 817// 1272// 818//
f 818// 1272// 1273//
f 818// 1273// 1063//
f 819// 1062// 1274//
f 853// 1275// 1276//
f 1276// 1277// 853//
f 853// 1277// 1278//
f 853// 1278// 854//
f 854// 1278// 1279//
f 854// 1279// 1280//
f 819// 1274// 853//
f 853// 1274// 1281//
f 853// 1281// 1275//
f 1280// 1282// 854//
f 854// 1282// 1283//
f 854// 1283// 890//
f 890// 1283// 1284//
f 890// 1284// 1065//
f 889// 1064// 1285//
f 888// 1286// 1287//
f 1287// 1288// 888//
f 888// 1288// 1289//
f 888// 1289// 868//
f 868// 1289// 1290//
f 868// 1290// 1291//
f 889// 1285// 888//
f 888// 1285// 1292//
f 888// 1292// 1286//
f 1291// 1293// 868//
f 868// 1293// 1294//
f 868// 1294// 869//
f 869// 1294// 1295//
f 869// 1295// 1067//
f 1296// 1297// 983//
f 983// 1297// 1298//
f 1298// 1299// 983//
f 983// 1299// 1300//
f 983// 1300// 984//
f 984// 1300// 1301//
f 984// 1301// 1302//
f 1302// 1303// 984//
f 984// 1303// 1304//
f 984// 1304// 996//
f 996// 1304// 1305//
f 996// 1305// 1044//
f 1296// 983// 1306//
f 1306// 983// 982//
f 1306// 982// 1041//
f 1307// 1308// 878//
f 878// 1308// 1309//
f 1309// 1310// 878//
f 878// 1310// 1311//
f 878// 1311// 879//
f 879// 1311// 1312//
f 879// 1312// 1313//
f 1313// 1314// 879//
f 879// 1314// 1315//
f 879// 1315// 902//
f 902// 1315// 1316//
f 902// 1316// 1069//
f 1307// 878// 1317//
f 1317// 878// 870//
f 1317// 870// 1066//
f 995// 1043// 1318//
f 994// 1319// 1320//
f 1320// 1321// 994//
f 994// 1321// 1322//
f 994// 1322// 905//
f 905// 1322// 1323//
f 905// 1323// 1324//
f 995// 1318// 994//
f 994// 1318// 1325//
f 994// 1325// 1319//
f 1324// 1326// 905//
f 905// 1326// 1327//
f 905// 1327// 906//
f 906// 1327// 1328//
f 906// 1328// 1046//
f 907// 1045// 1329//
f 992// 1330// 1331//
f 1331// 1332// 992//
f 992// 1332// 1333//
f 992// 1333// 993//
f 993// 1333// 1334//
f 993// 1334// 1335//
f 907// 1329// 992//
f 992// 1329// 1336//
f 992// 1336// 1330//
f 1335// 1337// 993//
f 993// 1337// 1338//
f 993// 1338// 999//
f 999// 1338// 1339//
f 999// 1339// 1048//
f 997// 1340// 1341//
f 997// 1342// 915//
f 915// 1342// 1343//
f 915// 1343// 1344//
f 1344// 1345// 915//
f 915// 1345// 1346//
f 915// 1346// 916//
f 916// 1346// 1347//
f 916// 1347// 1050//
f 1340// 997// 1348//
f 1348// 997// 998//
f 1348// 998// 1047//
f 1341// 1349// 997//
f 997// 1349// 1350//
f 997// 1350// 1342//
f 1351// 1352// 909//
f 909// 1352// 1353//
f 1353// 1354// 909//
f 909// 1354// 1355//
f 909// 1355// 862//
f 862// 1355// 1356//
f 862// 1356// 1357//
f 1351// 909// 1358//
f 1358// 909// 917//
f 1358// 917// 1049//
f 1357// 1359// 862//
f 862// 1359// 1360//
f 862// 1360// 877//
f 877// 1360// 1361//
f 877// 1361// 1052//
f 1362// 1363// 875//
f 875// 1363// 1364//
f 1364// 1365// 875//
f 875// 1365// 1366//
f 875// 1366// 874//
f 874// 1366// 1367//
f 874// 1367// 1368//
f 1362// 875// 1369//
f 1369// 875// 876//
f 1369// 876// 1051//
f 1368// 1370// 874//
f 874// 1370// 1371//
f 874// 1371// 936//
f 936// 1371// 1372//
f 936// 1372// 1054//
f 1373// 1374// 934//
f 934// 1374// 1375//
f 1375// 1376// 934//
f 934// 1376// 1377//
f 934// 1377// 897//
f 897// 1377// 1378//
f 897// 1378// 1379//
f 1373// 934// 1380//
f 1380// 934// 935//
f 1380// 935// 1053//
f 1379// 1381// 897//
f 897// 1381// 1382//
f 897// 1382// 898//
f 898// 1382// 1383//
f 898// 1383// 1056//
f 1384// 1385// 933//
f 933// 1385// 1386//
f 1386// 1387// 933//
f 933// 1387// 1388//
f 933// 1388// 939//
f 939// 1388// 1389//
f 939// 1389// 1390//
f 1384// 933// 1391//
f 1391// 933// 899//
f 1391// 899// 1055//
f 1390// 1392// 939//
f 939// 1392// 1393//
f 939// 1393// 963//
f 963// 1393// 1394//
f 963// 1394// 1058//
f 962// 1057// 1395//
f 961// 1396// 1397//
f 962// 1395// 961//
f 961// 1395// 1398//
f 961// 1398// 1396//
f 1397// 1399// 961//
f 961// 1399// 1400//
f 961// 1400// 944//
f 944// 1400// 1401//
f 944// 1401// 1402//
f 1402// 1403// 944//
f 944// 1403// 1404//
f 944// 1404// 942//
f 942// 1404// 1405//
f 942// 1405// 1406//
f 901// 1068// 1407//
f 900// 1408// 801//
f 801// 1408// 1409//
f 801// 1409// 1410//
f 1410// 1411// 801//
f 801// 1411// 1412//
f 801// 1412// 802//
f 802// 1412// 1413//
f 802// 1413// 1071//
f 1414// 1415// 900//
f 900// 1415// 1416//
f 900// 1416// 1408//
f 901// 1407// 900//
f 900// 1407// 1417//
f 900// 1417// 1414//
f 803// 1070// 1418//
f 811// 1419// 1420//
f 1420// 1421// 811//
f 811// 1421// 1422//
f 811// 1422// 812//
f 812// 1422// 1423//
f 812// 1423// 1424//
f 803// 1418// 811//
f 811// 1418// 1425//
f 811// 1425// 1419//
f 1424// 1426// 812//
f 812// 1426// 1427//
f 812// 1427// 857//
f 857// 1427// 1428//
f 857// 1428// 1073//
f 856// 1072// 1429//
f 855// 1430// 1431//
f 1431// 1432// 855//
f 855// 1432// 1433//
f 855// 1433// 829//
f 829// 1433// 1434//
f 829// 1434// 1435//
f 1435// 1436// 829//
f 829// 1436// 1437//
f 829// 1437// 830//
f 830// 1437// 1438//
f 830// 1438// 1075//
f 856// 1429// 855//
f 855// 1429// 1439//
f 855// 1439// 1430//
f 831// 1074// 1440//
f 838// 1441// 839//
f 839// 1441// 1442//
f 839// 1442// 1443//
f 1444// 1445// 838//
f 838// 1445// 1446//
f 838// 1446// 1441//
f 1443// 1447// 839//
f 839// 1447// 1448//
f 839// 1448// 880//
f 880// 1448// 1449//
f 880// 1449// 1077//
f 831// 1440// 838//
f 838// 1440// 1450//
f 838// 1450// 1444//
f 1451// 1452// 882//
f 882// 1452// 1453//
f 1453// 1454// 882//
f 882// 1454// 1455//
f 882// 1455// 883//
f 883// 1455// 1456//
f 883// 1456// 1457//
f 1457// 1458// 883//
f 883// 1458// 1459//
f 883// 1459// 914//
f 914// 1459// 1460//
f 914// 1460// 1079//
f 1451// 882// 1461//
f 1461// 882// 881//
f 1461// 881// 1076//
f 913// 1078// 1462//
f 912// 1463// 1464//
f 1464// 1465// 912//
f 912// 1465// 1466//
f 912// 1466// 891//
f 891// 1466// 1467//
f 891// 1467// 1468//
f 913// 1462// 912//
f 912// 1462// 1469//
f 912// 1469// 1463//
f 1468// 1470// 891//
f 891// 1470// 1471//
f 891// 1471// 892//
f 892// 1471// 1472//
f 892// 1472// 1081//
f 1473// 1474// 903//
f 903// 1474// 1475//
f 1476// 1477// 904//
f 904// 1477// 1478//
f 904// 1478// 974//
f 974// 1478// 1479//
f 974// 1479// 1083//
f 1475// 1480// 903//
f 903// 1480// 1481//
f 903// 1481// 904//
f 904// 1481// 1482//
f 904// 1482// 1476//
f 1473// 903// 1483//
f 1483// 903// 893//
f 1483// 893// 1080//
f 1484// 1485// 976//
f 976// 1485// 1486//
f 1487// 1488// 947//
f 947// 1488// 1489//
f 947// 1489// 945//
f 945// 1489// 1490//
f 945// 1490// 1085//
f 1486// 1491// 976//
f 976// 1491// 1492//
f 976// 1492// 947//
f 947// 1492// 1493//
f 947// 1493// 1487//
f 1484// 976// 1494//
f 1494// 976// 975//
f 1494// 975// 1082//
usemtl 1
f 76// 972// 78//
f 78// 972// 932//
f 78// 932// 309//
f 309// 932// 1248//
usemtl 5
f 107// 943// 109//
f 109// 943// 942//
f 109// 942// 590//
f 590// 942// 1406//
usemtl 1
f 808// 943// 138//
f 138// 943// 107//
usemtl 5
f 215// 951// 216//
f 216// 951// 950//
f 216// 950// 694//
f 694// 950// 1495//
usemtl 3
f 1496// 1497// 948//
f 948// 1497// 1498//
f 1496// 948// 1499//
f 1499// 948// 946//
f 1499// 946// 1084//
f 1498// 1500// 948//
f 948// 1500// 1501//
f 948// 1501// 952//
f 952// 1501// 1502//
f 952// 1502// 1503//
f 1503// 1504// 952//
f 952// 1504// 1505//
f 952// 1505// 950//
f 950// 1505// 1506//
f 950// 1506// 1495//
f 192// 145// 247//
f 247// 145// 146//
f 694// 1495// 695//
f 695// 1495// 1506//
f 695// 1506// 702//
f 702// 1506// 1505//
f 702// 1505// 696//
f 696// 1505// 1504//
f 696// 1504// 697//
f 697// 1504// 1503//
f 697// 1503// 698//
f 698// 1503// 1502//
f 698// 1502// 699//
f 699// 1502// 1501//
f 699// 1501// 700//
f 700// 1501// 1500//
f 700// 1500// 701//
f 701// 1500// 1498//
f 701// 1498// 703//
f 703// 1498// 1497//
f 703// 1497// 704//
f 704// 1497// 1496//
f 704// 1496// 705//
f 705// 1496// 1499//
f 705// 1499// 706//
f 706// 1499// 1084//
f 686// 1030// 685//
f 685// 1030// 1093//
f 685// 1093// 683//
f 683// 1093// 1092//
f 683// 1092// 684//
f 684// 1092// 1091//
f 684// 1091// 691//
f 691// 1091// 1090//
f 691// 1090// 692//
f 692// 1090// 1096//
f 692// 1096// 693//
f 693// 1096// 1095//
f 693// 1095// 681//
f 681// 1095// 1094//
f 681// 1094// 682//
f 682// 1094// 1087//
f 682// 1087// 687//
f 687// 1087// 1086//
f 687// 1086// 688//
f 688// 1086// 1089//
f 688// 1089// 689//
f 689// 1089// 1088//
f 689// 1088// 690//
f 690// 1088// 1031//
f 413// 1028// 412//
f 412// 1028// 1104//
f 412// 1104// 410//
f 410// 1104// 1103//
f 410// 1103// 411//
f 411// 1103// 1102//
f 411// 1102// 418//
f 418// 1102// 1101//
f 418// 1101// 419//
f 419// 1101// 1107//
f 419// 1107// 420//
f 420// 1107// 1106//
f 420// 1106// 408//
f 408// 1106// 1105//
f 408// 1105// 409//
f 409// 1105// 1098//
f 409// 1098// 414//
f 414// 1098// 1097//
f 414// 1097// 415//
f 415// 1097// 1100//
f 415// 1100// 416//
f 416// 1100// 1099//
f 416// 1099// 417//
f 417// 1099// 1029//
f 397// 1026// 398//
f 398// 1026// 1117//
f 398// 1117// 403//
f 403// 1117// 1116//
f 403// 1116// 395//
f 395// 1116// 1115//
f 395// 1115// 396//
f 396// 1115// 1114//
f 396// 1114// 399//
f 399// 1114// 1113//
f 399// 1113// 400//
f 400// 1113// 1112//
f 400// 1112// 401//
f 401// 1112// 1111//
f 401// 1111// 402//
f 402// 1111// 1109//
f 402// 1109// 404//
f 404// 1109// 1108//
f 404// 1108// 405//
f 405// 1108// 1118//
f 405// 1118// 406//
f 406// 1118// 1110//
f 406// 1110// 407//
f 407// 1110// 1027//
f 386// 1024// 385//
f 385// 1024// 1129//
f 385// 1129// 384//
f 384// 1129// 1128//
f 384// 1128// 383//
f 383// 1128// 1127//
f 383// 1127// 382//
f 382// 1127// 1126//
f 382// 1126// 387//
f 387// 1126// 1125//
f 387// 1125// 388//
f 388// 1125// 1124//
f 388// 1124// 389//
f 389// 1124// 1123//
f 389// 1123// 390//
f 390// 1123// 1120//
f 390// 1120// 391//
f 391// 1120// 1119//
f 391// 1119// 392//
f 392// 1119// 1122//
f 392// 1122// 393//
f 393// 1122// 1121//
f 393// 1121// 394//
f 394// 1121// 1025//
f 377// 1014// 376//
f 376// 1014// 1139//
f 376// 1139// 371//
f 371// 1139// 1138//
f 371// 1138// 372//
f 372// 1138// 1137//
f 372// 1137// 373//
f 373// 1137// 1136//
f 373// 1136// 374//
f 374// 1136// 1135//
f 374// 1135// 375//
f 375// 1135// 1134//
f 375// 1134// 369//
f 369// 1134// 1133//
f 369// 1133// 370//
f 370// 1133// 1131//
f 370// 1131// 378//
f 378// 1131// 1130//
f 378// 1130// 379//
f 379// 1130// 1140//
f 379// 1140// 380//
f 380// 1140// 1132//
f 380// 1132// 381//
f 381// 1132// 1023//
f 309// 1248// 308//
f 308// 1248// 1247//
f 308// 1247// 306//
f 306// 1247// 1246//
f 306// 1246// 307//
f 307// 1246// 1245//
f 307// 1245// 314//
f 314// 1245// 1244//
f 314// 1244// 315//
f 315// 1244// 1251//
f 315// 1251// 316//
f 316// 1251// 1250//
f 316// 1250// 304//
f 304// 1250// 1249//
f 304// 1249// 305//
f 305// 1249// 1241//
f 305// 1241// 310//
f 310// 1241// 1240//
f 310// 1240// 311//
f 311// 1240// 1243//
f 311// 1243// 312//
f 312// 1243// 1242//
f 312// 1242// 313//
f 313// 1242// 1021//
f 707// 1085// 708//
f 708// 1085// 1490//
f 708// 1490// 711//
f 711// 1490// 1489//
f 711// 1489// 709//
f 709// 1489// 1488//
f 709// 1488// 710//
f 710// 1488// 1487//
f 710// 1487// 712//
f 712// 1487// 1493//
f 712// 1493// 713//
f 713// 1493// 1492//
f 713// 1492// 714//
f 714// 1492// 1491//
f 714// 1491// 715//
f 715// 1491// 1486//
f 715// 1486// 716//
f 716// 1486// 1485//
f 716// 1485// 717//
f 717// 1485// 1484//
f 717// 1484// 718//
f 718// 1484// 1494//
f 718// 1494// 719//
f 719// 1494// 1082//
f 720// 1083// 721//
f 721// 1083// 1479//
f 721// 1479// 724//
f 724// 1479// 1478//
f 724// 1478// 722//
f 722// 1478// 1477//
f 722// 1477// 723//
f 723// 1477// 1476//
f 723// 1476// 725//
f 725// 1476// 1482//
f 725// 1482// 726//
f 726// 1482// 1481//
f 726// 1481// 727//
f 727// 1481// 1480//
f 727// 1480// 728//
f 728// 1480// 1475//
f 728// 1475// 729//
f 729// 1475// 1474//
f 729// 1474// 730//
f 730// 1474// 1473//
f 730// 1473// 731//
f 731// 1473// 1483//
f 731// 1483// 732//
f 732// 1483// 1080//
f 737// 1081// 736//
f 736// 1081// 1472//
f 736// 1472// 733//
f 733// 1472// 1471//
f 733// 1471// 734//
f 734// 1471// 1470//
f 734// 1470// 735//
f 735// 1470// 1468//
f 735// 1468// 738//
f 738// 1468// 1467//
f 738// 1467// 739//
f 739// 1467// 1466//
f 739// 1466// 740//
f 740// 1466// 1465//
f 740// 1465// 741//
f 741// 1465// 1464//
f 741// 1464// 742//
f 742// 1464// 1463//
f 742// 1463// 743//
f 743// 1463// 1469//
f 743// 1469// 744//
f 744// 1469// 1462//
f 744// 1462// 745//
f 745// 1462// 1078//
f 754// 1079// 753//
f 753// 1079// 1460//
f 753// 1460// 746//
f 746// 1460// 1459//
f 746// 1459// 747//
f 747// 1459// 1458//
f 747// 1458// 748//
f 748// 1458// 1457//
f 748// 1457// 749//
f 749// 1457// 1456//
f 749// 1456// 750//
f 750// 1456// 1455//
f 750// 1455// 751//
f 751// 1455// 1454//
f 751// 1454// 752//
f 752// 1454// 1453//
f 752// 1453// 755//
f 755// 1453// 1452//
f 755// 1452// 756//
f 756// 1452// 1451//
f 756// 1451// 757//
f 757// 1451// 1461//
f 757// 1461// 758//
f 758// 1461// 1076//
f 763// 1077// 762//
f 762// 1077// 1449//
f 762// 1449// 759//
f 759// 1449// 1448//
f 759// 1448// 760//
f 760// 1448// 1447//
f 760// 1447// 761//
f 761// 1447// 1443//
f 761// 1443// 764//
f 764// 1443// 1442//
f 764// 1442// 765//
f 765// 1442// 1441//
f 765// 1441// 766//
f 766// 1441// 1446//
f 766// 1446// 767//
f 767// 1446// 1445//
f 767// 1445// 768//
f 768// 1445// 1444//
f 768// 1444// 769//
f 769// 1444// 1450//
f 769// 1450// 770//
f 770// 1450// 1440//
f 770// 1440// 771//
f 771// 1440// 1074//
f 772// 1075// 773//
f 773// 1075// 1438//
f 773// 1438// 776//
f 776// 1438// 1437//
f 776// 1437// 774//
f 774// 1437// 1436//
f 774// 1436// 775//
f 775// 1436// 1435//
f 775// 1435// 777//
f 777// 1435// 1434//
f 777// 1434// 778//
f 778// 1434// 1433//
f 778// 1433// 779//
f 779// 1433// 1432//
f 779// 1432// 780//
f 780// 1432// 1431//
f 780// 1431// 781//
f 781// 1431// 1430//
f 781// 1430// 782//
f 782// 1430// 1439//
f 782// 1439// 783//
f 783// 1439// 1429//
f 783// 1429// 784//
f 784// 1429// 1072//
f 785// 1073// 786//
f 786// 1073// 1428//
f 786// 1428// 789//
f 789// 1428// 1427//
f 789// 1427// 787//
f 787// 1427// 1426//
f 787// 1426// 788//
f 788// 1426// 1424//
f 788// 1424// 790//
f 790// 1424// 1423//
f 790// 1423// 791//
f 791// 1423// 1422//
f 791// 1422// 792//
f 792// 1422// 1421//
f 792// 1421// 793//
f 793// 1421// 1420//
f 793// 1420// 794//
f 794// 1420// 1419//
f 794// 1419// 795//
f 795// 1419// 1425//
f 795// 1425// 796//
f 796// 1425// 1418//
f 796// 1418// 797//
f 797// 1418// 1070//
f 668// 1071// 669//
f 669// 1071// 1413//
f 669// 1413// 670//
f 670// 1413// 1412//
f 670// 1412// 671//
f 671// 1412// 1411//
f 671// 1411// 672//
f 672// 1411// 1410//
f 672// 1410// 673//
f 673// 1410// 1409//
f 673// 1409// 674//
f 674// 1409// 1408//
f 674// 1408// 675//
f 675// 1408// 1416//
f 675// 1416// 676//
f 676// 1416// 1415//
f 676// 1415// 677//
f 677// 1415// 1414//
f 677// 1414// 678//
f 678// 1414// 1417//
f 678// 1417// 679//
f 679// 1417// 1407//
f 679// 1407// 680//
f 680// 1407// 1068//
f 655// 1069// 656//
f 656// 1069// 1316//
f 656// 1316// 663//
f 663// 1316// 1315//
f 663// 1315// 657//
f 657// 1315// 1314//
f 657// 1314// 658//
f 658// 1314// 1313//
f 658// 1313// 659//
f 659// 1313// 1312//
f 659// 1312// 660//
f 660// 1312// 1311//
f 660// 1311// 661//
f 661// 1311// 1310//
f 661// 1310// 662//
f 662// 1310// 1309//
f 662// 1309// 664//
f 664// 1309// 1308//
f 664// 1308// 665//
f 665// 1308// 1307//
f 665// 1307// 666//
f 666// 1307// 1317//
f 666// 1317// 667//
f 667// 1317// 1066//
f 646// 1067// 645//
f 645// 1067// 1295//
f 645// 1295// 642//
f 642// 1295// 1294//
f 642// 1294// 643//
f 643// 1294// 1293//
f 643// 1293// 644//
f 644// 1293// 1291//
f 644// 1291// 647//
f 647// 1291// 1290//
f 647// 1290// 648//
f 648// 1290// 1289//
f 648// 1289// 649//
f 649// 1289// 1288//
f 649// 1288// 650//
f 650// 1288// 1287//
f 650// 1287// 651//
f 651// 1287// 1286//
f 651// 1286// 652//
f 652// 1286// 1292//
f 652// 1292// 653//
f 653// 1292// 1285//
f 653// 1285// 654//
f 654// 1285// 1064//
f 633// 1065// 632//
f 632// 1065// 1284//
f 632// 1284// 629//
f 629// 1284// 1283//
f 629// 1283// 630//
f 630// 1283// 1282//
f 630// 1282// 631//
f 631// 1282// 1280//
f 631// 1280// 634//
f 634// 1280// 1279//
f 634// 1279// 635//
f 635// 1279// 1278//
f 635// 1278// 636//
f 636// 1278// 1277//
f 636// 1277// 637//
f 637// 1277// 1276//
f 637// 1276// 638//
f 638// 1276// 1275//
f 638// 1275// 639//
f 639// 1275// 1281//
f 639// 1281// 640//
f 640// 1281// 1274//
f 640// 1274// 641//
f 641// 1274// 1062//
f 620// 1063// 619//
f 619// 1063// 1273//
f 619// 1273// 616//
f 616// 1273// 1272//
f 616// 1272// 617//
f 617// 1272// 1271//
f 617// 1271// 618//
f 618// 1271// 1269//
f 618// 1269// 621//
f 621// 1269// 1268//
f 621// 1268// 622//
f 622// 1268// 1267//
f 622// 1267// 623//
f 623// 1267// 1266//
f 623// 1266// 624//
f 624// 1266// 1265//
f 624// 1265// 625//
f 625// 1265// 1264//
f 625// 1264// 626//
f 626// 1264// 1270//
f 626// 1270// 627//
f 627// 1270// 1263//
f 627// 1263// 628//
f 628// 1263// 1060//
f 603// 1061// 604//
f 604// 1061// 1262//
f 604// 1262// 611//
f 611// 1262// 1261//
f 611// 1261// 605//
f 605// 1261// 1260//
f 605// 1260// 606//
f 606// 1260// 1259//
f 606// 1259// 607//
f 607// 1259// 1258//
f 607// 1258// 608//
f 608// 1258// 1257//
f 608// 1257// 609//
f 609// 1257// 1256//
f 609// 1256// 610//
f 610// 1256// 1254//
f 610// 1254// 612//
f 612// 1254// 1253//
f 612// 1253// 613//
f 613// 1253// 1255//
f 613// 1255// 614//
f 614// 1255// 1252//
f 614// 1252// 615//
f 615// 1252// 1059//
f 590// 1406// 591//
f 591// 1406// 1405//
f 591// 1405// 598//
f 598// 1405// 1404//
f 598// 1404// 592//
f 592// 1404// 1403//
f 592// 1403// 593//
f 593// 1403// 1402//
f 593// 1402// 594//
f 594// 1402// 1401//
f 594// 1401// 595//
f 595// 1401// 1400//
f 595// 1400// 596//
f 596// 1400// 1399//
f 596// 1399// 597//
f 597// 1399// 1397//
f 597// 1397// 599//
f 599// 1397// 1396//
f 599// 1396// 600//
f 600// 1396// 1398//
f 600// 1398// 601//
f 601// 1398// 1395//
f 601// 1395// 602//
f 602// 1395// 1057//
f 585// 1058// 584//
f 584// 1058// 1394//
f 584// 1394// 577//
f 577// 1394// 1393//
f 577// 1393// 578//
f 578// 1393// 1392//
f 578// 1392// 579//
f 579// 1392// 1390//
f 579// 1390// 580//
f 580// 1390// 1389//
f 580// 1389// 581//
f 581// 1389// 1388//
f 581// 1388// 582//
f 582// 1388// 1387//
f 582// 1387// 583//
f 583// 1387// 1386//
f 583// 1386// 586//
f 586// 1386// 1385//
f 586// 1385// 587//
f 587// 1385// 1384//
f 587// 1384// 588//
f 588// 1384// 1391//
f 588// 1391// 589//
f 589// 1391// 1055//
f 572// 1056// 571//
f 571// 1056// 1383//
f 571// 1383// 564//
f 564// 1383// 1382//
f 564// 1382// 565//
f 565// 1382// 1381//
f 565// 1381// 566//
f 566// 1381// 1379//
f 566// 1379// 567//
f 567// 1379// 1378//
f 567// 1378// 568//
f 568// 1378// 1377//
f 568// 1377// 569//
f 569// 1377// 1376//
f 569// 1376// 570//
f 570// 1376// 1375//
f 570// 1375// 573//
f 573// 1375// 1374//
f 573// 1374// 574//
f 574// 1374// 1373//
f 574// 1373// 575//
f 575// 1373// 1380//
f 575// 1380// 576//
f 576// 1380// 1053//
f 559// 1054// 558//
f 558// 1054// 1372//
f 558// 1372// 551//
f 551// 1372// 1371//
f 551// 1371// 552//
f 552// 1371// 1370//
f 552// 1370// 553//
f 553// 1370// 1368//
f 553// 1368// 554//
f 554// 1368// 1367//
f 554// 1367// 555//
f 555// 1367// 1366//
f 555// 1366// 556//
f 556// 1366// 1365//
f 556// 1365// 557//
f 557// 1365// 1364//
f 557// 1364// 560//
f 560// 1364// 1363//
f 560// 1363// 561//
f 561// 1363// 1362//
f 561// 1362// 562//
f 562// 1362// 1369//
f 562// 1369// 563//
f 563// 1369// 1051//
f 543// 1052// 542//
f 542// 1052// 1361//
f 542// 1361// 538//
f 538// 1361// 1360//
f 538// 1360// 539//
f 539// 1360// 1359//
f 539// 1359// 540//
f 540// 1359// 1357//
f 540// 1357// 541//
f 541// 1357// 1356//
f 541// 1356// 544//
f 544// 1356// 1355//
f 544// 1355// 545//
f 545// 1355// 1354//
f 545// 1354// 546//
f 546// 1354// 1353//
f 546// 1353// 547//
f 547// 1353// 1352//
f 547// 1352// 548//
f 548// 1352// 1351//
f 548// 1351// 549//
f 549// 1351// 1358//
f 549// 1358// 550//
f 550// 1358// 1049//
f 528// 1050// 527//
f 527// 1050// 1347//
f 527// 1347// 525//
f 525// 1347// 1346//
f 525// 1346// 526//
f 526// 1346// 1345//
f 526// 1345// 529//
f 529// 1345// 1344//
f 529// 1344// 530//
f 530// 1344// 1343//
f 530// 1343// 531//
f 531// 1343// 1342//
f 531// 1342// 532//
f 532// 1342// 1350//
f 532// 1350// 533//
f 533// 1350// 1349//
f 533// 1349// 534//
f 534// 1349// 1341//
f 534// 1341// 535//
f 535// 1341// 1340//
f 535// 1340// 536//
f 536// 1340// 1348//
f 536// 1348// 537//
f 537// 1348// 1047//
f 421// 1048// 422//
f 422// 1048// 1339//
f 422// 1339// 426//
f 426// 1339// 1338//
f 426// 1338// 423//
f 423// 1338// 1337//
f 423// 1337// 424//
f 424// 1337// 1335//
f 424// 1335// 425//
f 425// 1335// 1334//
f 425// 1334// 427//
f 427// 1334// 1333//
f 427// 1333// 428//
f 428// 1333// 1332//
f 428// 1332// 429//
f 429// 1332// 1331//
f 429// 1331// 430//
f 430// 1331// 1330//
f 430// 1330// 431//
f 431// 1330// 1336//
f 431// 1336// 432//
f 432// 1336// 1329//
f 432// 1329// 433//
f 433// 1329// 1045//
f 434// 1046// 435//
f 435// 1046// 1328//
f 435// 1328// 439//
f 439// 1328// 1327//
f 439// 1327// 436//
f 436// 1327// 1326//
f 436// 1326// 437//
f 437// 1326// 1324//
f 437// 1324// 438//
f 438// 1324// 1323//
f 438// 1323// 440//
f 440// 1323// 1322//
f 440// 1322// 441//
f 441// 1322// 1321//
f 441// 1321// 442//
f 442// 1321// 1320//
f 442// 1320// 443//
f 443// 1320// 1319//
f 443// 1319// 444//
f 444// 1319// 1325//
f 444// 1325// 445//
f 445// 1325// 1318//
f 445// 1318// 446//
f 446// 1318// 1043//
f 447// 1044// 448//
f 448// 1044// 1305//
f 448// 1305// 452//
f 452// 1305// 1304//
f 452// 1304// 449//
f 449// 1304// 1303//
f 449// 1303// 450//
f 450// 1303// 1302//
f 450// 1302// 451//
f 451// 1302// 1301//
f 451// 1301// 453//
f 453// 1301// 1300//
f 453// 1300// 454//
f 454// 1300// 1299//
f 454// 1299// 455//
f 455// 1299// 1298//
f 455// 1298// 456//
f 456// 1298// 1297//
f 456// 1297// 457//
f 457// 1297// 1296//
f 457// 1296// 458//
f 458// 1296// 1306//
f 458// 1306// 459//
f 459// 1306// 1041//
f 465// 1042// 464//
f 464// 1042// 1239//
f 464// 1239// 460//
f 460// 1239// 1238//
f 460// 1238// 461//
f 461// 1238// 1237//
f 461// 1237// 462//
f 462// 1237// 1235//
f 462// 1235// 463//
f 463// 1235// 1234//
f 463// 1234// 466//
f 466// 1234// 1233//
f 466// 1233// 467//
f 467// 1233// 1232//
f 467// 1232// 468//
f 468// 1232// 1231//
f 468// 1231// 469//
f 469// 1231// 1230//
f 469// 1230// 470//
f 470// 1230// 1229//
f 470// 1229// 471//
f 471// 1229// 1236//
f 471// 1236// 472//
f 472// 1236// 1039//
f 481// 1040// 480//
f 480// 1040// 1228//
f 480// 1228// 473//
f 473// 1228// 1227//
f 473// 1227// 474//
f 474// 1227// 1226//
f 474// 1226// 475//
f 475// 1226// 1224//
f 475// 1224// 476//
f 476// 1224// 1223//
f 476// 1223// 477//
f 477// 1223// 1222//
f 477// 1222// 478//
f 478// 1222// 1221//
f 478// 1221// 479//
f 479// 1221// 1220//
f 479// 1220// 482//
f 482// 1220// 1219//
f 482// 1219// 483//
f 483// 1219// 1218//
f 483// 1218// 484//
f 484// 1218// 1225//
f 484// 1225// 485//
f 485// 1225// 1037//
f 486// 1038// 487//
f 487// 1038// 1213//
f 487// 1213// 488//
f 488// 1213// 1212//
f 488// 1212// 489//
f 489// 1212// 1211//
f 489// 1211// 490//
f 490// 1211// 1210//
f 490// 1210// 491//
f 491// 1210// 1216//
f 491// 1216// 492//
f 492// 1216// 1215//
f 492// 1215// 493//
f 493// 1215// 1214//
f 493// 1214// 494//
f 494// 1214// 1209//
f 494// 1209// 495//
f 495// 1209// 1208//
f 495// 1208// 496//
f 496// 1208// 1207//
f 496// 1207// 497//
f 497// 1207// 1217//
f 497// 1217// 498//
f 498// 1217// 1035//
f 499// 1036// 500//
f 500// 1036// 1202//
f 500// 1202// 501//
f 501// 1202// 1201//
f 501// 1201// 502//
f 502// 1201// 1200//
f 502// 1200// 503//
f 503// 1200// 1199//
f 503// 1199// 504//
f 504// 1199// 1205//
f 504// 1205// 505//
f 505// 1205// 1204//
f 505// 1204// 506//
f 506// 1204// 1203//
f 506// 1203// 507//
f 507// 1203// 1198//
f 507// 1198// 508//
f 508// 1198// 1197//
f 508// 1197// 509//
f 509// 1197// 1196//
f 509// 1196// 510//
f 510// 1196// 1206//
f 510// 1206// 511//
f 511// 1206// 1033//
f 512// 1034// 513//
f 513// 1034// 1195//
f 513// 1195// 524//
f 524// 1195// 1194//
f 524// 1194// 514//
f 514// 1194// 1193//
f 514// 1193// 515//
f 515// 1193// 1191//
f 515// 1191// 516//
f 516// 1191// 1190//
f 516// 1190// 517//
f 517// 1190// 1189//
f 517// 1189// 518//
f 518// 1189// 1188//
f 518// 1188// 519//
f 519// 1188// 1187//
f 519// 1187// 520//
f 520// 1187// 1186//
f 520// 1186// 521//
f 521// 1186// 1192//
f 521// 1192// 522//
f 522// 1192// 1185//
f 522// 1185// 523//
f 523// 1185// 1032//
f 322// 1022// 321//
f 321// 1022// 1181//
f 321// 1181// 319//
f 319// 1181// 1180//
f 319// 1180// 320//
f 320// 1180// 1179//
f 320// 1179// 327//
f 327// 1179// 1178//
f 327// 1178// 328//
f 328// 1178// 1184//
f 328// 1184// 329//
f 329// 1184// 1183//
f 329// 1183// 317//
f 317// 1183// 1182//
f 317// 1182// 318//
f 318// 1182// 1175//
f 318// 1175// 323//
f 323// 1175// 1174//
f 323// 1174// 324//
f 324// 1174// 1177//
f 324// 1177// 325//
f 325// 1177// 1176//
f 325// 1176// 326//
f 326// 1176// 1019//
f 330// 1020// 331//
f 331// 1020// 1172//
f 331// 1172// 338//
f 338// 1172// 1171//
f 338// 1171// 334//
f 334// 1171// 1170//
f 334// 1170// 335//
f 335// 1170// 1169//
f 335// 1169// 336//
f 336// 1169// 1168//
f 336// 1168// 337//
f 337// 1168// 1167//
f 337// 1167// 332//
f 332// 1167// 1166//
f 332// 1166// 333//
f 333// 1166// 1164//
f 333// 1164// 339//
f 339// 1164// 1163//
f 339// 1163// 340//
f 340// 1163// 1173//
f 340// 1173// 341//
f 341// 1173// 1165//
f 341// 1165// 342//
f 342// 1165// 1017//
f 345// 1018// 346//
f 346// 1018// 1162//
f 346// 1162// 347//
f 347// 1162// 1161//
f 347// 1161// 343//
f 343// 1161// 1160//
f 343// 1160// 344//
f 344// 1160// 1159//
f 344// 1159// 348//
f 348// 1159// 1158//
f 348// 1158// 349//
f 349// 1158// 1157//
f 349// 1157// 350//
f 350// 1157// 1156//
f 350// 1156// 351//
f 351// 1156// 1153//
f 351// 1153// 352//
f 352// 1153// 1152//
f 352// 1152// 353//
f 353// 1152// 1155//
f 353// 1155// 354//
f 354// 1155// 1154//
f 354// 1154// 355//
f 355// 1154// 1015//
f 356// 1016// 357//
f 357// 1016// 1150//
f 357// 1150// 364//
f 364// 1150// 1149//
f 364// 1149// 360//
f 360// 1149// 1148//
f 360// 1148// 361//
f 361// 1148// 1147//
f 361// 1147// 362//
f 362// 1147// 1146//
f 362// 1146// 363//
f 363// 1146// 1145//
f 363// 1145// 358//
f 358// 1145// 1144//
f 358// 1144// 359//
f 359// 1144// 1142//
f 359// 1142// 365//
f 365// 1142// 1141//
f 365// 1141// 366//
f 366// 1141// 1151//
f 366// 1151// 367//
f 367// 1151// 1143//
f 367// 1143// 368//
f 368// 1143// 1013//
usemtl 4
f 1507// 1508// 959//
f 959// 1508// 960//
f 1509// 1510// 813//
f 813// 1510// 836//
f 805// 804// 1511//
f 1511// 804// 1512//
f 1513// 1514// 910//
f 910// 1514// 908//
f 1515// 1516// 919//
f 919// 1516// 920//
f 1517// 1518// 895//
f 895// 1518// 896//
f 1512// 804// 931//
f 1512// 931// 1519//
f 1519// 931// 957//
f 1519// 957// 1520//
f 1520// 957// 955//
f 1520// 955// 1521//
f 1521// 955// 954//
f 1521// 954// 1522//
f 1522// 954// 969//
f 1522// 969// 1523//
f 1523// 969// 908//
f 1523// 908// 1514//
f 1003// 1008// 1524//
f 1003// 1524// 1525//
f 1525// 1524// 1526//
f 1525// 1526// 1527//
f 1527// 1526// 1528//
f 1527// 1528// 1529//
f 1529// 1528// 1530//
f 1529// 1530// 1531//
f 1531// 1530// 1532//
f 1531// 1532// 1533//
f 1533// 1532// 1511//
f 1533// 1511// 1512//
f 1509// 813// 884//
f 1509// 884// 1534//
f 1534// 884// 967//
f 1534// 967// 1535//
f 1535// 967// 966//
f 1535// 966// 1536//
f 1536// 966// 965//
f 1536// 965// 1537//
f 1537// 965// 964//
f 1537// 964// 1538//
f 1538// 964// 805//
f 1538// 805// 1511//
f 1514// 1539// 1540//
f 1541// 1542// 1543//
f 1003// 1525// 1544//
f 1543// 1542// 1003//
f 1545// 1003// 1542//
f 1545// 1542// 1546//
f 1546// 1542// 1541//
f 1546// 1541// 1547//
f 1548// 1003// 1545//
f 1549// 1550// 1551//
f 1551// 1550// 1544//
f 1551// 1544// 1552//
f 1552// 1544// 1525//
f 1552// 1525// 1527//
f 1548// 1545// 1553//
f 1553// 1545// 1546//
f 1553// 1546// 1554//
f 1554// 1546// 1547//
f 1554// 1547// 1555//
f 1556// 1549// 1557//
f 1557// 1549// 1551//
f 1557// 1551// 1558//
f 1558// 1551// 1552//
f 1558// 1552// 1559//
f 1559// 1552// 1527//
f 1559// 1527// 1529//
f 1560// 1556// 1561//
f 1561// 1556// 1557//
f 1561// 1557// 1562//
f 1562// 1557// 1558//
f 1562// 1558// 1563//
f 1563// 1558// 1559//
f 1563// 1559// 1564//
f 1564// 1559// 1529//
f 1564// 1529// 1531//
f 1539// 1560// 1540//
f 1540// 1560// 1561//
f 1540// 1561// 1565//
f 1565// 1561// 1562//
f 1565// 1562// 1566//
f 1566// 1562// 1563//
f 1566// 1563// 1567//
f 1567// 1563// 1564//
f 1567// 1564// 1568//
f 1568// 1564// 1531//
f 1568// 1531// 1533//
f 1514// 1540// 1523//
f 1523// 1540// 1565//
f 1523// 1565// 1522//
f 1522// 1565// 1566//
f 1522// 1566// 1521//
f 1521// 1566// 1567//
f 1521// 1567// 1520//
f 1520// 1567// 1568//
f 1520// 1568// 1519//
f 1519// 1568// 1533//
f 1519// 1533// 1512//
f 1550// 1003// 1544//
f 1539// 1555// 1560//
f 1560// 1555// 1547//
f 1560// 1547// 1556//
f 1556// 1547// 1541//
f 1556// 1541// 1549//
f 1549// 1541// 1543//
f 1549// 1543// 1550//
f 1550// 1543// 1003//
f 1511// 1532// 1569//
f 1570// 1571// 1572//
f 1008// 1573// 1574//
f 1572// 1571// 1008//
f 1575// 1008// 1571//
f 1575// 1571// 1576//
f 1576// 1571// 1570//
f 1576// 1570// 1577//
f 1524// 1008// 1575//
f 1578// 1579// 1580//
f 1580// 1579// 1574//
f 1580// 1574// 1581//
f 1581// 1574// 1573//
f 1581// 1573// 1582//
f 1524// 1575// 1526//
f 1526// 1575// 1576//
f 1526// 1576// 1528//
f 1528// 1576// 1577//
f 1528// 1577// 1530//
f 1583// 1578// 1584//
f 1584// 1578// 1580//
f 1584// 1580// 1585//
f 1585// 1580// 1581//
f 1585// 1581// 1586//
f 1586// 1581// 1582//
f 1586// 1582// 1587//
f 1588// 1583// 1589//
f 1589// 1583// 1584//
f 1589// 1584// 1590//
f 1590// 1584// 1585//
f 1590// 1585// 1591//
f 1591// 1585// 1586//
f 1591// 1586// 1592//
f 1592// 1586// 1587//
f 1592// 1587// 1593//
f 1532// 1588// 1569//
f 1569// 1588// 1589//
f 1569// 1589// 1594//
f 1594// 1589// 1590//
f 1594// 1590// 1595//
f 1595// 1590// 1591//
f 1595// 1591// 1596//
f 1596// 1591// 1592//
f 1596// 1592// 1597//
f 1597// 1592// 1593//
f 1597// 1593// 1598//
f 1511// 1569// 1538//
f 1538// 1569// 1594//
f 1538// 1594// 1537//
f 1537// 1594// 1595//
f 1537// 1595// 1536//
f 1536// 1595// 1596//
f 1536// 1596// 1535//
f 1535// 1596// 1597//
f 1535// 1597// 1534//
f 1534// 1597// 1598//
f 1534// 1598// 1509//
f 1579// 1008// 1574//
f 1532// 1530// 1588//
f 1588// 1530// 1577//
f 1588// 1577// 1583//
f 1583// 1577// 1570//
f 1583// 1570// 1578//
f 1578// 1570// 1572//
f 1578// 1572// 1579//
f 1579// 1572// 1008//
f 1513// 910// 911//
f 1513// 911// 1599//
f 1599// 911// 924//
f 1599// 924// 1600//
f 1600// 924// 923//
f 1600// 923// 1601//
f 1601// 923// 922//
f 1601// 922// 1602//
f 1602// 922// 921//
f 1602// 921// 1603//
f 1603// 921// 920//
f 1603// 920// 1516//
f 1004// 1003// 1548//
f 1004// 1548// 1604//
f 1604// 1548// 1553//
f 1604// 1553// 1605//
f 1605// 1553// 1554//
f 1605// 1554// 1606//
f 1606// 1554// 1555//
f 1606// 1555// 1607//
f 1607// 1555// 1539//
f 1607// 1539// 1608//
f 1608// 1539// 1514//
f 1608// 1514// 1513//
f 1008// 1002// 1609//
f 1008// 1609// 1573//
f 1573// 1609// 1610//
f 1573// 1610// 1582//
f 1582// 1610// 1611//
f 1582// 1611// 1587//
f 1587// 1611// 1612//
f 1587// 1612// 1593//
f 1593// 1612// 1613//
f 1593// 1613// 1598//
f 1598// 1613// 1510//
f 1598// 1510// 1509//
f 1507// 959// 958//
f 1507// 958// 1614//
f 1614// 958// 828//
f 1614// 828// 1615//
f 1615// 828// 827//
f 1615// 827// 1616//
f 1616// 827// 826//
f 1616// 826// 1617//
f 1617// 826// 825//
f 1617// 825// 1618//
f 1618// 825// 836//
f 1618// 836// 1510//
f 1516// 1619// 1620//
f 1621// 1622// 1623//
f 1004// 1604// 1624//
f 1623// 1622// 1004//
f 1625// 1004// 1622//
f 1625// 1622// 1626//
f 1626// 1622// 1621//
f 1626// 1621// 1627//
f 1628// 1004// 1625//
f 1629// 1630// 1631//
f 1631// 1630// 1624//
f 1631// 1624// 1632//
f 1632// 1624// 1604//
f 1632// 1604// 1605//
f 1628// 1625// 1633//
f 1633// 1625// 1626//
f 1633// 1626// 1634//
f 1634// 1626// 1627//
f 1634// 1627// 1635//
f 1636// 1629// 1637//
f 1637// 1629// 1631//
f 1637// 1631// 1638//
f 1638// 1631// 1632//
f 1638// 1632// 1639//
f 1639// 1632// 1605//
f 1639// 1605// 1606//
f 1640// 1636// 1641//
f 1641// 1636// 1637//
f 1641// 1637// 1642//
f 1642// 1637// 1638//
f 1642// 1638// 1643//
f 1643// 1638// 1639//
f 1643// 1639// 1644//
f 1644// 1639// 1606//
f 1644// 1606// 1607//
f 1619// 1640// 1620//
f 1620// 1640// 1641//
f 1620// 1641// 1645//
f 1645// 1641// 1642//
f 1645// 1642// 1646//
f 1646// 1642// 1643//
f 1646// 1643// 1647//
f 1647// 1643// 1644//
f 1647// 1644// 1648//
f 1648// 1644// 1607//
f 1648// 1607// 1608//
f 1516// 1620// 1603//
f 1603// 1620// 1645//
f 1603// 1645// 1602//
f 1602// 1645// 1646//
f 1602// 1646// 1601//
f 1601// 1646// 1647//
f 1601// 1647// 1600//
f 1600// 1647// 1648//
f 1600// 1648// 1599//
f 1599// 1648// 1608//
f 1599// 1608// 1513//
f 1630// 1004// 1624//
f 1619// 1635// 1640//
f 1640// 1635// 1627//
f 1640// 1627// 1636//
f 1636// 1627// 1621//
f 1636// 1621// 1629//
f 1629// 1621// 1623//
f 1629// 1623// 1630//
f 1630// 1623// 1004//
f 1510// 1613// 1649//
f 1650// 1651// 1652//
f 1002// 1653// 1654//
f 1652// 1651// 1002//
f 1655// 1002// 1651//
f 1655// 1651// 1656//
f 1656// 1651// 1650//
f 1656// 1650// 1657//
f 1609// 1002// 1655//
f 1658// 1659// 1660//
f 1660// 1659// 1654//
f 1660// 1654// 1661//
f 1661// 1654// 1653//
f 1661// 1653// 1662//
f 1609// 1655// 1610//
f 1610// 1655// 1656//
f 1610// 1656// 1611//
f 1611// 1656// 1657//
f 1611// 1657// 1612//
f 1663// 1658// 1664//
f 1664// 1658// 1660//
f 1664// 1660// 1665//
f 1665// 1660// 1661//
f 1665// 1661// 1666//
f 1666// 1661// 1662//
f 1666// 1662// 1667//
f 1668// 1663// 1669//
f 1669// 1663// 1664//
f 1669// 1664// 1670//
f 1670// 1664// 1665//
f 1670// 1665// 1671//
f 1671// 1665// 1666//
f 1671// 1666// 1672//
f 1672// 1666// 1667//
f 1672// 1667// 1673//
f 1613// 1668// 1649//
f 1649// 1668// 1669//
f 1649// 1669// 1674//
f 1674// 1669// 1670//
f 1674// 1670// 1675//
f 1675// 1670// 1671//
f 1675// 1671// 1676//
f 1676// 1671// 1672//
f 1676// 1672// 1677//
f 1677// 1672// 1673//
f 1677// 1673// 1678//
f 1510// 1649// 1618//
f 1618// 1649// 1674//
f 1618// 1674// 1617//
f 1617// 1674// 1675//
f 1617// 1675// 1616//
f 1616// 1675// 1676//
f 1616// 1676// 1615//
f 1615// 1676// 1677//
f 1615// 1677// 1614//
f 1614// 1677// 1678//
f 1614// 1678// 1507//
f 1659// 1002// 1654//
f 1613// 1612// 1668//
f 1668// 1612// 1657//
f 1668// 1657// 1663//
f 1663// 1657// 1650//
f 1663// 1650// 1658//
f 1658// 1650// 1652//
f 1658// 1652// 1659//
f 1659// 1652// 1002//
f 1518// 1679// 896//
f 896// 1679// 925//
f 1679// 1680// 925//
f 925// 1680// 1681//
f 925// 1681// 926//
f 1681// 1682// 926//
f 926// 1682// 1683//
f 926// 1683// 850//
f 1683// 1684// 850//
f 850// 1684// 1685//
f 850// 1685// 851//
f 1685// 1686// 851//
f 851// 1686// 1687//
f 851// 1687// 918//
f 1515// 919// 1688//
f 1688// 919// 918//
f 1688// 918// 1689//
f 1689// 918// 1687//
f 1005// 1004// 1628//
f 1005// 1628// 1690//
f 1690// 1628// 1633//
f 1690// 1633// 1691//
f 1691// 1633// 1634//
f 1691// 1634// 1692//
f 1692// 1634// 1635//
f 1692// 1635// 1693//
f 1693// 1635// 1619//
f 1693// 1619// 1694//
f 1694// 1619// 1516//
f 1694// 1516// 1515//
f 1002// 1001// 1695//
f 1002// 1695// 1653//
f 1653// 1695// 1696//
f 1653// 1696// 1662//
f 1662// 1696// 1697//
f 1662// 1697// 1667//
f 1667// 1697// 1698//
f 1667// 1698// 1673//
f 1673// 1698// 1699//
f 1673// 1699// 1678//
f 1678// 1699// 1508//
f 1678// 1508// 1507//
f 1517// 895// 949//
f 1517// 949// 1700//
f 1700// 949// 941//
f 1700// 941// 1701//
f 1701// 941// 940//
f 1701// 940// 1702//
f 1702// 940// 938//
f 1702// 938// 1703//
f 1703// 938// 937//
f 1703// 937// 1704//
f 1704// 937// 960//
f 1704// 960// 1508//
f 1005// 1690// 1705//
f 1690// 1691// 1706//
f 1691// 1692// 1707//
f 1692// 1693// 1708//
f 1693// 1694// 1709//
f 1694// 1515// 1688//
f 1694// 1688// 1709//
f 1709// 1688// 1689//
f 1709// 1689// 1710//
f 1689// 1687// 1710//
f 1710// 1687// 1686//
f 1710// 1686// 1711//
f 1686// 1685// 1711//
f 1711// 1685// 1684//
f 1711// 1684// 1712//
f 1684// 1683// 1712//
f 1712// 1683// 1682//
f 1712// 1682// 1713//
f 1682// 1681// 1713//
f 1713// 1681// 1680//
f 1713// 1680// 1714//
f 1680// 1679// 1714//
f 1714// 1679// 1518//
f 1714// 1518// 1715//
f 1693// 1709// 1708//
f 1708// 1709// 1710//
f 1708// 1710// 1716//
f 1716// 1710// 1711//
f 1716// 1711// 1717//
f 1717// 1711// 1712//
f 1717// 1712// 1718//
f 1718// 1712// 1713//
f 1718// 1713// 1719//
f 1719// 1713// 1714//
f 1719// 1714// 1720//
f 1720// 1714// 1715//
f 1720// 1715// 1721//
f 1692// 1708// 1707//
f 1707// 1708// 1716//
f 1707// 1716// 1722//
f 1722// 1716// 1717//
f 1722// 1717// 1723//
f 1723// 1717// 1718//
f 1723// 1718// 1724//
f 1724// 1718// 1719//
f 1724// 1719// 1725//
f 1725// 1719// 1720//
f 1725// 1720// 1726//
f 1726// 1720// 1721//
f 1726// 1721// 1727//
f 1691// 1707// 1706//
f 1706// 1707// 1722//
f 1706// 1722// 1728//
f 1728// 1722// 1723//
f 1728// 1723// 1729//
f 1729// 1723// 1724//
f 1729// 1724// 1730//
f 1730// 1724// 1725//
f 1730// 1725// 1731//
f 1731// 1725// 1726//
f 1731// 1726// 1732//
f 1732// 1726// 1727//
f 1732// 1727// 1733//
f 1690// 1706// 1705//
f 1705// 1706// 1728//
f 1705// 1728// 1734//
f 1734// 1728// 1729//
f 1734// 1729// 1735//
f 1735// 1729// 1730//
f 1735// 1730// 1736//
f 1736// 1730// 1731//
f 1736// 1731// 1737//
f 1737// 1731// 1732//
f 1737// 1732// 1738//
f 1738// 1732// 1733//
f 1738// 1733// 1739//
f 1005// 1705// 1009//
f 1009// 1705// 1734//
f 1009// 1734// 1006//
f 1006// 1734// 1735//
f 1006// 1735// 1007//
f 1007// 1735// 1736//
f 1007// 1736// 1010//
f 1010// 1736// 1737//
f 1010// 1737// 1011//
f 1011// 1737// 1738//
f 1011// 1738// 1012//
f 1012// 1738// 1739//
f 1012// 1739// 1000//
f 1508// 1699// 1740//
f 1741// 1742// 1743//
f 1001// 1744// 1745//
f 1743// 1742// 1001//
f 1746// 1001// 1742//
f 1746// 1742// 1747//
f 1747// 1742// 1741//
f 1747// 1741// 1748//
f 1695// 1001// 1746//
f 1749// 1750// 1751//
f 1751// 1750// 1745//
f 1751// 1745// 1752//
f 1752// 1745// 1744//
f 1752// 1744// 1753//
f 1695// 1746// 1696//
f 1696// 1746// 1747//
f 1696// 1747// 1697//
f 1697// 1747// 1748//
f 1697// 1748// 1698//
f 1754// 1749// 1755//
f 1755// 1749// 1751//
f 1755// 1751// 1756//
f 1756// 1751// 1752//
f 1756// 1752// 1757//
f 1757// 1752// 1753//
f 1757// 1753// 1758//
f 1759// 1754// 1760//
f 1760// 1754// 1755//
f 1760// 1755// 1761//
f 1761// 1755// 1756//
f 1761// 1756// 1762//
f 1762// 1756// 1757//
f 1762// 1757// 1763//
f 1763// 1757// 1758//
f 1763// 1758// 1764//
f 1699// 1759// 1740//
f 1740// 1759// 1760//
f 1740// 1760// 1765//
f 1765// 1760// 1761//
f 1765// 1761// 1766//
f 1766// 1761// 1762//
f 1766// 1762// 1767//
f 1767// 1762// 1763//
f 1767// 1763// 1768//
f 1768// 1763// 1764//
f 1768// 1764// 1769//
f 1508// 1740// 1704//
f 1704// 1740// 1765//
f 1704// 1765// 1703//
f 1703// 1765// 1766//
f 1703// 1766// 1702//
f 1702// 1766// 1767//
f 1702// 1767// 1701//
f 1701// 1767// 1768//
f 1701// 1768// 1700//
f 1700// 1768// 1769//
f 1700// 1769// 1517//
f 1750// 1001// 1745//
f 1699// 1698// 1759//
f 1759// 1698// 1748//
f 1759// 1748// 1754//
f 1754// 1748// 1741//
f 1754// 1741// 1749//
f 1749// 1741// 1743//
f 1749// 1743// 1750//
f 1750// 1743// 1001//
f 1001// 1000// 1739//
f 1001// 1739// 1744//
f 1744// 1739// 1733//
f 1744// 1733// 1753//
f 1753// 1733// 1727//
f 1753// 1727// 1758//
f 1758// 1727// 1721//
f 1758// 1721// 1764//
f 1764// 1721// 1715//
f 1764// 1715// 1769//
f 1769// 1715// 1518//
f 1769// 1518// 1517//
usemtl 2
f 1770// 1771// 894//
f 894// 1771// 863//
f 1772// 1770// 852//
f 852// 1770// 894//
f 1773// 1772// 864//
f 864// 1772// 852//
f 1771// 1773// 863//
f 863// 1773// 864//
f 1774// 1775// 1770//
f 1776// 1777// 1771//
f 1771// 1777// 1778//
f 1779// 1780// 1772//
f 1781// 1782// 1770//
f 1770// 1775// 1771//
f 1771// 1775// 1783//
f 1771// 1783// 1776//
f 1784// 1773// 1785//
f 1785// 1773// 1771//
f 1785// 1771// 1786//
f 1786// 1771// 1778//
f 1784// 1787// 1773//
f 1773// 1787// 1788//
f 1773// 1788// 1789//
f 1782// 1790// 1770//
f 1770// 1790// 1791//
f 1770// 1791// 1774//
f 1789// 1792// 1773//
f 1773// 1792// 1793//
f 1773// 1793// 1772//
f 1772// 1793// 1794//
f 1772// 1794// 1779//
f 1780// 1795// 1772//
f 1772// 1795// 1796//
f 1772// 1796// 1770//
f 1770// 1796// 1797//
f 1770// 1797// 1781//
usemtl 3
f 1798// 1799// 1800//
f 1800// 1799// 1801//
f 1800// 1801// 1802//
f 1802// 1801// 1803//
f 1802// 1803// 1804//
f 1804// 1803// 1805//
f 1804// 1805// 1806//
f 1806// 1805// 1807//
f 1806// 1807// 1808//
f 1808// 1807// 1809//
f 1808// 1809// 1810//
f 1810// 1809// 1811//
f 1810// 1811// 1812//
f 1812// 1811// 1813//
f 1812// 1813// 1814//
f 1814// 1813// 1815//
f 1814// 1815// 1816//
f 1816// 1815// 1817//
f 1816// 1817// 1818//
f 1818// 1817// 1819//
f 1818// 1819// 1820//
f 1820// 1819// 1821//
f 1820// 1821// 1822//
f 1822// 1821// 1823//
f 1822// 1823// 1824//
f 1824// 1823// 1825//
f 1824// 1825// 1826//
f 1826// 1825// 1827//
f 1826// 1827// 1828//
f 1828// 1827// 1829//
f 1828// 1829// 1830//
f 1830// 1829// 1831//
f 1830// 1831// 1832//
f 1832// 1831// 1833//
f 1832// 1833// 1834//
f 1834// 1833// 1835//
f 1834// 1835// 1836//
f 1836// 1835// 1837//
f 1836// 1837// 1838//
f 1838// 1837// 1839//
f 1838// 1839// 1840//
f 1840// 1839// 1841//
f 1840// 1841// 1842//
f 1842// 1841// 1843//
f 1842// 1843// 1844//
f 1844// 1843// 1845//
f 1844// 1845// 1798//
f 1798// 1845// 1799//
f 1793// 1825// 1794//
f 1794// 1825// 1823//
f 1794// 1823// 1779//
f 1779// 1823// 1821//
f 1779// 1821// 1780//
f 1780// 1821// 1819//
f 1780// 1819// 1795//
f 1795// 1819// 1817//
f 1795// 1817// 1796//
f 1796// 1817// 1815//
f 1796// 1815// 1797//
f 1797// 1815// 1813//
f 1797// 1813// 1781//
f 1781// 1813// 1811//
f 1781// 1811// 1782//
f 1782// 1811// 1809//
f 1782// 1809// 1790//
f 1790// 1809// 1807//
f 1790// 1807// 1791//
f 1791// 1807// 1805//
f 1791// 1805// 1774//
f 1774// 1805// 1803//
f 1774// 1803// 1775//
f 1775// 1803// 1801//
f 1775// 1801// 1783//
f 1783// 1801// 1799//
f 1783// 1799// 1776//
f 1776// 1799// 1845//
f 1776// 1845// 1777//
f 1777// 1845// 1843//
f 1777// 1843// 1778//
f 1778// 1843// 1841//
f 1778// 1841// 1786//
f 1786// 1841// 1839//
f 1786// 1839// 1785//
f 1785// 1839// 1837//
f 1785// 1837// 1784//
f 1784// 1837// 1835//
f 1784// 1835// 1787//
f 1787// 1835// 1833//
f 1787// 1833// 1788//
f 1788// 1833// 1831//
f 1788// 1831// 1789//
f 1789// 1831// 1829//
f 1789// 1829// 1792//
f 1792// 1829// 1827//
f 1792// 1827// 1793//
f 1793// 1827// 1825//
f 1826// 1846// 1824//
f 1824// 1846// 1847//
f 1824// 1847// 1822//
f 1822// 1847// 1848//
f 1822// 1848// 1820//
f 1820// 1848// 1849//
f 1820// 1849// 1818//
f 1818// 1849// 1850//
f 1818// 1850// 1816//
f 1816// 1850// 1851//
f 1816// 1851// 1814//
f 1814// 1851// 1852//
f 1814// 1852// 1812//
f 1812// 1852// 1853//
f 1812// 1853// 1810//
f 1810// 1853// 1854//
f 1810// 1854// 1808//
f 1808// 1854// 1855//
f 1808// 1855// 1806//
f 1806// 1855// 1856//
f 1806// 1856// 1804//
f 1804// 1856// 1857//
f 1804// 1857// 1802//
f 1802// 1857// 1858//
f 1802// 1858// 1800//
f 1800// 1858// 1859//
f 1800// 1859// 1798//
f 1798// 1859// 1860//
f 1798// 1860// 1844//
f 1844// 1860// 1861//
f 1844// 1861// 1842//
f 1842// 1861// 1862//
f 1842// 1862// 1840//
f 1840// 1862// 1863//
f 1840// 1863// 1838//
f 1838// 1863// 1864//
f 1838// 1864// 1836//
f 1836// 1864// 1865//
f 1836// 1865// 1834//
f 1834// 1865// 1866//
f 1834// 1866// 1832//
f 1832// 1866// 1867//
f 1832// 1867// 1830//
f 1830// 1867// 1868//
f 1830// 1868// 1828//
f 1828// 1868// 1869//
f 1828// 1869// 1826//
f 1826// 1869// 1846//
usemtl 2
f 1870// 1856// 1871//
f 1871// 1856// 1855//
f 1871// 1855// 1872//
f 1872// 1855// 1854//
f 1872// 1854// 1873//
f 1873// 1854// 1853//
f 1873// 1853// 1874//
f 1874// 1853// 1852//
f 1874// 1852// 1875//
f 1875// 1852// 1851//
f 1875// 1851// 1876//
f 1876// 1851// 1850//
f 1876// 1850// 1877//
f 1877// 1850// 1849//
f 1877// 1849// 1878//
f 1878// 1849// 1848//
f 1878// 1848// 1879//
f 1879// 1848// 1847//
f 1879// 1847// 1880//
f 1880// 1847// 1846//
f 1880// 1846// 1881//
f 1881// 1846// 1869//
f 1881// 1869// 1882//
f 1882// 1869// 1868//
f 1882// 1868// 1883//
f 1883// 1868// 1867//
f 1883// 1867// 1884//
f 1884// 1867// 1866//
f 1884// 1866// 1885//
f 1885// 1866// 1865//
f 1885// 1865// 1886//
f 1886// 1865// 1864//
f 1886// 1864// 1887//
f 1887// 1864// 1863//
f 1887// 1863// 1888//
f 1888// 1863// 1862//
f 1888// 1862// 1889//
f 1889// 1862// 1861//
f 1889// 1861// 1890//
f 1890// 1861// 1860//
f 1890// 1860// 1891//
f 1891// 1860// 1859//
f 1891// 1859// 1892//
f 1892// 1859// 1858//
f 1892// 1858// 1893//
f 1893// 1858// 1857//
f 1893// 1857// 1870//
f 1870// 1857// 1856//
usemtl 3
f 1880// 1894// 1879//
f 1879// 1894// 1895//
f 1879// 1895// 1878//
f 1878// 1895// 1896//
f 1878// 1896// 1877//
f 1877// 1896// 1897//
f 1877// 1897// 1876//
f 1876// 1897// 1898//
f 1876// 1898// 1875//
f 1875// 1898// 1899//
f 1875// 1899// 1874//
f 1874// 1899// 1900//
f 1874// 1900// 1873//
f 1873// 1900// 1901//
f 1873// 1901// 1872//
f 1872// 1901// 1902//
f 1872// 1902// 1871//
f 1871// 1902// 1903//
f 1871// 1903// 1870//
f 1870// 1903// 1904//
f 1870// 1904// 1893//
f 1893// 1904// 1905//
f 1893// 1905// 1892//
f 1892// 1905// 1906//
f 1892// 1906// 1891//
f 1891// 1906// 1907//
f 1891// 1907// 1890//
f 1890// 1907// 1908//
f 1890// 1908// 1889//
f 1889// 1908// 1909//
f 1889// 1909// 1888//
f 1888// 1909// 1910//
f 1888// 1910// 1887//
f 1887// 1910// 1911//
f 1887// 1911// 1886//
f 1886// 1911// 1912//
f 1886// 1912// 1885//
f 1885// 1912// 1913//
f 1885// 1913// 1884//
f 1884// 1913// 1914//
f 1884// 1914// 1883//
f 1883// 1914// 1915//
f 1883// 1915// 1882//
f 1882// 1915// 1916//
f 1882// 1916// 1881//
f 1881// 1916// 1917//
f 1881// 1917// 1880//
f 1880// 1917// 1894//
f 1918// 1919// 1920//
f 1920// 1919// 1921//
f 1920// 1921// 1922//
f 1923// 1924// 1920//
f 1920// 1924// 1925//
f 1920// 1925// 1918//
f 1926// 1927// 1920//
f 1920// 1927// 1928//
f 1920// 1928// 1923//
f 1929// 1930// 1920//
f 1920// 1930// 1931//
f 1920// 1931// 1926//
f 1932// 1933// 1920//
f 1920// 1933// 1934//
f 1920// 1934// 1929//
f 1935// 1936// 1920//
f 1920// 1936// 1937//
f 1920// 1937// 1932//
f 1938// 1939// 1920//
f 1920// 1939// 1940//
f 1920// 1940// 1935//
f 1922// 1941// 1920//
f 1920// 1941// 1942//
f 1920// 1942// 1938//
f 1921// 1943// 1922//
f 1922// 1943// 1944//
f 1922// 1944// 1941//
f 1941// 1944// 1945//
f 1941// 1945// 1942//
f 1942// 1945// 1946//
f 1942// 1946// 1938//
f 1938// 1946// 1947//
f 1938// 1947// 1939//
f 1939// 1947// 1948//
f 1939// 1948// 1940//
f 1940// 1948// 1949//
f 1940// 1949// 1935//
f 1935// 1949// 1950//
f 1935// 1950// 1936//
f 1936// 1950// 1951//
f 1936// 1951// 1937//
f 1937// 1951// 1952//
f 1937// 1952// 1932//
f 1932// 1952// 1953//
f 1932// 1953// 1933//
f 1933// 1953// 1954//
f 1933// 1954// 1934//
f 1934// 1954// 1955//
f 1934// 1955// 1929//
f 1929// 1955// 1956//
f 1929// 1956// 1930//
f 1930// 1956// 1957//
f 1930// 1957// 1931//
f 1931// 1957// 1958//
f 1931// 1958// 1926//
f 1926// 1958// 1959//
f 1926// 1959// 1927//
f 1927// 1959// 1960//
f 1927// 1960// 1928//
f 1928// 1960// 1961//
f 1928// 1961// 1923//
f 1923// 1961// 1962//
f 1923// 1962// 1924//
f 1924// 1962// 1963//
f 1924// 1963// 1925//
f 1925// 1963// 1964//
f 1925// 1964// 1918//
f 1918// 1964// 1965//
f 1918// 1965// 1919//
f 1919// 1965// 1966//
f 1919// 1966// 1921//
f 1921// 1966// 1943//
f 1966// 1967// 1943//
f 1943// 1967// 1968//
f 1943// 1968// 1944//
f 1944// 1968// 1969//
f 1944// 1969// 1945//
f 1945// 1969// 1970//
f 1945// 1970// 1946//
f 1946// 1970// 1971//
f 1946// 1971// 1947//
f 1947// 1971// 1972//
f 1947// 1972// 1948//
f 1948// 1972// 1973//
f 1948// 1973// 1949//
f 1949// 1973// 1974//
f 1949// 1974// 1950//
f 1950// 1974// 1975//
f 1950// 1975// 1951//
f 1951// 1975// 1976//
f 1951// 1976// 1952//
f 1952// 1976// 1977//
f 1952// 1977// 1953//
f 1953// 1977// 1978//
f 1953// 1978// 1954//
f 1954// 1978// 1979//
f 1954// 1979// 1955//
f 1955// 1979// 1980//
f 1955// 1980// 1956//
f 1956// 1980// 1981//
f 1956// 1981// 1957//
f 1957// 1981// 1982//
f 1957// 1982// 1958//
f 1958// 1982// 1983//
f 1958// 1983// 1959//
f 1959// 1983// 1984//
f 1959// 1984// 1960//
f 1960// 1984// 1985//
f 1960// 1985// 1961//
f 1961// 1985// 1986//
f 1961// 1986// 1962//
f 1962// 1986// 1987//
f 1962// 1987// 1963//
f 1963// 1987// 1988//
f 1963// 1988// 1964//
f 1964// 1988// 1989//
f 1964// 1989// 1965//
f 1965// 1989// 1990//
f 1965// 1990// 1966//
f 1966// 1990// 1967//
f 1990// 1991// 1967//
f 1967// 1991// 1992//
f 1967// 1992// 1968//
f 1968// 1992// 1993//
f 1968// 1993// 1969//
f 1969// 1993// 1994//
f 1969// 1994// 1970//
f 1970// 1994// 1995//
f 1970// 1995// 1971//
f 1971// 1995// 1996//
f 1971// 1996// 1972//
f 1972// 1996// 1997//
f 1972// 1997// 1973//
f 1973// 1997// 1998//
f 1973// 1998// 1974//
f 1974// 1998// 1999//
f 1974// 1999// 1975//
f 1975// 1999// 2000//
f 1975// 2000// 1976//
f 1976// 2000// 2001//
f 1976// 2001// 1977//
f 1977// 2001// 2002//
f 1977// 2002// 1978//
f 1978// 2002// 2003//
f 1978// 2003// 1979//
f 1979// 2003// 2004//
f 1979// 2004// 1980//
f 1980// 2004// 2005//
f 1980// 2005// 1981//
f 1981// 2005// 2006//
f 1981// 2006// 1982//
f 1982// 2006// 2007//
f 1982// 2007// 1983//
f 1983// 2007// 2008//
f 1983// 2008// 1984//
f 1984// 2008// 2009//
f 1984// 2009// 1985//
f 1985// 2009// 2010//
f 1985// 2010// 1986//
f 1986// 2010// 2011//
f 1986// 2011// 1987//
f 1987// 2011// 2012//
f 1987// 2012// 1988//
f 1988// 2012// 2013//
f 1988// 2013// 1989//
f 1989// 2013// 2014//
f 1989// 2014// 1990//
f 1990// 2014// 1991//
f 2014// 2015// 1991//
f 1991// 2015// 2016//
f 1991// 2016// 1992//
f 1992// 2016// 2017//
f 1992// 2017// 1993//
f 1993// 2017// 2018//
f 1993// 2018// 1994//
f 1994// 2018// 2019//
f 1994// 2019// 1995//
f 1995// 2019// 2020//
f 1995// 2020// 1996//
f 1996// 2020// 2021//
f 1996// 2021// 1997//
f 1997// 2021// 2022//
f 1997// 2022// 1998//
f 1998// 2022// 2023//
f 1998// 2023// 1999//
f 1999// 2023// 2024//
f 1999// 2024// 2000//
f 2000// 2024// 2025//
f 2000// 2025// 2001//
f 2001// 2025// 2026//
f 2001// 2026// 2002//
f 2002// 2026// 2027//
f 2002// 2027// 2003//
f 2003// 2027// 2028//
f 2003// 2028// 2004//
f 2004// 2028// 2029//
f 2004// 2029// 2005//
f 2005// 2029// 2030//
f 2005// 2030// 2006//
f 2006// 2030// 2031//
f 2006// 2031// 2007//
f 2007// 2031// 2032//
f 2007// 2032// 2008//
f 2008// 2032// 2033//
f 2008// 2033// 2009//
f 2009// 2033// 2034//
f 2009// 2034// 2010//
f 2010// 2034// 2035//
f 2010// 2035// 2011//
f 2011// 2035// 2036//
f 2011// 2036// 2012//
f 2012// 2036// 2037//
f 2012// 2037// 2013//
f 2013// 2037// 2038//
f 2013// 2038// 2014//
f 2014// 2038// 2015//
f 2038// 2039// 2015//
f 2015// 2039// 2040//
f 2015// 2040// 2016//
f 2016// 2040// 2041//
f 2016// 2041// 2017//
f 2017// 2041// 2042//
f 2017// 2042// 2018//
f 2018// 2042// 2043//
f 2018// 2043// 2019//
f 2019// 2043// 2044//
f 2019// 2044// 2020//
f 2020// 2044// 2045//
f 2020// 2045// 2021//
f 2021// 2045// 2046//
f 2021// 2046// 2022//
f 2022// 2046// 2047//
f 2022// 2047// 2023//
f 2023// 2047// 2048//
f 2023// 2048// 2024//
f 2024// 2048// 2049//
f 2024// 2049// 2025//
f 2025// 2049// 2050//
f 2025// 2050// 2026//
f 2026// 2050// 2051//
f 2026// 2051// 2027//
f 2027// 2051// 2052//
f 2027// 2052// 2028//
f 2028// 2052// 2053//
f 2028// 2053// 2029//
f 2029// 2053// 2054//
f 2029// 2054// 2030//
f 2030// 2054// 2055//
f 2030// 2055// 2031//
f 2031// 2055// 2056//
f 2031// 2056// 2032//
f 2032// 2056// 2057//
f 2032// 2057// 2033//
f 2033// 2057// 2058//
f 2033// 2058// 2034//
f 2034// 2058// 2059//
f 2034// 2059// 2035//
f 2035// 2059// 2060//
f 2035// 2060// 2036//
f 2036// 2060// 2061//
f 2036// 2061// 2037//
f 2037// 2061// 2062//
f 2037// 2062// 2038//
f 2038// 2062// 2039//
f 2062// 1904// 2039//
f 2039// 1904// 1903//
f 2039// 1903// 2040//
f 2040// 1903// 1902//
f 2040// 1902// 2041//
f 2041// 1902// 1901//
f 2041// 1901// 2042//
f 2042// 1901// 1900//
f 2042// 1900// 2043//
f 2043// 1900// 1899//
f 2043// 1899// 2044//
f 2044// 1899// 1898//
f 2044// 1898// 2045//
f 2045// 1898// 1897//
f 2045// 1897// 2046//
f 2046// 1897// 1896//
f 2046// 1896// 2047//
f 2047// 1896// 1895//
f 2047// 1895// 2048//
f 2048// 1895// 1894//
f 2048// 1894// 2049//
f 2049// 1894// 1917//
f 2049// 1917// 2050//
f 2050// 1917// 1916//
f 2050// 1916// 2051//
f 2051// 1916// 1915//
f 2051// 1915// 2052//
f 2052// 1915// 1914//
f 2052// 1914// 2053//
f 2053// 1914// 1913//
f 2053// 1913// 2054//
f 2054// 1913// 1912//
f 2054// 1912// 2055//
f 2055// 1912// 1911//
f 2055// 1911// 2056//
f 2056// 1911// 1910//
f 2056// 1910// 2057//
f 2057// 1910// 1909//
f 2057// 1909// 2058//
f 2058// 1909// 1908//
f 2058// 1908// 2059//
f 2059// 1908// 1907//
f 2059// 1907// 2060//
f 2060// 1907// 1906//
f 2060// 1906// 2061//
f 2061// 1906// 1905//
f 2061// 1905// 2062//
f 2062// 1905// 1904//
