v -1.061482 0.504397 0.0
v -1.14894 0.504397 0.0
v -1.14894 0.9175 0.0
newmtl 1
Ka 0.28627450980392155 0.6627450980392157 0.32941176470588235
Kd 0.2 0.4627450980392157 0.23137254901960785
Ks 0.01568627450980392 0.03137254901960784 0.01568627450980392
d 0.0
endmtl
v -1.685 -1.055 0.0
v -2.035 -1.055 0.0
v -2.1975 -0.076694 0.0
v 0.415 -1.055 0.0
v 0.065 -1.055 0.0
v -0.075507 -0.076694 0.0
v -2.1975 -1.88 0.0
v -2.36 -1.88 0.0
v -2.36 -1.7425 0.0
v -0.075507 -1.88 0.0
v -0.382477 -1.88 0.0
v -0.382477 -1.7425 0.0
v -0.518264 -0.076694 0.0
v -0.382477 -0.076694 0.0
v -0.635 -1.055 0.0
v -0.626726 -0.076694 0.0
v -0.626726 -1.7425 0.0
v -0.867233 -0.076694 0.0
v -0.867233 -1.055 0.0
v -0.985 -1.055 0.0
v -1.061482 -0.076694 0.0
v -1.061482 -1.7425 0.0
v -0.985 -1.605 0.0
v -0.867233 -1.7425 0.0
v -0.867233 -1.605 0.0
v -0.635 -1.605 0.0
v -0.867233 1.055 0.0
v -0.635 1.055 0.0
v -0.626726 0.9175 0.0
v -0.626726 1.88 0.0
v -0.635 1.605 0.0
v -0.867233 1.88 0.0
v -0.867233 1.605 0.0
v -1.061482 1.88 0.0
v 2.36 -0.076694 0.0
v 2.07 -0.0 0.0
v 2.36 0.504397 0.0
v 2.055013 0.15217 0.0
v 2.010626 0.298493 0.0
v 1.115 -1.055 0.0
v 1.115 -1.605 0.0
v 0.8125 -1.7425 0.0
v 1.465 -1.605 0.0
v 1.465 -1.055 0.0
v 2.36 -1.7425 0.0
v 2.010626 -0.298493 0.0
v 2.055013 -0.15217 0.0
v 2.062446 -0.076694 0.0
v 0.991507 -0.720626 0.0
v 1.13783 -0.765013 0.0
v 1.29 -0.78 0.0
v 1.442171 -0.765013 0.0
v 1.588493 -0.720626 0.0
v 1.723345 -0.648546 0.0
v 1.841543 -0.551543 0.0
v 1.938546 -0.433345 0.0
v 0.4625 -1.7425 0.0
v 0.738457 -0.551543 0.0
v 0.8125 -0.612309 0.0
v 0.856655 -0.648546 0.0
v 0.524987 -0.15217 0.0
v 0.569374 -0.298493 0.0
v 0.641454 -0.433345 0.0
v 0.641454 0.433345 0.0
v 0.569374 0.298493 0.0
v 0.4625 0.504397 0.0
v 0.524987 0.15217 0.0
v 0.4625 -0.076694 0.0
v 0.51 -0.0 0.0
v 0.517554 -0.076694 0.0
v 1.938546 0.433345 0.0
v 1.880235 0.504397 0.0
v 2.36 0.9175 0.0
v 1.841543 0.551543 0.0
v 1.723345 0.648546 0.0
v 1.588493 0.720626 0.0
v 1.442171 0.765013 0.0
v 1.29 0.78 0.0
v 0.991507 0.720626 0.0
v 0.8125 0.9175 0.0
v 1.13783 0.765013 0.0
v 0.856655 0.648546 0.0
v 0.8125 0.612309 0.0
v 0.4625 0.9175 0.0
v 0.738457 0.551543 0.0
v 0.699765 0.504397 0.0
v -1.081087 -0.043118 0.0
v -1.061482 -0.054511 0.0
v -1.049763 -0.061321 0.0
v -1.015195 -0.071625 0.0
v -0.981162 0.225135 0.0
v -1.024504 0.220502 0.0
v -0.978075 -0.074865 0.0
v -0.896501 0.225135 0.0
v -1.09257 0.186019 0.0
v -1.113785 0.162495 0.0
v -1.059604 0.208177 0.0
v -1.061482 0.206918 0.0
v -1.092256 0.186294 0.0
v -1.137964 0.078908 0.0
v -1.133755 0.038759 0.0
v -1.14894 -0.076694 0.0
v -1.122984 0.007359 0.0
v -1.10578 -0.019474 0.0
v -1.127727 0.136694 0.0
v -1.135784 0.107137 0.0
v -0.548197 0.195867 0.0
v -0.518656 0.19255 0.0
v -0.613076 -0.029367 0.0
v -0.618452 -0.059316 0.0
v -0.618452 -0.026389 0.0
v -0.626726 0.504397 0.0
v -0.58466 0.19113 0.0
v -0.618452 0.17666 0.0
v -0.618452 0.216904 0.0
v -0.498936 -0.07469 0.0
v -0.469859 -0.064681 0.0
v -0.445727 -0.049272 0.0
v -0.428698 0.174168 0.0
v -0.455783 0.200216 0.0
v -0.382477 0.504397 0.0
v -0.484278 0.216618 0.0
v -0.395282 0.069476 0.0
v -0.399597 0.112127 0.0
v -0.411114 0.146119 0.0
v -0.496202 0.184446 0.0
v -0.475437 0.170555 0.0
v -0.457321 0.150555 0.0
v -0.435525 0.071934 0.0
v -0.438563 0.039457 0.0
v -0.446714 0.013653 0.0
v -0.51347 -0.042458 0.0
v -0.541452 -0.045596 0.0
v -0.491611 -0.03441 0.0
v -0.473199 -0.022001 0.0
v -0.459121 -0.007149 0.0
v -0.581274 -0.041176 0.0
v -0.423193 -0.025548 0.0
v -0.407211 0.002977 0.0
v -0.398183 0.034732 0.0
v -0.444953 0.127392 0.0
v -0.436956 0.095276 0.0
v -0.517722 0.226334 0.0
v -0.547854 0.228794 0.0
v -0.583767 0.226316 0.0
v -0.586474 -0.072446 0.0
v -0.55616 -0.076694 0.0
v -0.54411 -0.078383 0.0
v -0.535907 -0.078523 0.0
v -0.075507 -1.7425 0.0
v 0.4625 -1.88 0.0
v 0.8125 -1.88 0.0
v 2.36 -1.88 0.0
v -0.626726 -1.88 0.0
v -0.867233 -1.88 0.0
v -2.1975 -1.7425 0.0
v -1.557824 -1.88 0.0
v -1.557824 -1.7425 0.0
v -1.14894 -1.88 0.0
v 0.065 -1.605 0.0
v 0.415 -1.605 0.0
v -1.061482 -1.88 0.0
v -1.14894 -1.7425 0.0
v -1.557824 -0.076694 0.0
v -2.035 -1.605 0.0
v -1.685 -1.605 0.0
v -0.369672 -0.041938 0.0
v -0.369672 -0.074865 0.0
v -0.216013 -0.074865 0.0
v -0.075507 0.504397 0.0
v -0.216013 0.225135 0.0
v -0.256257 0.225135 0.0
v -0.256257 -0.041938 0.0
v -0.676989 0.225135 0.0
v -0.830647 0.225135 0.0
v -0.867233 0.504397 0.0
v -0.830647 0.192208 0.0
v -0.837965 -0.041938 0.0
v -0.717233 0.060501 0.0
v -0.717233 -0.041938 0.0
v -0.82333 0.060501 0.0
v -0.82333 0.093428 0.0
v -0.717233 0.093428 0.0
v -0.717233 0.192208 0.0
v -1.203818 -0.074865 0.0
v -1.159916 -0.074865 0.0
v -1.27333 0.225135 0.0
v -1.356391 0.009282 0.0
v -1.232458 0.009282 0.0
v -1.386745 -0.074865 0.0
v -1.557824 0.504397 0.0
v -1.313574 0.225135 0.0
v -1.430647 -0.074865 0.0
v -0.382477 0.9175 0.0
v -0.075507 0.9175 0.0
v -0.867233 0.9175 0.0
v -0.985 1.055 0.0
v -0.837965 -0.074865 0.0
v -0.676989 -0.074865 0.0
v -1.061482 0.9175 0.0
v -0.985 1.605 0.0
v -1.557824 1.88 0.0
v -1.557824 0.9175 0.0
v -2.1975 0.504397 0.0
v -2.1975 0.9175 0.0
v 1.115 1.605 0.0
v 1.115 1.055 0.0
v 1.465 1.055 0.0
v 2.36 1.88 0.0
v 1.465 1.605 0.0
v 0.8125 1.88 0.0
v -0.075507 1.88 0.0
v 0.4625 1.88 0.0
v 0.415 1.605 0.0
v 0.065 1.605 0.0
v 0.065 1.055 0.0
v 0.415 1.055 0.0
v -0.382477 1.88 0.0
v -1.14894 1.88 0.0
v -0.896501 -0.074865 0.0
v -1.685 1.055 0.0
v -2.035 1.055 0.0
v -2.035 1.605 0.0
v -2.1975 1.88 0.0
v -1.685 1.605 0.0
v -2.36 -0.076694 0.0
v -2.36 0.504397 0.0
v -2.36 0.9175 0.0
v -2.36 1.88 0.0
v 2.0 -0.82 0.34
v 1.992875 -0.91962 0.34
v 2.05 -1.56 0.34
newmtl 2
Ka 0.6666666666666666 0.6980392156862745 0.7686274509803922
Kd 0.6666666666666666 0.6980392156862745 0.7686274509803922
Ks 0.3333333333333333 0.34901960784313724 0.3843137254901961
d 0.0
endmtl
v 1.971645 -1.017213 0.34
v 2.0 0.82 0.34
v 2.05 1.56 0.34
v 1.992875 0.91962 0.34
v 1.936742 -1.11079 0.34
v 1.888878 -1.198449 0.34
v 1.829025 -1.278403 0.34
v 1.758403 -1.349025 0.34
v 1.678449 -1.408877 0.34
v 2.04 -1.57 0.34
v 1.590791 -1.456742 0.34
v 1.497213 -1.491645 0.34
v -1.39962 -1.512875 0.34
v -1.497213 -1.491645 0.34
v -2.04 -1.57 0.34
v -1.590791 -1.456742 0.34
v -2.05 -1.56 0.34
v -1.829025 -1.278403 0.34
v -1.888878 -1.198449 0.34
v -2.047071 -1.567071 0.34
v -2.045 -1.56866 0.34
v -1.758403 -1.349025 0.34
v -1.936742 -1.11079 0.34
v -1.971645 -1.017213 0.34
v -1.992875 -0.91962 0.34
v 2.045 -1.56866 0.34
v 2.047071 -1.567071 0.34
v -2.04866 -1.565 0.34
v -1.678449 -1.408877 0.34
v -2.042588 -1.569659 0.34
v -1.971645 1.017213 0.34
v -1.936742 1.11079 0.34
v -2.05 1.56 0.34
v -1.678449 1.408877 0.34
v -1.590791 1.456742 0.34
v -2.04 1.57 0.34
v -1.497213 1.491645 0.34
v -1.39962 1.512875 0.34
v 2.04 1.57 0.34
v 1.497213 1.491645 0.34
v 1.590791 1.456742 0.34
v 1.888878 1.198449 0.34
v 1.936742 1.11079 0.34
v 1.971645 1.017213 0.34
v 2.042588 -1.569659 0.34
v 2.04866 -1.565 0.34
v 2.049659 -1.562588 0.34
v -2.049659 -1.562588 0.34
v 1.39962 -1.512875 0.34
v 1.3 -1.52 0.34
v -1.3 -1.52 0.34
v -2.0 -0.82 0.34
v -2.0 0.82 0.34
v -1.992875 0.91962 0.34
v -2.045 1.56866 0.34
v -2.047071 1.567071 0.34
v -1.758403 1.349025 0.34
v -1.888878 1.198449 0.34
v -1.829025 1.278403 0.34
v -2.049659 1.562588 0.34
v -2.04866 1.565 0.34
v -1.3 1.52 0.34
v 1.3 1.52 0.34
v 1.39962 1.512875 0.34
v 2.04866 1.565 0.34
v 2.047071 1.567071 0.34
v 1.829025 1.278403 0.34
v -2.042588 1.569659 0.34
v 2.049659 1.562588 0.34
v 1.678449 1.408877 0.34
v 1.758403 1.349025 0.34
v 2.042588 1.569659 0.34
v 2.045 1.56866 0.34
v 2.36 1.88 0.24
v 2.36 -1.88 0.24
v -2.36 1.88 0.24
v -2.36 -1.88 0.24
v 2.049659 -1.562588 0.24
v 2.04866 -1.565 0.24
v 2.047071 -1.567071 0.24
v 2.045 -1.56866 0.24
v -2.042588 -1.569659 0.24
v -2.045 -1.56866 0.24
v -2.047071 -1.567071 0.24
v -2.04866 -1.565 0.24
v -2.049659 1.562588 0.24
v -2.04866 1.565 0.24
v -2.047071 1.567071 0.24
v -2.045 1.56866 0.24
v 2.042588 1.569659 0.24
v 2.045 1.56866 0.24
v 2.047071 1.567071 0.24
v 2.04866 1.565 0.24
v 2.049659 1.562588 0.24
v 2.05 1.56 0.24
v 2.05 -1.56 0.24
v 2.042588 -1.569659 0.24
v 2.04 -1.57 0.24
v -2.04 -1.57 0.24
v -2.049659 -1.562588 0.24
v -2.05 -1.56 0.24
v -2.05 1.56 0.24
v -2.042588 1.569659 0.24
v -2.04 1.57 0.24
v 2.04 1.57 0.24
v 1.870634 1.00541 0.47
v 1.845779 1.069249 0.44
v 1.839745 1.079984 0.47
v 1.839924 1.079971 0.44
v 1.834604 1.092394 0.47
v 1.9 0.82 0.47
v 1.9 0.82 0.44
v 1.892613 0.913861 0.47
v 1.893893 0.905389 0.44
v 1.883195 0.95309 0.47
v 1.883494 0.953194 0.44
v 1.875696 0.98904 0.44
v 1.7681 1.193346 0.44
v 1.767951 1.193113 0.47
v 1.78541 1.172671 0.47
v 1.804752 1.144385 0.44
v 1.724264 1.244264 0.47
v 1.75345 1.212916 0.44
v 1.673113 1.287951 0.47
v 1.692916 1.27345 0.44
v 1.673346 1.2881 0.44
v 1.652671 1.30541 0.47
v 1.624385 1.324752 0.44
v 1.572394 1.354604 0.47
v 1.559971 1.359924 0.44
v 1.559984 1.359745 0.47
v 1.549249 1.365779 0.44
v 1.48541 1.390634 0.47
v 1.46904 1.395696 0.44
v 1.43309 1.403195 0.47
v 1.433194 1.403493 0.44
v 1.393861 1.412613 0.47
v 1.385389 1.413893 0.44
v 1.3 1.42 0.47
v 1.3 1.42 0.44
v -1.3 1.42 0.44
v -1.3 1.42 0.47
v -1.393861 1.412613 0.47
v -1.385389 1.413893 0.44
v -1.43309 1.403195 0.47
v -1.433194 1.403493 0.44
v -1.48541 1.390634 0.47
v -1.46904 1.395696 0.44
v -1.549249 1.365779 0.44
v -1.559984 1.359745 0.47
v -1.559971 1.359924 0.44
v -1.572394 1.354604 0.47
v -1.652671 1.30541 0.47
v -1.624385 1.324752 0.44
v -1.673346 1.2881 0.44
v -1.673113 1.287951 0.47
v -1.692916 1.27345 0.44
v -1.724264 1.244264 0.47
v -1.75345 1.212916 0.44
v -1.767951 1.193113 0.47
v -1.7681 1.193346 0.44
v -1.78541 1.172671 0.47
v -1.804752 1.144385 0.44
v -1.834604 1.092394 0.47
v -1.839924 1.079971 0.44
v -1.839745 1.079984 0.47
v -1.845779 1.069249 0.44
v -1.870634 1.00541 0.47
v -1.875696 0.98904 0.44
v -1.883195 0.95309 0.47
v -1.883494 0.953194 0.44
v -1.892613 0.913861 0.47
v -1.893893 0.905389 0.44
v -1.9 0.82 0.47
v -1.9 0.82 0.44
v -1.9 -0.82 0.44
v -1.9 -0.82 0.47
v -1.892613 -0.913861 0.47
v -1.893893 -0.905389 0.44
v -1.883195 -0.95309 0.47
v -1.883494 -0.953194 0.44
v -1.870634 -1.00541 0.47
v -1.875696 -0.98904 0.44
v -1.845779 -1.069249 0.44
v -1.839745 -1.079984 0.47
v -1.839924 -1.079971 0.44
v -1.834604 -1.092394 0.47
v -1.78541 -1.172671 0.47
v -1.804752 -1.144385 0.44
v -1.7681 -1.193346 0.44
v -1.767951 -1.193113 0.47
v -1.75345 -1.212916 0.44
v -1.724264 -1.244264 0.47
v -1.692916 -1.27345 0.44
v -1.673113 -1.287951 0.47
v -1.673346 -1.2881 0.44
v -1.652671 -1.30541 0.47
v -1.624385 -1.324752 0.44
v -1.572394 -1.354604 0.47
v -1.559971 -1.359924 0.44
v -1.559984 -1.359745 0.47
v -1.549249 -1.365779 0.44
v -1.48541 -1.390634 0.47
v -1.46904 -1.395696 0.44
v -1.43309 -1.403195 0.47
v -1.433194 -1.403493 0.44
v -1.393861 -1.412613 0.47
v -1.385389 -1.413893 0.44
v -1.3 -1.42 0.47
v -1.3 -1.42 0.44
v 1.3 -1.42 0.44
v 1.3 -1.42 0.47
v 1.48541 -1.390634 0.47
v 1.549249 -1.365779 0.44
v 1.559984 -1.359745 0.47
v 1.559971 -1.359924 0.44
v 1.572394 -1.354604 0.47
v 1.393861 -1.412613 0.47
v 1.385389 -1.413893 0.44
v 1.43309 -1.403195 0.47
v 1.433194 -1.403493 0.44
v 1.46904 -1.395696 0.44
v 1.673346 -1.2881 0.44
v 1.673113 -1.287951 0.47
v 1.652671 -1.30541 0.47
v 1.624385 -1.324752 0.44
v 1.724264 -1.244264 0.47
v 1.692916 -1.27345 0.44
v 1.767951 -1.193113 0.47
v 1.75345 -1.212916 0.44
v 1.7681 -1.193346 0.44
v 1.78541 -1.172671 0.47
v 1.804752 -1.144385 0.44
v 1.834604 -1.092394 0.47
v 1.839924 -1.079971 0.44
v 1.839745 -1.079984 0.47
v 1.845779 -1.069249 0.44
v 1.870634 -1.00541 0.47
v 1.875696 -0.98904 0.44
v 1.883195 -0.95309 0.47
v 1.883494 -0.953194 0.44
v 1.892613 -0.913861 0.47
v 1.893893 -0.905389 0.44
v 1.9 -0.82 0.47
v 1.9 -0.82 0.44
v -1.358779 -0.900902 0.97
v -1.345399 -0.909101 0.97
v -1.289004 -0.804842 0.97
v 1.315643 0.918769 0.97
v 1.3 0.92 0.97
v -1.178919 -0.661376 0.97
v -1.164426 -0.771461 0.97
v 1.3 -0.92 0.97
v -1.155315 -0.749466 0.97
v 1.4 -0.82 0.97
v -1.152208 -0.725862 0.97
v -1.331496 -0.749466 0.97
v -1.334603 -0.725862 0.97
v -1.4 -0.82 0.97
v -1.331496 -0.702259 0.97
v -1.4 0.82 0.97
v -1.322385 -0.680264 0.97
v -1.307892 -0.661376 0.97
v -1.289004 -0.646883 0.97
v 1.315643 -0.918769 0.97
v 1.330902 -0.915106 0.97
v 1.345399 -0.909101 0.97
v 1.358779 -0.900902 0.97
v 1.370711 -0.890711 0.97
v 1.380902 -0.878779 0.97
v -1.398769 -0.835643 0.97
v -1.307892 -0.790349 0.97
v -1.322385 -0.771461 0.97
v -1.155315 -0.702259 0.97
v 1.4 0.82 0.97
v -1.164426 -0.680264 0.97
v 1.398769 0.835643 0.97
v 1.395106 0.850902 0.97
v 1.389101 0.865399 0.97
v 1.389101 -0.865399 0.97
v 1.395106 -0.850902 0.97
v 1.398769 -0.835643 0.97
v -1.219802 -0.813953 0.97
v -1.3 -0.92 0.97
v -1.197807 -0.804842 0.97
v -1.178919 -0.790349 0.97
v -1.370711 -0.890711 0.97
v -1.315643 0.918769 0.97
v -1.243406 -0.634665 0.97
v -1.3 0.92 0.97
v -1.219802 -0.637772 0.97
v -1.197807 -0.646883 0.97
v -1.395106 -0.850902 0.97
v -1.389101 -0.865399 0.97
v -1.380902 -0.878779 0.97
v -1.389101 0.865399 0.97
v -1.395106 0.850902 0.97
v 1.380902 0.878779 0.97
v 1.370711 0.890711 0.97
v 1.358779 0.900902 0.97
v 1.345399 0.909101 0.97
v 1.330902 0.915106 0.97
v -1.243406 -0.81706 0.97
v -1.267009 -0.813953 0.97
v -1.315643 -0.918769 0.97
v -1.330902 -0.915106 0.97
v -1.330902 0.915106 0.97
v -1.345399 0.909101 0.97
v -1.358779 0.900902 0.97
v -1.370711 0.890711 0.97
v -1.380902 0.878779 0.97
v -1.398769 0.835643 0.97
v -1.267009 -0.637772 0.97
v -1.478217 -0.82 0.963844
v -1.478217 0.82 0.963844
v -1.510908 -0.82 0.955996
v -1.510908 0.82 0.955996
v -1.554508 -0.82 0.945528
v -1.554508 0.82 0.945528
v -1.616653 -0.82 0.919787
v -1.616653 0.82 0.919787
v -1.626995 -0.82 0.915503
v -1.626995 0.82 0.915503
v -1.693893 -0.82 0.874509
v -1.693893 0.82 0.874509
v -1.710928 -0.82 0.859959
v -1.710928 0.82 0.859959
v -1.753553 -0.82 0.823553
v -1.753553 0.82 0.823553
v -1.789959 -0.82 0.780928
v -1.789959 0.82 0.780928
v -1.804508 -0.82 0.763893
v -1.804508 0.82 0.763893
v -1.845503 -0.82 0.696995
v -1.845503 0.82 0.696995
v -1.849787 -0.82 0.686653
v -1.849787 0.82 0.686653
v -1.875528 -0.82 0.624509
v -1.875528 0.82 0.624509
v -1.885996 -0.82 0.580908
v -1.885996 0.82 0.580908
v -1.893844 -0.82 0.548217
v -1.893844 0.82 0.548217
v -1.476023 -0.847879 0.963844
v -1.622969 -0.871153 0.915503
v -1.798297 -0.898923 0.763893
v -1.886533 -0.912898 0.548217
v -1.864779 -1.003508 0.548217
v -1.829119 -1.0896 0.548217
v -1.78043 -1.169053 0.548217
v -1.719911 -1.239911 0.548217
v -1.649053 -1.30043 0.548217
v -1.5696 -1.349119 0.548217
v -1.483508 -1.384779 0.548217
v -1.392898 -1.406533 0.548217
v -1.868443 -0.910033 0.624509
v -1.84736 -0.997848 0.624509
v -1.812799 -1.081284 0.624509
v -1.765612 -1.158287 0.624509
v -1.70696 -1.22696 0.624509
v -1.638287 -1.285612 0.624509
v -1.561284 -1.332799 0.624509
v -1.477848 -1.36736 0.624509
v -1.390033 -1.388443 0.624509
v -1.838787 -0.905336 0.696995
v -1.3 -1.413844 0.548217
v -1.3 -1.405996 0.580908
v -1.3 -1.395528 0.624509
v -1.3 -1.369787 0.686653
v -1.818804 -0.98857 0.696995
v -1.786047 -1.067653 0.696995
v -1.741321 -1.140639 0.696995
v -1.685729 -1.205729 0.696995
v -1.620639 -1.261321 0.696995
v -1.547653 -1.306047 0.696995
v -1.46857 -1.338804 0.696995
v -1.385335 -1.358787 0.696995
v -1.3 -1.365503 0.696995
v -1.378922 -1.318297 0.763893
v -1.455902 -1.299816 0.763893
v -1.529042 -1.26952 0.763893
v -1.596543 -1.228156 0.763893
v -1.656741 -1.176741 0.763893
v -1.708156 -1.116543 0.763893
v -1.74952 -1.049042 0.763893
v -1.779816 -0.975902 0.763893
v -1.747969 -0.890951 0.823553
v -1.731355 -0.960156 0.823553
v -1.704119 -1.025909 0.823553
v -1.666932 -1.086592 0.823553
v -1.620711 -1.140711 0.823553
v -1.566592 -1.186932 0.823553
v -1.505909 -1.224119 0.823553
v -1.440156 -1.251355 0.823553
v -1.370951 -1.267969 0.823553
v -1.689043 -0.881618 0.874509
v -1.3 -1.324508 0.763893
v -1.3 -1.309959 0.780928
v -1.3 -1.273553 0.823553
v -1.3 -1.230928 0.859959
v -1.674614 -0.94172 0.874509
v -1.650961 -0.998824 0.874509
v -1.618666 -1.051524 0.874509
v -1.578524 -1.098524 0.874509
v -1.531524 -1.138666 0.874509
v -1.478824 -1.170961 0.874509
v -1.42172 -1.194614 0.874509
v -1.361618 -1.209043 0.874509
v -1.3 -1.213893 0.874509
v -1.351153 -1.142969 0.915503
v -1.401047 -1.130991 0.915503
v -1.448453 -1.111355 0.915503
v -1.492203 -1.084545 0.915503
v -1.531221 -1.051221 0.915503
v -1.564545 -1.012203 0.915503
v -1.591355 -0.968453 0.915503
v -1.610991 -0.921047 0.915503
v -1.551375 -0.859814 0.945528
v -1.542052 -0.898647 0.945528
v -1.526769 -0.935544 0.945528
v -1.505902 -0.969596 0.945528
v -1.479965 -0.999965 0.945528
v -1.449596 -1.025902 0.945528
v -1.415544 -1.046769 0.945528
v -1.378647 -1.062052 0.945528
v -1.339814 -1.071375 0.945528
v -1.3 -1.146995 0.915503
v -1.3 -1.136653 0.919787
v -1.3 -1.074509 0.945528
v -1.3 -1.030908 0.955996
v -1.469495 -0.875072 0.963844
v -1.458793 -0.900909 0.963844
v -1.444181 -0.924753 0.963844
v -1.426019 -0.946019 0.963844
v -1.404753 -0.964181 0.963844
v -1.380909 -0.978793 0.963844
v -1.355072 -0.989495 0.963844
v -1.327879 -0.996023 0.963844
v -1.3 -0.998217 0.963844
v -1.3 0.998217 0.963844
v -1.327879 0.996023 0.963844
v -1.3 1.136653 0.919787
v -1.3 1.146995 0.915503
v -1.351153 1.142969 0.915503
v -1.3 1.309959 0.780928
v -1.3 1.324508 0.763893
v -1.378922 1.318297 0.763893
v -1.3 1.405996 0.580908
v -1.3 1.413844 0.548217
v -1.392898 1.406533 0.548217
v -1.483508 1.384779 0.548217
v -1.5696 1.349119 0.548217
v -1.649053 1.30043 0.548217
v -1.719911 1.239911 0.548217
v -1.78043 1.169053 0.548217
v -1.829119 1.0896 0.548217
v -1.864779 1.003508 0.548217
v -1.886533 0.912898 0.548217
v -1.3 1.369787 0.686653
v -1.3 1.395528 0.624509
v -1.390033 1.388443 0.624509
v -1.477848 1.36736 0.624509
v -1.561284 1.332799 0.624509
v -1.638287 1.285612 0.624509
v -1.70696 1.22696 0.624509
v -1.765612 1.158287 0.624509
v -1.812799 1.081284 0.624509
v -1.84736 0.997848 0.624509
v -1.868443 0.910033 0.624509
v -1.385335 1.358787 0.696995
v -1.3 1.365503 0.696995
v -1.46857 1.338804 0.696995
v -1.547653 1.306047 0.696995
v -1.620639 1.261321 0.696995
v -1.685729 1.205729 0.696995
v -1.741321 1.140639 0.696995
v -1.786047 1.067653 0.696995
v -1.818804 0.98857 0.696995
v -1.838787 0.905336 0.696995
v -1.798297 0.898923 0.763893
v -1.779816 0.975902 0.763893
v -1.74952 1.049042 0.763893
v -1.708156 1.116543 0.763893
v -1.656741 1.176741 0.763893
v -1.596543 1.228156 0.763893
v -1.529042 1.26952 0.763893
v -1.455902 1.299816 0.763893
v -1.3 1.230928 0.859959
v -1.3 1.273553 0.823553
v -1.370951 1.267969 0.823553
v -1.440156 1.251355 0.823553
v -1.505909 1.224119 0.823553
v -1.566592 1.186932 0.823553
v -1.620711 1.140711 0.823553
v -1.666932 1.086592 0.823553
v -1.704119 1.025909 0.823553
v -1.731355 0.960156 0.823553
v -1.747969 0.890951 0.823553
v -1.361618 1.209043 0.874509
v -1.3 1.213893 0.874509
v -1.42172 1.194614 0.874509
v -1.478824 1.170961 0.874509
v -1.531524 1.138666 0.874509
v -1.578524 1.098524 0.874509
v -1.618666 1.051524 0.874509
v -1.650961 0.998824 0.874509
v -1.674614 0.94172 0.874509
v -1.689043 0.881618 0.874509
v -1.622969 0.871153 0.915503
v -1.610991 0.921047 0.915503
v -1.591355 0.968453 0.915503
v -1.564545 1.012203 0.915503
v -1.531221 1.051221 0.915503
v -1.492203 1.084545 0.915503
v -1.448453 1.111355 0.915503
v -1.401047 1.130991 0.915503
v -1.339814 1.071375 0.945528
v -1.378647 1.062052 0.945528
v -1.415544 1.046769 0.945528
v -1.449596 1.025902 0.945528
v -1.479965 0.999965 0.945528
v -1.505902 0.969596 0.945528
v -1.526769 0.935544 0.945528
v -1.542052 0.898647 0.945528
v -1.551375 0.859814 0.945528
v -1.3 1.030908 0.955996
v -1.3 1.074509 0.945528
v -1.355072 0.989495 0.963844
v -1.380909 0.978793 0.963844
v -1.404753 0.964181 0.963844
v -1.426019 0.946019 0.963844
v -1.444181 0.924753 0.963844
v -1.458793 0.900909 0.963844
v -1.469495 0.875072 0.963844
v -1.476023 0.847879 0.963844
v 1.3 -0.998217 0.963844
v 1.3 -1.030908 0.955996
v 1.3 -1.074509 0.945528
v 1.3 -1.136653 0.919787
v 1.3 -1.146995 0.915503
v 1.3 -1.213893 0.874509
v 1.3 -1.230928 0.859959
v 1.3 -1.273553 0.823553
v 1.3 -1.309959 0.780928
v 1.3 -1.324508 0.763893
v 1.3 -1.365503 0.696995
v 1.3 -1.369787 0.686653
v 1.3 -1.395528 0.624509
v 1.3 -1.405996 0.580908
v 1.3 -1.413844 0.548217
v 1.3 1.413844 0.548217
v 1.3 1.405996 0.580908
v 1.3 1.395528 0.624509
v 1.3 1.369787 0.686653
v 1.3 1.365503 0.696995
v 1.3 1.324508 0.763893
v 1.3 1.309959 0.780928
v 1.3 1.273553 0.823553
v 1.3 1.230928 0.859959
v 1.3 1.213893 0.874509
v 1.3 1.146995 0.915503
v 1.3 1.136653 0.919787
v 1.3 1.074509 0.945528
v 1.3 1.030908 0.955996
v 1.3 0.998217 0.963844
v 1.327879 -0.996023 0.963844
v 1.351153 -1.142969 0.915503
v 1.378922 -1.318297 0.763893
v 1.392898 -1.406533 0.548217
v 1.483508 -1.384779 0.548217
v 1.5696 -1.349119 0.548217
v 1.649053 -1.30043 0.548217
v 1.719911 -1.239911 0.548217
v 1.78043 -1.169053 0.548217
v 1.829119 -1.0896 0.548217
v 1.864779 -1.003508 0.548217
v 1.886533 -0.912898 0.548217
v 1.390033 -1.388443 0.624509
v 1.477848 -1.36736 0.624509
v 1.561284 -1.332799 0.624509
v 1.638287 -1.285612 0.624509
v 1.70696 -1.22696 0.624509
v 1.765612 -1.158287 0.624509
v 1.812799 -1.081284 0.624509
v 1.84736 -0.997848 0.624509
v 1.868443 -0.910033 0.624509
v 1.385335 -1.358787 0.696995
v 1.893844 -0.82 0.548217
v 1.885996 -0.82 0.580908
v 1.875528 -0.82 0.624509
v 1.849787 -0.82 0.686653
v 1.46857 -1.338804 0.696995
v 1.547653 -1.306047 0.696995
v 1.620639 -1.261321 0.696995
v 1.685729 -1.205729 0.696995
v 1.741321 -1.140639 0.696995
v 1.786047 -1.067653 0.696995
v 1.818804 -0.98857 0.696995
v 1.838787 -0.905336 0.696995
v 1.845503 -0.82 0.696995
v 1.798297 -0.898923 0.763893
v 1.779816 -0.975902 0.763893
v 1.74952 -1.049042 0.763893
v 1.708156 -1.116543 0.763893
v 1.656741 -1.176741 0.763893
v 1.596543 -1.228156 0.763893
v 1.529042 -1.26952 0.763893
v 1.455902 -1.299816 0.763893
v 1.370951 -1.267969 0.823553
v 1.440156 -1.251355 0.823553
v 1.505909 -1.224119 0.823553
v 1.566592 -1.186932 0.823553
v 1.620711 -1.140711 0.823553
v 1.666932 -1.086592 0.823553
v 1.704119 -1.025909 0.823553
v 1.731355 -0.960156 0.823553
v 1.747969 -0.890951 0.823553
v 1.361618 -1.209043 0.874509
v 1.804508 -0.82 0.763893
v 1.789959 -0.82 0.780928
v 1.753553 -0.82 0.823553
v 1.710928 -0.82 0.859959
v 1.42172 -1.194614 0.874509
v 1.478824 -1.170961 0.874509
v 1.531524 -1.138666 0.874509
v 1.578524 -1.098524 0.874509
v 1.618666 -1.051524 0.874509
v 1.650961 -0.998824 0.874509
v 1.674614 -0.94172 0.874509
v 1.689043 -0.881618 0.874509
v 1.693893 -0.82 0.874509
v 1.622969 -0.871153 0.915503
v 1.610991 -0.921047 0.915503
v 1.591355 -0.968453 0.915503
v 1.564545 -1.012203 0.915503
v 1.531221 -1.051221 0.915503
v 1.492203 -1.084545 0.915503
v 1.448453 -1.111355 0.915503
v 1.401047 -1.130991 0.915503
v 1.339814 -1.071375 0.945528
v 1.378647 -1.062052 0.945528
v 1.415544 -1.046769 0.945528
v 1.449596 -1.025902 0.945528
v 1.479965 -0.999965 0.945528
v 1.505902 -0.969596 0.945528
v 1.526769 -0.935544 0.945528
v 1.542052 -0.898647 0.945528
v 1.551375 -0.859814 0.945528
v 1.626995 -0.82 0.915503
v 1.616653 -0.82 0.919787
v 1.554508 -0.82 0.945528
v 1.510908 -0.82 0.955996
v 1.355072 -0.989495 0.963844
v 1.380909 -0.978793 0.963844
v 1.404753 -0.964181 0.963844
v 1.426019 -0.946019 0.963844
v 1.444181 -0.924753 0.963844
v 1.458793 -0.900909 0.963844
v 1.469495 -0.875072 0.963844
v 1.476023 -0.847879 0.963844
v 1.478217 -0.82 0.963844
v 1.478217 0.82 0.963844
v 1.476023 0.847879 0.963844
v 1.616653 0.82 0.919787
v 1.626995 0.82 0.915503
v 1.622969 0.871153 0.915503
v 1.789959 0.82 0.780928
v 1.804508 0.82 0.763893
v 1.798297 0.898923 0.763893
v 1.885996 0.82 0.580908
v 1.893844 0.82 0.548217
v 1.886533 0.912898 0.548217
v 1.864779 1.003508 0.548217
v 1.829119 1.0896 0.548217
v 1.78043 1.169053 0.548217
v 1.719911 1.239911 0.548217
v 1.649053 1.30043 0.548217
v 1.5696 1.349119 0.548217
v 1.483508 1.384779 0.548217
v 1.392898 1.406533 0.548217
v 1.849787 0.82 0.686653
v 1.875528 0.82 0.624509
v 1.868443 0.910033 0.624509
v 1.84736 0.997848 0.624509
v 1.812799 1.081284 0.624509
v 1.765612 1.158287 0.624509
v 1.70696 1.22696 0.624509
v 1.638287 1.285612 0.624509
v 1.561284 1.332799 0.624509
v 1.477848 1.36736 0.624509
v 1.390033 1.388443 0.624509
v 1.838787 0.905336 0.696995
v 1.845503 0.82 0.696995
v 1.818804 0.98857 0.696995
v 1.786047 1.067653 0.696995
v 1.741321 1.140639 0.696995
v 1.685729 1.205729 0.696995
v 1.620639 1.261321 0.696995
v 1.547653 1.306047 0.696995
v 1.46857 1.338804 0.696995
v 1.385335 1.358787 0.696995
v 1.378922 1.318297 0.763893
v 1.455902 1.299816 0.763893
v 1.529042 1.26952 0.763893
v 1.596543 1.228156 0.763893
v 1.656741 1.176741 0.763893
v 1.708156 1.116543 0.763893
v 1.74952 1.049042 0.763893
v 1.779816 0.975902 0.763893
v 1.710928 0.82 0.859959
v 1.753553 0.82 0.823553
v 1.747969 0.890951 0.823553
v 1.731355 0.960156 0.823553
v 1.704119 1.025909 0.823553
v 1.666932 1.086592 0.823553
v 1.620711 1.140711 0.823553
v 1.566592 1.186932 0.823553
v 1.505909 1.224119 0.823553
v 1.440156 1.251355 0.823553
v 1.370951 1.267969 0.823553
v 1.689043 0.881618 0.874509
v 1.693893 0.82 0.874509
v 1.674614 0.94172 0.874509
v 1.650961 0.998824 0.874509
v 1.618666 1.051524 0.874509
v 1.578524 1.098524 0.874509
v 1.531524 1.138666 0.874509
v 1.478824 1.170961 0.874509
v 1.42172 1.194614 0.874509
v 1.361618 1.209043 0.874509
v 1.351153 1.142969 0.915503
v 1.401047 1.130991 0.915503
v 1.448453 1.111355 0.915503
v 1.492203 1.084545 0.915503
v 1.531221 1.051221 0.915503
v 1.564545 1.012203 0.915503
v 1.591355 0.968453 0.915503
v 1.610991 0.921047 0.915503
v 1.551375 0.859814 0.945528
v 1.542052 0.898647 0.945528
v 1.526769 0.935544 0.945528
v 1.505902 0.969596 0.945528
v 1.479965 0.999965 0.945528
v 1.449596 1.025902 0.945528
v 1.415544 1.046769 0.945528
v 1.378647 1.062052 0.945528
v 1.339814 1.071375 0.945528
v 1.510908 0.82 0.955996
v 1.554508 0.82 0.945528
v 1.469495 0.875072 0.963844
v 1.458793 0.900909 0.963844
v 1.444181 0.924753 0.963844
v 1.426019 0.946019 0.963844
v 1.404753 0.964181 0.963844
v 1.380909 0.978793 0.963844
v 1.355072 0.989495 0.963844
v 1.327879 0.996023 0.963844
v 1.47 1.398965 0.414118
v 1.695148 1.276025 0.414118
v 1.3 1.494118 0.343407
v 1.395937 1.487257 0.343407
v 1.489921 1.466812 0.343407
v 1.580039 1.433199 0.343407
v 1.664456 1.387104 0.343407
v 1.741453 1.329464 0.343407
v 1.809464 1.261454 0.343407
v 1.867104 1.184456 0.343407
v 1.913199 1.100039 0.343407
v 1.946812 1.009921 0.343407
v 1.967257 0.915937 0.343407
v 1.974118 0.82 0.343407
v 1.943384 0.912505 0.353397
v 1.95 0.82 0.353397
v 1.922884 0.909557 0.369289
v 1.929289 0.82 0.369289
v 1.907154 0.907296 0.39
v 1.913397 0.82 0.39
v 1.897266 0.905874 0.414118
v 1.903407 0.82 0.414118
v 1.878965 0.99 0.414118
v 1.92367 1.003126 0.353397
v 1.903799 0.997291 0.369289
v 1.888551 0.992814 0.39
v 1.891261 1.09002 0.353397
v 1.872422 1.081416 0.369289
v 1.857966 1.074814 0.39
v 1.848879 1.070665 0.414118
v 1.807619 1.146227 0.414118
v 1.846815 1.171417 0.353397
v 1.829392 1.16022 0.369289
v 1.816023 1.151628 0.39
v 1.756025 1.215148 0.414118
v 1.791237 1.245659 0.353397
v 1.775585 1.232097 0.369289
v 1.763575 1.22169 0.39
v 1.725659 1.311237 0.353397
v 1.712097 1.295585 0.369289
v 1.70169 1.283575 0.39
v 1.651417 1.366815 0.353397
v 1.640219 1.349392 0.369289
v 1.631628 1.336023 0.39
v 1.626227 1.327619 0.414118
v 1.550665 1.368879 0.414118
v 1.57002 1.411261 0.353397
v 1.561416 1.392422 0.369289
v 1.554814 1.377966 0.39
v 1.483126 1.443671 0.353397
v 1.477291 1.423799 0.369289
v 1.472814 1.408551 0.39
v 1.392505 1.463384 0.353397
v 1.389557 1.442884 0.369289
v 1.387296 1.427154 0.39
v 1.385874 1.417266 0.414118
v 1.3 1.47 0.353397
v 1.3 1.449289 0.369289
v 1.3 1.433397 0.39
v 1.3 1.423407 0.414118
v -1.3 1.423407 0.414118
v -1.3 1.433397 0.39
v -1.3 1.449289 0.369289
v -1.3 1.47 0.353397
v -1.3 1.494118 0.343407
v 1.903407 -0.82 0.414118
v 1.913397 -0.82 0.39
v 1.929289 -0.82 0.369289
v 1.95 -0.82 0.353397
v 1.974118 -0.82 0.343407
v -1.878965 0.99 0.414118
v -1.756025 1.215148 0.414118
v -1.974118 0.82 0.343407
v -1.967257 0.915937 0.343407
v -1.946812 1.009921 0.343407
v -1.913199 1.100039 0.343407
v -1.867104 1.184456 0.343407
v -1.809464 1.261454 0.343407
v -1.741453 1.329464 0.343407
v -1.664456 1.387104 0.343407
v -1.580039 1.433199 0.343407
v -1.489921 1.466812 0.343407
v -1.395937 1.487257 0.343407
v -1.392505 1.463384 0.353397
v -1.389557 1.442884 0.369289
v -1.387296 1.427154 0.39
v -1.385874 1.417266 0.414118
v -1.47 1.398965 0.414118
v -1.483126 1.443671 0.353397
v -1.477291 1.423799 0.369289
v -1.472814 1.408551 0.39
v -1.57002 1.411261 0.353397
v -1.561416 1.392422 0.369289
v -1.554814 1.377966 0.39
v -1.550665 1.368879 0.414118
v -1.626227 1.327619 0.414118
v -1.651417 1.366815 0.353397
v -1.640219 1.349392 0.369289
v -1.631628 1.336023 0.39
v -1.695148 1.276025 0.414118
v -1.725659 1.311237 0.353397
v -1.712097 1.295585 0.369289
v -1.70169 1.283575 0.39
v -1.791237 1.245659 0.353397
v -1.775585 1.232097 0.369289
v -1.763575 1.22169 0.39
v -1.846815 1.171417 0.353397
v -1.829392 1.16022 0.369289
v -1.816023 1.151628 0.39
v -1.807619 1.146227 0.414118
v -1.848879 1.070665 0.414118
v -1.891261 1.09002 0.353397
v -1.872422 1.081416 0.369289
v -1.857966 1.074814 0.39
v -1.92367 1.003126 0.353397
v -1.903799 0.997291 0.369289
v -1.888551 0.992814 0.39
v -1.943384 0.912505 0.353397
v -1.922884 0.909557 0.369289
v -1.907154 0.907296 0.39
v -1.897266 0.905874 0.414118
v -1.95 0.82 0.353397
v -1.929289 0.82 0.369289
v -1.913397 0.82 0.39
v -1.903407 0.82 0.414118
v 1.878965 -0.99 0.414118
v 1.756025 -1.215148 0.414118
v 1.967257 -0.915937 0.343407
v 1.946812 -1.009921 0.343407
v 1.913199 -1.100039 0.343407
v 1.867104 -1.184456 0.343407
v 1.809464 -1.261454 0.343407
v 1.741453 -1.329464 0.343407
v 1.664456 -1.387104 0.343407
v 1.580039 -1.433199 0.343407
v 1.489921 -1.466812 0.343407
v 1.395937 -1.487257 0.343407
v 1.3 -1.494118 0.343407
v 1.392505 -1.463384 0.353397
v 1.3 -1.47 0.353397
v 1.389557 -1.442884 0.369289
v 1.3 -1.449289 0.369289
v 1.387296 -1.427154 0.39
v 1.3 -1.433397 0.39
v 1.385874 -1.417266 0.414118
v 1.3 -1.423407 0.414118
v 1.47 -1.398965 0.414118
v 1.483126 -1.443671 0.353397
v 1.477291 -1.423799 0.369289
v 1.472814 -1.408551 0.39
v 1.57002 -1.411261 0.353397
v 1.561416 -1.392422 0.369289
v 1.554814 -1.377966 0.39
v 1.550665 -1.368879 0.414118
v 1.626227 -1.327619 0.414118
v 1.651417 -1.366815 0.353397
v 1.640219 -1.349392 0.369289
v 1.631628 -1.336023 0.39
v 1.695148 -1.276025 0.414118
v 1.725659 -1.311237 0.353397
v 1.712097 -1.295585 0.369289
v 1.70169 -1.283575 0.39
v 1.791237 -1.245659 0.353397
v 1.775585 -1.232097 0.369289
v 1.763575 -1.22169 0.39
v 1.846815 -1.171417 0.353397
v 1.829392 -1.16022 0.369289
v 1.816023 -1.151628 0.39
v 1.807619 -1.146227 0.414118
v 1.848879 -1.070665 0.414118
v 1.891261 -1.09002 0.353397
v 1.872422 -1.081416 0.369289
v 1.857966 -1.074814 0.39
v 1.92367 -1.003126 0.353397
v 1.903799 -0.997291 0.369289
v 1.888551 -0.992814 0.39
v 1.943384 -0.912505 0.353397
v 1.922884 -0.909557 0.369289
v 1.907154 -0.907296 0.39
v 1.897266 -0.905874 0.414118
v -1.903407 -0.82 0.414118
v -1.913397 -0.82 0.39
v -1.929289 -0.82 0.369289
v -1.95 -0.82 0.353397
v -1.974118 -0.82 0.343407
v -1.3 -1.423407 0.414118
v -1.3 -1.433397 0.39
v -1.3 -1.449289 0.369289
v -1.3 -1.47 0.353397
v -1.3 -1.494118 0.343407
v -1.47 -1.398965 0.414118
v -1.695148 -1.276025 0.414118
v -1.395937 -1.487257 0.343407
v -1.489921 -1.466812 0.343407
v -1.580039 -1.433199 0.343407
v -1.664456 -1.387104 0.343407
v -1.741453 -1.329464 0.343407
v -1.809464 -1.261454 0.343407
v -1.867104 -1.184456 0.343407
v -1.913199 -1.100039 0.343407
v -1.946812 -1.009921 0.343407
v -1.967257 -0.915937 0.343407
v -1.943384 -0.912505 0.353397
v -1.922884 -0.909557 0.369289
v -1.907154 -0.907296 0.39
v -1.897266 -0.905874 0.414118
v -1.878965 -0.99 0.414118
v -1.92367 -1.003126 0.353397
v -1.903799 -0.997291 0.369289
v -1.888551 -0.992814 0.39
v -1.891261 -1.09002 0.353397
v -1.872422 -1.081416 0.369289
v -1.857966 -1.074814 0.39
v -1.848879 -1.070665 0.414118
v -1.807619 -1.146227 0.414118
v -1.846815 -1.171417 0.353397
v -1.829392 -1.16022 0.369289
v -1.816023 -1.151628 0.39
v -1.756025 -1.215148 0.414118
v -1.791237 -1.245659 0.353397
v -1.775585 -1.232097 0.369289
v -1.763575 -1.22169 0.39
v -1.725659 -1.311237 0.353397
v -1.712097 -1.295585 0.369289
v -1.70169 -1.283575 0.39
v -1.651417 -1.366815 0.353397
v -1.640219 -1.349392 0.369289
v -1.631628 -1.336023 0.39
v -1.626227 -1.327619 0.414118
v -1.550665 -1.368879 0.414118
v -1.57002 -1.411261 0.353397
v -1.561416 -1.392422 0.369289
v -1.554814 -1.377966 0.39
v -1.483126 -1.443671 0.353397
v -1.477291 -1.423799 0.369289
v -1.472814 -1.408551 0.39
v -1.392505 -1.463384 0.353397
v -1.389557 -1.442884 0.369289
v -1.387296 -1.427154 0.39
v -1.385874 -1.417266 0.414118
v 1.77 -0.0 -0.01
v 1.77 -0.0 -0.0
v 1.756052 0.114872 -0.01
newmtl 3
Ka 0.9686274509803922 0.8784313725490196 0.6
Kd 0.9686274509803922 0.8784313725490196 0.6
Ks 0.6784313725490196 0.615686274509804 0.4196078431372549
d 0.0
endmtl
v 1.756052 0.114872 -0.0
v 1.715019 0.223067 -0.01
v 1.715019 0.223067 -0.0
v 1.649285 0.318299 -0.01
v 1.649285 0.318299 -0.0
v 1.562671 0.395032 -0.01
v 1.562671 0.395032 -0.0
v 1.46021 0.448808 -0.01
v 1.46021 0.448808 -0.0
v 1.347858 0.4765 -0.01
v 1.347858 0.4765 -0.0
v 1.232142 0.4765 -0.01
v 1.232142 0.4765 -0.0
v 1.11979 0.448808 -0.01
v 1.11979 0.448808 -0.0
v 1.017329 0.395032 -0.01
v 1.017329 0.395032 -0.0
v 0.930715 0.318299 -0.01
v 0.930715 0.318299 -0.0
v 0.864981 0.223067 -0.01
v 0.864981 0.223067 -0.0
v 0.823948 0.114872 -0.01
v 0.823948 0.114872 -0.0
v 0.81 -0.0 -0.01
v 0.81 -0.0 -0.0
v 0.823948 -0.114872 -0.01
v 0.823948 -0.114872 -0.0
v 0.864981 -0.223067 -0.01
v 0.864981 -0.223067 -0.0
v 0.930715 -0.318299 -0.01
v 0.930715 -0.318299 -0.0
v 1.017329 -0.395032 -0.01
v 1.017329 -0.395032 -0.0
v 1.11979 -0.448808 -0.01
v 1.11979 -0.448808 -0.0
v 1.232142 -0.4765 -0.01
v 1.232142 -0.4765 -0.0
v 1.347858 -0.4765 -0.01
v 1.347858 -0.4765 -0.0
v 1.46021 -0.448808 -0.01
v 1.46021 -0.448808 -0.0
v 1.562671 -0.395032 -0.01
v 1.562671 -0.395032 -0.0
v 1.649285 -0.318299 -0.01
v 1.649285 -0.318299 -0.0
v 1.715019 -0.223067 -0.01
v 1.715019 -0.223067 -0.0
v 1.756052 -0.114872 -0.01
v 1.756052 -0.114872 -0.0
v 2.055013 -0.15217 -0.01
v 2.010626 -0.298493 -0.01
v 1.938546 -0.433345 -0.01
v 1.841543 -0.551543 -0.01
v 1.723345 -0.648546 -0.01
v 1.588493 -0.720626 -0.01
v 1.442171 -0.765013 -0.01
v 1.29 -0.78 -0.01
v 1.13783 -0.765013 -0.01
v 0.991507 -0.720626 -0.01
v 0.856655 -0.648546 -0.01
v 0.738457 -0.551543 -0.01
v 0.641454 -0.433345 -0.01
v 0.569374 -0.298493 -0.01
v 0.524987 -0.15217 -0.01
v 0.51 -0.0 -0.01
v 0.856655 0.648546 -0.01
v 0.738457 0.551543 -0.01
v 0.524987 0.15217 -0.01
v 0.569374 0.298493 -0.01
v 0.641454 0.433345 -0.01
v 0.991507 0.720626 -0.01
v 1.13783 0.765013 -0.01
v 1.29 0.78 -0.01
v 1.442171 0.765013 -0.01
v 1.588493 0.720626 -0.01
v 1.723345 0.648546 -0.01
v 1.841543 0.551543 -0.01
v 1.938546 0.433345 -0.01
v 2.010626 0.298493 -0.01
v 2.055013 0.15217 -0.01
v 2.07 -0.0 -0.01
v 1.29 0.125 0.0
v 1.322352 0.120741 0.0
v 1.3525 0.108253 0.0
v 1.378388 0.088388 0.0
v 1.398253 0.0625 0.0
v 1.410741 0.032352 0.0
v 1.415 -0.0 0.0
v 1.410741 -0.032352 0.0
v 1.398253 -0.0625 0.0
v 1.378388 -0.088388 0.0
v 1.3525 -0.108253 0.0
v 1.322352 -0.120741 0.0
v 1.29 -0.125 0.0
v 1.257648 -0.120741 0.0
v 1.2275 -0.108253 0.0
v 1.201612 -0.088388 0.0
v 1.181747 -0.0625 0.0
v 1.169259 -0.032352 0.0
v 1.165 -0.0 0.0
v 1.169259 0.032352 0.0
v 1.181747 0.0625 0.0
v 1.201612 0.088388 0.0
v 1.2275 0.108253 0.0
v 1.257648 0.120741 0.0
v 1.115 1.055 -0.01
v 1.115 1.605 -0.01
v 1.465 1.605 -0.01
v 1.465 1.055 -0.01
v 0.065 1.605 -0.01
v 0.415 1.605 -0.01
v 0.415 1.055 -0.01
v 0.065 1.055 -0.01
v -0.635 1.605 -0.01
v -0.985 1.605 -0.01
v -0.635 1.055 -0.01
v -0.985 1.055 -0.01
v -2.035 1.605 -0.01
v -1.685 1.605 -0.01
v -1.685 1.055 -0.01
v -2.035 1.055 -0.01
v 1.465 -1.055 -0.01
v 1.465 -1.605 -0.01
v 1.115 -1.605 -0.01
v 1.115 -1.055 -0.01
v -1.685 -1.055 -0.01
v -1.685 -1.605 -0.01
v -2.035 -1.605 -0.01
v -2.035 -1.055 -0.01
v -0.635 -1.055 -0.01
v -0.635 -1.605 -0.01
v -0.985 -1.605 -0.01
v -0.985 -1.055 -0.01
v 0.415 -1.055 -0.01
v 0.415 -1.605 -0.01
v 0.065 -1.605 -0.01
v 0.065 -1.055 -0.01
v -1.313574 0.225135 0.001
v -1.430647 -0.074865 0.001
newmtl 4
Ka 0.0 0.0 0.0
Kd 0.0 0.0 0.0
Ks 0.0 0.0 0.0
d 0.0
endmtl
v -1.386745 -0.074865 0.001
v -1.356391 0.009282 0.001
v -1.232458 0.009282 0.001
v -1.203818 -0.074865 0.001
v -1.159916 -0.074865 0.001
v -1.27333 0.225135 0.001
v -1.242576 0.042208 0.001
v -1.3429 0.042208 0.001
v -1.287336 0.167513 0.001
v -1.290223 0.177918 0.001
v -1.292138 0.18855 0.001
v -1.293109 0.18855 0.001
v -1.295067 0.17795 0.001
v -1.29774 0.167513 0.001
v -1.242576 0.042208 0.0
v -1.3429 0.042208 0.0
v -1.287336 0.167513 0.0
v -1.290223 0.177918 0.0
v -1.292138 0.18855 0.0
v -1.293109 0.18855 0.0
v -1.295067 0.17795 0.0
v -1.29774 0.167513 0.0
v -0.978075 -0.074865 0.001
v -0.896501 -0.074865 0.001
v -0.896501 0.225135 0.001
v -0.981162 0.225135 0.001
v -1.09257 0.186019 0.001
v -1.113785 0.162495 0.001
v -1.127727 0.136694 0.001
v -1.135784 0.107137 0.001
v -1.137964 0.078908 0.001
v -1.059604 0.208177 0.001
v -1.092256 0.186294 0.001
v -1.024504 0.220502 0.001
v -1.015195 -0.071625 0.001
v -1.049763 -0.061321 0.001
v -1.081087 -0.043118 0.001
v -1.10578 -0.019474 0.001
v -1.122984 0.007359 0.001
v -1.133755 0.038759 0.001
v -1.077747 0.150139 0.001
v -1.063175 0.165612 0.001
v -1.041261 0.179768 0.001
v -1.016498 0.188434 0.001
v -0.98099 0.192208 0.001
v -0.936745 0.192208 0.001
v -0.936745 -0.041938 0.001
v -0.979333 -0.041938 0.001
v -1.010983 -0.038992 0.001
v -1.036228 -0.031112 0.001
v -1.056688 -0.018963 0.001
v -1.073514 -0.002343 0.001
v -1.086167 0.018341 0.001
v -1.094966 0.046541 0.001
v -1.097721 0.078051 0.001
v -1.095172 0.107908 0.001
v -1.088169 0.131636 0.001
v -0.98099 0.192208 0.0
v -0.936745 0.192208 0.0
v -1.016498 0.188434 0.0
v -1.041261 0.179768 0.0
v -1.063175 0.165612 0.0
v -1.077747 0.150139 0.0
v -1.088169 0.131636 0.0
v -1.095172 0.107908 0.0
v -1.097721 0.078051 0.0
v -1.094966 0.046541 0.0
v -1.086167 0.018341 0.0
v -1.073514 -0.002343 0.0
v -1.056688 -0.018963 0.0
v -1.036228 -0.031112 0.0
v -1.010983 -0.038992 0.0
v -0.979333 -0.041938 0.0
v -0.936745 -0.041938 0.0
v -0.837965 -0.041938 0.001
v -0.837965 -0.074865 0.001
v -0.676989 -0.074865 0.001
v -0.676989 0.225135 0.001
v -0.830647 0.225135 0.001
v -0.830647 0.192208 0.001
v -0.717233 0.192208 0.001
v -0.717233 0.093428 0.001
v -0.82333 0.093428 0.001
v -0.82333 0.060501 0.001
v -0.717233 0.060501 0.001
v -0.717233 -0.041938 0.001
v -0.618452 -0.026389 0.001
v -0.618452 -0.059316 0.001
v -0.586474 -0.072446 0.001
v -0.535907 -0.078523 0.001
v -0.54411 -0.078383 0.001
v -0.498936 -0.07469 0.001
v -0.469859 -0.064681 0.001
v -0.445727 -0.049272 0.001
v -0.423193 -0.025548 0.001
v -0.407211 0.002977 0.001
v -0.398183 0.034732 0.001
v -0.395282 0.069476 0.001
v -0.547854 0.228794 0.001
v -0.517722 0.226334 0.001
v -0.484278 0.216618 0.001
v -0.455783 0.200216 0.001
v -0.428698 0.174168 0.001
v -0.411114 0.146119 0.001
v -0.399597 0.112127 0.001
v -0.618452 0.216904 0.001
v -0.583767 0.226316 0.001
v -0.618452 0.17666 0.001
v -0.548197 0.195867 0.001
v -0.58466 0.19113 0.001
v -0.435525 0.071934 0.001
v -0.436956 0.095276 0.001
v -0.444953 0.127392 0.001
v -0.457321 0.150555 0.001
v -0.475437 0.170555 0.001
v -0.496202 0.184446 0.001
v -0.518656 0.19255 0.001
v -0.541452 -0.045596 0.001
v -0.51347 -0.042458 0.001
v -0.491611 -0.03441 0.001
v -0.473199 -0.022001 0.001
v -0.459121 -0.007149 0.001
v -0.446714 0.013653 0.001
v -0.438563 0.039457 0.001
v -0.613076 -0.029367 0.001
v -0.581274 -0.041176 0.001
v -0.369672 -0.041938 0.001
v -0.369672 -0.074865 0.001
v -0.216013 -0.074865 0.001
v -0.216013 0.225135 0.001
v -0.256257 0.225135 0.001
v -0.256257 -0.041938 0.001
v -1.152208 -0.725862 0.969
v -1.155315 -0.702259 0.969
v -1.164426 -0.680264 0.969
v -1.178919 -0.661376 0.969
v -1.197807 -0.646883 0.969
v -1.219802 -0.637772 0.969
v -1.243406 -0.634665 0.969
v -1.267009 -0.637772 0.969
v -1.289004 -0.646883 0.969
v -1.307892 -0.661376 0.969
v -1.322385 -0.680264 0.969
v -1.331496 -0.702259 0.969
v -1.334603 -0.725862 0.969
v -1.331496 -0.749466 0.969
v -1.322385 -0.771461 0.969
v -1.307892 -0.790349 0.969
v -1.289004 -0.804842 0.969
v -1.267009 -0.813953 0.969
v -1.243406 -0.81706 0.969
v -1.219802 -0.813953 0.969
v -1.197807 -0.804842 0.969
v -1.178919 -0.790349 0.969
v -1.164426 -0.771461 0.969
v -1.155315 -0.749466 0.969
v -1.243406 -0.725862 0.969
v 1.165 -0.0 0.24
v 1.169259 0.032352 0.24
v 1.181747 0.0625 0.24
v 1.201612 0.088388 0.24
v 1.2275 0.108253 0.24
v 1.257648 0.120741 0.24
v 1.29 0.125 0.24
v 1.322352 0.120741 0.24
v 1.3525 0.108253 0.24
v 1.378388 0.088388 0.24
v 1.398253 0.0625 0.24
v 1.410741 0.032352 0.24
v 1.415 -0.0 0.24
v 1.410741 -0.032352 0.24
v 1.398253 -0.0625 0.24
v 1.378388 -0.088388 0.24
v 1.3525 -0.108253 0.24
v 1.322352 -0.120741 0.24
v 1.29 -0.125 0.24
v 1.257648 -0.120741 0.24
v 1.2275 -0.108253 0.24
v 1.201612 -0.088388 0.24
v 1.181747 -0.0625 0.24
v 1.169259 -0.032352 0.24
v 1.29 -0.0 0.24
usemtl 1
f 1// 2// 3//
f 4// 5// 6//
f 7// 8// 9//
f 10// 11// 12//
f 13// 14// 15//
f 16// 17// 15//
f 18// 19// 20//
f 19// 18// 21//
f 22// 23// 24//
f 25// 26// 27//
f 27// 26// 28//
f 27// 28// 20//
f 20// 28// 29//
f 20// 29// 18//
f 30// 31// 32//
f 33// 34// 35//
f 35// 34// 36//
f 35// 36// 37//
f 38// 39// 40//
f 40// 39// 41//
f 40// 41// 42//
f 43// 44// 45//
f 45// 44// 46//
f 47// 38// 46//
f 46// 38// 48//
f 46// 48// 45//
f 49// 50// 38//
f 38// 50// 51//
f 38// 51// 39//
f 52// 53// 43//
f 43// 53// 54//
f 43// 54// 47//
f 47// 54// 55//
f 47// 55// 56//
f 56// 57// 47//
f 47// 57// 58//
f 47// 58// 38//
f 38// 58// 59//
f 38// 59// 49//
f 60// 61// 45//
f 45// 61// 62//
f 45// 62// 43//
f 43// 62// 63//
f 43// 63// 52//
f 64// 65// 60//
f 60// 65// 66//
f 60// 66// 61//
f 67// 68// 69//
f 69// 68// 70//
f 69// 70// 71//
f 71// 70// 72//
f 71// 72// 73//
f 42// 74// 40//
f 40// 74// 75//
f 40// 75// 76//
f 76// 75// 77//
f 76// 77// 78//
f 78// 79// 76//
f 76// 79// 80//
f 76// 80// 81//
f 82// 83// 84//
f 84// 83// 81//
f 82// 85// 83//
f 83// 85// 86//
f 83// 86// 87//
f 87// 86// 88//
f 87// 88// 69//
f 69// 88// 89//
f 69// 89// 67//
f 90// 91// 24//
f 24// 91// 92//
f 24// 92// 93//
f 94// 95// 1//
f 93// 96// 24//
f 24// 96// 21//
f 24// 21// 22//
f 22// 21// 18//
f 94// 1// 97//
f 98// 99// 2//
f 95// 100// 1//
f 1// 100// 101//
f 1// 101// 2//
f 2// 101// 102//
f 2// 102// 98//
f 103// 104// 105//
f 105// 104// 106//
f 105// 106// 107//
f 99// 108// 2//
f 2// 108// 109//
f 2// 109// 103//
f 110// 111// 112//
f 113// 19// 114//
f 114// 19// 115//
f 110// 112// 116//
f 116// 112// 114//
f 116// 114// 117//
f 117// 114// 115//
f 117// 115// 118//
f 16// 119// 17//
f 17// 119// 120//
f 17// 120// 121//
f 122// 123// 124//
f 124// 123// 125//
f 126// 127// 124//
f 124// 127// 128//
f 124// 128// 122//
f 111// 129// 112//
f 112// 129// 130//
f 112// 130// 131//
f 132// 133// 112//
f 112// 133// 134//
f 135// 136// 137//
f 137// 136// 138//
f 134// 139// 112//
f 112// 139// 138//
f 112// 138// 140//
f 140// 138// 136//
f 121// 141// 17//
f 17// 141// 142//
f 17// 142// 143//
f 131// 144// 112//
f 112// 144// 145//
f 112// 145// 132//
f 146// 147// 115//
f 115// 147// 148//
f 115// 148// 118//
f 113// 149// 19//
f 19// 149// 150//
f 19// 150// 20//
f 20// 150// 151//
f 20// 151// 15//
f 15// 151// 152//
f 15// 152// 16//
f 13// 153// 154//
f 154// 153// 60//
f 154// 60// 155//
f 155// 60// 45//
f 155// 45// 156//
f 156// 45// 48//
f 15// 14// 20//
f 20// 14// 157//
f 20// 157// 27//
f 27// 157// 158//
f 27// 158// 25//
f 10// 159// 160//
f 160// 159// 161//
f 160// 161// 162//
f 73// 64// 71//
f 71// 64// 60//
f 71// 60// 7//
f 9// 8// 153//
f 153// 8// 163//
f 153// 163// 60//
f 60// 163// 164//
f 60// 164// 7//
f 107// 90// 105//
f 105// 90// 24//
f 105// 24// 25//
f 25// 24// 23//
f 25// 23// 26//
f 165// 162// 166//
f 166// 162// 161//
f 166// 161// 167//
f 167// 161// 4//
f 6// 5// 159//
f 159// 5// 168//
f 159// 168// 161//
f 161// 168// 169//
f 161// 169// 4//
f 170// 171// 17//
f 17// 171// 172//
f 13// 15// 153//
f 153// 15// 17//
f 153// 17// 9//
f 9// 17// 172//
f 9// 172// 173//
f 174// 175// 124//
f 143// 126// 17//
f 17// 126// 124//
f 17// 124// 170//
f 170// 124// 175//
f 170// 175// 176//
f 177// 178// 179//
f 178// 180// 179//
f 179// 180// 181//
f 179// 181// 21//
f 182// 183// 184//
f 184// 183// 181//
f 184// 181// 185//
f 185// 181// 180//
f 185// 180// 186//
f 186// 180// 187//
f 188// 189// 105//
f 103// 105// 2//
f 2// 105// 189//
f 2// 189// 190//
f 191// 192// 193//
f 193// 192// 188//
f 193// 188// 167//
f 167// 188// 105//
f 167// 105// 166//
f 166// 105// 25//
f 166// 25// 165//
f 165// 25// 158//
f 194// 195// 167//
f 167// 195// 196//
f 167// 196// 193//
f 197// 198// 173//
f 172// 174// 173//
f 173// 174// 124//
f 173// 124// 197//
f 197// 124// 32//
f 125// 146// 124//
f 124// 146// 115//
f 124// 115// 32//
f 32// 115// 199//
f 32// 199// 30//
f 30// 199// 200//
f 181// 201// 21//
f 21// 201// 202//
f 21// 202// 19//
f 19// 202// 177//
f 19// 177// 115//
f 115// 177// 179//
f 115// 179// 199//
f 199// 179// 203//
f 199// 203// 200//
f 200// 203// 204//
f 205// 3// 206//
f 206// 3// 2//
f 206// 2// 194//
f 194// 2// 190//
f 194// 190// 195//
f 4// 6// 167//
f 167// 6// 207//
f 167// 207// 194//
f 194// 207// 208//
f 194// 208// 206//
f 209// 210// 83//
f 83// 210// 211//
f 81// 83// 76//
f 76// 83// 211//
f 76// 211// 212//
f 212// 211// 213//
f 212// 213// 214//
f 215// 216// 217//
f 218// 219// 198//
f 7// 9// 71//
f 71// 9// 173//
f 71// 173// 69//
f 69// 173// 198//
f 69// 198// 87//
f 87// 198// 219//
f 87// 219// 220//
f 213// 209// 214//
f 214// 209// 83//
f 214// 83// 216//
f 216// 83// 87//
f 216// 87// 217//
f 217// 87// 220//
f 31// 34// 32//
f 32// 34// 33//
f 32// 33// 197//
f 197// 33// 221//
f 197// 221// 198//
f 198// 221// 215//
f 198// 215// 218//
f 218// 215// 217//
f 36// 204// 37//
f 37// 204// 203//
f 37// 203// 222//
f 96// 223// 21//
f 21// 223// 97//
f 21// 97// 179//
f 179// 97// 1//
f 179// 1// 203//
f 203// 1// 3//
f 203// 3// 222//
f 222// 3// 205//
f 224// 206// 225//
f 225// 206// 208//
f 225// 208// 226//
f 226// 208// 227//
f 226// 227// 228//
f 228// 227// 205//
f 228// 205// 224//
f 224// 205// 206//
f 10// 12// 159//
f 159// 12// 229//
f 159// 229// 6//
f 6// 229// 230//
f 6// 230// 207//
f 207// 230// 231//
f 207// 231// 208//
f 208// 231// 232//
f 208// 232// 227//
usemtl 2
f 233// 234// 235//
f 235// 234// 236//
f 233// 235// 237//
f 237// 235// 238//
f 237// 238// 239//
f 236// 240// 235//
f 235// 240// 241//
f 235// 241// 242//
f 243// 244// 245//
f 245// 244// 246//
f 245// 246// 247//
f 248// 249// 250//
f 250// 249// 251//
f 252// 253// 254//
f 255// 256// 257//
f 254// 258// 252//
f 252// 258// 259//
f 252// 259// 260//
f 261// 262// 242//
f 255// 257// 263//
f 251// 264// 250//
f 250// 264// 257//
f 250// 257// 265//
f 265// 257// 256//
f 266// 267// 268//
f 269// 270// 271//
f 271// 270// 272//
f 271// 272// 273//
f 274// 275// 276//
f 277// 278// 238//
f 238// 278// 279//
f 238// 279// 239//
f 243// 245// 242//
f 242// 245// 280//
f 242// 280// 261//
f 262// 281// 242//
f 242// 281// 282//
f 242// 282// 235//
f 253// 252// 257//
f 257// 252// 283//
f 257// 283// 263//
f 247// 284// 245//
f 245// 284// 285//
f 245// 285// 250//
f 250// 285// 286//
f 250// 286// 248//
f 260// 287// 252//
f 252// 287// 288//
f 252// 288// 268//
f 268// 288// 289//
f 268// 289// 266//
f 290// 291// 292//
f 267// 293// 268//
f 268// 293// 294//
f 268// 294// 295//
f 295// 294// 292//
f 295// 292// 296//
f 296// 292// 291//
f 273// 297// 271//
f 271// 297// 298//
f 271// 298// 274//
f 274// 298// 299//
f 274// 299// 275//
f 300// 301// 302//
f 269// 271// 292//
f 292// 271// 303//
f 292// 303// 290//
f 277// 238// 302//
f 302// 238// 304//
f 302// 304// 300//
f 276// 305// 274//
f 274// 305// 306//
f 274// 306// 307//
f 307// 306// 302//
f 307// 302// 308//
f 308// 302// 301//
usemtl 1
f 76// 212// 309//
f 156// 48// 310//
f 310// 48// 38//
f 310// 38// 309//
f 309// 38// 40//
f 309// 40// 76//
f 309// 212// 214//
f 214// 216// 309//
f 309// 216// 215//
f 309// 215// 311//
f 311// 215// 221//
f 311// 221// 33//
f 33// 35// 311//
f 311// 35// 37//
f 311// 37// 222//
f 222// 205// 311//
f 311// 205// 227//
f 311// 227// 232//
f 311// 232// 231//
f 231// 230// 311//
f 311// 230// 229//
f 311// 229// 312//
f 312// 229// 12//
f 312// 12// 11//
f 155// 156// 310//
f 11// 10// 312//
f 312// 10// 160//
f 312// 160// 162//
f 162// 165// 312//
f 312// 165// 158//
f 312// 158// 157//
f 157// 14// 312//
f 312// 14// 13//
f 312// 13// 310//
f 310// 13// 154//
f 310// 154// 155//
f 313// 314// 310//
f 310// 314// 315//
f 310// 315// 316//
f 317// 318// 312//
f 312// 318// 319//
f 312// 319// 320//
f 321// 322// 311//
f 311// 322// 323//
f 311// 323// 324//
f 325// 326// 309//
f 309// 326// 327//
f 309// 327// 328//
f 328// 329// 309//
f 309// 329// 330//
f 309// 330// 310//
f 310// 330// 331//
f 310// 331// 313//
f 316// 332// 310//
f 310// 332// 333//
f 310// 333// 312//
f 312// 333// 334//
f 312// 334// 317//
f 320// 335// 312//
f 312// 335// 336//
f 312// 336// 311//
f 311// 336// 337//
f 311// 337// 321//
f 324// 338// 311//
f 311// 338// 339//
f 311// 339// 309//
f 309// 339// 340//
f 309// 340// 325//
usemtl 2
f 238// 330// 329//
f 238// 329// 304//
f 304// 329// 328//
f 304// 328// 300//
f 300// 328// 327//
f 300// 327// 301//
f 301// 327// 326//
f 301// 326// 308//
f 308// 326// 325//
f 308// 325// 307//
f 307// 325// 340//
f 307// 340// 274//
f 271// 274// 339//
f 339// 274// 340//
f 271// 339// 338//
f 271// 338// 303//
f 303// 338// 324//
f 303// 324// 290//
f 290// 324// 323//
f 290// 323// 291//
f 291// 323// 322//
f 291// 322// 296//
f 296// 322// 321//
f 296// 321// 295//
f 295// 321// 337//
f 295// 337// 268//
f 252// 268// 336//
f 336// 268// 337//
f 252// 336// 335//
f 252// 335// 283//
f 283// 335// 320//
f 283// 320// 263//
f 263// 320// 319//
f 263// 319// 255//
f 255// 319// 318//
f 255// 318// 256//
f 256// 318// 317//
f 256// 317// 265//
f 265// 317// 334//
f 265// 334// 250//
f 245// 250// 333//
f 333// 250// 334//
f 245// 333// 332//
f 245// 332// 280//
f 280// 332// 316//
f 280// 316// 261//
f 261// 316// 315//
f 261// 315// 262//
f 262// 315// 314//
f 262// 314// 281//
f 281// 314// 313//
f 281// 313// 282//
f 282// 313// 331//
f 282// 331// 235//
f 238// 235// 330//
f 330// 235// 331//
f 341// 342// 343//
f 343// 342// 344//
f 343// 344// 345//
f 346// 347// 348//
f 348// 347// 349//
f 348// 349// 350//
f 350// 349// 351//
f 350// 351// 341//
f 341// 351// 352//
f 341// 352// 342//
f 353// 354// 355//
f 345// 344// 355//
f 355// 344// 356//
f 355// 356// 353//
f 354// 353// 357//
f 357// 353// 358//
f 357// 358// 359//
f 358// 360// 359//
f 359// 360// 361//
f 359// 361// 362//
f 362// 361// 363//
f 362// 363// 364//
f 364// 363// 365//
f 364// 365// 366//
f 366// 365// 367//
f 366// 367// 368//
f 368// 367// 369//
f 368// 369// 370//
f 370// 369// 371//
f 370// 371// 372//
f 372// 371// 373//
f 372// 373// 374//
f 374// 373// 375//
f 376// 377// 375//
f 375// 377// 374//
f 377// 376// 378//
f 378// 376// 379//
f 378// 379// 380//
f 380// 379// 381//
f 380// 381// 382//
f 381// 383// 382//
f 382// 383// 384//
f 382// 384// 385//
f 385// 384// 386//
f 385// 386// 387//
f 387// 386// 388//
f 386// 389// 388//
f 388// 389// 390//
f 388// 390// 391//
f 391// 390// 392//
f 391// 392// 393//
f 393// 392// 394//
f 393// 394// 395//
f 395// 394// 396//
f 395// 396// 397//
f 397// 396// 398//
f 397// 398// 399//
f 399// 398// 400//
f 399// 400// 401//
f 401// 400// 402//
f 401// 402// 403//
f 403// 402// 404//
f 403// 404// 405//
f 405// 404// 406//
f 405// 406// 407//
f 407// 406// 408//
f 407// 408// 409//
f 409// 408// 410//
f 411// 412// 410//
f 410// 412// 409//
f 412// 411// 413//
f 413// 411// 414//
f 413// 414// 415//
f 415// 414// 416//
f 415// 416// 417//
f 416// 418// 417//
f 417// 418// 419//
f 417// 419// 420//
f 420// 419// 421//
f 420// 421// 422//
f 422// 421// 423//
f 421// 424// 423//
f 423// 424// 425//
f 423// 425// 426//
f 426// 425// 427//
f 426// 427// 428//
f 428// 427// 429//
f 428// 429// 430//
f 430// 429// 431//
f 430// 431// 432//
f 432// 431// 433//
f 432// 433// 434//
f 434// 433// 435//
f 434// 435// 436//
f 436// 435// 437//
f 436// 437// 438//
f 438// 437// 439//
f 438// 439// 440//
f 440// 439// 441//
f 440// 441// 442//
f 442// 441// 443//
f 442// 443// 444//
f 444// 443// 445//
f 446// 447// 445//
f 445// 447// 444//
f 448// 449// 450//
f 450// 449// 451//
f 450// 451// 452//
f 447// 446// 453//
f 453// 446// 454//
f 453// 454// 455//
f 455// 454// 456//
f 455// 456// 448//
f 448// 456// 457//
f 448// 457// 449//
f 458// 459// 460//
f 452// 451// 460//
f 460// 451// 461//
f 460// 461// 458//
f 459// 458// 462//
f 462// 458// 463//
f 462// 463// 464//
f 463// 465// 464//
f 464// 465// 466//
f 464// 466// 467//
f 467// 466// 468//
f 467// 468// 469//
f 469// 468// 470//
f 469// 470// 471//
f 471// 470// 472//
f 471// 472// 473//
f 473// 472// 474//
f 473// 474// 475//
f 475// 474// 476//
f 475// 476// 477//
f 477// 476// 478//
f 477// 478// 479//
f 479// 478// 480//
f 347// 346// 480//
f 480// 346// 479//
f 481// 482// 483//
f 484// 485// 486//
f 487// 488// 489//
f 489// 488// 490//
f 489// 490// 491//
f 492// 493// 494//
f 494// 493// 495//
f 494// 495// 496//
f 495// 497// 496//
f 496// 497// 498//
f 496// 498// 499//
f 488// 500// 490//
f 490// 500// 501//
f 490// 501// 502//
f 502// 503// 490//
f 490// 503// 504//
f 490// 504// 505//
f 506// 507// 494//
f 494// 507// 508//
f 494// 508// 492//
f 491// 490// 509//
f 509// 490// 510//
f 509// 510// 511//
f 511// 510// 512//
f 511// 512// 486//
f 486// 512// 513//
f 486// 513// 514//
f 505// 515// 490//
f 490// 515// 516//
f 490// 516// 517//
f 518// 519// 520//
f 520// 519// 488//
f 520// 488// 521//
f 521// 488// 487//
f 481// 483// 522//
f 523// 524// 525//
f 525// 524// 526//
f 525// 526// 485//
f 485// 526// 527//
f 485// 527// 486//
f 506// 528// 507//
f 507// 528// 529//
f 507// 529// 483//
f 483// 529// 530//
f 483// 530// 522//
f 524// 531// 532//
f 514// 533// 486//
f 486// 533// 534//
f 486// 534// 535//
f 535// 536// 486//
f 486// 536// 537//
f 486// 537// 484//
f 518// 538// 519//
f 519// 538// 539//
f 519// 539// 540//
f 540// 539// 483//
f 540// 483// 541//
f 541// 483// 482//
f 523// 542// 524//
f 524// 542// 543//
f 524// 543// 544//
f 544// 545// 524//
f 524// 545// 546//
f 524// 546// 531//
f 532// 547// 524//
f 524// 547// 496//
f 524// 496// 548//
f 548// 496// 499//
f 494// 496// 549//
f 549// 496// 550//
f 549// 550// 551//
f 551// 550// 552//
f 551// 552// 553//
f 553// 552// 554//
f 553// 554// 555//
f 555// 554// 556//
f 555// 556// 557//
f 557// 556// 558//
f 557// 558// 559//
f 559// 558// 560//
f 559// 560// 561//
f 561// 560// 562//
f 561// 562// 563//
f 563// 562// 564//
f 563// 564// 565//
f 565// 564// 566//
f 565// 566// 567//
f 567// 566// 568//
f 567// 568// 569//
f 569// 568// 570//
f 569// 570// 571//
f 571// 570// 572//
f 571// 572// 573//
f 573// 572// 574//
f 573// 574// 575//
f 575// 574// 576//
f 575// 576// 577//
f 577// 576// 578//
f 577// 578// 412//
f 412// 578// 409//
f 494// 549// 579//
f 555// 557// 580//
f 565// 567// 581//
f 575// 577// 582//
f 577// 412// 413//
f 577// 413// 582//
f 582// 413// 415//
f 582// 415// 583//
f 415// 417// 583//
f 583// 417// 420//
f 583// 420// 584//
f 420// 422// 584//
f 584// 422// 423//
f 584// 423// 585//
f 585// 423// 426//
f 585// 426// 586//
f 426// 428// 586//
f 586// 428// 430//
f 586// 430// 587//
f 430// 432// 587//
f 587// 432// 434//
f 587// 434// 588//
f 588// 434// 436//
f 588// 436// 589//
f 436// 438// 589//
f 589// 438// 440//
f 589// 440// 590//
f 590// 440// 442//
f 590// 442// 444//
f 571// 573// 591//
f 591// 573// 575//
f 575// 582// 591//
f 591// 582// 583//
f 591// 583// 592//
f 592// 583// 584//
f 592// 584// 593//
f 593// 584// 585//
f 593// 585// 594//
f 594// 585// 586//
f 594// 586// 595//
f 595// 586// 587//
f 595// 587// 596//
f 596// 587// 588//
f 596// 588// 597//
f 597// 588// 589//
f 597// 589// 598//
f 598// 589// 590//
f 598// 590// 599//
f 600// 569// 571//
f 444// 601// 590//
f 590// 601// 602//
f 590// 602// 599//
f 599// 602// 603//
f 599// 603// 604//
f 571// 591// 600//
f 600// 591// 592//
f 600// 592// 605//
f 605// 592// 593//
f 605// 593// 606//
f 606// 593// 594//
f 606// 594// 607//
f 607// 594// 595//
f 607// 595// 608//
f 608// 595// 596//
f 608// 596// 609//
f 609// 596// 597//
f 609// 597// 610//
f 610// 597// 598//
f 610// 598// 611//
f 611// 598// 599//
f 611// 599// 612//
f 612// 599// 604//
f 612// 604// 613//
f 613// 614// 612//
f 612// 614// 615//
f 612// 615// 611//
f 611// 615// 616//
f 611// 616// 610//
f 610// 616// 617//
f 610// 617// 609//
f 609// 617// 618//
f 609// 618// 608//
f 608// 618// 619//
f 608// 619// 607//
f 607// 619// 620//
f 607// 620// 606//
f 606// 620// 621//
f 606// 621// 605//
f 605// 621// 581//
f 605// 581// 600//
f 600// 581// 567//
f 600// 567// 569//
f 561// 563// 622//
f 622// 563// 565//
f 565// 581// 622//
f 622// 581// 621//
f 622// 621// 623//
f 623// 621// 620//
f 623// 620// 624//
f 624// 620// 619//
f 624// 619// 625//
f 625// 619// 618//
f 625// 618// 626//
f 626// 618// 617//
f 626// 617// 627//
f 627// 617// 616//
f 627// 616// 628//
f 628// 616// 615//
f 628// 615// 629//
f 629// 615// 614//
f 629// 614// 630//
f 631// 559// 561//
f 613// 632// 614//
f 614// 632// 633//
f 614// 633// 630//
f 630// 633// 634//
f 630// 634// 635//
f 561// 622// 631//
f 631// 622// 623//
f 631// 623// 636//
f 636// 623// 624//
f 636// 624// 637//
f 637// 624// 625//
f 637// 625// 638//
f 638// 625// 626//
f 638// 626// 639//
f 639// 626// 627//
f 639// 627// 640//
f 640// 627// 628//
f 640// 628// 641//
f 641// 628// 629//
f 641// 629// 642//
f 642// 629// 630//
f 642// 630// 643//
f 643// 630// 635//
f 643// 635// 644//
f 644// 645// 643//
f 643// 645// 646//
f 643// 646// 642//
f 642// 646// 647//
f 642// 647// 641//
f 641// 647// 648//
f 641// 648// 640//
f 640// 648// 649//
f 640// 649// 639//
f 639// 649// 650//
f 639// 650// 638//
f 638// 650// 651//
f 638// 651// 637//
f 637// 651// 652//
f 637// 652// 636//
f 636// 652// 580//
f 636// 580// 631//
f 631// 580// 557//
f 631// 557// 559//
f 555// 580// 653//
f 653// 580// 652//
f 653// 652// 654//
f 654// 652// 651//
f 654// 651// 655//
f 655// 651// 650//
f 655// 650// 656//
f 656// 650// 649//
f 656// 649// 657//
f 657// 649// 648//
f 657// 648// 658//
f 658// 648// 647//
f 658// 647// 659//
f 659// 647// 646//
f 659// 646// 660//
f 660// 646// 645//
f 660// 645// 661//
f 549// 551// 653//
f 653// 551// 553//
f 653// 553// 555//
f 644// 662// 645//
f 645// 662// 663//
f 645// 663// 661//
f 661// 663// 664//
f 661// 664// 665//
f 549// 653// 579//
f 579// 653// 654//
f 579// 654// 666//
f 666// 654// 655//
f 666// 655// 667//
f 667// 655// 656//
f 667// 656// 668//
f 668// 656// 657//
f 668// 657// 669//
f 669// 657// 658//
f 669// 658// 670//
f 670// 658// 659//
f 670// 659// 671//
f 671// 659// 660//
f 671// 660// 672//
f 672// 660// 661//
f 672// 661// 673//
f 673// 661// 665//
f 673// 665// 674//
f 494// 579// 506//
f 506// 579// 666//
f 506// 666// 528//
f 528// 666// 667//
f 528// 667// 529//
f 529// 667// 668//
f 529// 668// 530//
f 530// 668// 669//
f 530// 669// 522//
f 522// 669// 670//
f 522// 670// 481//
f 481// 670// 671//
f 481// 671// 482//
f 482// 671// 672//
f 482// 672// 541//
f 541// 672// 673//
f 541// 673// 540//
f 540// 673// 674//
f 540// 674// 519//
f 525// 675// 676//
f 677// 678// 679//
f 680// 681// 682//
f 683// 684// 685//
f 684// 377// 378//
f 684// 378// 685//
f 685// 378// 380//
f 685// 380// 686//
f 380// 382// 686//
f 686// 382// 385//
f 686// 385// 687//
f 385// 387// 687//
f 687// 387// 388//
f 687// 388// 688//
f 688// 388// 391//
f 688// 391// 689//
f 391// 393// 689//
f 689// 393// 395//
f 689// 395// 690//
f 395// 397// 690//
f 690// 397// 399//
f 690// 399// 691//
f 691// 399// 401//
f 691// 401// 692//
f 401// 403// 692//
f 692// 403// 405//
f 692// 405// 693//
f 693// 405// 407//
f 693// 407// 409//
f 694// 695// 696//
f 696// 695// 683//
f 683// 685// 696//
f 696// 685// 686//
f 696// 686// 697//
f 697// 686// 687//
f 697// 687// 698//
f 698// 687// 688//
f 698// 688// 699//
f 699// 688// 689//
f 699// 689// 700//
f 700// 689// 690//
f 700// 690// 701//
f 701// 690// 691//
f 701// 691// 702//
f 702// 691// 692//
f 702// 692// 703//
f 703// 692// 693//
f 703// 693// 704//
f 705// 706// 694//
f 409// 578// 693//
f 693// 578// 576//
f 693// 576// 704//
f 704// 576// 574//
f 704// 574// 572//
f 694// 696// 705//
f 705// 696// 697//
f 705// 697// 707//
f 707// 697// 698//
f 707// 698// 708//
f 708// 698// 699//
f 708// 699// 709//
f 709// 699// 700//
f 709// 700// 710//
f 710// 700// 701//
f 710// 701// 711//
f 711// 701// 702//
f 711// 702// 712//
f 712// 702// 703//
f 712// 703// 713//
f 713// 703// 704//
f 713// 704// 714//
f 714// 704// 572//
f 714// 572// 570//
f 570// 715// 714//
f 714// 715// 716//
f 714// 716// 713//
f 713// 716// 717//
f 713// 717// 712//
f 712// 717// 718//
f 712// 718// 711//
f 711// 718// 719//
f 711// 719// 710//
f 710// 719// 720//
f 710// 720// 709//
f 709// 720// 721//
f 709// 721// 708//
f 708// 721// 722//
f 708// 722// 707//
f 707// 722// 682//
f 707// 682// 705//
f 705// 682// 681//
f 705// 681// 706//
f 723// 724// 725//
f 725// 724// 680//
f 680// 682// 725//
f 725// 682// 722//
f 725// 722// 726//
f 726// 722// 721//
f 726// 721// 727//
f 727// 721// 720//
f 727// 720// 728//
f 728// 720// 719//
f 728// 719// 729//
f 729// 719// 718//
f 729// 718// 730//
f 730// 718// 717//
f 730// 717// 731//
f 731// 717// 716//
f 731// 716// 732//
f 732// 716// 715//
f 732// 715// 733//
f 734// 735// 723//
f 570// 568// 715//
f 715// 568// 566//
f 715// 566// 733//
f 733// 566// 564//
f 733// 564// 562//
f 723// 725// 734//
f 734// 725// 726//
f 734// 726// 736//
f 736// 726// 727//
f 736// 727// 737//
f 737// 727// 728//
f 737// 728// 738//
f 738// 728// 729//
f 738// 729// 739//
f 739// 729// 730//
f 739// 730// 740//
f 740// 730// 731//
f 740// 731// 741//
f 741// 731// 732//
f 741// 732// 742//
f 742// 732// 733//
f 742// 733// 743//
f 743// 733// 562//
f 743// 562// 560//
f 560// 744// 743//
f 743// 744// 745//
f 743// 745// 742//
f 742// 745// 746//
f 742// 746// 741//
f 741// 746// 747//
f 741// 747// 740//
f 740// 747// 748//
f 740// 748// 739//
f 739// 748// 749//
f 739// 749// 738//
f 738// 749// 750//
f 738// 750// 737//
f 737// 750// 751//
f 737// 751// 736//
f 736// 751// 679//
f 736// 679// 734//
f 734// 679// 678//
f 734// 678// 735//
f 677// 679// 752//
f 752// 679// 751//
f 752// 751// 753//
f 753// 751// 750//
f 753// 750// 754//
f 754// 750// 749//
f 754// 749// 755//
f 755// 749// 748//
f 755// 748// 756//
f 756// 748// 747//
f 756// 747// 757//
f 757// 747// 746//
f 757// 746// 758//
f 758// 746// 745//
f 758// 745// 759//
f 759// 745// 744//
f 759// 744// 760//
f 675// 761// 752//
f 752// 761// 762//
f 752// 762// 677//
f 560// 558// 744//
f 744// 558// 556//
f 744// 556// 760//
f 760// 556// 554//
f 760// 554// 552//
f 675// 752// 676//
f 676// 752// 753//
f 676// 753// 763//
f 763// 753// 754//
f 763// 754// 764//
f 764// 754// 755//
f 764// 755// 765//
f 765// 755// 756//
f 765// 756// 766//
f 766// 756// 757//
f 766// 757// 767//
f 767// 757// 758//
f 767// 758// 768//
f 768// 758// 759//
f 768// 759// 769//
f 769// 759// 760//
f 769// 760// 770//
f 770// 760// 552//
f 770// 552// 550//
f 525// 676// 523//
f 523// 676// 763//
f 523// 763// 542//
f 542// 763// 764//
f 542// 764// 543//
f 543// 764// 765//
f 543// 765// 544//
f 544// 765// 766//
f 544// 766// 545//
f 545// 766// 767//
f 545// 767// 546//
f 546// 767// 768//
f 546// 768// 531//
f 531// 768// 769//
f 531// 769// 532//
f 532// 769// 770//
f 532// 770// 547//
f 547// 770// 550//
f 547// 550// 496//
f 488// 519// 771//
f 771// 519// 674//
f 771// 674// 772//
f 772// 674// 665//
f 772// 665// 773//
f 773// 665// 664//
f 773// 664// 774//
f 774// 664// 663//
f 774// 663// 775//
f 775// 663// 662//
f 775// 662// 776//
f 776// 662// 644//
f 776// 644// 777//
f 777// 644// 635//
f 777// 635// 778//
f 778// 635// 634//
f 778// 634// 779//
f 779// 634// 633//
f 779// 633// 780//
f 780// 633// 632//
f 780// 632// 781//
f 781// 632// 613//
f 781// 613// 782//
f 782// 613// 604//
f 782// 604// 783//
f 783// 604// 603//
f 783// 603// 784//
f 784// 603// 602//
f 784// 602// 785//
f 785// 602// 601//
f 785// 601// 447//
f 447// 601// 444//
f 374// 377// 786//
f 786// 377// 684//
f 786// 684// 787//
f 787// 684// 683//
f 787// 683// 788//
f 788// 683// 695//
f 788// 695// 789//
f 789// 695// 694//
f 789// 694// 790//
f 790// 694// 706//
f 790// 706// 791//
f 791// 706// 681//
f 791// 681// 792//
f 792// 681// 680//
f 792// 680// 793//
f 793// 680// 724//
f 793// 724// 794//
f 794// 724// 723//
f 794// 723// 795//
f 795// 723// 735//
f 795// 735// 796//
f 796// 735// 678//
f 796// 678// 797//
f 797// 678// 677//
f 797// 677// 798//
f 798// 677// 762//
f 798// 762// 799//
f 799// 762// 761//
f 799// 761// 800//
f 800// 761// 675//
f 800// 675// 485//
f 485// 675// 525//
f 488// 771// 801//
f 774// 775// 802//
f 779// 780// 803//
f 784// 785// 804//
f 785// 447// 453//
f 785// 453// 804//
f 804// 453// 455//
f 804// 455// 805//
f 455// 448// 805//
f 805// 448// 450//
f 805// 450// 806//
f 450// 452// 806//
f 806// 452// 460//
f 806// 460// 807//
f 807// 460// 459//
f 807// 459// 808//
f 459// 462// 808//
f 808// 462// 464//
f 808// 464// 809//
f 464// 467// 809//
f 809// 467// 469//
f 809// 469// 810//
f 810// 469// 471//
f 810// 471// 811//
f 471// 473// 811//
f 811// 473// 475//
f 811// 475// 812//
f 812// 475// 477//
f 812// 477// 479//
f 782// 783// 813//
f 813// 783// 784//
f 784// 804// 813//
f 813// 804// 805//
f 813// 805// 814//
f 814// 805// 806//
f 814// 806// 815//
f 815// 806// 807//
f 815// 807// 816//
f 816// 807// 808//
f 816// 808// 817//
f 817// 808// 809//
f 817// 809// 818//
f 818// 809// 810//
f 818// 810// 819//
f 819// 810// 811//
f 819// 811// 820//
f 820// 811// 812//
f 820// 812// 821//
f 822// 781// 782//
f 479// 823// 812//
f 812// 823// 824//
f 812// 824// 821//
f 821// 824// 825//
f 821// 825// 826//
f 782// 813// 822//
f 822// 813// 814//
f 822// 814// 827//
f 827// 814// 815//
f 827// 815// 828//
f 828// 815// 816//
f 828// 816// 829//
f 829// 816// 817//
f 829// 817// 830//
f 830// 817// 818//
f 830// 818// 831//
f 831// 818// 819//
f 831// 819// 832//
f 832// 819// 820//
f 832// 820// 833//
f 833// 820// 821//
f 833// 821// 834//
f 834// 821// 826//
f 834// 826// 835//
f 835// 836// 834//
f 834// 836// 837//
f 834// 837// 833//
f 833// 837// 838//
f 833// 838// 832//
f 832// 838// 839//
f 832// 839// 831//
f 831// 839// 840//
f 831// 840// 830//
f 830// 840// 841//
f 830// 841// 829//
f 829// 841// 842//
f 829// 842// 828//
f 828// 842// 843//
f 828// 843// 827//
f 827// 843// 803//
f 827// 803// 822//
f 822// 803// 780//
f 822// 780// 781//
f 777// 778// 844//
f 844// 778// 779//
f 779// 803// 844//
f 844// 803// 843//
f 844// 843// 845//
f 845// 843// 842//
f 845// 842// 846//
f 846// 842// 841//
f 846// 841// 847//
f 847// 841// 840//
f 847// 840// 848//
f 848// 840// 839//
f 848// 839// 849//
f 849// 839// 838//
f 849// 838// 850//
f 850// 838// 837//
f 850// 837// 851//
f 851// 837// 836//
f 851// 836// 852//
f 853// 776// 777//
f 835// 854// 836//
f 836// 854// 855//
f 836// 855// 852//
f 852// 855// 856//
f 852// 856// 857//
f 777// 844// 853//
f 853// 844// 845//
f 853// 845// 858//
f 858// 845// 846//
f 858// 846// 859//
f 859// 846// 847//
f 859// 847// 860//
f 860// 847// 848//
f 860// 848// 861//
f 861// 848// 849//
f 861// 849// 862//
f 862// 849// 850//
f 862// 850// 863//
f 863// 850// 851//
f 863// 851// 864//
f 864// 851// 852//
f 864// 852// 865//
f 865// 852// 857//
f 865// 857// 866//
f 866// 867// 865//
f 865// 867// 868//
f 865// 868// 864//
f 864// 868// 869//
f 864// 869// 863//
f 863// 869// 870//
f 863// 870// 862//
f 862// 870// 871//
f 862// 871// 861//
f 861// 871// 872//
f 861// 872// 860//
f 860// 872// 873//
f 860// 873// 859//
f 859// 873// 874//
f 859// 874// 858//
f 858// 874// 802//
f 858// 802// 853//
f 853// 802// 775//
f 853// 775// 776//
f 774// 802// 875//
f 875// 802// 874//
f 875// 874// 876//
f 876// 874// 873//
f 876// 873// 877//
f 877// 873// 872//
f 877// 872// 878//
f 878// 872// 871//
f 878// 871// 879//
f 879// 871// 870//
f 879// 870// 880//
f 880// 870// 869//
f 880// 869// 881//
f 881// 869// 868//
f 881// 868// 882//
f 882// 868// 867//
f 882// 867// 883//
f 771// 772// 875//
f 875// 772// 773//
f 875// 773// 774//
f 866// 884// 867//
f 867// 884// 885//
f 867// 885// 883//
f 883// 885// 886//
f 883// 886// 887//
f 771// 875// 801//
f 801// 875// 876//
f 801// 876// 888//
f 888// 876// 877//
f 888// 877// 889//
f 889// 877// 878//
f 889// 878// 890//
f 890// 878// 879//
f 890// 879// 891//
f 891// 879// 880//
f 891// 880// 892//
f 892// 880// 881//
f 892// 881// 893//
f 893// 881// 882//
f 893// 882// 894//
f 894// 882// 883//
f 894// 883// 895//
f 895// 883// 887//
f 895// 887// 896//
f 488// 801// 500//
f 500// 801// 888//
f 500// 888// 501//
f 501// 888// 889//
f 501// 889// 502//
f 502// 889// 890//
f 502// 890// 503//
f 503// 890// 891//
f 503// 891// 504//
f 504// 891// 892//
f 504// 892// 505//
f 505// 892// 893//
f 505// 893// 515//
f 515// 893// 894//
f 515// 894// 516//
f 516// 894// 895//
f 516// 895// 517//
f 517// 895// 896//
f 517// 896// 490//
f 510// 897// 898//
f 899// 900// 901//
f 902// 903// 904//
f 905// 906// 907//
f 906// 346// 348//
f 906// 348// 907//
f 907// 348// 350//
f 907// 350// 908//
f 350// 341// 908//
f 908// 341// 343//
f 908// 343// 909//
f 343// 345// 909//
f 909// 345// 355//
f 909// 355// 910//
f 910// 355// 354//
f 910// 354// 911//
f 354// 357// 911//
f 911// 357// 359//
f 911// 359// 912//
f 359// 362// 912//
f 912// 362// 364//
f 912// 364// 913//
f 913// 364// 366//
f 913// 366// 914//
f 366// 368// 914//
f 914// 368// 370//
f 914// 370// 915//
f 915// 370// 372//
f 915// 372// 374//
f 916// 917// 918//
f 918// 917// 905//
f 905// 907// 918//
f 918// 907// 908//
f 918// 908// 919//
f 919// 908// 909//
f 919// 909// 920//
f 920// 909// 910//
f 920// 910// 921//
f 921// 910// 911//
f 921// 911// 922//
f 922// 911// 912//
f 922// 912// 923//
f 923// 912// 913//
f 923// 913// 924//
f 924// 913// 914//
f 924// 914// 925//
f 925// 914// 915//
f 925// 915// 926//
f 927// 928// 916//
f 374// 786// 915//
f 915// 786// 787//
f 915// 787// 926//
f 926// 787// 788//
f 926// 788// 789//
f 916// 918// 927//
f 927// 918// 919//
f 927// 919// 929//
f 929// 919// 920//
f 929// 920// 930//
f 930// 920// 921//
f 930// 921// 931//
f 931// 921// 922//
f 931// 922// 932//
f 932// 922// 923//
f 932// 923// 933//
f 933// 923// 924//
f 933// 924// 934//
f 934// 924// 925//
f 934// 925// 935//
f 935// 925// 926//
f 935// 926// 936//
f 936// 926// 789//
f 936// 789// 790//
f 790// 937// 936//
f 936// 937// 938//
f 936// 938// 935//
f 935// 938// 939//
f 935// 939// 934//
f 934// 939// 940//
f 934// 940// 933//
f 933// 940// 941//
f 933// 941// 932//
f 932// 941// 942//
f 932// 942// 931//
f 931// 942// 943//
f 931// 943// 930//
f 930// 943// 944//
f 930// 944// 929//
f 929// 944// 904//
f 929// 904// 927//
f 927// 904// 903//
f 927// 903// 928//
f 945// 946// 947//
f 947// 946// 902//
f 902// 904// 947//
f 947// 904// 944//
f 947// 944// 948//
f 948// 944// 943//
f 948// 943// 949//
f 949// 943// 942//
f 949// 942// 950//
f 950// 942// 941//
f 950// 941// 951//
f 951// 941// 940//
f 951// 940// 952//
f 952// 940// 939//
f 952// 939// 953//
f 953// 939// 938//
f 953// 938// 954//
f 954// 938// 937//
f 954// 937// 955//
f 956// 957// 945//
f 790// 791// 937//
f 937// 791// 792//
f 937// 792// 955//
f 955// 792// 793//
f 955// 793// 794//
f 945// 947// 956//
f 956// 947// 948//
f 956// 948// 958//
f 958// 948// 949//
f 958// 949// 959//
f 959// 949// 950//
f 959// 950// 960//
f 960// 950// 951//
f 960// 951// 961//
f 961// 951// 952//
f 961// 952// 962//
f 962// 952// 953//
f 962// 953// 963//
f 963// 953// 954//
f 963// 954// 964//
f 964// 954// 955//
f 964// 955// 965//
f 965// 955// 794//
f 965// 794// 795//
f 795// 966// 965//
f 965// 966// 967//
f 965// 967// 964//
f 964// 967// 968//
f 964// 968// 963//
f 963// 968// 969//
f 963// 969// 962//
f 962// 969// 970//
f 962// 970// 961//
f 961// 970// 971//
f 961// 971// 960//
f 960// 971// 972//
f 960// 972// 959//
f 959// 972// 973//
f 959// 973// 958//
f 958// 973// 901//
f 958// 901// 956//
f 956// 901// 900//
f 956// 900// 957//
f 899// 901// 974//
f 974// 901// 973//
f 974// 973// 975//
f 975// 973// 972//
f 975// 972// 976//
f 976// 972// 971//
f 976// 971// 977//
f 977// 971// 970//
f 977// 970// 978//
f 978// 970// 969//
f 978// 969// 979//
f 979// 969// 968//
f 979// 968// 980//
f 980// 968// 967//
f 980// 967// 981//
f 981// 967// 966//
f 981// 966// 982//
f 897// 983// 974//
f 974// 983// 984//
f 974// 984// 899//
f 795// 796// 966//
f 966// 796// 797//
f 966// 797// 982//
f 982// 797// 798//
f 982// 798// 799//
f 897// 974// 898//
f 898// 974// 975//
f 898// 975// 985//
f 985// 975// 976//
f 985// 976// 986//
f 986// 976// 977//
f 986// 977// 987//
f 987// 977// 978//
f 987// 978// 988//
f 988// 978// 979//
f 988// 979// 989//
f 989// 979// 980//
f 989// 980// 990//
f 990// 980// 981//
f 990// 981// 991//
f 991// 981// 982//
f 991// 982// 992//
f 992// 982// 799//
f 992// 799// 800//
f 510// 898// 512//
f 512// 898// 985//
f 512// 985// 513//
f 513// 985// 986//
f 513// 986// 514//
f 514// 986// 987//
f 514// 987// 533//
f 533// 987// 988//
f 533// 988// 534//
f 534// 988// 989//
f 534// 989// 535//
f 535// 989// 990//
f 535// 990// 536//
f 536// 990// 991//
f 536// 991// 537//
f 537// 991// 992//
f 537// 992// 484//
f 484// 992// 800//
f 484// 800// 485//
f 479// 346// 823//
f 823// 346// 906//
f 823// 906// 824//
f 824// 906// 905//
f 824// 905// 825//
f 825// 905// 917//
f 825// 917// 826//
f 826// 917// 916//
f 826// 916// 835//
f 835// 916// 928//
f 835// 928// 854//
f 854// 928// 903//
f 854// 903// 855//
f 855// 903// 902//
f 855// 902// 856//
f 856// 902// 946//
f 856// 946// 857//
f 857// 946// 945//
f 857// 945// 866//
f 866// 945// 957//
f 866// 957// 884//
f 884// 957// 900//
f 884// 900// 885//
f 885// 900// 899//
f 885// 899// 886//
f 886// 899// 984//
f 886// 984// 887//
f 887// 984// 983//
f 887// 983// 896//
f 896// 983// 897//
f 896// 897// 490//
f 490// 897// 510//
f 371// 369// 993//
f 361// 360// 994//
f 299// 298// 995//
f 275// 299// 996//
f 276// 275// 997//
f 305// 276// 998//
f 306// 305// 999//
f 302// 306// 1000//
f 277// 302// 1001//
f 278// 277// 1002//
f 279// 278// 1003//
f 239// 279// 1004//
f 237// 239// 1005//
f 237// 1005// 1006//
f 1006// 1005// 1007//
f 1006// 1007// 1008//
f 1008// 1007// 1009//
f 1008// 1009// 1010//
f 1010// 1009// 1011//
f 1010// 1011// 1012//
f 1012// 1011// 1013//
f 1012// 1013// 1014//
f 1014// 1013// 349//
f 1014// 349// 347//
f 1015// 352// 351//
f 239// 1004// 1005//
f 1005// 1004// 1016//
f 1005// 1016// 1007//
f 1007// 1016// 1017//
f 1007// 1017// 1009//
f 1009// 1017// 1018//
f 1009// 1018// 1011//
f 1011// 1018// 1015//
f 1011// 1015// 1013//
f 1013// 1015// 351//
f 1013// 351// 349//
f 279// 1003// 1004//
f 1004// 1003// 1019//
f 1004// 1019// 1016//
f 1016// 1019// 1020//
f 1016// 1020// 1017//
f 1017// 1020// 1021//
f 1017// 1021// 1018//
f 1018// 1021// 1022//
f 1018// 1022// 1015//
f 1015// 1022// 342//
f 1015// 342// 352//
f 1023// 356// 344//
f 278// 1002// 1003//
f 1003// 1002// 1024//
f 1003// 1024// 1019//
f 1019// 1024// 1025//
f 1019// 1025// 1020//
f 1020// 1025// 1026//
f 1020// 1026// 1021//
f 1021// 1026// 1023//
f 1021// 1023// 1022//
f 1022// 1023// 344//
f 1022// 344// 342//
f 1027// 358// 353//
f 277// 1001// 1002//
f 1002// 1001// 1028//
f 1002// 1028// 1024//
f 1024// 1028// 1029//
f 1024// 1029// 1025//
f 1025// 1029// 1030//
f 1025// 1030// 1026//
f 1026// 1030// 1027//
f 1026// 1027// 1023//
f 1023// 1027// 353//
f 1023// 353// 356//
f 302// 1000// 1001//
f 1001// 1000// 1031//
f 1001// 1031// 1028//
f 1028// 1031// 1032//
f 1028// 1032// 1029//
f 1029// 1032// 1033//
f 1029// 1033// 1030//
f 1030// 1033// 994//
f 1030// 994// 1027//
f 1027// 994// 360//
f 1027// 360// 358//
f 306// 999// 1000//
f 1000// 999// 1034//
f 1000// 1034// 1031//
f 1031// 1034// 1035//
f 1031// 1035// 1032//
f 1032// 1035// 1036//
f 1032// 1036// 1033//
f 1033// 1036// 1037//
f 1033// 1037// 994//
f 994// 1037// 363//
f 994// 363// 361//
f 1038// 367// 365//
f 305// 998// 999//
f 999// 998// 1039//
f 999// 1039// 1034//
f 1034// 1039// 1040//
f 1034// 1040// 1035//
f 1035// 1040// 1041//
f 1035// 1041// 1036//
f 1036// 1041// 1038//
f 1036// 1038// 1037//
f 1037// 1038// 365//
f 1037// 365// 363//
f 276// 997// 998//
f 998// 997// 1042//
f 998// 1042// 1039//
f 1039// 1042// 1043//
f 1039// 1043// 1040//
f 1040// 1043// 1044//
f 1040// 1044// 1041//
f 1041// 1044// 993//
f 1041// 993// 1038//
f 1038// 993// 369//
f 1038// 369// 367//
f 275// 996// 997//
f 997// 996// 1045//
f 997// 1045// 1042//
f 1042// 1045// 1046//
f 1042// 1046// 1043//
f 1043// 1046// 1047//
f 1043// 1047// 1044//
f 1044// 1047// 1048//
f 1044// 1048// 993//
f 993// 1048// 373//
f 993// 373// 371//
f 299// 995// 996//
f 996// 995// 1049//
f 996// 1049// 1045//
f 1045// 1049// 1050//
f 1045// 1050// 1046//
f 1046// 1050// 1051//
f 1046// 1051// 1047//
f 1047// 1051// 1052//
f 1047// 1052// 1048//
f 1048// 1052// 375//
f 1048// 375// 373//
f 376// 375// 1053//
f 1053// 375// 1052//
f 1053// 1052// 1054//
f 1054// 1052// 1051//
f 1054// 1051// 1055//
f 1055// 1051// 1050//
f 1055// 1050// 1056//
f 1056// 1050// 1049//
f 1056// 1049// 1057//
f 1057// 1049// 995//
f 1057// 995// 297//
f 297// 995// 298//
f 347// 480// 1014//
f 1014// 480// 1058//
f 1014// 1058// 1012//
f 1012// 1058// 1059//
f 1012// 1059// 1010//
f 1010// 1059// 1060//
f 1010// 1060// 1008//
f 1008// 1060// 1061//
f 1008// 1061// 1006//
f 1006// 1061// 1062//
f 1006// 1062// 237//
f 237// 1062// 233//
f 406// 404// 1063//
f 396// 394// 1064//
f 289// 288// 1065//
f 266// 289// 1066//
f 267// 266// 1067//
f 293// 267// 1068//
f 294// 293// 1069//
f 292// 294// 1070//
f 269// 292// 1071//
f 270// 269// 1072//
f 272// 270// 1073//
f 273// 272// 1074//
f 297// 273// 1075//
f 297// 1075// 1057//
f 1057// 1075// 1076//
f 1057// 1076// 1056//
f 1056// 1076// 1077//
f 1056// 1077// 1055//
f 1055// 1077// 1078//
f 1055// 1078// 1054//
f 1054// 1078// 1079//
f 1054// 1079// 1053//
f 1053// 1079// 379//
f 1053// 379// 376//
f 1080// 383// 381//
f 273// 1074// 1075//
f 1075// 1074// 1081//
f 1075// 1081// 1076//
f 1076// 1081// 1082//
f 1076// 1082// 1077//
f 1077// 1082// 1083//
f 1077// 1083// 1078//
f 1078// 1083// 1080//
f 1078// 1080// 1079//
f 1079// 1080// 381//
f 1079// 381// 379//
f 272// 1073// 1074//
f 1074// 1073// 1084//
f 1074// 1084// 1081//
f 1081// 1084// 1085//
f 1081// 1085// 1082//
f 1082// 1085// 1086//
f 1082// 1086// 1083//
f 1083// 1086// 1087//
f 1083// 1087// 1080//
f 1080// 1087// 384//
f 1080// 384// 383//
f 1088// 389// 386//
f 270// 1072// 1073//
f 1073// 1072// 1089//
f 1073// 1089// 1084//
f 1084// 1089// 1090//
f 1084// 1090// 1085//
f 1085// 1090// 1091//
f 1085// 1091// 1086//
f 1086// 1091// 1088//
f 1086// 1088// 1087//
f 1087// 1088// 386//
f 1087// 386// 384//
f 1092// 392// 390//
f 269// 1071// 1072//
f 1072// 1071// 1093//
f 1072// 1093// 1089//
f 1089// 1093// 1094//
f 1089// 1094// 1090//
f 1090// 1094// 1095//
f 1090// 1095// 1091//
f 1091// 1095// 1092//
f 1091// 1092// 1088//
f 1088// 1092// 390//
f 1088// 390// 389//
f 292// 1070// 1071//
f 1071// 1070// 1096//
f 1071// 1096// 1093//
f 1093// 1096// 1097//
f 1093// 1097// 1094//
f 1094// 1097// 1098//
f 1094// 1098// 1095//
f 1095// 1098// 1064//
f 1095// 1064// 1092//
f 1092// 1064// 394//
f 1092// 394// 392//
f 294// 1069// 1070//
f 1070// 1069// 1099//
f 1070// 1099// 1096//
f 1096// 1099// 1100//
f 1096// 1100// 1097//
f 1097// 1100// 1101//
f 1097// 1101// 1098//
f 1098// 1101// 1102//
f 1098// 1102// 1064//
f 1064// 1102// 398//
f 1064// 398// 396//
f 1103// 402// 400//
f 293// 1068// 1069//
f 1069// 1068// 1104//
f 1069// 1104// 1099//
f 1099// 1104// 1105//
f 1099// 1105// 1100//
f 1100// 1105// 1106//
f 1100// 1106// 1101//
f 1101// 1106// 1103//
f 1101// 1103// 1102//
f 1102// 1103// 400//
f 1102// 400// 398//
f 267// 1067// 1068//
f 1068// 1067// 1107//
f 1068// 1107// 1104//
f 1104// 1107// 1108//
f 1104// 1108// 1105//
f 1105// 1108// 1109//
f 1105// 1109// 1106//
f 1106// 1109// 1063//
f 1106// 1063// 1103//
f 1103// 1063// 404//
f 1103// 404// 402//
f 266// 1066// 1067//
f 1067// 1066// 1110//
f 1067// 1110// 1107//
f 1107// 1110// 1111//
f 1107// 1111// 1108//
f 1108// 1111// 1112//
f 1108// 1112// 1109//
f 1109// 1112// 1113//
f 1109// 1113// 1063//
f 1063// 1113// 408//
f 1063// 408// 406//
f 289// 1065// 1066//
f 1066// 1065// 1114//
f 1066// 1114// 1110//
f 1110// 1114// 1115//
f 1110// 1115// 1111//
f 1111// 1115// 1116//
f 1111// 1116// 1112//
f 1112// 1116// 1117//
f 1112// 1117// 1113//
f 1113// 1117// 410//
f 1113// 410// 408//
f 476// 474// 1118//
f 466// 465// 1119//
f 234// 233// 1062//
f 236// 234// 1120//
f 240// 236// 1121//
f 241// 240// 1122//
f 242// 241// 1123//
f 243// 242// 1124//
f 244// 243// 1125//
f 246// 244// 1126//
f 247// 246// 1127//
f 284// 247// 1128//
f 285// 284// 1129//
f 285// 1129// 1130//
f 1130// 1129// 1131//
f 1130// 1131// 1132//
f 1132// 1131// 1133//
f 1132// 1133// 1134//
f 1134// 1133// 1135//
f 1134// 1135// 1136//
f 1136// 1135// 1137//
f 1136// 1137// 1138//
f 1138// 1137// 454//
f 1138// 454// 446//
f 1139// 457// 456//
f 284// 1128// 1129//
f 1129// 1128// 1140//
f 1129// 1140// 1131//
f 1131// 1140// 1141//
f 1131// 1141// 1133//
f 1133// 1141// 1142//
f 1133// 1142// 1135//
f 1135// 1142// 1139//
f 1135// 1139// 1137//
f 1137// 1139// 456//
f 1137// 456// 454//
f 247// 1127// 1128//
f 1128// 1127// 1143//
f 1128// 1143// 1140//
f 1140// 1143// 1144//
f 1140// 1144// 1141//
f 1141// 1144// 1145//
f 1141// 1145// 1142//
f 1142// 1145// 1146//
f 1142// 1146// 1139//
f 1139// 1146// 449//
f 1139// 449// 457//
f 1147// 461// 451//
f 246// 1126// 1127//
f 1127// 1126// 1148//
f 1127// 1148// 1143//
f 1143// 1148// 1149//
f 1143// 1149// 1144//
f 1144// 1149// 1150//
f 1144// 1150// 1145//
f 1145// 1150// 1147//
f 1145// 1147// 1146//
f 1146// 1147// 451//
f 1146// 451// 449//
f 1151// 463// 458//
f 244// 1125// 1126//
f 1126// 1125// 1152//
f 1126// 1152// 1148//
f 1148// 1152// 1153//
f 1148// 1153// 1149//
f 1149// 1153// 1154//
f 1149// 1154// 1150//
f 1150// 1154// 1151//
f 1150// 1151// 1147//
f 1147// 1151// 458//
f 1147// 458// 461//
f 243// 1124// 1125//
f 1125// 1124// 1155//
f 1125// 1155// 1152//
f 1152// 1155// 1156//
f 1152// 1156// 1153//
f 1153// 1156// 1157//
f 1153// 1157// 1154//
f 1154// 1157// 1119//
f 1154// 1119// 1151//
f 1151// 1119// 465//
f 1151// 465// 463//
f 242// 1123// 1124//
f 1124// 1123// 1158//
f 1124// 1158// 1155//
f 1155// 1158// 1159//
f 1155// 1159// 1156//
f 1156// 1159// 1160//
f 1156// 1160// 1157//
f 1157// 1160// 1161//
f 1157// 1161// 1119//
f 1119// 1161// 468//
f 1119// 468// 466//
f 1162// 472// 470//
f 241// 1122// 1123//
f 1123// 1122// 1163//
f 1123// 1163// 1158//
f 1158// 1163// 1164//
f 1158// 1164// 1159//
f 1159// 1164// 1165//
f 1159// 1165// 1160//
f 1160// 1165// 1162//
f 1160// 1162// 1161//
f 1161// 1162// 470//
f 1161// 470// 468//
f 240// 1121// 1122//
f 1122// 1121// 1166//
f 1122// 1166// 1163//
f 1163// 1166// 1167//
f 1163// 1167// 1164//
f 1164// 1167// 1168//
f 1164// 1168// 1165//
f 1165// 1168// 1118//
f 1165// 1118// 1162//
f 1162// 1118// 474//
f 1162// 474// 472//
f 236// 1120// 1121//
f 1121// 1120// 1169//
f 1121// 1169// 1166//
f 1166// 1169// 1170//
f 1166// 1170// 1167//
f 1167// 1170// 1171//
f 1167// 1171// 1168//
f 1168// 1171// 1172//
f 1168// 1172// 1118//
f 1118// 1172// 478//
f 1118// 478// 476//
f 234// 1062// 1120//
f 1120// 1062// 1061//
f 1120// 1061// 1169//
f 1169// 1061// 1060//
f 1169// 1060// 1170//
f 1170// 1060// 1059//
f 1170// 1059// 1171//
f 1171// 1059// 1058//
f 1171// 1058// 1172//
f 1172// 1058// 480//
f 1172// 480// 478//
f 411// 410// 1173//
f 1173// 410// 1117//
f 1173// 1117// 1174//
f 1174// 1117// 1116//
f 1174// 1116// 1175//
f 1175// 1116// 1115//
f 1175// 1115// 1176//
f 1176// 1115// 1114//
f 1176// 1114// 1177//
f 1177// 1114// 1065//
f 1177// 1065// 287//
f 287// 1065// 288//
f 446// 445// 1138//
f 1138// 445// 1178//
f 1138// 1178// 1136//
f 1136// 1178// 1179//
f 1136// 1179// 1134//
f 1134// 1179// 1180//
f 1134// 1180// 1132//
f 1132// 1180// 1181//
f 1132// 1181// 1130//
f 1130// 1181// 1182//
f 1130// 1182// 285//
f 285// 1182// 286//
f 441// 439// 1183//
f 431// 429// 1184//
f 248// 286// 1182//
f 249// 248// 1185//
f 251// 249// 1186//
f 264// 251// 1187//
f 257// 264// 1188//
f 253// 257// 1189//
f 254// 253// 1190//
f 258// 254// 1191//
f 259// 258// 1192//
f 260// 259// 1193//
f 287// 260// 1194//
f 287// 1194// 1177//
f 1177// 1194// 1195//
f 1177// 1195// 1176//
f 1176// 1195// 1196//
f 1176// 1196// 1175//
f 1175// 1196// 1197//
f 1175// 1197// 1174//
f 1174// 1197// 1198//
f 1174// 1198// 1173//
f 1173// 1198// 414//
f 1173// 414// 411//
f 1199// 418// 416//
f 260// 1193// 1194//
f 1194// 1193// 1200//
f 1194// 1200// 1195//
f 1195// 1200// 1201//
f 1195// 1201// 1196//
f 1196// 1201// 1202//
f 1196// 1202// 1197//
f 1197// 1202// 1199//
f 1197// 1199// 1198//
f 1198// 1199// 416//
f 1198// 416// 414//
f 259// 1192// 1193//
f 1193// 1192// 1203//
f 1193// 1203// 1200//
f 1200// 1203// 1204//
f 1200// 1204// 1201//
f 1201// 1204// 1205//
f 1201// 1205// 1202//
f 1202// 1205// 1206//
f 1202// 1206// 1199//
f 1199// 1206// 419//
f 1199// 419// 418//
f 1207// 424// 421//
f 258// 1191// 1192//
f 1192// 1191// 1208//
f 1192// 1208// 1203//
f 1203// 1208// 1209//
f 1203// 1209// 1204//
f 1204// 1209// 1210//
f 1204// 1210// 1205//
f 1205// 1210// 1207//
f 1205// 1207// 1206//
f 1206// 1207// 421//
f 1206// 421// 419//
f 1211// 427// 425//
f 254// 1190// 1191//
f 1191// 1190// 1212//
f 1191// 1212// 1208//
f 1208// 1212// 1213//
f 1208// 1213// 1209//
f 1209// 1213// 1214//
f 1209// 1214// 1210//
f 1210// 1214// 1211//
f 1210// 1211// 1207//
f 1207// 1211// 425//
f 1207// 425// 424//
f 253// 1189// 1190//
f 1190// 1189// 1215//
f 1190// 1215// 1212//
f 1212// 1215// 1216//
f 1212// 1216// 1213//
f 1213// 1216// 1217//
f 1213// 1217// 1214//
f 1214// 1217// 1184//
f 1214// 1184// 1211//
f 1211// 1184// 429//
f 1211// 429// 427//
f 257// 1188// 1189//
f 1189// 1188// 1218//
f 1189// 1218// 1215//
f 1215// 1218// 1219//
f 1215// 1219// 1216//
f 1216// 1219// 1220//
f 1216// 1220// 1217//
f 1217// 1220// 1221//
f 1217// 1221// 1184//
f 1184// 1221// 433//
f 1184// 433// 431//
f 1222// 437// 435//
f 264// 1187// 1188//
f 1188// 1187// 1223//
f 1188// 1223// 1218//
f 1218// 1223// 1224//
f 1218// 1224// 1219//
f 1219// 1224// 1225//
f 1219// 1225// 1220//
f 1220// 1225// 1222//
f 1220// 1222// 1221//
f 1221// 1222// 435//
f 1221// 435// 433//
f 251// 1186// 1187//
f 1187// 1186// 1226//
f 1187// 1226// 1223//
f 1223// 1226// 1227//
f 1223// 1227// 1224//
f 1224// 1227// 1228//
f 1224// 1228// 1225//
f 1225// 1228// 1183//
f 1225// 1183// 1222//
f 1222// 1183// 439//
f 1222// 439// 437//
f 249// 1185// 1186//
f 1186// 1185// 1229//
f 1186// 1229// 1226//
f 1226// 1229// 1230//
f 1226// 1230// 1227//
f 1227// 1230// 1231//
f 1227// 1231// 1228//
f 1228// 1231// 1232//
f 1228// 1232// 1183//
f 1183// 1232// 443//
f 1183// 443// 441//
f 248// 1182// 1185//
f 1185// 1182// 1181//
f 1185// 1181// 1229//
f 1229// 1181// 1180//
f 1229// 1180// 1230//
f 1230// 1180// 1179//
f 1230// 1179// 1231//
f 1231// 1179// 1178//
f 1231// 1178// 1232//
f 1232// 1178// 445//
f 1232// 445// 443//
usemtl 3
f 1233// 1234// 1235//
f 1235// 1234// 1236//
f 1235// 1236// 1237//
f 1237// 1236// 1238//
f 1237// 1238// 1239//
f 1239// 1238// 1240//
f 1239// 1240// 1241//
f 1241// 1240// 1242//
f 1241// 1242// 1243//
f 1243// 1242// 1244//
f 1243// 1244// 1245//
f 1245// 1244// 1246//
f 1245// 1246// 1247//
f 1247// 1246// 1248//
f 1247// 1248// 1249//
f 1249// 1248// 1250//
f 1249// 1250// 1251//
f 1251// 1250// 1252//
f 1251// 1252// 1253//
f 1253// 1252// 1254//
f 1253// 1254// 1255//
f 1255// 1254// 1256//
f 1255// 1256// 1257//
f 1257// 1256// 1258//
f 1257// 1258// 1259//
f 1259// 1258// 1260//
f 1259// 1260// 1261//
f 1261// 1260// 1262//
f 1261// 1262// 1263//
f 1263// 1262// 1264//
f 1263// 1264// 1265//
f 1265// 1264// 1266//
f 1265// 1266// 1267//
f 1267// 1266// 1268//
f 1267// 1268// 1269//
f 1269// 1268// 1270//
f 1269// 1270// 1271//
f 1271// 1270// 1272//
f 1271// 1272// 1273//
f 1273// 1272// 1274//
f 1273// 1274// 1275//
f 1275// 1274// 1276//
f 1275// 1276// 1277//
f 1277// 1276// 1278//
f 1277// 1278// 1279//
f 1279// 1278// 1280//
f 1279// 1280// 1281//
f 1281// 1280// 1282//
f 1281// 1282// 1283//
f 1283// 1282// 1284//
f 1283// 1284// 1233//
f 1233// 1284// 1234//
f 1285// 49// 1286//
f 1286// 49// 59//
f 1286// 59// 1287//
f 1287// 59// 58//
f 1287// 58// 1288//
f 1288// 58// 57//
f 1288// 57// 1289//
f 1289// 57// 56//
f 1289// 56// 1290//
f 1290// 56// 55//
f 1290// 55// 1291//
f 1291// 55// 54//
f 1291// 54// 1292//
f 1292// 54// 53//
f 1292// 53// 1293//
f 1293// 53// 52//
f 1293// 52// 1294//
f 1294// 52// 63//
f 1294// 63// 1295//
f 1295// 63// 62//
f 1295// 62// 1296//
f 62// 61// 1296//
f 1296// 61// 66//
f 1296// 66// 1297//
f 1297// 66// 65//
f 1297// 65// 1298//
f 1298// 65// 64//
f 1298// 64// 1299//
f 1299// 64// 73//
f 1299// 73// 1300//
f 86// 1301// 1302//
f 73// 72// 1300//
f 1300// 72// 70//
f 1300// 70// 1303//
f 1303// 70// 68//
f 1303// 68// 1304//
f 1304// 68// 67//
f 1304// 67// 1305//
f 1305// 67// 89//
f 1305// 89// 1302//
f 1302// 89// 88//
f 1302// 88// 86//
f 86// 85// 1301//
f 1301// 85// 82//
f 1301// 82// 1306//
f 1306// 82// 84//
f 1306// 84// 1307//
f 1307// 84// 81//
f 1307// 81// 1308//
f 1308// 81// 80//
f 1308// 80// 1309//
f 1309// 80// 79//
f 1309// 79// 1310//
f 1310// 79// 78//
f 1310// 78// 1311//
f 1311// 78// 77//
f 1311// 77// 1312//
f 1312// 77// 75//
f 1312// 75// 1313//
f 75// 74// 1313//
f 1313// 74// 42//
f 1313// 42// 1314//
f 1314// 42// 41//
f 1314// 41// 1315//
f 1315// 41// 39//
f 1315// 39// 1316//
f 1316// 39// 51//
f 1316// 51// 1285//
f 1285// 51// 50//
f 1285// 50// 49//
f 1265// 1297// 1263//
f 1263// 1297// 1298//
f 1263// 1298// 1261//
f 1261// 1298// 1299//
f 1261// 1299// 1259//
f 1259// 1299// 1300//
f 1259// 1300// 1257//
f 1257// 1300// 1303//
f 1257// 1303// 1255//
f 1239// 1313// 1237//
f 1237// 1313// 1314//
f 1237// 1314// 1235//
f 1235// 1314// 1315//
f 1235// 1315// 1233//
f 1233// 1315// 1316//
f 1233// 1316// 1283//
f 1283// 1316// 1285//
f 1283// 1285// 1281//
f 1273// 1292// 1271//
f 1271// 1292// 1293//
f 1271// 1293// 1269//
f 1269// 1293// 1294//
f 1269// 1294// 1267//
f 1267// 1294// 1295//
f 1267// 1295// 1265//
f 1265// 1295// 1296//
f 1265// 1296// 1297//
f 1285// 1286// 1281//
f 1281// 1286// 1287//
f 1281// 1287// 1279//
f 1279// 1287// 1288//
f 1279// 1288// 1277//
f 1277// 1288// 1289//
f 1277// 1289// 1275//
f 1275// 1289// 1290//
f 1275// 1290// 1273//
f 1273// 1290// 1291//
f 1273// 1291// 1292//
f 1247// 1308// 1245//
f 1245// 1308// 1309//
f 1245// 1309// 1243//
f 1243// 1309// 1310//
f 1243// 1310// 1241//
f 1241// 1310// 1311//
f 1241// 1311// 1239//
f 1239// 1311// 1312//
f 1239// 1312// 1313//
f 1303// 1304// 1255//
f 1255// 1304// 1305//
f 1255// 1305// 1253//
f 1253// 1305// 1302//
f 1253// 1302// 1251//
f 1251// 1302// 1301//
f 1251// 1301// 1249//
f 1249// 1301// 1306//
f 1249// 1306// 1247//
f 1247// 1306// 1307//
f 1247// 1307// 1308//
usemtl 1
f 1317// 1246// 1318//
f 1318// 1246// 1244//
f 1318// 1244// 1319//
f 1319// 1244// 1242//
f 1319// 1242// 1320//
f 1320// 1242// 1240//
f 1320// 1240// 1321//
f 1321// 1240// 1238//
f 1321// 1238// 1322//
f 1322// 1238// 1236//
f 1322// 1236// 1323//
f 1323// 1236// 1234//
f 1323// 1234// 1324//
f 1324// 1234// 1284//
f 1324// 1284// 1325//
f 1325// 1284// 1282//
f 1325// 1282// 1326//
f 1326// 1282// 1280//
f 1326// 1280// 1327//
f 1327// 1280// 1278//
f 1327// 1278// 1328//
f 1328// 1278// 1276//
f 1328// 1276// 1329//
f 1276// 1274// 1329//
f 1329// 1274// 1272//
f 1329// 1272// 1330//
f 1330// 1272// 1270//
f 1330// 1270// 1331//
f 1331// 1270// 1268//
f 1331// 1268// 1332//
f 1332// 1268// 1266//
f 1332// 1266// 1333//
f 1333// 1266// 1264//
f 1333// 1264// 1334//
f 1334// 1264// 1262//
f 1334// 1262// 1335//
f 1335// 1262// 1260//
f 1335// 1260// 1336//
f 1336// 1260// 1258//
f 1336// 1258// 1337//
f 1337// 1258// 1256//
f 1337// 1256// 1338//
f 1338// 1256// 1254//
f 1338// 1254// 1339//
f 1339// 1254// 1252//
f 1339// 1252// 1340//
f 1340// 1252// 1250//
f 1340// 1250// 1317//
f 1317// 1250// 1248//
f 1317// 1248// 1246//
usemtl 3
f 210// 209// 1341//
f 1341// 209// 1342//
f 209// 213// 1342//
f 1342// 213// 1343//
f 213// 211// 1343//
f 1343// 211// 1344//
f 211// 210// 1344//
f 1344// 210// 1341//
f 1342// 1343// 1341//
f 1341// 1343// 1344//
f 218// 217// 1345//
f 1345// 217// 1346//
f 217// 220// 1346//
f 1346// 220// 1347//
f 220// 219// 1347//
f 1347// 219// 1348//
f 219// 218// 1348//
f 1348// 218// 1345//
f 1346// 1347// 1345//
f 1345// 1347// 1348//
f 34// 1349// 36//
f 36// 1349// 1350//
f 36// 1350// 204//
f 34// 31// 1349//
f 1349// 31// 1351//
f 200// 1352// 30//
f 30// 1352// 1351//
f 30// 1351// 31//
f 200// 204// 1352//
f 1352// 204// 1350//
f 1349// 1351// 1350//
f 1350// 1351// 1352//
f 226// 228// 1353//
f 1353// 228// 1354//
f 228// 224// 1354//
f 1354// 224// 1355//
f 224// 225// 1355//
f 1355// 225// 1356//
f 225// 226// 1356//
f 1356// 226// 1353//
f 1354// 1355// 1353//
f 1353// 1355// 1356//
f 47// 46// 1357//
f 1357// 46// 1358//
f 46// 44// 1358//
f 1358// 44// 1359//
f 44// 43// 1359//
f 1359// 43// 1360//
f 43// 47// 1360//
f 1360// 47// 1357//
f 1358// 1359// 1357//
f 1357// 1359// 1360//
f 4// 169// 1361//
f 1361// 169// 1362//
f 169// 168// 1362//
f 1362// 168// 1363//
f 168// 5// 1363//
f 1363// 5// 1364//
f 5// 4// 1364//
f 1364// 4// 1361//
f 1362// 1363// 1361//
f 1361// 1363// 1364//
f 18// 29// 1365//
f 1365// 29// 1366//
f 26// 1367// 28//
f 28// 1367// 1366//
f 28// 1366// 29//
f 26// 23// 1367//
f 1367// 23// 1368//
f 18// 1365// 22//
f 22// 1365// 1368//
f 22// 1368// 23//
f 1366// 1367// 1365//
f 1365// 1367// 1368//
f 7// 164// 1369//
f 1369// 164// 1370//
f 164// 163// 1370//
f 1370// 163// 1371//
f 163// 8// 1371//
f 1371// 8// 1372//
f 8// 7// 1372//
f 1372// 7// 1369//
f 1370// 1371// 1369//
f 1369// 1371// 1372//
usemtl 4
f 1373// 1374// 195//
f 195// 1374// 196//
f 1374// 1375// 196//
f 196// 1375// 193//
f 1375// 1376// 193//
f 193// 1376// 191//
f 1376// 1377// 191//
f 191// 1377// 192//
f 1377// 1378// 192//
f 192// 1378// 188//
f 1378// 1379// 188//
f 188// 1379// 189//
f 1379// 1380// 189//
f 189// 1380// 190//
f 1380// 1373// 190//
f 190// 1373// 195//
f 1381// 1377// 1382//
f 1382// 1377// 1376//
f 1383// 1380// 1381//
f 1381// 1380// 1379//
f 1381// 1379// 1377//
f 1377// 1379// 1378//
f 1383// 1384// 1380//
f 1380// 1384// 1385//
f 1380// 1385// 1373//
f 1373// 1385// 1386//
f 1373// 1386// 1387//
f 1387// 1388// 1373//
f 1373// 1388// 1382//
f 1373// 1382// 1374//
f 1374// 1382// 1376//
f 1374// 1376// 1375//
f 1381// 1382// 1389//
f 1389// 1382// 1390//
f 1383// 1381// 1391//
f 1391// 1381// 1389//
f 1383// 1391// 1392//
f 1383// 1392// 1384//
f 1384// 1392// 1393//
f 1384// 1393// 1385//
f 1386// 1385// 1394//
f 1394// 1385// 1393//
f 1386// 1394// 1395//
f 1386// 1395// 1387//
f 1387// 1395// 1396//
f 1387// 1396// 1388//
f 1382// 1388// 1390//
f 1390// 1388// 1396//
f 1397// 1398// 96//
f 96// 1398// 223//
f 1398// 1399// 223//
f 223// 1399// 97//
f 1399// 1400// 97//
f 97// 1400// 94//
f 102// 1401// 98//
f 98// 1401// 1402//
f 98// 1402// 99//
f 99// 1402// 1403//
f 99// 1403// 108//
f 108// 1403// 1404//
f 108// 1404// 109//
f 109// 1404// 1405//
f 109// 1405// 103//
f 101// 1406// 102//
f 102// 1406// 1407//
f 102// 1407// 1401//
f 101// 100// 1406//
f 1406// 100// 95//
f 1406// 95// 1408//
f 1408// 95// 94//
f 1408// 94// 1400//
f 1397// 96// 93//
f 1397// 93// 1409//
f 1409// 93// 92//
f 1409// 92// 1410//
f 1410// 92// 91//
f 1410// 91// 1411//
f 91// 90// 1411//
f 1411// 90// 107//
f 1411// 107// 1412//
f 1412// 107// 106//
f 1412// 106// 1413//
f 1413// 106// 104//
f 1413// 104// 1414//
f 1414// 104// 103//
f 1414// 103// 1405//
f 1403// 1402// 1415//
f 1415// 1402// 1401//
f 1415// 1401// 1416//
f 1416// 1401// 1407//
f 1416// 1407// 1417//
f 1417// 1407// 1406//
f 1417// 1406// 1418//
f 1418// 1406// 1408//
f 1418// 1408// 1419//
f 1419// 1408// 1400//
f 1419// 1400// 1420//
f 1420// 1400// 1399//
f 1420// 1399// 1421//
f 1421// 1399// 1398//
f 1421// 1398// 1422//
f 1422// 1398// 1397//
f 1422// 1397// 1423//
f 1423// 1397// 1409//
f 1423// 1409// 1424//
f 1424// 1409// 1410//
f 1424// 1410// 1425//
f 1425// 1410// 1411//
f 1425// 1411// 1426//
f 1426// 1411// 1412//
f 1426// 1412// 1427//
f 1427// 1412// 1413//
f 1427// 1413// 1428//
f 1428// 1413// 1414//
f 1428// 1414// 1429//
f 1429// 1414// 1405//
f 1429// 1405// 1430//
f 1430// 1405// 1404//
f 1430// 1404// 1431//
f 1431// 1404// 1403//
f 1431// 1403// 1415//
f 1419// 1420// 1432//
f 1432// 1420// 1433//
f 1419// 1432// 1434//
f 1419// 1434// 1418//
f 1418// 1434// 1435//
f 1418// 1435// 1417//
f 1417// 1435// 1436//
f 1417// 1436// 1416//
f 1416// 1436// 1437//
f 1416// 1437// 1415//
f 1415// 1437// 1438//
f 1415// 1438// 1431//
f 1431// 1438// 1439//
f 1431// 1439// 1430//
f 1430// 1439// 1440//
f 1430// 1440// 1429//
f 1429// 1440// 1441//
f 1429// 1441// 1428//
f 1428// 1441// 1442//
f 1428// 1442// 1427//
f 1427// 1442// 1443//
f 1427// 1443// 1426//
f 1426// 1443// 1444//
f 1426// 1444// 1425//
f 1425// 1444// 1445//
f 1425// 1445// 1424//
f 1424// 1445// 1446//
f 1424// 1446// 1423//
f 1423// 1446// 1447//
f 1423// 1447// 1422//
f 1421// 1422// 1448//
f 1448// 1422// 1447//
f 1420// 1421// 1433//
f 1433// 1421// 1448//
f 1449// 1450// 181//
f 181// 1450// 201//
f 1450// 1451// 201//
f 201// 1451// 202//
f 1451// 1452// 202//
f 202// 1452// 177//
f 1452// 1453// 177//
f 177// 1453// 178//
f 1453// 1454// 178//
f 178// 1454// 180//
f 1454// 1455// 180//
f 180// 1455// 187//
f 1455// 1456// 187//
f 187// 1456// 186//
f 1456// 1457// 186//
f 186// 1457// 185//
f 1457// 1458// 185//
f 185// 1458// 184//
f 1458// 1459// 184//
f 184// 1459// 182//
f 1459// 1460// 182//
f 182// 1460// 183//
f 1460// 1449// 183//
f 183// 1449// 181//
f 1451// 1450// 1449//
f 1449// 1460// 1451//
f 1451// 1460// 1459//
f 1451// 1459// 1452//
f 1454// 1453// 1455//
f 1455// 1453// 1452//
f 1455// 1452// 1456//
f 1456// 1452// 1459//
f 1456// 1459// 1457//
f 1457// 1459// 1458//
f 1461// 1462// 114//
f 114// 1462// 113//
f 113// 1462// 1463//
f 1464// 152// 151//
f 1464// 151// 1465//
f 1465// 151// 150//
f 1465// 150// 1463//
f 1463// 150// 149//
f 1463// 149// 113//
f 152// 1464// 16//
f 16// 1464// 1466//
f 16// 1466// 119//
f 119// 1466// 1467//
f 119// 1467// 120//
f 120// 1467// 1468//
f 120// 1468// 121//
f 121// 1468// 1469//
f 121// 1469// 141//
f 141// 1469// 1470//
f 141// 1470// 142//
f 142// 1470// 1471//
f 142// 1471// 143//
f 143// 1471// 1472//
f 143// 1472// 126//
f 1473// 147// 146//
f 1473// 146// 1474//
f 1474// 146// 125//
f 1474// 125// 1475//
f 1475// 125// 123//
f 1475// 123// 1476//
f 1476// 123// 122//
f 1476// 122// 1477//
f 1477// 122// 128//
f 1477// 128// 1478//
f 1478// 128// 127//
f 1478// 127// 1479//
f 1479// 127// 126//
f 1479// 126// 1472//
f 1480// 118// 148//
f 1480// 148// 1481//
f 1481// 148// 147//
f 1481// 147// 1473//
f 1480// 1482// 118//
f 118// 1482// 117//
f 1483// 110// 116//
f 1483// 116// 1484//
f 1484// 116// 117//
f 1484// 117// 1482//
f 1485// 132// 145//
f 1485// 145// 1486//
f 1486// 145// 144//
f 1486// 144// 1487//
f 1487// 144// 131//
f 1487// 131// 1488//
f 1488// 131// 130//
f 1488// 130// 1489//
f 1489// 130// 129//
f 1489// 129// 1490//
f 1490// 129// 111//
f 1490// 111// 1491//
f 1491// 111// 110//
f 1491// 110// 1483//
f 1492// 136// 135//
f 1492// 135// 1493//
f 1493// 135// 137//
f 1493// 137// 1494//
f 1494// 137// 138//
f 1494// 138// 1495//
f 1495// 138// 139//
f 1495// 139// 1496//
f 1496// 139// 134//
f 1496// 134// 1497//
f 1497// 134// 133//
f 1497// 133// 1498//
f 1498// 133// 132//
f 1498// 132// 1485//
f 1461// 114// 112//
f 1461// 112// 1499//
f 1499// 112// 140//
f 1499// 140// 1500//
f 1500// 140// 136//
f 1500// 136// 1492//
f 1493// 1464// 1492//
f 1492// 1464// 1465//
f 1492// 1465// 1500//
f 1500// 1465// 1463//
f 1500// 1463// 1499//
f 1499// 1463// 1462//
f 1499// 1462// 1461//
f 1482// 1480// 1484//
f 1484// 1480// 1481//
f 1484// 1481// 1483//
f 1483// 1481// 1473//
f 1483// 1473// 1491//
f 1491// 1473// 1474//
f 1491// 1474// 1490//
f 1490// 1474// 1475//
f 1490// 1475// 1489//
f 1489// 1475// 1476//
f 1489// 1476// 1488//
f 1488// 1476// 1477//
f 1488// 1477// 1487//
f 1487// 1477// 1478//
f 1487// 1478// 1486//
f 1486// 1478// 1479//
f 1486// 1479// 1485//
f 1485// 1479// 1472//
f 1485// 1472// 1498//
f 1498// 1472// 1471//
f 1498// 1471// 1497//
f 1497// 1471// 1470//
f 1497// 1470// 1496//
f 1496// 1470// 1469//
f 1496// 1469// 1495//
f 1495// 1469// 1468//
f 1495// 1468// 1494//
f 1494// 1468// 1467//
f 1494// 1467// 1493//
f 1493// 1467// 1466//
f 1493// 1466// 1464//
f 1501// 1502// 170//
f 170// 1502// 171//
f 1502// 1503// 171//
f 171// 1503// 172//
f 1503// 1504// 172//
f 172// 1504// 174//
f 1504// 1505// 174//
f 174// 1505// 175//
f 1505// 1506// 175//
f 175// 1506// 176//
f 1506// 1501// 176//
f 176// 1501// 170//
f 1505// 1504// 1506//
f 1506// 1504// 1503//
f 1506// 1503// 1501//
f 1501// 1503// 1502//
usemtl 1
f 1389// 1390// 1391//
f 1391// 1390// 1396//
f 1391// 1396// 1392//
f 1392// 1396// 1395//
f 1392// 1395// 1393//
f 1393// 1395// 1394//
f 1433// 1448// 1432//
f 1432// 1448// 1447//
f 1432// 1447// 1446//
f 1440// 1439// 1432//
f 1432// 1439// 1438//
f 1432// 1438// 1434//
f 1446// 1445// 1432//
f 1432// 1445// 1444//
f 1432// 1444// 1443//
f 1443// 1442// 1432//
f 1432// 1442// 1441//
f 1432// 1441// 1440//
f 1437// 1436// 1438//
f 1438// 1436// 1435//
f 1438// 1435// 1434//
usemtl 4
f 1507// 491// 1508//
f 1508// 491// 509//
f 1508// 509// 1509//
f 1509// 509// 511//
f 1509// 511// 1510//
f 1510// 511// 486//
f 1510// 486// 1511//
f 1511// 486// 527//
f 1511// 527// 1512//
f 1512// 527// 526//
f 1512// 526// 1513//
f 1513// 526// 524//
f 1513// 524// 1514//
f 1514// 524// 548//
f 1514// 548// 1515//
f 1515// 548// 499//
f 1515// 499// 1516//
f 1516// 499// 498//
f 1516// 498// 1517//
f 1517// 498// 497//
f 1517// 497// 1518//
f 1518// 497// 495//
f 1518// 495// 1519//
f 1519// 495// 493//
f 1519// 493// 1520//
f 1520// 493// 492//
f 1520// 492// 1521//
f 1521// 492// 508//
f 1521// 508// 1522//
f 1522// 508// 507//
f 1522// 507// 1523//
f 1523// 507// 483//
f 1523// 483// 1524//
f 1524// 483// 539//
f 1524// 539// 1525//
f 1525// 539// 538//
f 1525// 538// 1526//
f 1526// 538// 518//
f 1526// 518// 1527//
f 1527// 518// 520//
f 1527// 520// 1528//
f 1528// 520// 521//
f 1528// 521// 1529//
f 1529// 521// 487//
f 1529// 487// 1530//
f 1530// 487// 489//
f 1530// 489// 1507//
f 1507// 489// 491//
f 1529// 1530// 1531//
f 1531// 1530// 1507//
f 1531// 1507// 1508//
f 1526// 1527// 1531//
f 1531// 1527// 1528//
f 1531// 1528// 1529//
f 1523// 1524// 1531//
f 1531// 1524// 1525//
f 1531// 1525// 1526//
f 1520// 1521// 1531//
f 1531// 1521// 1522//
f 1531// 1522// 1523//
f 1517// 1518// 1531//
f 1531// 1518// 1519//
f 1531// 1519// 1520//
f 1514// 1515// 1531//
f 1531// 1515// 1516//
f 1531// 1516// 1517//
f 1511// 1512// 1531//
f 1531// 1512// 1513//
f 1531// 1513// 1514//
f 1508// 1509// 1531//
f 1531// 1509// 1510//
f 1531// 1510// 1511//
usemtl 1
f 1532// 1335// 1533//
f 1533// 1335// 1336//
f 1533// 1336// 1534//
f 1534// 1336// 1337//
f 1534// 1337// 1535//
f 1535// 1337// 1338//
f 1535// 1338// 1536//
f 1536// 1338// 1339//
f 1536// 1339// 1537//
f 1537// 1339// 1340//
f 1537// 1340// 1538//
f 1538// 1340// 1317//
f 1538// 1317// 1539//
f 1539// 1317// 1318//
f 1539// 1318// 1540//
f 1540// 1318// 1319//
f 1540// 1319// 1541//
f 1541// 1319// 1320//
f 1541// 1320// 1542//
f 1542// 1320// 1321//
f 1542// 1321// 1543//
f 1543// 1321// 1322//
f 1543// 1322// 1544//
f 1544// 1322// 1323//
f 1544// 1323// 1545//
f 1545// 1323// 1324//
f 1545// 1324// 1546//
f 1546// 1324// 1325//
f 1546// 1325// 1547//
f 1547// 1325// 1326//
f 1547// 1326// 1548//
f 1548// 1326// 1327//
f 1548// 1327// 1549//
f 1549// 1327// 1328//
f 1549// 1328// 1550//
f 1550// 1328// 1329//
f 1550// 1329// 1551//
f 1551// 1329// 1330//
f 1551// 1330// 1552//
f 1552// 1330// 1331//
f 1552// 1331// 1553//
f 1553// 1331// 1332//
f 1553// 1332// 1554//
f 1554// 1332// 1333//
f 1554// 1333// 1555//
f 1555// 1333// 1334//
f 1555// 1334// 1532//
f 1532// 1334// 1335//
f 1554// 1555// 1556//
f 1556// 1555// 1532//
f 1556// 1532// 1533//
f 1551// 1552// 1556//
f 1556// 1552// 1553//
f 1556// 1553// 1554//
f 1548// 1549// 1556//
f 1556// 1549// 1550//
f 1556// 1550// 1551//
f 1545// 1546// 1556//
f 1556// 1546// 1547//
f 1556// 1547// 1548//
f 1542// 1543// 1556//
f 1556// 1543// 1544//
f 1556// 1544// 1545//
f 1539// 1540// 1556//
f 1556// 1540// 1541//
f 1556// 1541// 1542//
f 1536// 1537// 1556//
f 1556// 1537// 1538//
f 1556// 1538// 1539//
f 1533// 1534// 1556//
f 1556// 1534// 1535//
f 1556// 1535// 1536//
