v 3.81 12.8 4.1
v 3.81 12.8 4.15
v 4.04294 12.7693 4.15
newmtl 1
Ka 1.0 1.0 1.0
Kd 0.9490196078431372 0.7568627450980392 0.1803921568627451
Ks 0.7529411764705882 0.7529411764705882 0.7529411764705882
d 1.0
endmtl
v 4.26 12.6794 4.15
v 4.04294 12.7693 4.1
v 4.4464 12.5364 4.15
v 4.26 12.6794 4.1
v 4.4464 12.5364 4.1
v 4.58942 12.35 4.15
v 4.67933 12.1329 4.15
v 4.58942 12.35 4.1
v 4.71 11.9 4.15
v 4.67933 12.1329 4.1
v 4.71 11.9 4.1
v 3.57706 12.7693 4.1
v 3.36 12.6794 4.1
v 3.57706 12.7693 4.15
v 3.36 12.6794 4.15
v 3.1736 12.5364 4.1
v 3.03058 12.35 4.1
v 3.1736 12.5364 4.15
v 2.94067 12.1329 4.1
v 3.03058 12.35 4.15
v 2.94067 12.1329 4.15
v 2.91 11.9 4.1
v 2.91 11.9 4.15
v 4.04294 12.7693 2.45
v 3.81 12.8 2.45
v 4.04294 12.7693 2.5
v 3.81 12.8 2.5
v 4.26 12.6794 2.5
v 4.26 12.6794 2.45
v 4.4464 12.5364 2.5
v 4.4464 12.5364 2.45
v 4.58942 12.35 2.45
v 4.58942 12.35 2.5
v 4.67933 12.1329 2.5
v 4.67933 12.1329 2.45
v 4.71 11.9 2.5
v 4.71 11.9 2.45
v 3.57706 12.7693 2.45
v 3.36 12.6794 2.45
v 3.57706 12.7693 2.5
v 3.36 12.6794 2.5
v 3.1736 12.5364 2.45
v 3.03058 12.35 2.45
v 3.1736 12.5364 2.5
v 2.94067 12.1329 2.45
v 3.03058 12.35 2.5
v 2.94067 12.1329 2.5
v 2.91 11.9 2.45
v 2.91 11.9 2.5
v 1.27 12.8 4.1
v 1.27 12.8 4.15
v 1.50294 12.7693 4.15
v 1.72 12.6794 4.15
v 1.50294 12.7693 4.1
v 1.9064 12.5364 4.15
v 1.72 12.6794 4.1
v 1.9064 12.5364 4.1
v 2.04942 12.35 4.15
v 2.13933 12.1329 4.15
v 2.04942 12.35 4.1
v 2.17 11.9 4.15
v 2.13933 12.1329 4.1
v 2.17 11.9 4.1
v 1.03706 12.7693 4.1
v 0.82 12.6794 4.1
v 1.03706 12.7693 4.15
v 0.82 12.6794 4.15
v 0.633604 12.5364 4.1
v 0.490577 12.35 4.1
v 0.633604 12.5364 4.15
v 0.400667 12.1329 4.1
v 0.490577 12.35 4.15
v 0.400667 12.1329 4.15
v 0.370001 11.9 4.1
v 0.370001 11.9 4.15
v 1.50294 12.7693 2.45
v 1.27 12.8 2.45
v 1.50294 12.7693 2.5
v 1.27 12.8 2.5
v 1.72 12.6794 2.5
v 1.72 12.6794 2.45
v 1.9064 12.5364 2.5
v 1.9064 12.5364 2.45
v 2.04942 12.35 2.45
v 2.04942 12.35 2.5
v 2.13933 12.1329 2.5
v 2.13933 12.1329 2.45
v 2.17 11.9 2.5
v 2.17 11.9 2.45
v 1.03706 12.7693 2.45
v 0.82 12.6794 2.45
v 1.03706 12.7693 2.5
v 0.82 12.6794 2.5
v 0.633604 12.5364 2.45
v 0.490577 12.35 2.45
v 0.633604 12.5364 2.5
v 0.400667 12.1329 2.45
v 0.490577 12.35 2.5
v 0.400667 12.1329 2.5
v 0.370001 11.9 2.45
v 0.370001 11.9 2.5
v -1.27 12.8 4.1
v -1.27 12.8 4.15
v -1.03706 12.7693 4.15
v -0.82 12.6794 4.15
v -1.03706 12.7693 4.1
v -0.633604 12.5364 4.15
v -0.82 12.6794 4.1
v -0.633604 12.5364 4.1
v -0.490577 12.35 4.15
v -0.400667 12.1329 4.15
v -0.490577 12.35 4.1
v -0.370001 11.9 4.15
v -0.400667 12.1329 4.1
v -0.370001 11.9 4.1
v -1.50294 12.7693 4.1
v -1.72 12.6794 4.1
v -1.50294 12.7693 4.15
v -1.72 12.6794 4.15
v -1.9064 12.5364 4.1
v -2.04942 12.35 4.1
v -1.9064 12.5364 4.15
v -2.13933 12.1329 4.1
v -2.04942 12.35 4.15
v -2.13933 12.1329 4.15
v -2.17 11.9 4.1
v -2.17 11.9 4.15
v -1.03706 12.7693 2.45
v -1.27 12.8 2.45
v -1.03706 12.7693 2.5
v -1.27 12.8 2.5
v -0.82 12.6794 2.5
v -0.82 12.6794 2.45
v -0.633604 12.5364 2.5
v -0.633604 12.5364 2.45
v -0.490577 12.35 2.45
v -0.490577 12.35 2.5
v -0.400667 12.1329 2.5
v -0.400667 12.1329 2.45
v -0.370001 11.9 2.5
v -0.370001 11.9 2.45
v -1.50294 12.7693 2.45
v -1.72 12.6794 2.45
v -1.50294 12.7693 2.5
v -1.72 12.6794 2.5
v -1.9064 12.5364 2.45
v -2.04942 12.35 2.45
v -1.9064 12.5364 2.5
v -2.13933 12.1329 2.45
v -2.04942 12.35 2.5
v -2.13933 12.1329 2.5
v -2.17 11.9 2.45
v -2.17 11.9 2.5
v -3.81 12.8 4.1
v -3.81 12.8 4.15
v -3.57706 12.7693 4.15
v -3.36 12.6794 4.15
v -3.57706 12.7693 4.1
v -3.1736 12.5364 4.15
v -3.36 12.6794 4.1
v -3.1736 12.5364 4.1
v -3.03058 12.35 4.15
v -2.94067 12.1329 4.15
v -3.03058 12.35 4.1
v -2.91 11.9 4.15
v -2.94067 12.1329 4.1
v -2.91 11.9 4.1
v -4.04294 12.7693 4.1
v -4.26 12.6794 4.1
v -4.04294 12.7693 4.15
v -4.26 12.6794 4.15
v -4.4464 12.5364 4.1
v -4.58942 12.35 4.1
v -4.4464 12.5364 4.15
v -4.67933 12.1329 4.1
v -4.58942 12.35 4.15
v -4.67933 12.1329 4.15
v -4.71 11.9 4.1
v -4.71 11.9 4.15
v -4.19302 11.5786 2.45
v -4.27985 11.729 4.15
v -4.19302 11.5786 4.15
v -4.31 11.9 4.15
v -4.27985 11.729 2.45
v -4.31 11.9 2.45
v -3.89682 11.4076 4.15
v -3.72318 11.4076 4.15
v -3.72318 11.4076 2.45
v -3.89682 11.4076 2.45
v -4.06 11.467 2.45
v -4.06 11.467 4.15
v -3.42698 11.5786 2.45
v -3.42698 11.5786 4.15
v -3.34015 11.729 2.45
v -3.56 11.467 2.45
v -3.56 11.467 4.15
v -3.34015 11.729 4.15
v -3.31 11.9 2.45
v -3.31 11.9 4.15
v -3.57706 12.7693 2.45
v -3.81 12.8 2.45
v -3.57706 12.7693 2.5
v -3.81 12.8 2.5
v -3.36 12.6794 2.5
v -3.36 12.6794 2.45
v -3.1736 12.5364 2.5
v -3.1736 12.5364 2.45
v -3.03058 12.35 2.45
v -3.03058 12.35 2.5
v -2.94067 12.1329 2.5
v -2.94067 12.1329 2.45
v -2.91 11.9 2.5
v -2.91 11.9 2.45
v -4.04294 12.7693 2.45
v -4.26 12.6794 2.45
v -4.04294 12.7693 2.5
v -4.26 12.6794 2.5
v -4.4464 12.5364 2.45
v -4.58942 12.35 2.45
v -4.4464 12.5364 2.5
v -4.67933 12.1329 2.45
v -4.58942 12.35 2.5
v -4.67933 12.1329 2.5
v -4.71 11.9 2.45
v -4.71 11.9 2.5
v -11.4293 -10.0579 4.1
v -11.7707 -10.0579 4.1
v -11.4293 -10.0579 4.15
v -11.0937 -10.1206 4.15
v -11.0937 -10.1206 4.1
v -10.7754 -10.2439 4.15
v -10.7754 -10.2439 4.1
v -10.4851 -10.4237 4.1
v -10.4851 -10.4237 4.15
v -10.2328 -10.6537 4.15
v -10.2328 -10.6537 4.1
v -10.0271 -10.9261 4.15
v -10.0271 -10.9261 4.1
v -9.87493 -11.2317 4.1
v -9.87493 -11.2317 4.15
v -9.7815 -11.5601 4.15
v -9.7815 -11.5601 4.1
v -9.75 -11.9 4.15
v -9.75 -11.9 4.1
v -11.7707 -10.0579 4.15
v -12.1063 -10.1206 4.1
v -12.1063 -10.1206 4.15
v -12.4246 -10.2439 4.15
v -12.4246 -10.2439 4.1
v -12.7149 -10.4237 4.1
v -12.7149 -10.4237 4.15
v -12.9672 -10.6537 4.1
v -12.9672 -10.6537 4.15
v -13.1729 -10.9261 4.15
v -13.1729 -10.9261 4.1
v -13.3251 -11.2317 4.1
v -13.3251 -11.2317 4.15
v -13.4185 -11.5601 4.1
v -13.4185 -11.5601 4.15
v -13.45 -11.9 4.1
v -13.45 -11.9 4.15
v -12.8333 -12.4491 2.45
v -12.9205 -12.1807 4.15
v -12.8333 -12.4491 4.15
v -12.95 -11.9 4.15
v -12.9205 -12.1807 2.45
v -12.95 -11.9 2.45
v -12.5033 -12.9032 4.15
v -12.275 -13.0691 4.15
v -12.275 -13.0691 2.45
v -12.5033 -12.9032 2.45
v -12.6922 -12.6935 2.45
v -12.6922 -12.6935 4.15
v -11.4589 -13.2426 2.45
v -11.7411 -13.2426 4.15
v -11.4589 -13.2426 4.15
v -11.7411 -13.2426 2.45
v -12.0172 -13.1839 2.45
v -12.0172 -13.1839 4.15
v -10.6967 -12.9032 4.15
v -10.6967 -12.9032 2.45
v -10.925 -13.0691 4.15
v -11.1828 -13.1839 4.15
v -10.925 -13.0691 2.45
v -11.1828 -13.1839 2.45
v -10.3667 -12.4491 2.45
v -10.5078 -12.6935 2.45
v -10.5078 -12.6935 4.15
v -10.3667 -12.4491 4.15
v -10.2795 -12.1807 2.45
v -10.2795 -12.1807 4.15
v -10.25 -11.9 2.45
v -10.25 -11.9 4.15
v -11.4293 -10.0579 2.45
v -11.4293 -10.0579 2.5
v -11.0937 -10.1206 2.5
v -10.7754 -10.2439 2.5
v -11.0937 -10.1206 2.45
v -10.7754 -10.2439 2.45
v -10.4851 -10.4237 2.5
v -10.4851 -10.4237 2.45
v -10.2328 -10.6537 2.45
v -10.2328 -10.6537 2.5
v -10.0271 -10.9261 2.5
v -10.0271 -10.9261 2.45
v -11.7707 -10.0579 2.45
v -9.87493 -11.2317 2.45
v -9.87493 -11.2317 2.5
v -9.7815 -11.5601 2.5
v -9.7815 -11.5601 2.45
v -9.75 -11.9 2.5
v -9.75 -11.9 2.45
v -11.7707 -10.0579 2.5
v -12.1063 -10.1206 2.45
v -12.1063 -10.1206 2.5
v -12.4246 -10.2439 2.5
v -12.4246 -10.2439 2.45
v -12.7149 -10.4237 2.45
v -12.7149 -10.4237 2.5
v -12.9672 -10.6537 2.45
v -12.9672 -10.6537 2.5
v -13.1729 -10.9261 2.5
v -13.1729 -10.9261 2.45
v -13.3251 -11.2317 2.45
v -13.3251 -11.2317 2.5
v -13.4185 -11.5601 2.45
v -13.4185 -11.5601 2.5
v -13.45 -11.9 2.45
v -13.45 -11.9 2.5
v 11.7707 -10.0579 4.1
v 11.4293 -10.0579 4.1
v 11.7707 -10.0579 4.15
v 12.1063 -10.1206 4.15
v 12.1063 -10.1206 4.1
v 12.4246 -10.2439 4.15
v 12.4246 -10.2439 4.1
v 12.7149 -10.4237 4.1
v 12.7149 -10.4237 4.15
v 12.9672 -10.6537 4.15
v 12.9672 -10.6537 4.1
v 13.1729 -10.9261 4.15
v 13.1729 -10.9261 4.1
v 13.3251 -11.2317 4.1
v 13.3251 -11.2317 4.15
v 13.4185 -11.5601 4.15
v 13.4185 -11.5601 4.1
v 13.45 -11.9 4.15
v 13.45 -11.9 4.1
v 11.4293 -10.0579 4.15
v 11.0937 -10.1206 4.1
v 11.0937 -10.1206 4.15
v 10.7754 -10.2439 4.15
v 10.7754 -10.2439 4.1
v 10.4851 -10.4237 4.1
v 10.4851 -10.4237 4.15
v 10.2328 -10.6537 4.1
v 10.2328 -10.6537 4.15
v 10.0271 -10.9261 4.15
v 10.0271 -10.9261 4.1
v 9.87493 -11.2317 4.1
v 9.87493 -11.2317 4.15
v 9.7815 -11.5601 4.1
v 9.7815 -11.5601 4.15
v 9.75 -11.9 4.1
v 9.75 -11.9 4.15
v 10.3667 -12.4491 2.45
v 10.2795 -12.1807 4.15
v 10.3667 -12.4491 4.15
v 10.25 -11.9 4.15
v 10.2795 -12.1807 2.45
v 10.25 -11.9 2.45
v 10.6967 -12.9032 4.15
v 10.925 -13.0691 4.15
v 10.925 -13.0691 2.45
v 10.6967 -12.9032 2.45
v 10.5078 -12.6935 2.45
v 10.5078 -12.6935 4.15
v 11.7411 -13.2426 2.45
v 11.4589 -13.2426 4.15
v 11.7411 -13.2426 4.15
v 11.4589 -13.2426 2.45
v 11.1828 -13.1839 2.45
v 11.1828 -13.1839 4.15
v 12.5033 -12.9032 4.15
v 12.5033 -12.9032 2.45
v 12.275 -13.0691 4.15
v 12.0172 -13.1839 4.15
v 12.275 -13.0691 2.45
v 12.0172 -13.1839 2.45
v 12.8333 -12.4491 2.45
v 12.6922 -12.6935 2.45
v 12.6922 -12.6935 4.15
v 12.8333 -12.4491 4.15
v 12.9205 -12.1807 2.45
v 12.9205 -12.1807 4.15
v 12.95 -11.9 2.45
v 12.95 -11.9 4.15
v 11.7707 -10.0579 2.45
v 11.7707 -10.0579 2.5
v 12.1063 -10.1206 2.5
v 12.4246 -10.2439 2.5
v 12.1063 -10.1206 2.45
v 12.4246 -10.2439 2.45
v 12.7149 -10.4237 2.5
v 12.7149 -10.4237 2.45
v 12.9672 -10.6537 2.45
v 12.9672 -10.6537 2.5
v 13.1729 -10.9261 2.5
v 13.1729 -10.9261 2.45
v 11.4293 -10.0579 2.45
v 13.3251 -11.2317 2.45
v 13.3251 -11.2317 2.5
v 13.4185 -11.5601 2.5
v 13.4185 -11.5601 2.45
v 13.45 -11.9 2.5
v 13.45 -11.9 2.45
v 11.4293 -10.0579 2.5
v 11.0937 -10.1206 2.45
v 11.0937 -10.1206 2.5
v 10.7754 -10.2439 2.5
v 10.7754 -10.2439 2.45
v 10.4851 -10.4237 2.45
v 10.4851 -10.4237 2.5
v 10.2328 -10.6537 2.45
v 10.2328 -10.6537 2.5
v 10.0271 -10.9261 2.5
v 10.0271 -10.9261 2.45
v 9.87493 -11.2317 2.45
v 9.87493 -11.2317 2.5
v 9.7815 -11.5601 2.45
v 9.7815 -11.5601 2.5
v 9.75 -11.9 2.45
v 9.75 -11.9 2.5
v 11.7707 13.7421 4.1
v 11.4293 13.7421 4.1
v 11.7707 13.7421 4.15
v 12.1063 13.6794 4.15
v 12.1063 13.6794 4.1
v 12.4246 13.5561 4.15
v 12.4246 13.5561 4.1
v 12.7149 13.3763 4.1
v 12.7149 13.3763 4.15
v 12.9672 13.1463 4.15
v 12.9672 13.1463 4.1
v 13.1729 12.8739 4.15
v 13.1729 12.8739 4.1
v 13.3251 12.5683 4.1
v 13.3251 12.5683 4.15
v 13.4185 12.2399 4.15
v 13.4185 12.2399 4.1
v 13.45 11.9 4.15
v 13.45 11.9 4.1
v 11.4293 13.7421 4.15
v 11.0937 13.6794 4.1
v 11.0937 13.6794 4.15
v 10.7754 13.5561 4.15
v 10.7754 13.5561 4.1
v 10.4851 13.3763 4.1
v 10.4851 13.3763 4.15
v 10.2328 13.1463 4.1
v 10.2328 13.1463 4.15
v 10.0271 12.8739 4.15
v 10.0271 12.8739 4.1
v 9.87493 12.5683 4.1
v 9.87493 12.5683 4.15
v 9.7815 12.2399 4.1
v 9.7815 12.2399 4.15
v 9.75 11.9 4.1
v 9.75 11.9 4.15
v 10.3667 11.3509 2.45
v 10.2795 11.6193 4.15
v 10.3667 11.3509 4.15
v 10.25 11.9 4.15
v 10.2795 11.6193 2.45
v 10.25 11.9 2.45
v 10.6967 10.8968 4.15
v 10.925 10.7309 4.15
v 10.925 10.7309 2.45
v 10.6967 10.8968 2.45
v 10.5078 11.1065 2.45
v 10.5078 11.1065 4.15
v 11.7411 10.5574 2.45
v 11.4589 10.5574 4.15
v 11.7411 10.5574 4.15
v 11.4589 10.5574 2.45
v 11.1828 10.6161 2.45
v 11.1828 10.6161 4.15
v 12.5033 10.8968 4.15
v 12.5033 10.8968 2.45
v 12.275 10.7309 4.15
v 12.0172 10.6161 4.15
v 12.275 10.7309 2.45
v 12.0172 10.6161 2.45
v 12.8333 11.3509 2.45
v 12.6922 11.1065 2.45
v 12.6922 11.1065 4.15
v 12.8333 11.3509 4.15
v 12.9205 11.6193 2.45
v 12.9205 11.6193 4.15
v 12.95 11.9 2.45
v 12.95 11.9 4.15
v 11.7707 13.7421 2.45
v 11.7707 13.7421 2.5
v 12.1063 13.6794 2.5
v 12.4246 13.5561 2.5
v 12.1063 13.6794 2.45
v 12.4246 13.5561 2.45
v 12.7149 13.3763 2.5
v 12.7149 13.3763 2.45
v 12.9672 13.1463 2.45
v 12.9672 13.1463 2.5
v 13.1729 12.8739 2.5
v 13.1729 12.8739 2.45
v 11.4293 13.7421 2.45
v 13.3251 12.5683 2.45
v 13.3251 12.5683 2.5
v 13.4185 12.2399 2.5
v 13.4185 12.2399 2.45
v 13.45 11.9 2.5
v 13.45 11.9 2.45
v 11.4293 13.7421 2.5
v 11.0937 13.6794 2.45
v 11.0937 13.6794 2.5
v 10.7754 13.5561 2.5
v 10.7754 13.5561 2.45
v 10.4851 13.3763 2.45
v 10.4851 13.3763 2.5
v 10.2328 13.1463 2.45
v 10.2328 13.1463 2.5
v 10.0271 12.8739 2.5
v 10.0271 12.8739 2.45
v 9.87493 12.5683 2.45
v 9.87493 12.5683 2.5
v 9.7815 12.2399 2.45
v 9.7815 12.2399 2.5
v 9.75 11.9 2.45
v 9.75 11.9 2.5
v -11.4293 13.7421 4.1
v -11.7707 13.7421 4.1
v -11.4293 13.7421 4.15
v -11.0937 13.6794 4.15
v -11.0937 13.6794 4.1
v -10.7754 13.5561 4.15
v -10.7754 13.5561 4.1
v -10.4851 13.3763 4.1
v -10.4851 13.3763 4.15
v -10.2328 13.1463 4.15
v -10.2328 13.1463 4.1
v -10.0271 12.8739 4.15
v -10.0271 12.8739 4.1
v -9.87493 12.5683 4.1
v -9.87493 12.5683 4.15
v -9.7815 12.2399 4.15
v -9.7815 12.2399 4.1
v -9.75 11.9 4.15
v -9.75 11.9 4.1
v -11.7707 13.7421 4.15
v -12.1063 13.6794 4.1
v -12.1063 13.6794 4.15
v -12.4246 13.5561 4.15
v -12.4246 13.5561 4.1
v -12.7149 13.3763 4.1
v -12.7149 13.3763 4.15
v -12.9672 13.1463 4.1
v -12.9672 13.1463 4.15
v -13.1729 12.8739 4.15
v -13.1729 12.8739 4.1
v -13.3251 12.5683 4.1
v -13.3251 12.5683 4.15
v -13.4185 12.2399 4.1
v -13.4185 12.2399 4.15
v -13.45 11.9 4.1
v -13.45 11.9 4.15
v -12.8333 11.3509 2.45
v -12.9205 11.6193 4.15
v -12.8333 11.3509 4.15
v -12.95 11.9 4.15
v -12.9205 11.6193 2.45
v -12.95 11.9 2.45
v -12.5033 10.8968 4.15
v -12.275 10.7309 4.15
v -12.275 10.7309 2.45
v -12.5033 10.8968 2.45
v -12.6922 11.1065 2.45
v -12.6922 11.1065 4.15
v -11.4589 10.5574 2.45
v -11.7411 10.5574 4.15
v -11.4589 10.5574 4.15
v -11.7411 10.5574 2.45
v -12.0172 10.6161 2.45
v -12.0172 10.6161 4.15
v -10.6967 10.8968 4.15
v -10.6967 10.8968 2.45
v -10.925 10.7309 4.15
v -11.1828 10.6161 4.15
v -10.925 10.7309 2.45
v -11.1828 10.6161 2.45
v -10.3667 11.3509 2.45
v -10.5078 11.1065 2.45
v -10.5078 11.1065 4.15
v -10.3667 11.3509 4.15
v -10.2795 11.6193 2.45
v -10.2795 11.6193 4.15
v -10.25 11.9 2.45
v -10.25 11.9 4.15
v -11.4293 13.7421 2.45
v -11.4293 13.7421 2.5
v -11.0937 13.6794 2.5
v -10.7754 13.5561 2.5
v -11.0937 13.6794 2.45
v -10.7754 13.5561 2.45
v -10.4851 13.3763 2.5
v -10.4851 13.3763 2.45
v -10.2328 13.1463 2.45
v -10.2328 13.1463 2.5
v -10.0271 12.8739 2.5
v -10.0271 12.8739 2.45
v -11.7707 13.7421 2.45
v -9.87493 12.5683 2.45
v -9.87493 12.5683 2.5
v -9.7815 12.2399 2.5
v -9.7815 12.2399 2.45
v -9.75 11.9 2.5
v -9.75 11.9 2.45
v -11.7707 13.7421 2.5
v -12.1063 13.6794 2.45
v -12.1063 13.6794 2.5
v -12.4246 13.5561 2.5
v -12.4246 13.5561 2.45
v -12.7149 13.3763 2.45
v -12.7149 13.3763 2.5
v -12.9672 13.1463 2.45
v -12.9672 13.1463 2.5
v -13.1729 12.8739 2.5
v -13.1729 12.8739 2.45
v -13.3251 12.5683 2.45
v -13.3251 12.5683 2.5
v -13.4185 12.2399 2.45
v -13.4185 12.2399 2.5
v -13.45 11.9 2.45
v -13.45 11.9 2.5
v -9.7815 11.5601 2.5
v -10.2328 10.6537 2.5
v -10.0271 10.9261 2.45
v -10.0271 10.9261 2.5
v -9.87493 11.2317 2.5
v -9.87493 11.2317 2.45
v -9.7815 11.5601 2.45
v -10.7754 10.2439 2.45
v -10.7754 10.2439 2.5
v -11.0937 10.1206 2.5
v -10.2328 10.6537 2.45
v -10.4851 10.4237 2.5
v -10.4851 10.4237 2.45
v -11.7707 10.0579 2.5
v -12.1063 10.1206 2.5
v -11.7707 10.0579 2.45
v -11.4293 10.0579 2.5
v -11.4293 10.0579 2.45
v -11.0937 10.1206 2.45
v -12.9672 10.6537 2.5
v -12.7149 10.4237 2.45
v -12.7149 10.4237 2.5
v -12.4246 10.2439 2.45
v -12.1063 10.1206 2.45
v -12.4246 10.2439 2.5
v -13.1729 10.9261 2.5
v -13.1729 10.9261 2.45
v -12.9672 10.6537 2.45
v -13.3251 11.2317 2.5
v -13.3251 11.2317 2.45
v -13.4185 11.5601 2.45
v -13.4185 11.5601 2.5
v -12.5033 12.9032 2.45
v -11.7411 13.2426 2.45
v -11.4589 13.2426 2.45
v -12.0172 13.1839 2.45
v -10.925 13.0691 2.45
v -11.1828 13.1839 2.45
v -12.275 13.0691 2.45
v -10.6967 12.9032 2.45
v -10.5078 12.6935 2.45
v -12.8333 12.4491 2.45
v -10.2795 12.1807 2.45
v -10.3667 12.4491 2.45
v -12.9205 12.1807 2.45
v -12.6922 12.6935 2.45
v -11.7411 13.2426 4.15
v -11.4589 13.2426 4.15
v -12.0172 13.1839 4.15
v -12.275 13.0691 4.15
v -12.5033 12.9032 4.15
v -12.6922 12.6935 4.15
v -12.8333 12.4491 4.15
v -12.9205 12.1807 4.15
v -11.1828 13.1839 4.15
v -10.925 13.0691 4.15
v -10.6967 12.9032 4.15
v -10.5078 12.6935 4.15
v -10.3667 12.4491 4.15
v -10.2795 12.1807 4.15
v -9.7815 11.5601 4.15
v -10.2328 10.6537 4.15
v -10.0271 10.9261 4.1
v -10.0271 10.9261 4.15
v -9.87493 11.2317 4.15
v -9.87493 11.2317 4.1
v -9.7815 11.5601 4.1
v -10.7754 10.2439 4.1
v -10.7754 10.2439 4.15
v -11.0937 10.1206 4.15
v -10.2328 10.6537 4.1
v -10.4851 10.4237 4.15
v -10.4851 10.4237 4.1
v -11.7707 10.0579 4.15
v -12.1063 10.1206 4.15
v -11.7707 10.0579 4.1
v -11.4293 10.0579 4.15
v -11.4293 10.0579 4.1
v -11.0937 10.1206 4.1
v -12.9672 10.6537 4.15
v -12.7149 10.4237 4.1
v -12.7149 10.4237 4.15
v -12.4246 10.2439 4.1
v -12.1063 10.1206 4.1
v -12.4246 10.2439 4.15
v -13.1729 10.9261 4.15
v -13.1729 10.9261 4.1
v -12.9672 10.6537 4.1
v -13.3251 11.2317 4.15
v -13.3251 11.2317 4.1
v -13.4185 11.5601 4.1
v -13.4185 11.5601 4.15
v 13.4185 11.5601 2.5
v 12.9672 10.6537 2.5
v 13.1729 10.9261 2.45
v 13.1729 10.9261 2.5
v 13.3251 11.2317 2.5
v 13.3251 11.2317 2.45
v 13.4185 11.5601 2.45
v 12.4246 10.2439 2.45
v 12.4246 10.2439 2.5
v 12.1063 10.1206 2.5
v 12.9672 10.6537 2.45
v 12.7149 10.4237 2.5
v 12.7149 10.4237 2.45
v 11.4293 10.0579 2.5
v 11.0937 10.1206 2.5
v 11.4293 10.0579 2.45
v 11.7707 10.0579 2.5
v 11.7707 10.0579 2.45
v 12.1063 10.1206 2.45
v 10.2328 10.6537 2.5
v 10.4851 10.4237 2.45
v 10.4851 10.4237 2.5
v 10.7754 10.2439 2.45
v 11.0937 10.1206 2.45
v 10.7754 10.2439 2.5
v 10.0271 10.9261 2.5
v 10.0271 10.9261 2.45
v 10.2328 10.6537 2.45
v 9.87493 11.2317 2.5
v 9.87493 11.2317 2.45
v 9.7815 11.5601 2.45
v 9.7815 11.5601 2.5
v 10.5078 12.6935 2.45
v 10.3667 12.4491 2.45
v 12.9205 12.1807 2.45
v 12.6922 12.6935 2.45
v 10.2795 12.1807 2.45
v 12.275 13.0691 2.45
v 12.0172 13.1839 2.45
v 11.4589 13.2426 2.45
v 11.1828 13.1839 2.45
v 11.7411 13.2426 2.45
v 10.6967 12.9032 2.45
v 10.925 13.0691 2.45
v 12.5033 12.9032 2.45
v 12.8333 12.4491 2.45
v 11.4589 13.2426 4.15
v 11.7411 13.2426 4.15
v 11.1828 13.1839 4.15
v 10.925 13.0691 4.15
v 10.6967 12.9032 4.15
v 10.5078 12.6935 4.15
v 10.3667 12.4491 4.15
v 10.2795 12.1807 4.15
v 12.0172 13.1839 4.15
v 12.275 13.0691 4.15
v 12.5033 12.9032 4.15
v 12.6922 12.6935 4.15
v 12.8333 12.4491 4.15
v 12.9205 12.1807 4.15
v 13.4185 11.5601 4.15
v 12.9672 10.6537 4.15
v 13.1729 10.9261 4.1
v 13.1729 10.9261 4.15
v 13.3251 11.2317 4.15
v 13.3251 11.2317 4.1
v 13.4185 11.5601 4.1
v 12.4246 10.2439 4.1
v 12.4246 10.2439 4.15
v 12.1063 10.1206 4.15
v 12.9672 10.6537 4.1
v 12.7149 10.4237 4.15
v 12.7149 10.4237 4.1
v 11.4293 10.0579 4.15
v 11.0937 10.1206 4.15
v 11.4293 10.0579 4.1
v 11.7707 10.0579 4.15
v 11.7707 10.0579 4.1
v 12.1063 10.1206 4.1
v 10.2328 10.6537 4.15
v 10.4851 10.4237 4.1
v 10.4851 10.4237 4.15
v 10.7754 10.2439 4.1
v 11.0937 10.1206 4.1
v 10.7754 10.2439 4.15
v 10.0271 10.9261 4.15
v 10.0271 10.9261 4.1
v 10.2328 10.6537 4.1
v 9.87493 11.2317 4.15
v 9.87493 11.2317 4.1
v 9.7815 11.5601 4.1
v 9.7815 11.5601 4.15
v 13.4185 -12.2399 2.5
v 12.9672 -13.1463 2.5
v 13.1729 -12.8739 2.45
v 13.1729 -12.8739 2.5
v 13.3251 -12.5683 2.5
v 13.3251 -12.5683 2.45
v 13.4185 -12.2399 2.45
v 12.4246 -13.5561 2.45
v 12.4246 -13.5561 2.5
v 12.1063 -13.6794 2.5
v 12.9672 -13.1463 2.45
v 12.7149 -13.3763 2.5
v 12.7149 -13.3763 2.45
v 11.4293 -13.7421 2.5
v 11.0937 -13.6794 2.5
v 11.4293 -13.7421 2.45
v 11.7707 -13.7421 2.5
v 11.7707 -13.7421 2.45
v 12.1063 -13.6794 2.45
v 10.2328 -13.1463 2.5
v 10.4851 -13.3763 2.45
v 10.4851 -13.3763 2.5
v 10.7754 -13.5561 2.45
v 11.0937 -13.6794 2.45
v 10.7754 -13.5561 2.5
v 10.0271 -12.8739 2.5
v 10.0271 -12.8739 2.45
v 10.2328 -13.1463 2.45
v 9.87493 -12.5683 2.5
v 9.87493 -12.5683 2.45
v 9.7815 -12.2399 2.45
v 9.7815 -12.2399 2.5
v 10.6967 -10.8968 2.45
v 11.4589 -10.5574 2.45
v 11.7411 -10.5574 2.45
v 11.1828 -10.6161 2.45
v 12.275 -10.7309 2.45
v 12.0172 -10.6161 2.45
v 10.925 -10.7309 2.45
v 12.5033 -10.8968 2.45
v 12.6922 -11.1065 2.45
v 10.3667 -11.3509 2.45
v 12.9205 -11.6193 2.45
v 12.8333 -11.3509 2.45
v 10.2795 -11.6193 2.45
v 10.5078 -11.1065 2.45
v 11.4589 -10.5574 4.15
v 11.7411 -10.5574 4.15
v 11.1828 -10.6161 4.15
v 10.925 -10.7309 4.15
v 10.6967 -10.8968 4.15
v 10.5078 -11.1065 4.15
v 10.3667 -11.3509 4.15
v 10.2795 -11.6193 4.15
v 12.0172 -10.6161 4.15
v 12.275 -10.7309 4.15
v 12.5033 -10.8968 4.15
v 12.6922 -11.1065 4.15
v 12.8333 -11.3509 4.15
v 12.9205 -11.6193 4.15
v 13.4185 -12.2399 4.15
v 12.9672 -13.1463 4.15
v 13.1729 -12.8739 4.1
v 13.1729 -12.8739 4.15
v 13.3251 -12.5683 4.15
v 13.3251 -12.5683 4.1
v 13.4185 -12.2399 4.1
v 12.4246 -13.5561 4.1
v 12.4246 -13.5561 4.15
v 12.1063 -13.6794 4.15
v 12.9672 -13.1463 4.1
v 12.7149 -13.3763 4.15
v 12.7149 -13.3763 4.1
v 11.4293 -13.7421 4.15
v 11.0937 -13.6794 4.15
v 11.4293 -13.7421 4.1
v 11.7707 -13.7421 4.15
v 11.7707 -13.7421 4.1
v 12.1063 -13.6794 4.1
v 10.2328 -13.1463 4.15
v 10.4851 -13.3763 4.1
v 10.4851 -13.3763 4.15
v 10.7754 -13.5561 4.1
v 11.0937 -13.6794 4.1
v 10.7754 -13.5561 4.15
v 10.0271 -12.8739 4.15
v 10.0271 -12.8739 4.1
v 10.2328 -13.1463 4.1
v 9.87493 -12.5683 4.15
v 9.87493 -12.5683 4.1
v 9.7815 -12.2399 4.1
v 9.7815 -12.2399 4.15
v -9.7815 -12.2399 2.5
v -10.2328 -13.1463 2.5
v -10.0271 -12.8739 2.45
v -10.0271 -12.8739 2.5
v -9.87493 -12.5683 2.5
v -9.87493 -12.5683 2.45
v -9.7815 -12.2399 2.45
v -10.7754 -13.5561 2.45
v -10.7754 -13.5561 2.5
v -11.0937 -13.6794 2.5
v -10.2328 -13.1463 2.45
v -10.4851 -13.3763 2.5
v -10.4851 -13.3763 2.45
v -11.7707 -13.7421 2.5
v -12.1063 -13.6794 2.5
v -11.7707 -13.7421 2.45
v -11.4293 -13.7421 2.5
v -11.4293 -13.7421 2.45
v -11.0937 -13.6794 2.45
v -12.9672 -13.1463 2.5
v -12.7149 -13.3763 2.45
v -12.7149 -13.3763 2.5
v -12.4246 -13.5561 2.45
v -12.1063 -13.6794 2.45
v -12.4246 -13.5561 2.5
v -13.1729 -12.8739 2.5
v -13.1729 -12.8739 2.45
v -12.9672 -13.1463 2.45
v -13.3251 -12.5683 2.5
v -13.3251 -12.5683 2.45
v -13.4185 -12.2399 2.45
v -13.4185 -12.2399 2.5
v -12.6922 -11.1065 2.45
v -12.8333 -11.3509 2.45
v -10.2795 -11.6193 2.45
v -10.5078 -11.1065 2.45
v -12.9205 -11.6193 2.45
v -10.925 -10.7309 2.45
v -11.1828 -10.6161 2.45
v -11.7411 -10.5574 2.45
v -12.0172 -10.6161 2.45
v -11.4589 -10.5574 2.45
v -12.5033 -10.8968 2.45
v -12.275 -10.7309 2.45
v -10.6967 -10.8968 2.45
v -10.3667 -11.3509 2.45
v -11.7411 -10.5574 4.15
v -11.4589 -10.5574 4.15
v -12.0172 -10.6161 4.15
v -12.275 -10.7309 4.15
v -12.5033 -10.8968 4.15
v -12.6922 -11.1065 4.15
v -12.8333 -11.3509 4.15
v -12.9205 -11.6193 4.15
v -11.1828 -10.6161 4.15
v -10.925 -10.7309 4.15
v -10.6967 -10.8968 4.15
v -10.5078 -11.1065 4.15
v -10.3667 -11.3509 4.15
v -10.2795 -11.6193 4.15
v -9.7815 -12.2399 4.15
v -10.2328 -13.1463 4.15
v -10.0271 -12.8739 4.1
v -10.0271 -12.8739 4.15
v -9.87493 -12.5683 4.15
v -9.87493 -12.5683 4.1
v -9.7815 -12.2399 4.1
v -10.7754 -13.5561 4.1
v -10.7754 -13.5561 4.15
v -11.0937 -13.6794 4.15
v -10.2328 -13.1463 4.1
v -10.4851 -13.3763 4.15
v -10.4851 -13.3763 4.1
v -11.7707 -13.7421 4.15
v -12.1063 -13.6794 4.15
v -11.7707 -13.7421 4.1
v -11.4293 -13.7421 4.15
v -11.4293 -13.7421 4.1
v -11.0937 -13.6794 4.1
v -12.9672 -13.1463 4.15
v -12.7149 -13.3763 4.1
v -12.7149 -13.3763 4.15
v -12.4246 -13.5561 4.1
v -12.1063 -13.6794 4.1
v -12.4246 -13.5561 4.15
v -13.1729 -12.8739 4.15
v -13.1729 -12.8739 4.1
v -12.9672 -13.1463 4.1
v -13.3251 -12.5683 4.15
v -13.3251 -12.5683 4.1
v -13.4185 -12.2399 4.1
v -13.4185 -12.2399 4.15
v -2.94067 11.6671 2.5
v -3.36 11.1206 2.5
v -3.1736 11.2636 2.45
v -3.1736 11.2636 2.5
v -3.03058 11.45 2.5
v -3.03058 11.45 2.45
v -2.94067 11.6671 2.45
v -3.81 11.0 2.45
v -3.81 11.0 2.5
v -4.04294 11.0307 2.5
v -3.36 11.1206 2.45
v -3.57706 11.0307 2.5
v -3.57706 11.0307 2.45
v -4.4464 11.2636 2.5
v -4.58942 11.45 2.5
v -4.4464 11.2636 2.45
v -4.26 11.1206 2.5
v -4.26 11.1206 2.45
v -4.04294 11.0307 2.45
v -4.58942 11.45 2.45
v -4.67933 11.6671 2.5
v -4.67933 11.6671 2.45
v -4.27984 12.071 2.45
v -3.89682 12.3924 2.45
v -3.72318 12.3924 2.45
v -3.56 12.333 2.45
v -4.06 12.333 2.45
v -3.42698 12.2214 2.45
v -3.34016 12.071 2.45
v -4.19302 12.2214 2.45
v -3.89682 12.3924 4.15
v -3.72318 12.3924 4.15
v -4.06 12.333 4.15
v -4.19302 12.2214 4.15
v -4.27985 12.071 4.15
v -3.56 12.333 4.15
v -3.42698 12.2214 4.15
v -3.34015 12.071 4.15
v -2.94067 11.6671 4.15
v -3.36 11.1206 4.15
v -3.1736 11.2636 4.1
v -3.1736 11.2636 4.15
v -3.03058 11.45 4.15
v -3.03058 11.45 4.1
v -2.94067 11.6671 4.1
v -3.81 11.0 4.1
v -3.81 11.0 4.15
v -4.04294 11.0307 4.15
v -3.36 11.1206 4.1
v -3.57706 11.0307 4.15
v -3.57706 11.0307 4.1
v -4.4464 11.2636 4.15
v -4.58942 11.45 4.15
v -4.4464 11.2636 4.1
v -4.26 11.1206 4.15
v -4.26 11.1206 4.1
v -4.04294 11.0307 4.1
v -4.58942 11.45 4.1
v -4.67933 11.6671 4.15
v -4.67933 11.6671 4.1
v -0.400668 11.6671 2.5
v -0.820001 11.1206 2.5
v -0.633604 11.2636 2.45
v -0.6336 11.2636 2.5
v -0.49058 11.45 2.5
v -0.490577 11.45 2.45
v -0.400667 11.6671 2.45
v -1.27 11.0 2.45
v -1.27 11.0 2.5
v -1.50294 11.0307 2.5
v -0.82 11.1206 2.45
v -1.03706 11.0307 2.5
v -1.03706 11.0307 2.45
v -1.9064 11.2636 2.5
v -2.04942 11.45 2.5
v -1.9064 11.2636 2.45
v -1.72 11.1206 2.5
v -1.72 11.1206 2.45
v -1.50294 11.0307 2.45
v -2.04942 11.45 2.45
v -2.13933 11.6671 2.5
v -2.13933 11.6671 2.45
v -1.73984 12.071 2.45
v -1.35682 12.3924 2.45
v -1.18318 12.3924 2.45
v -1.02 12.333 2.45
v -1.52 12.333 2.45
v -0.886976 12.2214 2.45
v -0.800155 12.071 2.45
v -1.77 11.9 2.45
v -1.65302 11.5786 2.45
v -1.52 11.467 2.45
v -1.18318 11.4076 2.45
v -1.35682 11.4076 2.45
v -1.02 11.467 2.45
v -0.886978 11.5786 2.45
v -0.800154 11.729 2.45
v -1.73985 11.729 2.45
v -0.770001 11.9 2.45
v -1.65302 12.2214 2.45
v -0.400667 11.6671 4.15
v -0.82 11.1206 4.15
v -0.6336 11.2636 4.1
v -0.633604 11.2636 4.15
v -0.490577 11.45 4.15
v -0.49058 11.45 4.1
v -0.400668 11.6671 4.1
v -1.27 11.0 4.1
v -1.27 11.0 4.15
v -1.50294 11.0307 4.15
v -0.820001 11.1206 4.1
v -1.03706 11.0307 4.15
v -1.03706 11.0307 4.1
v -1.9064 11.2636 4.15
v -2.04942 11.45 4.15
v -1.9064 11.2636 4.1
v -1.72 11.1206 4.15
v -1.72 11.1206 4.1
v -1.50294 11.0307 4.1
v -2.04942 11.45 4.1
v -2.13933 11.6671 4.15
v -2.13933 11.6671 4.1
v -1.52 11.467 4.15
v -1.35682 11.4076 4.15
v -1.73985 12.071 4.15
v -1.65302 12.2214 4.15
v -1.65302 11.5786 4.15
v -1.18318 11.4076 4.15
v -1.02 11.467 4.15
v -1.73985 11.729 4.15
v -0.770001 11.9 4.15
v -1.77 11.9 4.15
v -1.02 12.333 4.15
v -0.886978 12.2214 4.15
v -1.35682 12.3924 4.15
v -1.18318 12.3924 4.15
v -1.52 12.333 4.15
v -0.800154 12.071 4.15
v -0.800154 11.729 4.15
v -0.886978 11.5786 4.15
v 2.13933 11.6671 2.5
v 1.72 11.1206 2.5
v 1.9064 11.2636 2.45
v 1.9064 11.2636 2.5
v 2.04942 11.45 2.5
v 2.04942 11.45 2.45
v 2.13933 11.6671 2.45
v 1.27 11.0 2.45
v 1.27 11.0 2.5
v 1.03706 11.0307 2.5
v 1.72 11.1206 2.45
v 1.50294 11.0307 2.5
v 1.50294 11.0307 2.45
v 0.6336 11.2636 2.5
v 0.49058 11.45 2.5
v 0.633604 11.2636 2.45
v 0.820001 11.1206 2.5
v 0.82 11.1206 2.45
v 1.03706 11.0307 2.45
v 0.490577 11.45 2.45
v 0.400668 11.6671 2.5
v 0.400667 11.6671 2.45
v 0.800155 12.071 2.45
v 1.18318 12.3924 2.45
v 1.35682 12.3924 2.45
v 1.52 12.333 2.45
v 1.02 12.333 2.45
v 1.65302 12.2214 2.45
v 1.73984 12.071 2.45
v 0.770001 11.9 2.45
v 0.886978 11.5786 2.45
v 1.02 11.467 2.45
v 1.35682 11.4076 2.45
v 1.18318 11.4076 2.45
v 1.52 11.467 2.45
v 1.65302 11.5786 2.45
v 1.73985 11.729 2.45
v 0.800154 11.729 2.45
v 1.77 11.9 2.45
v 0.886976 12.2214 2.45
v 2.13933 11.6671 4.15
v 1.72 11.1206 4.15
v 1.9064 11.2636 4.1
v 1.9064 11.2636 4.15
v 2.04942 11.45 4.15
v 2.04942 11.45 4.1
v 2.13933 11.6671 4.1
v 1.27 11.0 4.1
v 1.27 11.0 4.15
v 1.03706 11.0307 4.15
v 1.72 11.1206 4.1
v 1.50294 11.0307 4.15
v 1.50294 11.0307 4.1
v 0.633604 11.2636 4.15
v 0.490577 11.45 4.15
v 0.6336 11.2636 4.1
v 0.82 11.1206 4.15
v 0.820001 11.1206 4.1
v 1.03706 11.0307 4.1
v 0.49058 11.45 4.1
v 0.400667 11.6671 4.15
v 0.400668 11.6671 4.1
v 1.02 11.467 4.15
v 1.18318 11.4076 4.15
v 0.800154 12.071 4.15
v 0.886978 12.2214 4.15
v 0.886978 11.5786 4.15
v 1.35682 11.4076 4.15
v 1.52 11.467 4.15
v 0.800154 11.729 4.15
v 1.77 11.9 4.15
v 0.770001 11.9 4.15
v 1.52 12.333 4.15
v 1.65302 12.2214 4.15
v 1.18318 12.3924 4.15
v 1.35682 12.3924 4.15
v 1.02 12.333 4.15
v 1.73985 12.071 4.15
v 1.73985 11.729 4.15
v 1.65302 11.5786 4.15
v 4.67933 11.6671 2.5
v 4.26 11.1206 2.5
v 4.4464 11.2636 2.45
v 4.4464 11.2636 2.5
v 4.58942 11.45 2.5
v 4.58942 11.45 2.45
v 4.67933 11.6671 2.45
v 3.81 11.0 2.45
v 3.81 11.0 2.5
v 3.57706 11.0307 2.5
v 4.26 11.1206 2.45
v 4.04294 11.0307 2.5
v 4.04294 11.0307 2.45
v 3.1736 11.2636 2.5
v 3.03058 11.45 2.5
v 3.1736 11.2636 2.45
v 3.36 11.1206 2.5
v 3.36 11.1206 2.45
v 3.57706 11.0307 2.45
v 3.03058 11.45 2.45
v 2.94067 11.6671 2.5
v 2.94067 11.6671 2.45
v 3.34016 12.071 2.45
v 3.72318 12.3924 2.45
v 3.89682 12.3924 2.45
v 4.06 12.333 2.45
v 3.56 12.333 2.45
v 4.19302 12.2214 2.45
v 4.27984 12.071 2.45
v 3.31 11.9 2.45
v 3.42698 11.5786 2.45
v 3.56 11.467 2.45
v 3.89682 11.4076 2.45
v 3.72318 11.4076 2.45
v 4.06 11.467 2.45
v 4.19302 11.5786 2.45
v 4.27985 11.729 2.45
v 3.34015 11.729 2.45
v 4.31 11.9 2.45
v 3.42698 12.2214 2.45
v 4.67933 11.6671 4.15
v 4.26 11.1206 4.15
v 4.4464 11.2636 4.1
v 4.4464 11.2636 4.15
v 4.58942 11.45 4.15
v 4.58942 11.45 4.1
v 4.67933 11.6671 4.1
v 3.81 11.0 4.1
v 3.81 11.0 4.15
v 3.57706 11.0307 4.15
v 4.26 11.1206 4.1
v 4.04294 11.0307 4.15
v 4.04294 11.0307 4.1
v 3.1736 11.2636 4.15
v 3.03058 11.45 4.15
v 3.1736 11.2636 4.1
v 3.36 11.1206 4.15
v 3.36 11.1206 4.1
v 3.57706 11.0307 4.1
v 3.03058 11.45 4.1
v 2.94067 11.6671 4.15
v 2.94067 11.6671 4.1
v 3.56 11.467 4.15
v 3.72318 11.4076 4.15
v 3.34015 12.071 4.15
v 3.42698 12.2214 4.15
v 3.42698 11.5786 4.15
v 3.89682 11.4076 4.15
v 4.06 11.467 4.15
v 3.34015 11.729 4.15
v 4.31 11.9 4.15
v 3.31 11.9 4.15
v 4.06 12.333 4.15
v 4.19302 12.2214 4.15
v 3.72318 12.3924 4.15
v 3.89682 12.3924 4.15
v 3.56 12.333 4.15
v 4.27985 12.071 4.15
v 4.27985 11.729 4.15
v 4.19302 11.5786 4.15
v 3.42698 11.5786 2.45
v 3.34015 11.729 4.15
v 3.42698 11.5786 4.15
newmtl 2
Ka 1.0 1.0 1.0
Kd 0.8431372549019608 0.8156862745098039 0.7529411764705882
Ks 0.7529411764705882 0.7529411764705882 0.7529411764705882
d 1.0
endmtl
v 3.31 11.9 4.15
v 3.34015 11.729 2.45
v 3.31 11.9 2.45
v 3.72318 11.4076 4.15
v 3.89682 11.4076 4.15
v 3.89682 11.4076 2.45
v 3.72318 11.4076 2.45
v 3.56 11.467 2.45
v 3.56 11.467 4.15
v 4.19302 11.5786 2.45
v 4.19302 11.5786 4.15
v 4.27985 11.729 2.45
v 4.06 11.467 2.45
v 4.06 11.467 4.15
v 4.27985 11.729 4.15
v 4.31 11.9 2.45
v 4.31 11.9 4.15
v 0.886978 11.5786 2.45
v 0.800154 11.729 4.15
v 0.886978 11.5786 4.15
v 0.770001 11.9 4.15
v 0.800154 11.729 2.45
v 0.770001 11.9 2.45
v 1.18318 11.4076 4.15
v 1.35682 11.4076 4.15
v 1.35682 11.4076 2.45
v 1.18318 11.4076 2.45
v 1.02 11.467 2.45
v 1.02 11.467 4.15
v 1.65302 11.5786 2.45
v 1.65302 11.5786 4.15
v 1.73985 11.729 2.45
v 1.52 11.467 2.45
v 1.52 11.467 4.15
v 1.73985 11.729 4.15
v 1.77 11.9 2.45
v 1.77 11.9 4.15
v -1.65302 11.5786 2.45
v -1.73985 11.729 4.15
v -1.65302 11.5786 4.15
v -1.77 11.9 4.15
v -1.73985 11.729 2.45
v -1.77 11.9 2.45
v -1.35682 11.4076 4.15
v -1.18318 11.4076 4.15
v -1.18318 11.4076 2.45
v -1.35682 11.4076 2.45
v -1.52 11.467 2.45
v -1.52 11.467 4.15
v -0.886978 11.5786 2.45
v -0.886978 11.5786 4.15
v -0.800154 11.729 2.45
v -1.02 11.467 2.45
v -1.02 11.467 4.15
v -0.800154 11.729 4.15
v -0.770001 11.9 2.45
v -0.770001 11.9 4.15
v 13.5 -5.1 4.8
v 6.0 -5.1 4.7
v 13.5 -5.1 4.1
v -6.0 -5.1 4.7
v -6.0 -5.1 4.8
v -13.5 -5.1 4.8
v -13.5 -5.1 4.1
v 6.0 -5.1 4.8
v 13.6 -13.9 2.5
v 13.6 -13.9 4.1
v 7.0 -13.9 4.1
v 7.0 -13.9 2.5
v 13.6 13.9 2.5
v 13.6 13.9 4.1
v -13.6 13.9 2.5
v -13.6 13.9 4.1
v -13.6 -13.9 2.5
v -13.6 -13.9 4.1
v -7.0 -13.9 2.5
v -7.0 -13.9 4.1
v -7.0 -11.9 4.1
v -7.0 -11.9 2.5
v 7.0 -11.9 2.5
v 7.0 -11.9 4.1
v -1.35682 12.3924 4.15
v -1.35682 12.3924 2.45
v -1.18318 12.3924 4.15
v -1.52 12.333 2.45
v -1.52 12.333 4.15
v -1.65302 12.2214 4.15
v -1.65302 12.2214 2.45
v -1.73985 12.071 4.15
v -1.73984 12.071 2.45
v -1.18318 12.3924 2.45
v -1.02 12.333 2.45
v -1.02 12.333 4.15
v -0.886978 12.2214 4.15
v -0.886976 12.2214 2.45
v -0.800155 12.071 2.45
v -0.800154 12.071 4.15
v 1.18318 12.3924 4.15
v 1.18318 12.3924 2.45
v 1.35682 12.3924 4.15
v 1.02 12.333 2.45
v 1.02 12.333 4.15
v 0.886978 12.2214 4.15
v 0.886976 12.2214 2.45
v 0.800154 12.071 4.15
v 0.800155 12.071 2.45
v 1.35682 12.3924 2.45
v 1.52 12.333 2.45
v 1.52 12.333 4.15
v 1.65302 12.2214 4.15
v 1.65302 12.2214 2.45
v 1.73984 12.071 2.45
v 1.73985 12.071 4.15
v 3.72318 12.3924 4.15
v 3.72318 12.3924 2.45
v 3.89682 12.3924 4.15
v 3.56 12.333 2.45
v 3.56 12.333 4.15
v 3.42698 12.2214 4.15
v 3.42698 12.2214 2.45
v 3.34015 12.071 4.15
v 3.34016 12.071 2.45
v 3.89682 12.3924 2.45
v 4.06 12.333 2.45
v 4.06 12.333 4.15
v 4.19302 12.2214 4.15
v 4.19302 12.2214 2.45
v 4.27984 12.071 2.45
v 4.27985 12.071 4.15
v 13.5 9.9 5.5
v 13.5 -9.1 5.5
v 13.5 9.9 4.1
v 13.5 -9.1 4.8
v -13.5 9.9 5.5
v -13.5 9.9 4.1
v -13.5 -9.1 5.5
v -13.5 -9.1 4.8
v -11.9109 8.4 5.5
v 11.9109 -7.6 5.5
v 11.9109 8.4 5.5
v -11.9109 -7.6 5.5
v -1.27 11.0 4.1
v -3.81 11.0 4.1
v -11.0937 10.1206 4.1
newmtl 3
Ka 1.0 1.0 1.0
Kd 0.19607843137254902 0.36470588235294116 0.5568627450980392
Ks 0.7529411764705882 0.7529411764705882 0.7529411764705882
d 1.0
endmtl
v 10.2328 10.6537 4.1
v 10.0271 10.9261 4.1
v 4.4464 11.2636 4.1
v -6.08524 12.391 4.1
v -5.74688 12.3962 4.1
v -6.14279 12.3962 4.1
v -10.2328 -13.1463 4.1
v -10.4851 -13.3763 4.1
v -7.0 -13.9 4.1
v -7.9731 12.1122 4.101
v -8.06239 12.2269 4.101
v -8.11445 11.8373 4.1
v 9.7815 -12.2399 4.1
v 9.75 -11.9 4.1
v 7.0 -11.9 4.1
v -7.78219 11.5551 4.101
v -8.0248 11.684 4.1
v -7.88887 11.5191 4.1
v -9.16424 11.8083 4.1
v -8.92988 11.6406 4.101
v -8.83562 11.7081 4.101
v -8.03636 11.522 4.1
v -8.01901 11.5191 4.1
v -10.0271 10.9261 4.1
v -8.93395 11.2461 4.101
v -9.87493 11.2317 4.1
v -8.68417 12.3925 4.1
v -8.52041 12.476 4.101
v -10.0271 12.8739 4.1
v -8.8987 12.2705 4.101
v -8.75213 12.3343 4.101
v -9.87493 12.5683 4.1
v -8.98495 12.2586 4.101
v -8.81141 12.2653 4.1
v -8.50197 11.6348 4.1
v -8.59741 11.7068 4.101
v -9.06763 12.2308 4.101
v -9.14297 12.1884 4.101
v -8.72176 12.0542 4.1
v -8.79406 12.0856 4.101
v -9.07928 12.0126 4.101
v -8.98733 12.0747 4.101
v -9.14142 11.9206 4.101
v -9.7815 12.2399 4.1
v -9.75 11.9 4.1
v -9.28431 12.0358 4.101
v -9.21051 12.1322 4.1
v -9.7815 11.5601 4.1
v -9.22497 11.4873 4.1
v -9.29116 11.5819 4.101
v -9.34643 11.8026 4.1
v -9.11905 11.4006 4.101
v -9.14174 11.6969 4.101
v -9.08069 11.6055 4.101
v -4.04294 11.0307 4.1
v -8.99361 11.3485 4.1
v -11.4293 -13.7421 4.1
v -13.6 -13.9 4.1
v -9.7815 -11.5601 4.1
v -7.0 -11.9 4.1
v -9.87493 -11.2317 4.1
v -9.75 -11.9 4.1
v -7.16823 11.3441 4.1
v -7.87152 11.3427 4.1
v -8.60658 11.1747 4.101
v -7.69841 11.8324 4.101
v -7.74681 11.9041 4.101
v -7.70829 11.6355 4.101
v -7.92936 11.9703 4.1
v -7.68065 11.7447 4.1
v -8.18639 12.3038 4.101
v -8.33424 12.3318 4.1
v -8.66365 12.1659 4.101
v -8.57572 12.2537 4.101
v -7.81852 11.9525 4.101
v -8.99072 11.5423 4.1
v -8.87504 12.0975 4.1
v -8.71887 11.7331 4.1
v -8.46393 12.3112 4.101
v -5.83224 11.7509 4.1
v -5.74615 11.7509 4.1
v -5.84378 11.9894 4.1
v -7.90623 11.9703 4.1
v -5.59382 11.9894 4.1
v -5.63342 11.7509 4.101
v -5.57587 11.7458 4.101
v -7.60835 11.4729 4.1
v -7.72801 11.3829 4.101
v -8.42967 11.4411 4.1
v -8.45249 11.3288 4.101
v -8.12602 11.4324 4.1
v -8.04215 11.3427 4.1
v -8.10143 11.3713 4.101
v -8.51462 11.2368 4.101
v -8.42967 11.47 4.1
v -8.09963 11.4956 4.101
v -7.85164 12.2494 4.101
v -7.67378 12.0697 4.101
v -7.16823 12.3962 4.1
v -5.02643 11.3441 4.1
v -4.4464 11.2636 4.1
v -4.58942 11.45 4.1
v -5.39242 11.3441 4.1
v -5.2375 11.7509 4.1
v -5.41499 11.5527 4.1
v -5.9018 11.9894 4.1
v -5.68978 11.7509 4.101
v -7.78765 12.1265 4.1
v -5.98924 11.5273 4.1
v -5.98924 11.3905 4.1
v -5.84378 11.5273 4.1
v -6.36501 11.2115 4.1
v -6.56171 11.3416 4.101
v -6.66727 11.3441 4.1
v -6.79597 12.0401 4.101
v -6.73756 12.0293 4.1
v -6.872 12.1227 4.101
v -10.4851 -10.4237 4.1
v -10.2328 -10.6537 4.1
v -5.33441 11.3441 4.1
v -5.12593 11.4554 4.1
v -5.29531 11.4554 4.1
v -10.0271 -10.9261 4.1
v -5.08445 11.3441 4.1
v -4.67933 11.6671 4.1
v -4.71 11.9 4.1
v -5.18135 11.7509 4.1
v 0.6336 11.2636 4.1
v 0.49058 11.45 4.1
v -0.6336 11.2636 4.1
v 2.13933 11.6671 4.1
v 2.91 11.9 4.1
v 2.17 11.9 4.1
v -5.43034 11.4676 4.101
v -5.47633 11.4011 4.1
v -6.72893 12.403 4.1
v -4.04294 12.7693 4.1
v -10.7754 13.5561 4.1
v -5.43034 11.634 4.101
v -5.47633 11.697 4.1
v -5.53581 11.9894 4.1
v -5.52336 11.7283 4.101
v -5.80469 12.1007 4.1
v -5.63531 12.1007 4.1
v -10.4851 13.3763 4.1
v -8.19532 12.4875 4.101
v -7.11572 12.3962 4.1
v -6.48479 11.6413 4.1
v -6.55113 11.9894 4.1
v -6.52878 11.6355 4.101
v -5.74615 11.3441 4.101
v -7.16823 11.7509 4.1
v -7.50135 11.7476 4.1
v -7.52882 11.6005 4.101
v -4.26 11.1206 4.1
v -6.33216 11.2073 4.1
v -5.63285 11.3441 4.1
v -5.52277 11.3686 4.1
v -5.57511 11.3502 4.1
v -6.50697 11.466 4.1
v -6.55781 11.3859 4.101
v -6.51443 11.3789 4.1
v -5.84378 11.5739 4.1
v -5.98924 11.7041 4.1
v -5.98924 11.5739 4.1
v -5.82299 11.3905 4.1
v -6.54153 11.5767 4.101
v -6.54541 11.5608 4.1
v -6.52992 11.5891 4.1
v -5.83224 11.7041 4.1
v -5.82299 11.3441 4.1
v -5.68956 11.3441 4.1
v -6.2728 11.2305 4.101
v -6.94946 11.3905 4.1
v -6.97026 11.5273 4.1
v -7.11572 11.3905 4.1
v -6.4576 11.4335 4.101
v -6.46743 11.4458 4.1
v -6.45433 11.4182 4.1
v -6.54925 11.4847 4.1
v -6.59823 11.4069 4.1
v -6.40203 11.4232 4.1
v -6.41022 11.3875 4.101
v -6.26156 11.3448 4.1
v -6.28391 11.2919 4.1
v -6.35033 11.2524 4.101
v -6.33611 11.251 4.1
v -6.20789 11.4736 4.1
v -6.17868 11.5541 4.1
v -6.26252 11.4735 4.1
v -6.37551 11.6346 4.1
v -6.4063 11.4495 4.101
v -6.46937 11.3887 4.101
v -6.2364 11.3924 4.101
v -6.53429 11.5338 4.1
v -6.54262 11.5454 4.101
v -6.48978 11.5999 4.1
v -6.49547 11.5135 4.1
v -6.45069 11.5946 4.101
v -5.92436 12.198 4.1
v -6.66727 11.5311 4.1
v -6.51215 11.5972 4.101
v -6.25553 12.3962 4.1
v -6.35316 12.1726 4.1
v -6.25553 11.9894 4.101
v -6.44905 11.6381 4.101
v -6.33237 11.9894 4.1
v -6.45382 11.4955 4.1
v -6.41596 11.5789 4.1
v -6.09665 11.6346 4.1
v -6.04175 11.3441 4.1
v -6.04175 11.7509 4.1
v -6.41908 11.4712 4.101
v -6.14947 11.6346 4.101
v -6.31854 11.6346 4.1
v -6.49862 12.0358 4.1
v -6.49862 12.1726 4.1
v -7.11572 11.5273 4.1
v -6.58347 11.5103 4.101
v -6.8766 11.4863 4.101
v -6.87231 11.5648 4.1
v -6.68315 11.9885 4.101
v -6.71396 11.6291 4.101
v -6.34162 12.3962 4.1
v -6.19893 11.9894 4.1
v 10.4851 13.3763 4.1
v 4.26 12.6794 4.1
v 10.2328 13.1463 4.1
v -4.67933 12.1329 4.1
v -4.58942 12.35 4.1
v -5.69073 12.3962 4.1
v -6.03215 12.0139 4.1
v -6.08449 11.9954 4.1
v -6.56527 11.6182 4.1
v -5.93971 12.1128 4.101
v -5.98571 12.0464 4.1
v -6.49862 12.2192 4.1
v -6.35316 12.2192 4.1
v -6.49862 12.3494 4.1
v -5.93971 12.2793 4.101
v -5.98571 12.3423 4.101
v -6.03274 12.3736 4.1
v -6.63254 12.3864 4.1
v -6.55113 12.3962 4.1
v -6.67567 12.3988 4.101
v -10.2328 13.1463 4.1
v -8.33713 12.5053 4.1
v -6.14223 11.9894 4.1
v -6.82383 11.9964 4.101
v -6.88489 12.0381 4.1
v -6.95372 11.9894 4.1
v -7.58377 11.9826 4.101
v -7.94382 12.3549 4.1
v -6.33237 12.0358 4.1
v -6.34162 12.3494 4.1
v -6.97026 11.5739 4.1
v -6.87231 11.6143 4.1
v -6.95872 11.7041 4.1
v -7.52412 11.8727 4.101
v -7.16823 11.9894 4.1
v -6.93709 12.1851 4.1
v -6.92241 12.2737 4.101
v -6.63254 12.0566 4.1
v -8.0625 12.4363 4.101
v -6.95872 11.7509 4.1
v -6.74515 11.9825 4.1
v -6.71822 11.5288 4.1
v -6.73294 11.5821 4.101
v -6.80431 11.5167 4.1
v -6.88198 12.1882 4.1
v -1.03706 11.0307 4.1
v 1.03706 11.0307 4.1
v 0.820001 11.1206 4.1
v -0.820001 11.1206 4.1
v 4.58942 11.45 4.1
v 9.87493 11.2317 4.1
v 4.67933 11.6671 4.1
v -1.9064 11.2636 4.1
v -3.1736 11.2636 4.1
v -3.36 11.1206 4.1
v -1.50294 11.0307 4.1
v -3.57706 11.0307 4.1
v -13.5 9.9 4.1
v 11.4293 10.0579 4.1
v -11.4293 10.0579 4.1
v 9.7815 11.5601 4.1
v 9.75 11.9 4.1
v 10.4851 10.4237 4.1
v 4.26 11.1206 4.1
v 4.71 11.9 4.1
v 4.67933 12.1329 4.1
v 9.7815 12.2399 4.1
v 10.0271 12.8739 4.1
v 4.58942 12.35 4.1
v 9.87493 12.5683 4.1
v 1.9064 12.5364 4.1
v 3.1736 12.5364 4.1
v 3.36 12.6794 4.1
v 11.0937 13.6794 4.1
v 3.81 12.8 4.1
v 4.04294 12.7693 4.1
v 10.7754 13.5561 4.1
v 12.7149 13.3763 4.1
v 13.6 13.9 4.1
v 12.4246 13.5561 4.1
v 1.50294 12.7693 4.1
v 3.57706 12.7693 4.1
v -0.400668 11.6671 4.1
v 0.370001 11.9 4.1
v -0.370001 11.9 4.1
v 3.03058 12.35 4.1
v 2.13933 12.1329 4.1
v 2.94067 12.1329 4.1
v -3.03058 12.35 4.1
v -2.04942 12.35 4.1
v -1.9064 12.5364 4.1
v 2.04942 12.35 4.1
v -0.49058 11.45 4.1
v 0.400668 11.6671 4.1
v 3.1736 11.2636 4.1
v 1.72 11.1206 4.1
v 3.36 11.1206 4.1
v 1.27 11.0 4.1
v 0.400667 12.1329 4.1
v -0.400667 12.1329 4.1
v 1.9064 11.2636 4.1
v 0.633604 12.5364 4.1
v -0.490577 12.35 4.1
v 0.490577 12.35 4.1
v 0.82 12.6794 4.1
v -0.82 12.6794 4.1
v -0.633604 12.5364 4.1
v -6.19916 12.3962 4.1
v 1.72 12.6794 4.1
v -11.4293 13.7421 4.1
v 11.4293 13.7421 4.1
v 11.7707 13.7421 4.1
v 12.1063 13.6794 4.1
v -2.94067 12.1329 4.1
v -2.13933 12.1329 4.1
v -1.72 12.6794 4.1
v -3.1736 12.5364 4.1
v -2.04942 11.45 4.1
v -2.13933 11.6671 4.1
v -3.03058 11.45 4.1
v -13.4185 11.5601 4.1
v -13.45 11.9 4.1
v -13.1729 -10.9261 4.1
v -12.9672 -10.6537 4.1
v -13.5 -5.1 4.1
v -13.3251 -12.5683 4.1
v -13.4185 -12.2399 4.1
v -13.45 -11.9 4.1
v -12.9672 -13.1463 4.1
v -13.1729 -12.8739 4.1
v -12.4246 -13.5561 4.1
v -12.7149 -13.3763 4.1
v -11.7707 -13.7421 4.1
v -12.1063 -13.6794 4.1
v -10.7754 -13.5561 4.1
v -11.0937 -13.6794 4.1
v -9.87493 -12.5683 4.1
v -10.0271 -12.8739 4.1
v -9.7815 -12.2399 4.1
v -11.0937 -10.1206 4.1
v -11.4293 -10.0579 4.1
v -10.7754 -10.2439 4.1
v -12.4246 10.2439 4.1
v -12.1063 10.1206 4.1
v -12.7149 10.4237 4.1
v -10.4851 10.4237 4.1
v -8.71887 11.1519 4.1
v -10.2328 10.6537 4.1
v -12.9672 10.6537 4.1
v -8.8383 11.1771 4.101
v -13.3251 -11.2317 4.1
v -13.4185 -11.5601 4.1
v -13.1729 10.9261 4.1
v -13.3251 11.2317 4.1
v -11.7707 10.0579 4.1
v 4.04294 11.0307 4.1
v 10.7754 10.2439 4.1
v 11.4293 -10.0579 4.1
v 13.5 -5.1 4.1
v 11.0937 -10.1206 4.1
v 11.7707 10.0579 4.1
v 13.5 9.9 4.1
v 12.9672 10.6537 4.1
v 12.7149 10.4237 4.1
v 12.1063 -10.1206 4.1
v 11.7707 -10.0579 4.1
v 12.7149 -10.4237 4.1
v 12.9672 -10.6537 4.1
v 13.1729 10.9261 4.1
v 12.7149 -13.3763 4.1
v 12.4246 -13.5561 4.1
v 13.6 -13.9 4.1
v 13.1729 -10.9261 4.1
v 13.3251 -11.2317 4.1
v 12.9672 -13.1463 4.1
v 13.1729 -12.8739 4.1
v 13.4185 -12.2399 4.1
v 13.3251 -12.5683 4.1
v 13.3251 12.5683 4.1
v 13.4185 12.2399 4.1
v 13.45 11.9 4.1
v 12.9672 13.1463 4.1
v 13.1729 12.8739 4.1
v 1.27 12.8 4.1
v -3.36 12.6794 4.1
v -1.50294 12.7693 4.1
v -3.57706 12.7693 4.1
v 4.4464 12.5364 4.1
v -9.33229 11.6887 4.101
v -12.4246 -10.2439 4.1
v -12.7149 -10.4237 4.1
v -12.1063 -10.1206 4.1
v -11.7707 -10.0579 4.1
v -10.7754 10.2439 4.1
v -6.80857 11.3373 4.1
v -6.71822 11.3441 4.1
v -9.33047 11.924 4.101
v -3.81 12.8 4.1
v -11.0937 13.6794 4.1
v -1.27 12.8 4.1
v -13.6 13.9 4.1
v -12.1063 13.6794 4.1
v -11.7707 13.7421 4.1
v -12.7149 13.3763 4.1
v -12.4246 13.5561 4.1
v -13.1729 12.8739 4.1
v -12.9672 13.1463 4.1
v -13.4185 12.2399 4.1
v -13.3251 12.5683 4.1
v 11.7707 -13.7421 4.1
v 11.4293 -13.7421 4.1
v 7.0 -13.9 4.1
v 9.87493 -12.5683 4.1
v 10.2328 -13.1463 4.1
v 10.0271 -12.8739 4.1
v 10.7754 -13.5561 4.1
v 10.4851 -13.3763 4.1
v 11.0937 -13.6794 4.1
v 12.1063 -13.6794 4.1
v 12.4246 -10.2439 4.1
v 13.3251 11.2317 4.1
v 13.4185 11.5601 4.1
v 13.4185 -11.5601 4.1
v 13.45 -11.9 4.1
v 12.1063 10.1206 4.1
v 12.4246 10.2439 4.1
v 10.4851 -10.4237 4.1
v 10.7754 -10.2439 4.1
v 11.0937 10.1206 4.1
v 10.0271 -10.9261 4.1
v 10.2328 -10.6537 4.1
v 9.7815 -11.5601 4.1
v 9.87493 -11.2317 4.1
v -2.17 11.9 4.1
v -2.91 11.9 4.1
v -2.94067 11.6671 4.1
v -1.72 11.1206 4.1
v 3.81 11.0 4.1
v -6.36501 11.2568 4.1
v -4.26 12.6794 4.1
v -4.4464 12.5364 4.1
v 3.03058 11.45 4.1
v 2.04942 11.45 4.1
v 2.94067 11.6671 4.1
v 3.57706 11.0307 4.1
v 1.50294 11.0307 4.1
v -1.03706 12.7693 4.1
v 1.03706 12.7693 4.1
v -6.84205 12.0722 4.1
v -6.63254 12.0063 4.1
v -6.67895 11.5924 4.101
v -6.95372 12.0358 4.1
v -6.92405 12.1026 4.101
v -6.68111 12.0362 4.101
v -6.83925 12.3105 4.1
v -6.8713 12.2571 4.101
v -6.79011 12.3444 4.101
v -6.72841 12.3556 4.1
v -7.11572 12.0358 4.1
v -6.87834 12.3431 4.1
v -6.67833 12.3496 4.101
v -6.81159 12.3881 4.101
v -6.63254 12.3315 4.1
v -6.77229 11.6413 4.1
v -6.82569 11.6346 4.101
v -6.59792 11.5562 4.1
v -7.11572 11.5739 4.1
v -7.11572 11.7041 4.1
v -6.82699 11.5911 4.101
v -6.77707 11.5999 4.1
v -6.9007 11.4219 4.1
v -6.94946 11.3441 4.1
v -6.84649 11.343 4.101
v -6.87574 11.3602 4.1
v -6.58974 11.5911 4.101
v -6.89446 11.387 4.101
v -6.7569 11.3502 4.101
v -6.71822 11.3891 4.1
v -6.51942 11.3373 4.1
v -6.47226 11.343 4.101
v -6.43478 11.3604 4.1
v -6.59823 11.3543 4.1
v -6.59432 11.5313 4.101
v -6.29053 11.5541 4.1
v -6.41596 11.6284 4.1
v -6.3056 11.2612 4.101
v -6.34999 11.2084 4.101
v -6.22849 11.3003 4.1
v 3.81 11.0 2.5
v 10.4851 -10.4237 2.5
v 7.0 -11.9 2.5
v 13.6 13.9 2.5
v 13.6 -13.9 2.5
v 13.45 -11.9 2.5
v -2.91 11.9 2.5
v -2.94067 12.1329 2.5
v -2.13933 12.1329 2.5
v 3.36 12.6794 2.5
v 3.1736 12.5364 2.5
v 1.9064 12.5364 2.5
v 4.58942 12.35 2.5
v 10.0271 12.8739 2.5
v 9.87493 12.5683 2.5
v 3.81 12.8 2.5
v 11.0937 13.6794 2.5
v 4.04294 12.7693 2.5
v 12.7149 13.3763 2.5
v 12.4246 13.5561 2.5
v 1.50294 12.7693 2.5
v 3.57706 12.7693 2.5
v -0.633604 12.5364 2.5
v -0.82 12.6794 2.5
v 0.82 12.6794 2.5
v 2.94067 12.1329 2.5
v 2.13933 12.1329 2.5
v 3.03058 12.35 2.5
v 0.633604 12.5364 2.5
v 2.17 11.9 2.5
v 0.490577 12.35 2.5
v -0.490577 12.35 2.5
v -0.49058 11.45 2.5
v -0.400668 11.6671 2.5
v 0.400668 11.6671 2.5
v 2.04942 11.45 2.5
v 3.03058 11.45 2.5
v 1.9064 11.2636 2.5
v -1.9064 12.5364 2.5
v -3.1736 12.5364 2.5
v -1.72 12.6794 2.5
v 1.03706 11.0307 2.5
v -1.03706 11.0307 2.5
v 0.820001 11.1206 2.5
v 4.71 11.9 2.5
v 9.75 11.9 2.5
v 4.67933 11.6671 2.5
v -9.75 -11.9 2.5
v -9.7815 -11.5601 2.5
v -7.0 -11.9 2.5
v 10.0271 10.9261 2.5
v 4.4464 11.2636 2.5
v 4.58942 11.45 2.5
v 10.7754 -10.2439 2.5
v 10.7754 10.2439 2.5
v 11.0937 10.1206 2.5
v 4.4464 12.5364 2.5
v 9.7815 12.2399 2.5
v 4.67933 12.1329 2.5
v 4.26 12.6794 2.5
v 10.2328 13.1463 2.5
v 0.6336 11.2636 2.5
v -0.6336 11.2636 2.5
v 0.49058 11.45 2.5
v -0.820001 11.1206 2.5
v 2.04942 12.35 2.5
v -0.370001 11.9 2.5
v -0.400667 12.1329 2.5
v 0.400667 12.1329 2.5
v 1.72 12.6794 2.5
v -11.4293 13.7421 2.5
v 11.4293 13.7421 2.5
v 12.1063 13.6794 2.5
v 11.7707 13.7421 2.5
v -2.04942 12.35 2.5
v -2.17 11.9 2.5
v -10.4851 13.3763 2.5
v -4.26 12.6794 2.5
v -10.2328 13.1463 2.5
v -9.7815 12.2399 2.5
v -9.87493 12.5683 2.5
v -4.67933 12.1329 2.5
v -3.03058 11.45 2.5
v -2.04942 11.45 2.5
v -3.1736 11.2636 2.5
v -9.87493 -11.2317 2.5
v -4.58942 11.45 2.5
v -9.87493 11.2317 2.5
v -4.67933 11.6671 2.5
v -10.0271 -10.9261 2.5
v -1.27 11.0 2.5
v 1.27 11.0 2.5
v -10.4851 -10.4237 2.5
v -3.81 11.0 2.5
v 1.72 11.1206 2.5
v 3.1736 11.2636 2.5
v 3.36 11.1206 2.5
v 0.370001 11.9 2.5
v -9.87493 -12.5683 2.5
v -7.0 -13.9 2.5
v -10.0271 -12.8739 2.5
v -10.7754 -10.2439 2.5
v -10.7754 10.2439 2.5
v -4.04294 11.0307 2.5
v -10.2328 -10.6537 2.5
v -10.4851 10.4237 2.5
v -11.4293 10.0579 2.5
v -11.7707 -10.0579 2.5
v -11.7707 10.0579 2.5
v -12.1063 -10.1206 2.5
v -12.1063 10.1206 2.5
v -12.4246 -10.2439 2.5
v -12.4246 10.2439 2.5
v -13.1729 10.9261 2.5
v -12.9672 10.6537 2.5
v -13.1729 -10.9261 2.5
v -12.9672 -10.6537 2.5
v -12.7149 13.3763 2.5
v -13.6 13.9 2.5
v -12.4246 13.5561 2.5
v -13.4185 -11.5601 2.5
v -13.4185 11.5601 2.5
v -13.3251 11.2317 2.5
v -12.9672 13.1463 2.5
v -13.1729 12.8739 2.5
v -13.3251 12.5683 2.5
v -13.4185 12.2399 2.5
v -13.45 11.9 2.5
v -13.6 -13.9 2.5
v -13.45 -11.9 2.5
v -13.3251 -12.5683 2.5
v -13.4185 -12.2399 2.5
v -12.9672 -13.1463 2.5
v -13.1729 -12.8739 2.5
v -11.4293 -13.7421 2.5
v -12.4246 -13.5561 2.5
v -12.7149 -13.3763 2.5
v -11.7707 -13.7421 2.5
v -12.1063 -13.6794 2.5
v -10.7754 -13.5561 2.5
v -11.0937 -13.6794 2.5
v -10.2328 -13.1463 2.5
v -10.4851 -13.3763 2.5
v -9.7815 -12.2399 2.5
v 4.04294 11.0307 2.5
v 4.26 11.1206 2.5
v 10.4851 10.4237 2.5
v 9.87493 11.2317 2.5
v 13.3251 12.5683 2.5
v 13.4185 12.2399 2.5
v 13.45 11.9 2.5
v 10.4851 13.3763 2.5
v 12.9672 13.1463 2.5
v 13.1729 12.8739 2.5
v 10.7754 13.5561 2.5
v 1.27 12.8 2.5
v -3.36 12.6794 2.5
v -3.57706 12.7693 2.5
v -1.50294 12.7693 2.5
v 9.7815 11.5601 2.5
v 10.2328 10.6537 2.5
v 11.4293 -10.0579 2.5
v 11.7707 10.0579 2.5
v 11.7707 -10.0579 2.5
v 11.4293 10.0579 2.5
v 11.0937 -10.1206 2.5
v 12.9672 -10.6537 2.5
v 12.7149 -10.4237 2.5
v 12.9672 10.6537 2.5
v 12.4246 -10.2439 2.5
v 12.1063 -10.1206 2.5
v 12.4246 10.2439 2.5
v 13.1729 -10.9261 2.5
v 13.1729 10.9261 2.5
v 12.7149 10.4237 2.5
v 13.3251 -11.2317 2.5
v 13.3251 11.2317 2.5
v 13.4185 11.5601 2.5
v 13.4185 -11.5601 2.5
v -4.26 11.1206 2.5
v -10.2328 10.6537 2.5
v -4.4464 11.2636 2.5
v -12.7149 -10.4237 2.5
v -12.7149 10.4237 2.5
v -9.75 11.9 2.5
v -4.04294 12.7693 2.5
v -3.03058 12.35 2.5
v -11.0937 13.6794 2.5
v -1.27 12.8 2.5
v -12.1063 13.6794 2.5
v -11.7707 13.7421 2.5
v -13.3251 -11.2317 2.5
v -11.0937 10.1206 2.5
v -11.4293 -10.0579 2.5
v -11.0937 -10.1206 2.5
v -10.0271 10.9261 2.5
v -3.57706 11.0307 2.5
v -1.72 11.1206 2.5
v -1.50294 11.0307 2.5
v -4.71 11.9 2.5
v -9.7815 11.5601 2.5
v -3.36 11.1206 2.5
v -1.9064 11.2636 2.5
v -4.58942 12.35 2.5
v -10.0271 12.8739 2.5
v 10.0271 -10.9261 2.5
v 9.87493 -11.2317 2.5
v 11.4293 -13.7421 2.5
v 11.7707 -13.7421 2.5
v 12.1063 10.1206 2.5
v 10.2328 -10.6537 2.5
v 9.7815 -11.5601 2.5
v 9.75 -11.9 2.5
v 9.7815 -12.2399 2.5
v 9.87493 -12.5683 2.5
v 10.0271 -12.8739 2.5
v 7.0 -13.9 2.5
v 10.4851 -13.3763 2.5
v 10.2328 -13.1463 2.5
v 11.0937 -13.6794 2.5
v 10.7754 -13.5561 2.5
v 12.4246 -13.5561 2.5
v 12.1063 -13.6794 2.5
v 12.9672 -13.1463 2.5
v 12.7149 -13.3763 2.5
v 13.3251 -12.5683 2.5
v 13.1729 -12.8739 2.5
v 13.4185 -12.2399 2.5
v -2.94067 11.6671 2.5
v -2.13933 11.6671 2.5
v -4.4464 12.5364 2.5
v -10.7754 13.5561 2.5
v -3.81 12.8 2.5
v 2.13933 11.6671 2.5
v 2.91 11.9 2.5
v 2.94067 11.6671 2.5
v -1.03706 12.7693 2.5
v 1.03706 12.7693 2.5
v 3.57706 11.0307 2.5
v 1.50294 11.0307 2.5
v -6.13933 12.0358 4.1
v -6.0787 12.3407 4.1
v -6.14061 12.3494 4.1
v -6.02418 12.3111 4.101
v -5.97958 12.1965 4.101
v -5.99073 12.2633 4.1
v -6.02304 12.0782 4.101
v -5.99043 12.1289 4.1
v -6.20302 12.3494 4.101
v -6.20302 12.0358 4.101
v -6.07701 12.0457 4.1
v -5.78805 12.1466 4.101
v -5.65153 12.1466 4.101
v -5.67534 12.2121 4.1
v -5.69915 12.2776 4.1
v -5.74089 12.2777 4.1
v -5.76447 12.2122 4.1
v -5.72057 12.3442 4.101
v -6.81719 11.3823 4.1
v -6.84534 11.4072 4.1
v -6.83426 11.3922 4.101
v -6.84902 11.4261 4.101
v -6.79537 11.3791 4.101
v -6.76475 11.385 4.1
v -6.79969 11.4785 4.1
v -6.84562 11.4471 4.1
v -6.74005 11.4028 4.101
v -6.8355 11.4629 4.101
v -6.72383 11.4289 4.1
v -6.71826 11.459 4.1
v -6.75839 11.4845 4.1
v -6.71822 11.4899 4.101
v -5.62995 11.3905 4.1
v -5.56933 11.6955 4.1
v -5.63124 11.7041 4.1
v -5.5148 11.6658 4.101
v -5.4702 11.5513 4.101
v -5.48135 11.618 4.1
v -5.51366 11.4329 4.101
v -5.48105 11.4836 4.1
v -5.69364 11.7041 4.101
v -5.69364 11.3905 4.101
v -5.56764 11.4004 4.1
v -5.27867 11.5013 4.101
v -5.14215 11.5013 4.101
v -5.16596 11.5669 4.1
v -5.18977 11.6324 4.1
v -5.23151 11.6324 4.1
v -5.25509 11.5669 4.1
v -5.21119 11.6989 4.101
v -8.61487 11.4743 4.1
v -8.65458 11.3476 4.1
v -8.6146 11.4031 4.1
v -8.72176 11.5509 4.101
v -8.82865 11.402 4.1
v -8.7877 11.3468 4.1
v -8.72176 11.3254 4.101
v -8.65583 11.5296 4.1
v -8.82865 11.4743 4.1
v -8.7877 11.5296 4.1
v 13.5 -5.1 4.8
v 6.0 -9.1 4.8
v 6.0 -5.1 4.8
newmtl 4
Ka 1.0 1.0 1.0
Kd 0.8274509803921568 0.6705882352941176 0.12549019607843137
Ks 0.7529411764705882 0.7529411764705882 0.7529411764705882
d 1.0
endmtl
v 13.5 -9.1 4.8
v -6.0 -5.1 4.8
v -6.0 -9.1 4.8
v -13.5 -9.1 4.8
v -13.5 -5.1 4.8
v 13.5 -9.1 5.5
v -13.5 -9.1 5.5
v 11.9109 -7.6 5.5
v 11.1948 -6.95 5.5
v -11.9109 -7.6 5.5
newmtl 5
Ka 1.0 1.0 1.0
Kd 0.2980392156862745 0.2980392156862745 0.2980392156862745
Ks 0.7529411764705882 0.7529411764705882 0.7529411764705882
d 1.0
endmtl
v -11.1948 -6.95 5.5
v -11.1948 7.75 5.5
v -11.9109 8.4 5.5
v 11.9109 8.4 5.5
v 11.1948 7.75 5.5
v -11.1948 -6.95 5.5
v 11.1948 7.75 5.5
v -11.1948 7.75 5.5
newmtl 6
Ka 1.0 1.0 1.0
Kd 0.4980392156862745 0.4980392156862745 0.4980392156862745
Ks 0.7529411764705882 0.7529411764705882 0.7529411764705882
d 1.0
endmtl
v 11.1948 -6.95 5.5
v -9.99881 -3.60179 2.38
v 9.99881 -3.60179 2.38
v 9.99881 -6.80179 2.38
newmtl 7
Ka 1.0 1.0 1.0
Kd 0.7764705882352941 0.4588235294117647 0.0
Ks 0.7529411764705882 0.7529411764705882 0.7529411764705882
d 1.0
endmtl
v -6.0 -12.1018 2.38
v -6.0 -9.60179 2.38
v -2.0 -12.1018 2.38
v 6.0 -9.60179 2.38
v -9.99881 -6.80179 2.38
v 2.0 -12.1018 2.38
v 6.0 -12.1018 2.38
v -6.0 -12.1018 2.48
v -6.0 -9.60179 2.48
v -2.0 -12.1018 2.48
v 2.0 -12.1018 2.48
v 6.0 -9.60179 2.48
v -9.99881 -6.80179 2.48
v 9.99881 -6.80179 2.48
v 6.0 -12.1018 2.48
v 9.99881 -3.60179 2.48
v -9.99881 -3.60179 2.48
v 6.0 -12.1018 4.7
v 6.0 -5.1 4.7
v 6.0 -9.1 4.8
v 6.0 -12.1018 4.8
v 6.0 -5.1 4.8
v -2.0 -12.1018 4.8
v 2.0 -12.1018 4.8
v -6.0 -12.1018 4.8
v -6.0 -9.1 4.8
v -6.0 -5.1 4.8
v -6.0 -5.1 4.7
v -6.0 -12.1018 4.7
v 2.0 -12.1018 4.7
v -2.0 -12.1018 4.7
v -6.0 -12.8072 4.56828
v -6.0 -12.5794 4.64329
v -2.0 -12.5919 4.64329
v -2.0 -13.0206 4.45937
v -2.0 -13.2097 4.31588
v -6.0 -13.2098 4.31588
v 2.0 -12.3183 4.68631
v 2.0 -12.5894 4.64329
v -2.0 -12.8039 4.56828
v 6.0 -12.3426 4.68631
v -2.0 -13.4827 3.93335
v -6.0 -13.5439 3.707
v -6.0 -13.4827 3.93335
v -6.0 -13.0199 4.45937
v -2.0 -13.4827 3.24665
v -6.0 -13.3676 3.04089
v -6.0 -13.4827 3.24665
v -2.0 -13.5439 3.707
v -6.0 -12.8072 2.61172
v -6.0 -13.0199 2.72063
v -2.0 -13.0206 2.72063
v -2.0 -13.3677 3.04089
v -2.0 -12.8039 2.61172
v -6.0 -12.5794 2.53671
v -2.0 -12.3122 2.49369
v -2.0 -12.5919 2.53671
v 2.0 -12.5894 2.53671
v 2.0 -12.3183 2.49369
v -6.0 -12.3426 2.49369
v 6.0 -12.3426 2.49369
v -6.0 -13.2098 2.86412
v -2.0 -13.2097 2.86412
v -2.0 -13.5439 3.473
v -6.0 -13.5439 3.473
v -2.0 -13.3677 4.13911
v -6.0 -13.3676 4.13911
v -2.0 -12.3122 4.68631
v -6.0 -12.3426 4.68631
v 6.0 -12.5794 4.64329
v 2.0 -12.8045 4.56828
v 2.0 -13.0205 4.45937
v 2.0 -13.2097 4.31588
v 2.0 -13.3677 4.13911
v 2.0 -13.4827 3.93335
v 2.0 -13.5439 3.707
v 2.0 -13.5439 3.473
v 2.0 -13.4827 3.24665
v 2.0 -13.3677 3.04089
v 2.0 -13.2097 2.86412
v 2.0 -13.0205 2.72063
v 2.0 -12.8045 2.61172
v 6.0 -12.8072 4.56828
v 6.0 -13.0199 4.45937
v 6.0 -13.2098 4.31588
v 6.0 -13.3676 4.13911
v 6.0 -13.4827 3.93335
v 6.0 -13.5439 3.707
v 6.0 -13.5439 3.473
v 6.0 -13.4827 3.24665
v 6.0 -13.3676 3.04089
v 6.0 -13.2098 2.86412
v 6.0 -13.0199 2.72063
v 6.0 -12.8072 2.61172
v 6.0 -12.5794 2.53671
v -6.0 -12.3403 4.78722
v -6.0 -12.806 4.67644
v -6.0 -12.5763 4.74695
v -6.0 -13.2233 2.74354
v -6.0 -13.0239 4.57341
v -6.0 -13.3961 4.26558
v -6.0 -13.2233 4.43646
v -6.0 -13.6209 3.83424
v -6.0 -13.5322 4.06299
v -6.0 -13.6518 3.59
v -6.0 -13.6209 3.34576
v -6.0 -13.3961 2.91442
v -6.0 -13.5322 3.11701
v -6.0 -12.806 2.50356
v -6.0 -13.0239 2.60659
v -6.0 -12.3403 2.39278
v -6.0 -12.5763 2.43305
v 6.0 -12.806 4.67644
v 6.0 -12.5763 4.74695
v 2.0 -12.5598 4.74695
v 2.0 -13.0236 4.57341
v 2.0 -13.2233 4.43646
v 6.0 -13.2233 4.43646
v 2.0 -12.383 4.78722
v 6.0 -12.3403 4.78722
v 2.0 -12.8093 4.67644
v -2.0 -12.383 4.78722
v 2.0 -13.5322 4.06299
v 6.0 -13.6209 3.83424
v 6.0 -13.5322 4.06299
v 6.0 -13.0239 4.57341
v 2.0 -13.6209 3.34576
v 6.0 -13.5322 3.11701
v 6.0 -13.6209 3.34576
v 2.0 -13.6209 3.83424
v 6.0 -13.0239 2.60659
v 6.0 -13.2233 2.74354
v 2.0 -13.2233 2.74354
v 2.0 -13.5322 3.11701
v 6.0 -12.5763 2.43305
v 6.0 -12.806 2.50356
v 2.0 -12.8093 2.50356
v 2.0 -13.0236 2.60659
v 2.0 -12.5598 2.43305
v 6.0 -12.3403 2.39278
v 2.0 -12.383 2.39278
v -2.0 -12.5598 2.43305
v -2.0 -12.383 2.39278
v 2.0 -13.3961 2.91442
v 6.0 -13.3961 2.91442
v 2.0 -13.6518 3.59
v 6.0 -13.6518 3.59
v 2.0 -13.3961 4.26558
v 6.0 -13.3961 4.26558
v -2.0 -12.5598 4.74695
v -2.0 -12.8093 4.67644
v -2.0 -13.0236 4.57341
v -2.0 -13.2233 4.43646
v -2.0 -13.3961 4.26558
v -2.0 -13.5322 4.06299
v -2.0 -13.6209 3.83424
v -2.0 -13.6518 3.59
v -2.0 -13.6209 3.34576
v -2.0 -13.5322 3.11701
v -2.0 -13.3961 2.91442
v -2.0 -13.2233 2.74354
v -2.0 -13.0236 2.60659
v -2.0 -12.8093 2.50356
v -7.11572 12.0358 4.1
v -7.11572 12.3962 4.1
v -7.16823 12.3962 4.1
newmtl 8
Ka 1.0 1.0 1.0
Kd 1.0 1.0 1.0
Ks 0.7529411764705882 0.7529411764705882 0.7529411764705882
d 1.0
endmtl
v -6.95372 11.9894 4.1
v -7.16823 11.9894 4.1
v -6.95372 12.0358 4.1
v -6.68111 12.0362 4.101
v -6.63254 12.0063 4.1
v -6.63254 12.0566 4.1
v -6.74515 11.9825 4.1
v -6.73756 12.0293 4.1
v -6.79597 12.0401 4.101
v -6.68315 11.9885 4.101
v -6.88489 12.0381 4.1
v -6.82383 11.9964 4.101
v -6.84205 12.0722 4.1
v -6.872 12.1227 4.101
v -6.8713 12.2571 4.101
v -6.87834 12.3431 4.1
v -6.92241 12.2737 4.101
v -6.88198 12.1882 4.1
v -6.92405 12.1026 4.101
v -6.93709 12.1851 4.1
v -6.83925 12.3105 4.1
v -6.81159 12.3881 4.101
v -6.79011 12.3444 4.101
v -6.72893 12.403 4.1
v -6.67833 12.3496 4.101
v -6.67567 12.3988 4.101
v -6.72841 12.3556 4.1
v -6.63254 12.3864 4.1
v -6.63254 12.3315 4.1
v -6.49862 12.3494 4.1
v -6.34162 12.3494 4.1
v -6.34162 12.3962 4.1
v -6.55113 12.3962 4.1
v -6.49862 12.2192 4.1
v -6.49862 12.1726 4.1
v -6.35316 12.2192 4.1
v -6.35316 12.1726 4.1
v -6.55113 11.9894 4.1
v -6.33237 11.9894 4.1
v -6.49862 12.0358 4.1
v -6.33237 12.0358 4.1
v -6.02418 12.3111 4.101
v -6.03274 12.3736 4.1
v -6.0787 12.3407 4.1
v -5.99073 12.2633 4.1
v -5.97958 12.1965 4.101
v -5.93971 12.2793 4.101
v -5.98571 12.3423 4.101
v -6.08524 12.391 4.1
v -6.14061 12.3494 4.1
v -6.14279 12.3962 4.1
v -6.19916 12.3962 4.1
v -6.20302 12.3494 4.101
v -6.25553 11.9894 4.101
v -6.20302 12.0358 4.101
v -6.25553 12.3962 4.1
v -6.08449 11.9954 4.1
v -6.03215 12.0139 4.1
v -6.07701 12.0457 4.1
v -6.13933 12.0358 4.1
v -6.19893 11.9894 4.1
v -6.14223 11.9894 4.1
v -5.98571 12.0464 4.1
v -5.93971 12.1128 4.101
v -5.99043 12.1289 4.1
v -5.92436 12.198 4.1
v -6.02304 12.0782 4.101
v -5.63531 12.1007 4.1
v -5.59382 11.9894 4.1
v -5.53581 11.9894 4.1
v -5.69073 12.3962 4.1
v -5.65153 12.1466 4.101
v -5.80469 12.1007 4.1
v -5.9018 11.9894 4.1
v -5.84378 11.9894 4.1
v -5.74688 12.3962 4.1
v -5.76447 12.2122 4.1
v -5.72057 12.3442 4.101
v -5.74089 12.2777 4.1
v -5.69915 12.2776 4.1
v -5.67534 12.2121 4.1
v -5.78805 12.1466 4.101
v -7.11572 11.7041 4.1
v -6.95872 11.7041 4.1
v -6.95872 11.7509 4.1
v -7.16823 11.7509 4.1
v -7.11572 11.5739 4.1
v -7.11572 11.5273 4.1
v -6.97026 11.5739 4.1
v -6.97026 11.5273 4.1
v -7.16823 11.3441 4.1
v -6.94946 11.3441 4.1
v -7.11572 11.3905 4.1
v -6.94946 11.3905 4.1
v -6.87231 11.6143 4.1
v -6.87231 11.5648 4.1
v -6.82699 11.5911 4.101
v -6.71822 11.5288 4.1
v -6.67895 11.5924 4.101
v -6.73294 11.5821 4.101
v -6.66727 11.5311 4.1
v -6.71822 11.4899 4.101
v -6.82569 11.6346 4.101
v -6.77707 11.5999 4.1
v -6.77229 11.6413 4.1
v -6.83426 11.3922 4.101
v -6.87574 11.3602 4.1
v -6.84649 11.343 4.101
v -6.84534 11.4072 4.1
v -6.89446 11.387 4.101
v -6.81719 11.3823 4.1
v -6.80857 11.3373 4.1
v -6.79537 11.3791 4.101
v -6.7569 11.3502 4.101
v -6.74005 11.4028 4.101
v -6.76475 11.385 4.1
v -6.72383 11.4289 4.1
v -6.71822 11.3891 4.1
v -6.71822 11.3441 4.1
v -6.66727 11.3441 4.1
v -6.75839 11.4845 4.1
v -6.80431 11.5167 4.1
v -6.79969 11.4785 4.1
v -6.71826 11.459 4.1
v -6.71396 11.6291 4.101
v -6.8766 11.4863 4.101
v -6.8355 11.4629 4.101
v -6.84902 11.4261 4.101
v -6.9007 11.4219 4.1
v -6.84562 11.4471 4.1
v -6.45433 11.4182 4.1
v -6.46937 11.3887 4.101
v -6.43478 11.3604 4.1
v -6.48479 11.6413 4.1
v -6.48978 11.5999 4.1
v -6.45069 11.5946 4.101
v -6.4063 11.4495 4.101
v -6.41908 11.4712 4.101
v -6.41022 11.3875 4.101
v -6.40203 11.4232 4.1
v -6.41596 11.5789 4.1
v -6.41596 11.6284 4.1
v -6.44905 11.6381 4.101
v -6.55781 11.3859 4.101
v -6.59823 11.3543 4.1
v -6.56171 11.3416 4.101
v -6.58974 11.5911 4.101
v -6.54541 11.5608 4.1
v -6.56527 11.6182 4.1
v -6.59792 11.5562 4.1
v -6.59823 11.4069 4.1
v -6.54153 11.5767 4.101
v -6.52992 11.5891 4.1
v -6.51942 11.3373 4.1
v -6.51215 11.5972 4.101
v -6.52878 11.6355 4.101
v -6.49547 11.5135 4.1
v -6.50697 11.466 4.1
v -6.46743 11.4458 4.1
v -6.4576 11.4335 4.101
v -6.45382 11.4955 4.1
v -6.53429 11.5338 4.1
v -6.54262 11.5454 4.101
v -6.58347 11.5103 4.101
v -6.54925 11.4847 4.1
v -6.59432 11.5313 4.101
v -6.51443 11.3789 4.1
v -6.47226 11.343 4.101
v -6.09665 11.6346 4.1
v -6.14947 11.6346 4.101
v -6.17868 11.5541 4.1
v -6.20789 11.4736 4.1
v -6.2364 11.3924 4.101
v -6.22849 11.3003 4.1
v -6.26252 11.4735 4.1
v -6.26156 11.3448 4.1
v -6.2728 11.2305 4.101
v -6.28391 11.2919 4.1
v -6.29053 11.5541 4.1
v -6.31854 11.6346 4.1
v -6.37551 11.6346 4.1
v -6.34999 11.2084 4.101
v -6.35033 11.2524 4.101
v -6.36501 11.2115 4.1
v -6.33611 11.251 4.1
v -6.3056 11.2612 4.101
v -6.33216 11.2073 4.1
v -6.36501 11.2568 4.1
v -5.98924 11.7041 4.1
v -5.83224 11.7041 4.1
v -5.83224 11.7509 4.1
v -6.04175 11.7509 4.1
v -5.98924 11.5739 4.1
v -5.98924 11.5273 4.1
v -5.84378 11.5739 4.1
v -5.84378 11.5273 4.1
v -6.04175 11.3441 4.1
v -5.82299 11.3441 4.1
v -5.98924 11.3905 4.1
v -5.82299 11.3905 4.1
v -5.5148 11.6658 4.101
v -5.52336 11.7283 4.101
v -5.56933 11.6955 4.1
v -5.48135 11.618 4.1
v -5.4702 11.5513 4.101
v -5.43034 11.634 4.101
v -5.47633 11.697 4.1
v -5.57587 11.7458 4.101
v -5.63124 11.7041 4.1
v -5.63342 11.7509 4.101
v -5.68978 11.7509 4.101
v -5.69364 11.7041 4.101
v -5.74615 11.3441 4.101
v -5.69364 11.3905 4.101
v -5.74615 11.7509 4.1
v -5.57511 11.3502 4.1
v -5.52277 11.3686 4.1
v -5.56764 11.4004 4.1
v -5.62995 11.3905 4.1
v -5.68956 11.3441 4.1
v -5.63285 11.3441 4.1
v -5.47633 11.4011 4.1
v -5.43034 11.4676 4.101
v -5.48105 11.4836 4.1
v -5.41499 11.5527 4.1
v -5.51366 11.4329 4.101
v -5.12593 11.4554 4.1
v -5.08445 11.3441 4.1
v -5.02643 11.3441 4.1
v -5.18135 11.7509 4.1
v -5.14215 11.5013 4.101
v -5.29531 11.4554 4.1
v -5.39242 11.3441 4.1
v -5.33441 11.3441 4.1
v -5.2375 11.7509 4.1
v -5.25509 11.5669 4.1
v -5.21119 11.6989 4.101
v -5.23151 11.6324 4.1
v -5.18977 11.6324 4.1
v -5.16596 11.5669 4.1
v -5.27867 11.5013 4.101
v -8.03636 11.522 4.1
v -8.09963 11.4956 4.101
v -8.01901 11.5191 4.1
v -7.94382 12.3549 4.1
v -8.06239 12.2269 4.101
v -7.85164 12.2494 4.101
v -8.12602 11.4324 4.1
v -8.10143 11.3713 4.101
v -8.04215 11.3427 4.1
v -7.68065 11.7447 4.1
v -7.70829 11.6355 4.101
v -7.52882 11.6005 4.101
v -7.87152 11.3427 4.1
v -8.7877 11.5296 4.1
v -8.92988 11.6406 4.101
v -8.99072 11.5423 4.1
v -8.79406 12.0856 4.101
v -8.72176 12.0542 4.1
v -8.66365 12.1659 4.101
v -8.0248 11.684 4.1
v -8.11445 11.8373 4.1
v -8.50197 11.6348 4.1
v -8.59741 11.7068 4.101
v -8.65583 11.5296 4.1
v -7.78219 11.5551 4.101
v -7.60835 11.4729 4.1
v -7.72801 11.3829 4.101
v -7.88887 11.5191 4.1
v -7.50135 11.7476 4.1
v -7.69841 11.8324 4.101
v -8.0625 12.4363 4.101
v -8.18639 12.3038 4.101
v -7.67378 12.0697 4.101
v -7.74681 11.9041 4.101
v -7.58377 11.9826 4.101
v -7.78765 12.1265 4.1
v -7.9731 12.1122 4.101
v -7.90623 11.9703 4.1
v -7.92936 11.9703 4.1
v -8.19532 12.4875 4.101
v -8.33424 12.3318 4.1
v -8.33713 12.5053 4.1
v -8.52041 12.476 4.101
v -8.98733 12.0747 4.101
v -9.21051 12.1322 4.1
v -9.07928 12.0126 4.101
v -8.87504 12.0975 4.1
v -8.81141 12.2653 4.1
v -8.8987 12.2705 4.101
v -8.61487 11.4743 4.1
v -9.06763 12.2308 4.101
v -8.98495 12.2586 4.101
v -9.14297 12.1884 4.101
v -9.14142 11.9206 4.101
v -9.28431 12.0358 4.101
v -9.14174 11.6969 4.101
v -9.16424 11.8083 4.1
v -9.33229 11.6887 4.101
v -9.33047 11.924 4.101
v -9.34643 11.8026 4.1
v -9.29116 11.5819 4.101
v -8.83562 11.7081 4.101
v -8.72176 11.5509 4.101
v -9.22497 11.4873 4.1
v -9.08069 11.6055 4.101
v -8.72176 11.3254 4.101
v -8.71887 11.1519 4.1
v -8.60658 11.1747 4.101
v -8.93395 11.2461 4.101
v -8.8383 11.1771 4.101
v -8.7877 11.3468 4.1
v -8.42967 11.47 4.1
v -8.71887 11.7331 4.1
v -8.6146 11.4031 4.1
v -8.42967 11.4411 4.1
v -8.45249 11.3288 4.101
v -8.99361 11.3485 4.1
v -8.82865 11.4743 4.1
v -8.65458 11.3476 4.1
v -9.11905 11.4006 4.101
v -8.57572 12.2537 4.101
v -8.75213 12.3343 4.101
v -8.46393 12.3112 4.101
v -8.68417 12.3925 4.1
v -7.81852 11.9525 4.101
v -7.52412 11.8727 4.101
v -8.51462 11.2368 4.101
v -8.82865 11.402 4.1
usemtl 1
f 1// 2// 3//
f 4// 5// 3//
f 1// 3// 5//
f 4// 6// 7//
f 7// 5// 4//
f 8// 6// 9//
f 6// 8// 7//
f 10// 11// 9//
f 8// 9// 11//
f 10// 12// 13//
f 13// 11// 10//
f 12// 14// 13//
f 15// 2// 1//
f 15// 16// 17//
f 17// 2// 15//
f 18// 16// 19//
f 16// 18// 17//
f 20// 21// 19//
f 18// 19// 21//
f 20// 22// 23//
f 23// 21// 20//
f 24// 22// 25//
f 22// 24// 23//
f 24// 25// 26//
f 27// 28// 29//
f 28// 30// 29//
f 31// 32// 27//
f 27// 29// 31//
f 32// 33// 34//
f 33// 32// 31//
f 35// 34// 36//
f 33// 36// 34//
f 37// 38// 35//
f 35// 36// 37//
f 39// 38// 37//
f 39// 40// 38//
f 28// 41// 30//
f 41// 42// 43//
f 43// 30// 41//
f 44// 42// 45//
f 42// 44// 43//
f 46// 47// 45//
f 44// 45// 47//
f 46// 48// 49//
f 49// 47// 46//
f 50// 48// 51//
f 48// 50// 49//
f 50// 51// 52//
f 53// 54// 55//
f 56// 57// 55//
f 53// 55// 57//
f 56// 58// 59//
f 59// 57// 56//
f 60// 58// 61//
f 58// 60// 59//
f 62// 63// 61//
f 60// 61// 63//
f 62// 64// 65//
f 65// 63// 62//
f 64// 66// 65//
f 67// 54// 53//
f 67// 68// 69//
f 69// 54// 67//
f 70// 68// 71//
f 68// 70// 69//
f 72// 73// 71//
f 70// 71// 73//
f 72// 74// 75//
f 75// 73// 72//
f 76// 74// 77//
f 74// 76// 75//
f 76// 77// 78//
f 79// 80// 81//
f 80// 82// 81//
f 83// 84// 79//
f 79// 81// 83//
f 84// 85// 86//
f 85// 84// 83//
f 87// 86// 88//
f 85// 88// 86//
f 89// 90// 87//
f 87// 88// 89//
f 91// 90// 89//
f 91// 92// 90//
f 80// 93// 82//
f 93// 94// 95//
f 95// 82// 93//
f 96// 94// 97//
f 94// 96// 95//
f 98// 99// 97//
f 96// 97// 99//
f 98// 100// 101//
f 101// 99// 98//
f 102// 100// 103//
f 100// 102// 101//
f 102// 103// 104//
f 105// 106// 107//
f 108// 109// 107//
f 105// 107// 109//
f 108// 110// 111//
f 111// 109// 108//
f 112// 110// 113//
f 110// 112// 111//
f 114// 115// 113//
f 112// 113// 115//
f 114// 116// 117//
f 117// 115// 114//
f 116// 118// 117//
f 119// 106// 105//
f 119// 120// 121//
f 121// 106// 119//
f 122// 120// 123//
f 120// 122// 121//
f 124// 125// 123//
f 122// 123// 125//
f 124// 126// 127//
f 127// 125// 124//
f 128// 126// 129//
f 126// 128// 127//
f 128// 129// 130//
f 131// 132// 133//
f 132// 134// 133//
f 135// 136// 131//
f 131// 133// 135//
f 136// 137// 138//
f 137// 136// 135//
f 139// 138// 140//
f 137// 140// 138//
f 141// 142// 139//
f 139// 140// 141//
f 143// 142// 141//
f 143// 144// 142//
f 132// 145// 134//
f 145// 146// 147//
f 147// 134// 145//
f 148// 146// 149//
f 146// 148// 147//
f 150// 151// 149//
f 148// 149// 151//
f 150// 152// 153//
f 153// 151// 150//
f 154// 152// 155//
f 152// 154// 153//
f 154// 155// 156//
f 157// 158// 159//
f 160// 161// 159//
f 157// 159// 161//
f 160// 162// 163//
f 163// 161// 160//
f 164// 162// 165//
f 162// 164// 163//
f 166// 167// 165//
f 164// 165// 167//
f 166// 168// 169//
f 169// 167// 166//
f 168// 170// 169//
f 171// 158// 157//
f 171// 172// 173//
f 173// 158// 171//
f 174// 172// 175//
f 172// 174// 173//
f 176// 177// 175//
f 174// 175// 177//
f 176// 178// 179//
f 179// 177// 176//
f 180// 178// 181//
f 178// 180// 179//
f 180// 181// 182//
f 183// 184// 185//
f 186// 187// 188//
f 189// 190// 191//
f 192// 193// 194//
f 195// 196// 197//
f 195// 198// 199//
f 200// 201// 197//
f 197// 196// 200//
f 199// 198// 190//
f 200// 202// 201//
f 199// 196// 195//
f 190// 198// 191//
f 194// 193// 185//
f 189// 191// 192//
f 189// 192// 194//
f 183// 187// 184//
f 193// 183// 185//
f 186// 184// 187//
f 203// 204// 205//
f 204// 206// 205//
f 207// 208// 203//
f 203// 205// 207//
f 208// 209// 210//
f 209// 208// 207//
f 211// 210// 212//
f 209// 212// 210//
f 213// 214// 211//
f 211// 212// 213//
f 215// 214// 213//
f 215// 216// 214//
f 204// 217// 206//
f 217// 218// 219//
f 219// 206// 217//
f 220// 218// 221//
f 218// 220// 219//
f 222// 223// 221//
f 220// 221// 223//
f 222// 224// 225//
f 225// 223// 222//
f 226// 224// 227//
f 224// 226// 225//
f 226// 227// 228//
f 229// 230// 231//
f 232// 233// 229//
f 229// 231// 232//
f 233// 234// 235//
f 234// 233// 232//
f 236// 235// 237//
f 234// 237// 235//
f 238// 239// 236//
f 236// 237// 238//
f 239// 240// 241//
f 240// 239// 238//
f 242// 241// 243//
f 240// 243// 241//
f 244// 245// 242//
f 242// 243// 244//
f 246// 245// 244//
f 246// 247// 245//
f 231// 230// 248//
f 248// 249// 250//
f 249// 248// 230//
f 251// 250// 252//
f 249// 252// 250//
f 253// 254// 251//
f 251// 252// 253//
f 254// 255// 256//
f 255// 254// 253//
f 257// 256// 258//
f 255// 258// 256//
f 259// 260// 257//
f 257// 258// 259//
f 260// 261// 262//
f 261// 260// 259//
f 261// 263// 262//
f 262// 263// 264//
f 265// 266// 267//
f 268// 269// 270//
f 271// 272// 273//
f 274// 275// 276//
f 277// 278// 279//
f 280// 281// 282//
f 283// 284// 285//
f 286// 287// 288//
f 289// 290// 291//
f 283// 291// 290//
f 289// 292// 293//
f 292// 289// 291//
f 294// 295// 293//
f 293// 292// 294//
f 294// 296// 295//
f 288// 279// 286//
f 290// 284// 283//
f 287// 286// 285//
f 284// 287// 285//
f 288// 277// 279//
f 272// 282// 281//
f 280// 278// 277//
f 282// 278// 280//
f 271// 273// 274//
f 272// 281// 273//
f 267// 276// 275//
f 271// 274// 276//
f 269// 268// 266//
f 275// 265// 267//
f 265// 269// 266//
f 297// 298// 299//
f 300// 301// 299//
f 297// 299// 301//
f 302// 300// 303//
f 301// 300// 302//
f 304// 302// 303//
f 305// 304// 306//
f 303// 306// 304//
f 305// 307// 308//
f 305// 306// 307//
f 298// 297// 309//
f 310// 311// 312//
f 308// 311// 310//
f 312// 313// 310//
f 313// 312// 314//
f 311// 308// 307//
f 314// 315// 313//
f 309// 316// 298//
f 316// 317// 318//
f 317// 316// 309//
f 319// 318// 320//
f 317// 320// 318//
f 321// 322// 319//
f 319// 320// 321//
f 322// 323// 324//
f 323// 322// 321//
f 325// 324// 326//
f 323// 326// 324//
f 327// 328// 325//
f 325// 326// 327//
f 328// 329// 330//
f 329// 328// 327//
f 329// 331// 330//
f 330// 331// 332//
f 333// 334// 335//
f 336// 337// 333//
f 333// 335// 336//
f 337// 338// 339//
f 338// 337// 336//
f 340// 339// 341//
f 338// 341// 339//
f 342// 343// 340//
f 340// 341// 342//
f 343// 344// 345//
f 344// 343// 342//
f 346// 345// 347//
f 344// 347// 345//
f 348// 349// 346//
f 346// 347// 348//
f 350// 349// 348//
f 350// 351// 349//
f 335// 334// 352//
f 352// 353// 354//
f 353// 352// 334//
f 355// 354// 356//
f 353// 356// 354//
f 357// 358// 355//
f 355// 356// 357//
f 358// 359// 360//
f 359// 358// 357//
f 361// 360// 362//
f 359// 362// 360//
f 363// 364// 361//
f 361// 362// 363//
f 364// 365// 366//
f 365// 364// 363//
f 365// 367// 366//
f 366// 367// 368//
f 369// 370// 371//
f 372// 373// 374//
f 375// 376// 377//
f 378// 379// 380//
f 381// 382// 383//
f 384// 385// 386//
f 387// 388// 389//
f 390// 391// 392//
f 393// 394// 395//
f 387// 395// 394//
f 393// 396// 397//
f 396// 393// 395//
f 398// 399// 397//
f 397// 396// 398//
f 398// 400// 399//
f 392// 383// 390//
f 394// 388// 387//
f 391// 390// 389//
f 388// 391// 389//
f 392// 381// 383//
f 376// 386// 385//
f 384// 382// 381//
f 386// 382// 384//
f 375// 377// 378//
f 376// 385// 377//
f 371// 380// 379//
f 375// 378// 380//
f 373// 372// 370//
f 379// 369// 371//
f 369// 373// 370//
f 401// 402// 403//
f 404// 405// 403//
f 401// 403// 405//
f 406// 404// 407//
f 405// 404// 406//
f 408// 406// 407//
f 409// 408// 410//
f 407// 410// 408//
f 409// 411// 412//
f 409// 410// 411//
f 402// 401// 413//
f 414// 415// 416//
f 412// 415// 414//
f 416// 417// 414//
f 417// 416// 418//
f 415// 412// 411//
f 418// 419// 417//
f 413// 420// 402//
f 420// 421// 422//
f 421// 420// 413//
f 423// 422// 424//
f 421// 424// 422//
f 425// 426// 423//
f 423// 424// 425//
f 426// 427// 428//
f 427// 426// 425//
f 429// 428// 430//
f 427// 430// 428//
f 431// 432// 429//
f 429// 430// 431//
f 432// 433// 434//
f 433// 432// 431//
f 433// 435// 434//
f 434// 435// 436//
f 437// 438// 439//
f 440// 441// 437//
f 437// 439// 440//
f 441// 442// 443//
f 442// 441// 440//
f 444// 443// 445//
f 442// 445// 443//
f 446// 447// 444//
f 444// 445// 446//
f 447// 448// 449//
f 448// 447// 446//
f 450// 449// 451//
f 448// 451// 449//
f 452// 453// 450//
f 450// 451// 452//
f 454// 453// 452//
f 454// 455// 453//
f 439// 438// 456//
f 456// 457// 458//
f 457// 456// 438//
f 459// 458// 460//
f 457// 460// 458//
f 461// 462// 459//
f 459// 460// 461//
f 462// 463// 464//
f 463// 462// 461//
f 465// 464// 466//
f 463// 466// 464//
f 467// 468// 465//
f 465// 466// 467//
f 468// 469// 470//
f 469// 468// 467//
f 469// 471// 470//
f 470// 471// 472//
f 473// 474// 475//
f 476// 477// 478//
f 479// 480// 481//
f 482// 483// 484//
f 485// 486// 487//
f 488// 489// 490//
f 491// 492// 493//
f 494// 495// 496//
f 497// 498// 499//
f 491// 499// 498//
f 497// 500// 501//
f 500// 497// 499//
f 502// 503// 501//
f 501// 500// 502//
f 502// 504// 503//
f 496// 487// 494//
f 498// 492// 491//
f 495// 494// 493//
f 492// 495// 493//
f 496// 485// 487//
f 480// 490// 489//
f 488// 486// 485//
f 490// 486// 488//
f 479// 481// 482//
f 480// 489// 481//
f 475// 484// 483//
f 479// 482// 484//
f 477// 476// 474//
f 483// 473// 475//
f 473// 477// 474//
f 505// 506// 507//
f 508// 509// 507//
f 505// 507// 509//
f 510// 508// 511//
f 509// 508// 510//
f 512// 510// 511//
f 513// 512// 514//
f 511// 514// 512//
f 513// 515// 516//
f 513// 514// 515//
f 506// 505// 517//
f 518// 519// 520//
f 516// 519// 518//
f 520// 521// 518//
f 521// 520// 522//
f 519// 516// 515//
f 522// 523// 521//
f 517// 524// 506//
f 524// 525// 526//
f 525// 524// 517//
f 527// 526// 528//
f 525// 528// 526//
f 529// 530// 527//
f 527// 528// 529//
f 530// 531// 532//
f 531// 530// 529//
f 533// 532// 534//
f 531// 534// 532//
f 535// 536// 533//
f 533// 534// 535//
f 536// 537// 538//
f 537// 536// 535//
f 537// 539// 538//
f 538// 539// 540//
f 541// 542// 543//
f 544// 545// 541//
f 541// 543// 544//
f 545// 546// 547//
f 546// 545// 544//
f 548// 547// 549//
f 546// 549// 547//
f 550// 551// 548//
f 548// 549// 550//
f 551// 552// 553//
f 552// 551// 550//
f 554// 553// 555//
f 552// 555// 553//
f 556// 557// 554//
f 554// 555// 556//
f 558// 557// 556//
f 558// 559// 557//
f 543// 542// 560//
f 560// 561// 562//
f 561// 560// 542//
f 563// 562// 564//
f 561// 564// 562//
f 565// 566// 563//
f 563// 564// 565//
f 566// 567// 568//
f 567// 566// 565//
f 569// 568// 570//
f 567// 570// 568//
f 571// 572// 569//
f 569// 570// 571//
f 572// 573// 574//
f 573// 572// 571//
f 573// 575// 574//
f 574// 575// 576//
f 577// 578// 579//
f 580// 581// 582//
f 583// 584// 585//
f 586// 587// 588//
f 589// 590// 591//
f 592// 593// 594//
f 595// 596// 597//
f 598// 599// 600//
f 601// 602// 603//
f 595// 603// 602//
f 601// 604// 605//
f 604// 601// 603//
f 606// 607// 605//
f 605// 604// 606//
f 606// 608// 607//
f 600// 591// 598//
f 602// 596// 595//
f 599// 598// 597//
f 596// 599// 597//
f 600// 589// 591//
f 584// 594// 593//
f 592// 590// 589//
f 594// 590// 592//
f 583// 585// 586//
f 584// 593// 585//
f 579// 588// 587//
f 583// 586// 588//
f 581// 580// 578//
f 587// 577// 579//
f 577// 581// 578//
f 609// 610// 611//
f 612// 613// 611//
f 609// 611// 613//
f 614// 612// 615//
f 613// 612// 614//
f 616// 614// 615//
f 617// 616// 618//
f 615// 618// 616//
f 617// 619// 620//
f 617// 618// 619//
f 610// 609// 621//
f 622// 623// 624//
f 620// 623// 622//
f 624// 625// 622//
f 625// 624// 626//
f 623// 620// 619//
f 626// 627// 625//
f 621// 628// 610//
f 628// 629// 630//
f 629// 628// 621//
f 631// 630// 632//
f 629// 632// 630//
f 633// 634// 631//
f 631// 632// 633//
f 634// 635// 636//
f 635// 634// 633//
f 637// 636// 638//
f 635// 638// 636//
f 639// 640// 637//
f 637// 638// 639//
f 640// 641// 642//
f 641// 640// 639//
f 641// 643// 642//
f 642// 643// 644//
f 645// 627// 626//
f 646// 647// 648//
f 649// 650// 651//
f 652// 653// 654//
f 655// 656// 657//
f 658// 659// 660//
f 661// 662// 663//
f 664// 665// 666//
f 667// 668// 669//
f 670// 671// 672//
f 672// 664// 670//
f 671// 673// 674//
f 673// 671// 670//
f 675// 674// 676//
f 673// 676// 674//
f 644// 643// 675//
f 675// 676// 644//
f 665// 667// 666//
f 672// 665// 664//
f 669// 668// 659//
f 666// 667// 669//
f 658// 660// 662//
f 659// 668// 660//
f 654// 661// 663//
f 661// 658// 662//
f 657// 653// 652//
f 652// 654// 663//
f 655// 646// 656//
f 657// 656// 653//
f 647// 650// 648//
f 655// 647// 646//
f 649// 651// 645//
f 648// 650// 649//
f 627// 645// 651//
f 633// 677// 635//
f 678// 621// 679//
f 679// 609// 613//
f 680// 629// 678//
f 614// 681// 682//
f 632// 680// 683//
f 684// 681// 616//
f 683// 633// 632//
f 617// 620// 685//
f 686// 639// 638//
f 687// 688// 622//
f 650// 605// 651//
f 655// 602// 647//
f 581// 675// 582//
f 652// 600// 599//
f 587// 672// 671//
f 660// 668// 592//
f 593// 668// 667//
f 600// 663// 589//
f 592// 589// 662//
f 667// 665// 585//
f 657// 652// 599//
f 586// 665// 672//
f 671// 577// 587//
f 655// 657// 596//
f 614// 682// 613//
f 674// 581// 577//
f 643// 641// 582//
f 605// 650// 601//
f 651// 605// 607//
f 689// 641// 639//
f 607// 625// 627//
f 627// 651// 607//
f 638// 635// 690//
f 601// 647// 602//
f 601// 650// 647//
f 602// 655// 596//
f 596// 657// 599//
f 600// 652// 663//
f 589// 663// 662//
f 592// 662// 660//
f 592// 668// 593//
f 593// 667// 585//
f 585// 665// 586//
f 586// 672// 587//
f 577// 671// 674//
f 581// 674// 675//
f 582// 675// 643//
f 582// 641// 689//
f 689// 639// 686//
f 686// 638// 690//
f 690// 635// 677//
f 677// 633// 683//
f 680// 632// 629//
f 678// 629// 621//
f 679// 621// 609//
f 679// 613// 682//
f 681// 614// 616//
f 684// 616// 617//
f 685// 620// 688//
f 684// 617// 685//
f 622// 625// 687//
f 620// 622// 688//
f 607// 687// 625//
f 691// 678// 692//
f 680// 691// 693//
f 691// 680// 678//
f 693// 694// 683//
f 683// 680// 693//
f 695// 677// 694//
f 683// 694// 677//
f 690// 695// 696//
f 695// 690// 677//
f 696// 697// 686//
f 686// 690// 696//
f 698// 689// 697//
f 686// 697// 689//
f 582// 698// 580//
f 698// 582// 689//
f 678// 679// 692//
f 682// 699// 679//
f 692// 679// 699//
f 700// 682// 681//
f 682// 700// 699//
f 681// 684// 701//
f 701// 700// 681//
f 685// 702// 684//
f 701// 684// 702//
f 703// 685// 688//
f 685// 703// 702//
f 688// 687// 704//
f 704// 703// 688//
f 704// 687// 608//
f 687// 607// 608//
f 705// 559// 558//
f 706// 707// 708//
f 709// 710// 711//
f 712// 713// 714//
f 715// 716// 717//
f 718// 719// 720//
f 721// 722// 723//
f 724// 725// 726//
f 727// 728// 729//
f 730// 731// 732//
f 732// 724// 730//
f 731// 733// 734//
f 733// 731// 730//
f 735// 734// 736//
f 733// 736// 734//
f 576// 575// 735//
f 735// 736// 576//
f 725// 727// 726//
f 732// 725// 724//
f 729// 728// 719//
f 726// 727// 729//
f 718// 720// 722//
f 719// 728// 720//
f 714// 721// 723//
f 721// 718// 722//
f 717// 713// 712//
f 712// 714// 723//
f 715// 706// 716//
f 717// 716// 713//
f 707// 710// 708//
f 715// 707// 706//
f 709// 711// 705//
f 708// 710// 709//
f 559// 705// 711//
f 590// 719// 718//
f 702// 703// 552//
f 729// 594// 584//
f 721// 591// 590//
f 583// 726// 584//
f 714// 598// 591//
f 597// 598// 713//
f 597// 713// 716//
f 724// 588// 730//
f 716// 706// 595//
f 578// 733// 579//
f 574// 698// 572//
f 574// 576// 580//
f 568// 569// 696//
f 704// 608// 556//
f 563// 694// 693//
f 702// 552// 550//
f 544// 543// 692//
f 544// 699// 546//
f 562// 693// 691//
f 691// 692// 560//
f 549// 701// 550//
f 549// 546// 700//
f 566// 568// 695//
f 694// 563// 566//
f 703// 704// 555//
f 698// 697// 572//
f 572// 697// 569//
f 608// 705// 558//
f 574// 580// 698//
f 580// 576// 736//
f 708// 603// 706//
f 709// 604// 708//
f 719// 594// 729//
f 697// 696// 569//
f 696// 695// 568//
f 695// 694// 566//
f 693// 562// 563//
f 691// 560// 562//
f 692// 543// 560//
f 692// 699// 544//
f 699// 700// 546//
f 700// 701// 549//
f 701// 702// 550//
f 703// 555// 552//
f 704// 556// 555//
f 608// 558// 556//
f 608// 606// 705//
f 606// 604// 709//
f 606// 709// 705//
f 604// 603// 708//
f 603// 595// 706//
f 595// 597// 716//
f 598// 714// 713//
f 591// 721// 714//
f 590// 718// 721//
f 590// 594// 719//
f 584// 726// 729//
f 583// 724// 726//
f 588// 579// 730//
f 583// 588// 724//
f 733// 578// 736//
f 730// 579// 733//
f 580// 736// 578//
f 737// 523// 522//
f 738// 739// 740//
f 741// 742// 743//
f 744// 745// 746//
f 747// 748// 749//
f 750// 751// 752//
f 753// 754// 755//
f 756// 757// 758//
f 759// 760// 761//
f 762// 763// 764//
f 764// 756// 762//
f 763// 765// 766//
f 765// 763// 762//
f 767// 766// 768//
f 765// 768// 766//
f 540// 539// 767//
f 767// 768// 540//
f 757// 759// 758//
f 764// 757// 756//
f 761// 760// 751//
f 758// 759// 761//
f 750// 752// 754//
f 751// 760// 752//
f 746// 753// 755//
f 753// 750// 754//
f 749// 745// 744//
f 744// 746// 755//
f 747// 738// 748//
f 749// 748// 745//
f 739// 742// 740//
f 747// 739// 738//
f 741// 743// 737//
f 740// 742// 741//
f 523// 737// 743//
f 485// 755// 754//
f 769// 770// 534//
f 744// 496// 495//
f 752// 488// 485//
f 492// 749// 495//
f 760// 489// 488//
f 481// 489// 759//
f 481// 759// 757//
f 747// 498// 739//
f 757// 764// 482//
f 501// 742// 497//
f 521// 771// 518//
f 521// 523// 503//
f 513// 516// 772//
f 773// 478// 537//
f 510// 774// 775//
f 769// 534// 531//
f 525// 517// 776//
f 525// 777// 528//
f 509// 775// 778//
f 778// 776// 505//
f 529// 779// 531//
f 529// 528// 780//
f 512// 513// 781//
f 774// 510// 512//
f 770// 773// 535//
f 771// 782// 518//
f 518// 782// 516//
f 478// 767// 539//
f 521// 503// 771//
f 503// 523// 743//
f 763// 483// 764//
f 766// 473// 763//
f 755// 496// 744//
f 782// 772// 516//
f 772// 781// 513//
f 781// 774// 512//
f 775// 509// 510//
f 778// 505// 509//
f 776// 517// 505//
f 776// 777// 525//
f 777// 780// 528//
f 780// 779// 529//
f 779// 769// 531//
f 770// 535// 534//
f 773// 537// 535//
f 478// 539// 537//
f 478// 477// 767//
f 477// 473// 766//
f 477// 766// 767//
f 473// 483// 763//
f 483// 482// 764//
f 482// 481// 757//
f 489// 760// 759//
f 488// 752// 760//
f 485// 754// 752//
f 485// 496// 755//
f 495// 749// 744//
f 492// 747// 749//
f 498// 497// 739//
f 492// 498// 747//
f 742// 501// 743//
f 739// 497// 742//
f 503// 743// 501//
f 783// 776// 784//
f 777// 783// 785//
f 783// 777// 776//
f 785// 786// 780//
f 780// 777// 785//
f 787// 779// 786//
f 780// 786// 779//
f 769// 787// 788//
f 787// 769// 779//
f 788// 789// 770//
f 770// 769// 788//
f 790// 773// 789//
f 770// 789// 773//
f 478// 790// 476//
f 790// 478// 773//
f 776// 778// 784//
f 775// 791// 778//
f 784// 778// 791//
f 792// 775// 774//
f 775// 792// 791//
f 774// 781// 793//
f 793// 792// 774//
f 772// 794// 781//
f 793// 781// 794//
f 795// 772// 782//
f 772// 795// 794//
f 782// 771// 796//
f 796// 795// 782//
f 796// 771// 504//
f 771// 503// 504//
f 797// 455// 454//
f 798// 799// 800//
f 801// 802// 803//
f 804// 805// 806//
f 807// 808// 809//
f 810// 811// 812//
f 813// 814// 815//
f 816// 817// 818//
f 819// 820// 821//
f 822// 823// 824//
f 824// 816// 822//
f 823// 825// 826//
f 825// 823// 822//
f 827// 826// 828//
f 825// 828// 826//
f 472// 471// 827//
f 827// 828// 472//
f 817// 819// 818//
f 824// 817// 816//
f 821// 820// 811//
f 818// 819// 821//
f 810// 812// 814//
f 811// 820// 812//
f 806// 813// 815//
f 813// 810// 814//
f 809// 805// 804//
f 804// 806// 815//
f 807// 798// 808//
f 809// 808// 805//
f 799// 802// 800//
f 807// 799// 798//
f 801// 803// 797//
f 800// 802// 801//
f 455// 797// 803//
f 445// 793// 446//
f 784// 439// 783//
f 783// 456// 458//
f 791// 440// 784//
f 459// 786// 785//
f 442// 791// 792//
f 787// 786// 462//
f 792// 445// 442//
f 464// 465// 788//
f 795// 451// 448//
f 790// 789// 468//
f 825// 474// 828//
f 816// 484// 822//
f 502// 797// 504//
f 821// 490// 480//
f 499// 798// 800//
f 813// 806// 487//
f 494// 806// 805//
f 490// 811// 486//
f 487// 486// 810//
f 805// 808// 493//
f 818// 821// 480//
f 491// 808// 798//
f 800// 500// 499//
f 816// 818// 479//
f 459// 785// 458//
f 801// 502// 500//
f 454// 452// 504//
f 474// 825// 475//
f 828// 474// 476//
f 796// 452// 451//
f 476// 470// 472//
f 472// 828// 476//
f 448// 446// 794//
f 475// 822// 484//
f 475// 825// 822//
f 484// 816// 479//
f 479// 818// 480//
f 490// 821// 811//
f 486// 811// 810//
f 487// 810// 813//
f 487// 806// 494//
f 494// 805// 493//
f 493// 808// 491//
f 491// 798// 499//
f 500// 800// 801//
f 502// 801// 797//
f 504// 797// 454//
f 504// 452// 796//
f 796// 451// 795//
f 795// 448// 794//
f 794// 446// 793//
f 793// 445// 792//
f 791// 442// 440//
f 784// 440// 439//
f 783// 439// 456//
f 783// 458// 785//
f 786// 459// 462//
f 787// 462// 464//
f 788// 465// 789//
f 787// 464// 788//
f 468// 470// 790//
f 465// 468// 789//
f 476// 790// 470//
f 829// 419// 418//
f 830// 831// 832//
f 833// 834// 835//
f 836// 837// 838//
f 839// 840// 841//
f 842// 843// 844//
f 845// 846// 847//
f 848// 849// 850//
f 851// 852// 853//
f 854// 855// 856//
f 856// 848// 854//
f 855// 857// 858//
f 857// 855// 854//
f 859// 858// 860//
f 857// 860// 858//
f 436// 435// 859//
f 859// 860// 436//
f 849// 851// 850//
f 856// 849// 848//
f 853// 852// 843//
f 850// 851// 853//
f 842// 844// 846//
f 843// 852// 844//
f 838// 845// 847//
f 845// 842// 846//
f 841// 837// 836//
f 836// 838// 847//
f 839// 830// 840//
f 841// 840// 837//
f 831// 834// 832//
f 839// 831// 830//
f 833// 835// 829//
f 832// 834// 833//
f 419// 829// 835//
f 425// 861// 427//
f 862// 413// 863//
f 863// 401// 405//
f 864// 421// 862//
f 406// 865// 866//
f 424// 864// 867//
f 868// 865// 408//
f 867// 425// 424//
f 409// 412// 869//
f 870// 431// 430//
f 871// 872// 414//
f 834// 397// 835//
f 839// 394// 831//
f 373// 859// 374//
f 836// 392// 391//
f 379// 856// 855//
f 844// 852// 384//
f 385// 852// 851//
f 392// 847// 381//
f 384// 381// 846//
f 851// 849// 377//
f 841// 836// 391//
f 378// 849// 856//
f 855// 369// 379//
f 839// 841// 388//
f 406// 866// 405//
f 858// 373// 369//
f 435// 433// 374//
f 397// 834// 393//
f 835// 397// 399//
f 873// 433// 431//
f 399// 417// 419//
f 419// 835// 399//
f 430// 427// 874//
f 393// 831// 394//
f 393// 834// 831//
f 394// 839// 388//
f 388// 841// 391//
f 392// 836// 847//
f 381// 847// 846//
f 384// 846// 844//
f 384// 852// 385//
f 385// 851// 377//
f 377// 849// 378//
f 378// 856// 379//
f 369// 855// 858//
f 373// 858// 859//
f 374// 859// 435//
f 374// 433// 873//
f 873// 431// 870//
f 870// 430// 874//
f 874// 427// 861//
f 861// 425// 867//
f 864// 424// 421//
f 862// 421// 413//
f 863// 413// 401//
f 863// 405// 866//
f 865// 406// 408//
f 868// 408// 409//
f 869// 412// 872//
f 868// 409// 869//
f 414// 417// 871//
f 412// 414// 872//
f 399// 871// 417//
f 875// 862// 876//
f 864// 875// 877//
f 875// 864// 862//
f 877// 878// 867//
f 867// 864// 877//
f 879// 861// 878//
f 867// 878// 861//
f 874// 879// 880//
f 879// 874// 861//
f 880// 881// 870//
f 870// 874// 880//
f 882// 873// 881//
f 870// 881// 873//
f 374// 882// 372//
f 882// 374// 873//
f 862// 863// 876//
f 866// 883// 863//
f 876// 863// 883//
f 884// 866// 865//
f 866// 884// 883//
f 865// 868// 885//
f 885// 884// 865//
f 869// 886// 868//
f 885// 868// 886//
f 887// 869// 872//
f 869// 887// 886//
f 872// 871// 888//
f 888// 887// 872//
f 888// 871// 400//
f 871// 399// 400//
f 889// 351// 350//
f 890// 891// 892//
f 893// 894// 895//
f 896// 897// 898//
f 899// 900// 901//
f 902// 903// 904//
f 905// 906// 907//
f 908// 909// 910//
f 911// 912// 913//
f 914// 915// 916//
f 916// 908// 914//
f 915// 917// 918//
f 917// 915// 914//
f 919// 918// 920//
f 917// 920// 918//
f 368// 367// 919//
f 919// 920// 368//
f 909// 911// 910//
f 916// 909// 908//
f 913// 912// 903//
f 910// 911// 913//
f 902// 904// 906//
f 903// 912// 904//
f 898// 905// 907//
f 905// 902// 906//
f 901// 897// 896//
f 896// 898// 907//
f 899// 890// 900//
f 901// 900// 897//
f 891// 894// 892//
f 899// 891// 890//
f 893// 895// 889//
f 892// 894// 893//
f 351// 889// 895//
f 382// 903// 902//
f 886// 887// 344//
f 913// 386// 376//
f 905// 383// 382//
f 375// 910// 376//
f 898// 390// 383//
f 389// 390// 897//
f 389// 897// 900//
f 908// 380// 914//
f 900// 890// 387//
f 370// 917// 371//
f 366// 882// 364//
f 366// 368// 372//
f 360// 361// 880//
f 888// 400// 348//
f 355// 878// 877//
f 886// 344// 342//
f 336// 335// 876//
f 336// 883// 338//
f 354// 877// 875//
f 875// 876// 352//
f 341// 885// 342//
f 341// 338// 884//
f 358// 360// 879//
f 878// 355// 358//
f 887// 888// 347//
f 882// 881// 364//
f 364// 881// 361//
f 400// 889// 350//
f 366// 372// 882//
f 372// 368// 920//
f 892// 395// 890//
f 893// 396// 892//
f 903// 386// 913//
f 881// 880// 361//
f 880// 879// 360//
f 879// 878// 358//
f 877// 354// 355//
f 875// 352// 354//
f 876// 335// 352//
f 876// 883// 336//
f 883// 884// 338//
f 884// 885// 341//
f 885// 886// 342//
f 887// 347// 344//
f 888// 348// 347//
f 400// 350// 348//
f 400// 398// 889//
f 398// 396// 893//
f 398// 893// 889//
f 396// 395// 892//
f 395// 387// 890//
f 387// 389// 900//
f 390// 898// 897//
f 383// 905// 898//
f 382// 902// 905//
f 382// 386// 903//
f 376// 910// 913//
f 375// 908// 910//
f 380// 371// 914//
f 375// 380// 908//
f 917// 370// 920//
f 914// 371// 917//
f 372// 920// 370//
f 921// 315// 314//
f 922// 923// 924//
f 925// 926// 927//
f 928// 929// 930//
f 931// 932// 933//
f 934// 935// 936//
f 937// 938// 939//
f 940// 941// 942//
f 943// 944// 945//
f 946// 947// 948//
f 948// 940// 946//
f 947// 949// 950//
f 949// 947// 946//
f 951// 950// 952//
f 949// 952// 950//
f 332// 331// 951//
f 951// 952// 332//
f 941// 943// 942//
f 948// 941// 940//
f 945// 944// 935//
f 942// 943// 945//
f 934// 936// 938//
f 935// 944// 936//
f 930// 937// 939//
f 937// 934// 938//
f 933// 929// 928//
f 928// 930// 939//
f 931// 922// 932//
f 933// 932// 929//
f 923// 926// 924//
f 931// 923// 922//
f 925// 927// 921//
f 924// 926// 925//
f 315// 921// 927//
f 277// 939// 938//
f 953// 954// 326//
f 928// 288// 287//
f 936// 280// 277//
f 284// 933// 287//
f 944// 281// 280//
f 273// 281// 943//
f 273// 943// 941//
f 931// 290// 923//
f 941// 948// 274//
f 293// 926// 289//
f 313// 955// 310//
f 313// 315// 295//
f 305// 308// 956//
f 957// 270// 329//
f 302// 958// 959//
f 953// 326// 323//
f 317// 309// 960//
f 317// 961// 320//
f 301// 959// 962//
f 962// 960// 297//
f 321// 963// 323//
f 321// 320// 964//
f 304// 305// 965//
f 958// 302// 304//
f 954// 957// 327//
f 955// 966// 310//
f 310// 966// 308//
f 270// 951// 331//
f 313// 295// 955//
f 295// 315// 927//
f 947// 275// 948//
f 950// 265// 947//
f 939// 288// 928//
f 966// 956// 308//
f 956// 965// 305//
f 965// 958// 304//
f 959// 301// 302//
f 962// 297// 301//
f 960// 309// 297//
f 960// 961// 317//
f 961// 964// 320//
f 964// 963// 321//
f 963// 953// 323//
f 954// 327// 326//
f 957// 329// 327//
f 270// 331// 329//
f 270// 269// 951//
f 269// 265// 950//
f 269// 950// 951//
f 265// 275// 947//
f 275// 274// 948//
f 274// 273// 941//
f 281// 944// 943//
f 280// 936// 944//
f 277// 938// 936//
f 277// 288// 939//
f 287// 933// 928//
f 284// 931// 933//
f 290// 289// 923//
f 284// 290// 931//
f 926// 293// 927//
f 923// 289// 926//
f 295// 927// 293//
f 967// 960// 968//
f 961// 967// 969//
f 967// 961// 960//
f 969// 970// 964//
f 964// 961// 969//
f 971// 963// 970//
f 964// 970// 963//
f 953// 971// 972//
f 971// 953// 963//
f 972// 973// 954//
f 954// 953// 972//
f 974// 957// 973//
f 954// 973// 957//
f 270// 974// 268//
f 974// 270// 957//
f 960// 962// 968//
f 959// 975// 962//
f 968// 962// 975//
f 976// 959// 958//
f 959// 976// 975//
f 958// 965// 977//
f 977// 976// 958//
f 956// 978// 965//
f 977// 965// 978//
f 979// 956// 966//
f 956// 979// 978//
f 966// 955// 980//
f 980// 979// 966//
f 980// 955// 296//
f 955// 295// 296//
f 981// 247// 246//
f 982// 983// 984//
f 985// 986// 987//
f 988// 989// 990//
f 991// 992// 993//
f 994// 995// 996//
f 997// 998// 999//
f 1000// 1001// 1002//
f 1003// 1004// 1005//
f 1006// 1007// 1008//
f 1008// 1000// 1006//
f 1007// 1009// 1010//
f 1009// 1007// 1006//
f 1011// 1010// 1012//
f 1009// 1012// 1010//
f 264// 263// 1011//
f 1011// 1012// 264//
f 1001// 1003// 1002//
f 1008// 1001// 1000//
f 1005// 1004// 995//
f 1002// 1003// 1005//
f 994// 996// 998//
f 995// 1004// 996//
f 990// 997// 999//
f 997// 994// 998//
f 993// 989// 988//
f 988// 990// 999//
f 991// 982// 992//
f 993// 992// 989//
f 983// 986// 984//
f 991// 983// 982//
f 985// 987// 981//
f 984// 986// 985//
f 247// 981// 987//
f 237// 977// 238//
f 968// 231// 967//
f 967// 248// 250//
f 975// 232// 968//
f 251// 970// 969//
f 234// 975// 976//
f 971// 970// 254//
f 976// 237// 234//
f 256// 257// 972//
f 979// 243// 240//
f 974// 973// 260//
f 1009// 266// 1012//
f 1000// 276// 1006//
f 294// 981// 296//
f 1005// 282// 272//
f 291// 982// 984//
f 997// 990// 279//
f 286// 990// 989//
f 282// 995// 278//
f 279// 278// 994//
f 989// 992// 285//
f 1002// 1005// 272//
f 283// 992// 982//
f 984// 292// 291//
f 1000// 1002// 271//
f 251// 969// 250//
f 985// 294// 292//
f 246// 244// 296//
f 266// 1009// 267//
f 1012// 266// 268//
f 980// 244// 243//
f 268// 262// 264//
f 264// 1012// 268//
f 240// 238// 978//
f 267// 1006// 276//
f 267// 1009// 1006//
f 276// 1000// 271//
f 271// 1002// 272//
f 282// 1005// 995//
f 278// 995// 994//
f 279// 994// 997//
f 279// 990// 286//
f 286// 989// 285//
f 285// 992// 283//
f 283// 982// 291//
f 292// 984// 985//
f 294// 985// 981//
f 296// 981// 246//
f 296// 244// 980//
f 980// 243// 979//
f 979// 240// 978//
f 978// 238// 977//
f 977// 237// 976//
f 975// 234// 232//
f 968// 232// 231//
f 967// 231// 248//
f 967// 250// 969//
f 970// 251// 254//
f 971// 254// 256//
f 972// 257// 973//
f 971// 256// 972//
f 260// 262// 974//
f 257// 260// 973//
f 268// 974// 262//
f 1013// 216// 215//
f 1014// 1015// 1016//
f 1017// 1018// 1019//
f 1020// 1021// 1022//
f 1023// 1024// 1025//
f 1026// 1027// 1028//
f 1029// 1030// 1031//
f 1032// 1027// 1033//
f 1027// 1032// 1028//
f 228// 1034// 1033//
f 1032// 1033// 1034//
f 227// 1034// 228//
f 1029// 1026// 1030//
f 1026// 1028// 1030//
f 1020// 1022// 1031//
f 1022// 1029// 1031//
f 1025// 1024// 1021//
f 1025// 1021// 1020//
f 1023// 1015// 1014//
f 1023// 1014// 1024//
f 1016// 1018// 1017//
f 1015// 1018// 1016//
f 1013// 1019// 216//
f 1017// 1019// 1013//
f 1035// 224// 222//
f 1036// 204// 1037//
f 1038// 1037// 203//
f 1039// 217// 1036//
f 210// 1040// 1038//
f 218// 1039// 221//
f 1041// 1040// 211//
f 217// 204// 1036//
f 1034// 227// 188//
f 183// 193// 1028//
f 1020// 191// 1025//
f 1030// 193// 1031//
f 192// 1020// 1031//
f 198// 1025// 191//
f 1028// 1032// 183//
f 1023// 198// 1015//
f 195// 197// 1018//
f 1032// 1034// 187//
f 224// 1035// 188//
f 1019// 1018// 197//
f 216// 201// 214//
f 1042// 222// 221//
f 1019// 197// 201//
f 201// 216// 1019//
f 195// 1015// 198//
f 195// 1018// 1015//
f 1023// 1025// 198//
f 191// 1020// 192//
f 192// 1031// 193//
f 1030// 1028// 193//
f 183// 1032// 187//
f 187// 1034// 188//
f 227// 224// 188//
f 1035// 222// 1042//
f 1042// 221// 1039//
f 218// 217// 1039//
f 1037// 204// 203//
f 1038// 203// 208//
f 210// 211// 1040//
f 208// 210// 1038//
f 211// 214// 1041//
f 201// 1041// 214//
f 1043// 1036// 1044//
f 1039// 1043// 1045//
f 1043// 1039// 1036//
f 1045// 1046// 1042//
f 1042// 1039// 1045//
f 1047// 1035// 1046//
f 1042// 1046// 1035//
f 188// 1047// 186//
f 1047// 188// 1035//
f 1036// 1037// 1044//
f 1038// 1048// 1037//
f 1044// 1037// 1048//
f 1049// 1038// 1040//
f 1038// 1049// 1048//
f 1040// 1041// 1050//
f 1050// 1049// 1040//
f 1050// 1041// 202//
f 1041// 201// 202//
f 1051// 170// 168//
f 1052// 1053// 1054//
f 1055// 1056// 1057//
f 1058// 1059// 1060//
f 1061// 1062// 1063//
f 1064// 1065// 1066//
f 1067// 1068// 1069//
f 1070// 1065// 1071//
f 1065// 1070// 1066//
f 182// 1072// 1071//
f 1070// 1071// 1072//
f 181// 1072// 182//
f 1067// 1064// 1068//
f 1064// 1066// 1068//
f 1058// 1060// 1069//
f 1060// 1067// 1069//
f 1063// 1062// 1059//
f 1063// 1059// 1058//
f 1061// 1053// 1052//
f 1061// 1052// 1062//
f 1054// 1056// 1055//
f 1053// 1056// 1054//
f 1051// 1057// 170//
f 1055// 1057// 1051//
f 194// 1060// 189//
f 179// 1047// 1046//
f 1064// 194// 185//
f 1059// 190// 189//
f 190// 1062// 199//
f 1052// 1054// 199//
f 184// 1065// 185//
f 166// 202// 168//
f 182// 186// 180//
f 1048// 1049// 162//
f 177// 179// 1046//
f 158// 173// 1043//
f 1048// 160// 159//
f 158// 1044// 159//
f 1045// 174// 177//
f 173// 1045// 1043//
f 166// 165// 1050//
f 1049// 165// 162//
f 1047// 179// 180//
f 200// 1051// 202//
f 182// 1071// 186//
f 196// 1054// 1055//
f 180// 186// 1047//
f 1062// 190// 1059//
f 1046// 1045// 177//
f 174// 1045// 173//
f 1043// 1044// 158//
f 1044// 1048// 159//
f 160// 1048// 162//
f 1049// 1050// 165//
f 1050// 202// 166//
f 168// 202// 1051//
f 200// 196// 1055//
f 200// 1055// 1051//
f 196// 199// 1054//
f 1052// 199// 1062//
f 189// 1060// 1059//
f 194// 1067// 1060//
f 1064// 185// 1065//
f 1067// 194// 1064//
f 1065// 184// 1071//
f 186// 1071// 184//
f 1073// 144// 143//
f 1074// 1075// 1076//
f 1077// 1078// 1079//
f 1080// 1081// 1082//
f 1083// 1084// 1085//
f 1086// 1087// 1088//
f 1089// 1090// 1091//
f 1092// 1087// 1093//
f 1087// 1092// 1088//
f 156// 1094// 1093//
f 1092// 1093// 1094//
f 155// 1094// 156//
f 1089// 1086// 1090//
f 1086// 1088// 1090//
f 1080// 1082// 1091//
f 1082// 1089// 1091//
f 1085// 1084// 1081//
f 1085// 1081// 1080//
f 1083// 1075// 1074//
f 1083// 1074// 1084//
f 1076// 1078// 1077//
f 1075// 1078// 1076//
f 1073// 1079// 144//
f 1077// 1079// 1073//
f 1095// 152// 150//
f 1096// 132// 1097//
f 1098// 1097// 131//
f 1099// 145// 1096//
f 138// 1100// 1098//
f 146// 1099// 149//
f 1101// 1100// 139//
f 145// 132// 1096//
f 1094// 155// 1102//
f 1103// 1104// 1088//
f 1080// 1105// 1085//
f 1090// 1104// 1091//
f 1106// 1080// 1091//
f 1107// 1085// 1105//
f 1088// 1092// 1103//
f 1083// 1107// 1075//
f 1108// 1109// 1078//
f 1092// 1094// 1110//
f 152// 1095// 1102//
f 1079// 1078// 1109//
f 144// 1111// 142//
f 1112// 150// 149//
f 1079// 1109// 1111//
f 1111// 144// 1079//
f 1108// 1075// 1107//
f 1108// 1078// 1075//
f 1083// 1085// 1107//
f 1105// 1080// 1106//
f 1106// 1091// 1104//
f 1090// 1088// 1104//
f 1103// 1092// 1110//
f 1110// 1094// 1102//
f 155// 152// 1102//
f 1095// 150// 1112//
f 1112// 149// 1099//
f 146// 145// 1099//
f 1097// 132// 131//
f 1098// 131// 136//
f 138// 139// 1100//
f 136// 138// 1098//
f 139// 142// 1101//
f 1111// 1101// 142//
f 1113// 118// 116//
f 1114// 1115// 1116//
f 1117// 1118// 1119//
f 1120// 1121// 1122//
f 1123// 1124// 1125//
f 1126// 1127// 1128//
f 1129// 1130// 1131//
f 1132// 1127// 1133//
f 1127// 1132// 1128//
f 130// 1134// 1133//
f 1132// 1133// 1134//
f 129// 1134// 130//
f 1129// 1126// 1130//
f 1126// 1128// 1130//
f 1120// 1122// 1131//
f 1122// 1129// 1131//
f 1125// 1124// 1121//
f 1125// 1121// 1120//
f 1123// 1115// 1114//
f 1123// 1114// 1124//
f 1116// 1118// 1117//
f 1115// 1118// 1116//
f 1113// 1119// 118//
f 1117// 1119// 1113//
f 1135// 1122// 1136//
f 127// 1137// 1138//
f 1126// 1135// 1139//
f 1121// 1140// 1136//
f 1140// 1124// 1141//
f 1114// 1116// 1141//
f 1142// 1127// 1139//
f 114// 1143// 116//
f 130// 1144// 128//
f 1145// 1146// 110//
f 125// 127// 1138//
f 106// 121// 1147//
f 1145// 108// 107//
f 106// 1148// 107//
f 1149// 122// 125//
f 121// 1149// 1147//
f 114// 113// 1150//
f 1146// 113// 110//
f 1137// 127// 128//
f 1151// 1113// 1143//
f 130// 1133// 1144//
f 1152// 1116// 1117//
f 128// 1144// 1137//
f 1124// 1140// 1121//
f 1138// 1149// 125//
f 122// 1149// 121//
f 1147// 1148// 106//
f 1148// 1145// 107//
f 108// 1145// 110//
f 1146// 1150// 113//
f 1150// 1143// 114//
f 116// 1143// 1113//
f 1151// 1152// 1117//
f 1151// 1117// 1113//
f 1152// 1141// 1116//
f 1114// 1141// 1124//
f 1136// 1122// 1121//
f 1135// 1129// 1122//
f 1126// 1139// 1127//
f 1129// 1135// 1126//
f 1127// 1142// 1133//
f 1144// 1133// 1142//
f 1153// 92// 91//
f 1154// 1155// 1156//
f 1157// 1158// 1159//
f 1160// 1161// 1162//
f 1163// 1164// 1165//
f 1166// 1167// 1168//
f 1169// 1170// 1171//
f 1172// 1167// 1173//
f 1167// 1172// 1168//
f 104// 1174// 1173//
f 1172// 1173// 1174//
f 103// 1174// 104//
f 1169// 1166// 1170//
f 1166// 1168// 1170//
f 1160// 1162// 1171//
f 1162// 1169// 1171//
f 1165// 1164// 1161//
f 1165// 1161// 1160//
f 1163// 1155// 1154//
f 1163// 1154// 1164//
f 1156// 1158// 1157//
f 1155// 1158// 1156//
f 1153// 1159// 92//
f 1157// 1159// 1153//
f 1175// 100// 98//
f 1176// 80// 1177//
f 1178// 1177// 79//
f 1179// 93// 1176//
f 86// 1180// 1178//
f 94// 1179// 97//
f 1181// 1180// 87//
f 93// 80// 1176//
f 1174// 103// 1182//
f 1183// 1184// 1168//
f 1160// 1185// 1165//
f 1170// 1184// 1171//
f 1186// 1160// 1171//
f 1187// 1165// 1185//
f 1168// 1172// 1183//
f 1163// 1187// 1155//
f 1188// 1189// 1158//
f 1172// 1174// 1190//
f 100// 1175// 1182//
f 1159// 1158// 1189//
f 92// 1191// 90//
f 1192// 98// 97//
f 1159// 1189// 1191//
f 1191// 92// 1159//
f 1188// 1155// 1187//
f 1188// 1158// 1155//
f 1163// 1165// 1187//
f 1185// 1160// 1186//
f 1186// 1171// 1184//
f 1170// 1168// 1184//
f 1183// 1172// 1190//
f 1190// 1174// 1182//
f 103// 100// 1182//
f 1175// 98// 1192//
f 1192// 97// 1179//
f 94// 93// 1179//
f 1177// 80// 79//
f 1178// 79// 84//
f 86// 87// 1180//
f 84// 86// 1178//
f 87// 90// 1181//
f 1191// 1181// 90//
f 1193// 66// 64//
f 1194// 1195// 1196//
f 1197// 1198// 1199//
f 1200// 1201// 1202//
f 1203// 1204// 1205//
f 1206// 1207// 1208//
f 1209// 1210// 1211//
f 1212// 1207// 1213//
f 1207// 1212// 1208//
f 78// 1214// 1213//
f 1212// 1213// 1214//
f 77// 1214// 78//
f 1209// 1206// 1210//
f 1206// 1208// 1210//
f 1200// 1202// 1211//
f 1202// 1209// 1211//
f 1205// 1204// 1201//
f 1205// 1201// 1200//
f 1203// 1195// 1194//
f 1203// 1194// 1204//
f 1196// 1198// 1197//
f 1195// 1198// 1196//
f 1193// 1199// 66//
f 1197// 1199// 1193//
f 1215// 1202// 1216//
f 75// 1217// 1218//
f 1206// 1215// 1219//
f 1201// 1220// 1216//
f 1220// 1204// 1221//
f 1194// 1196// 1221//
f 1222// 1207// 1219//
f 62// 1223// 64//
f 78// 1224// 76//
f 1225// 1226// 58//
f 73// 75// 1218//
f 54// 69// 1227//
f 1225// 56// 55//
f 54// 1228// 55//
f 1229// 70// 73//
f 69// 1229// 1227//
f 62// 61// 1230//
f 1226// 61// 58//
f 1217// 75// 76//
f 1231// 1193// 1223//
f 78// 1213// 1224//
f 1232// 1196// 1197//
f 76// 1224// 1217//
f 1204// 1220// 1201//
f 1218// 1229// 73//
f 70// 1229// 69//
f 1227// 1228// 54//
f 1228// 1225// 55//
f 56// 1225// 58//
f 1226// 1230// 61//
f 1230// 1223// 62//
f 64// 1223// 1193//
f 1231// 1232// 1197//
f 1231// 1197// 1193//
f 1232// 1221// 1196//
f 1194// 1221// 1204//
f 1216// 1202// 1201//
f 1215// 1209// 1202//
f 1206// 1219// 1207//
f 1209// 1215// 1206//
f 1207// 1222// 1213//
f 1224// 1213// 1222//
f 1233// 40// 39//
f 1234// 1235// 1236//
f 1237// 1238// 1239//
f 1240// 1241// 1242//
f 1243// 1244// 1245//
f 1246// 1247// 1248//
f 1249// 1250// 1251//
f 1252// 1247// 1253//
f 1247// 1252// 1248//
f 52// 1254// 1253//
f 1252// 1253// 1254//
f 51// 1254// 52//
f 1249// 1246// 1250//
f 1246// 1248// 1250//
f 1240// 1242// 1251//
f 1242// 1249// 1251//
f 1245// 1244// 1241//
f 1245// 1241// 1240//
f 1243// 1235// 1234//
f 1243// 1234// 1244//
f 1236// 1238// 1237//
f 1235// 1238// 1236//
f 1233// 1239// 40//
f 1237// 1239// 1233//
f 1255// 48// 46//
f 1256// 28// 1257//
f 1258// 1257// 27//
f 1259// 41// 1256//
f 34// 1260// 1258//
f 42// 1259// 45//
f 1261// 1260// 35//
f 41// 28// 1256//
f 1254// 51// 1262//
f 1263// 1264// 1248//
f 1240// 1265// 1245//
f 1250// 1264// 1251//
f 1266// 1240// 1251//
f 1267// 1245// 1265//
f 1248// 1252// 1263//
f 1243// 1267// 1235//
f 1268// 1269// 1238//
f 1252// 1254// 1270//
f 48// 1255// 1262//
f 1239// 1238// 1269//
f 40// 1271// 38//
f 1272// 46// 45//
f 1239// 1269// 1271//
f 1271// 40// 1239//
f 1268// 1235// 1267//
f 1268// 1238// 1235//
f 1243// 1245// 1267//
f 1265// 1240// 1266//
f 1266// 1251// 1264//
f 1250// 1248// 1264//
f 1263// 1252// 1270//
f 1270// 1254// 1262//
f 51// 48// 1262//
f 1255// 46// 1272//
f 1272// 45// 1259//
f 42// 41// 1259//
f 1257// 28// 27//
f 1258// 27// 32//
f 34// 35// 1260//
f 32// 34// 1258//
f 35// 38// 1261//
f 1271// 1261// 38//
f 1273// 14// 12//
f 1274// 1275// 1276//
f 1277// 1278// 1279//
f 1280// 1281// 1282//
f 1283// 1284// 1285//
f 1286// 1287// 1288//
f 1289// 1290// 1291//
f 1292// 1287// 1293//
f 1287// 1292// 1288//
f 26// 1294// 1293//
f 1292// 1293// 1294//
f 25// 1294// 26//
f 1289// 1286// 1290//
f 1286// 1288// 1290//
f 1280// 1282// 1291//
f 1282// 1289// 1291//
f 1285// 1284// 1281//
f 1285// 1281// 1280//
f 1283// 1275// 1274//
f 1283// 1274// 1284//
f 1276// 1278// 1277//
f 1275// 1278// 1276//
f 1273// 1279// 14//
f 1277// 1279// 1273//
f 1295// 1282// 1296//
f 23// 1297// 1298//
f 1286// 1295// 1299//
f 1281// 1300// 1296//
f 1300// 1284// 1301//
f 1274// 1276// 1301//
f 1302// 1287// 1299//
f 10// 1303// 12//
f 26// 1304// 24//
f 1305// 1306// 6//
f 21// 23// 1298//
f 2// 17// 1307//
f 1305// 4// 3//
f 2// 1308// 3//
f 1309// 18// 21//
f 17// 1309// 1307//
f 10// 9// 1310//
f 1306// 9// 6//
f 1297// 23// 24//
f 1311// 1273// 1303//
f 26// 1293// 1304//
f 1312// 1276// 1277//
f 24// 1304// 1297//
f 1284// 1300// 1281//
f 1298// 1309// 21//
f 18// 1309// 17//
f 1307// 1308// 2//
f 1308// 1305// 3//
f 4// 1305// 6//
f 1306// 1310// 9//
f 1310// 1303// 10//
f 12// 1303// 1273//
f 1311// 1312// 1277//
f 1311// 1277// 1273//
f 1312// 1301// 1276//
f 1274// 1301// 1284//
f 1296// 1282// 1281//
f 1295// 1289// 1282//
f 1286// 1299// 1287//
f 1289// 1295// 1286//
f 1287// 1302// 1293//
f 1304// 1293// 1302//
usemtl 2
f 1313// 1314// 1315//
f 1316// 1317// 1318//
f 1319// 1320// 1321//
f 1322// 1323// 1324//
f 1325// 1326// 1327//
f 1325// 1328// 1329//
f 1330// 1331// 1327//
f 1327// 1326// 1330//
f 1329// 1328// 1320//
f 1330// 1332// 1331//
f 1329// 1326// 1325//
f 1320// 1328// 1321//
f 1324// 1323// 1315//
f 1319// 1321// 1322//
f 1319// 1322// 1324//
f 1313// 1317// 1314//
f 1323// 1313// 1315//
f 1316// 1314// 1317//
f 1333// 1334// 1335//
f 1336// 1337// 1338//
f 1339// 1340// 1341//
f 1342// 1343// 1344//
f 1345// 1346// 1347//
f 1345// 1348// 1349//
f 1350// 1351// 1347//
f 1347// 1346// 1350//
f 1349// 1348// 1340//
f 1350// 1352// 1351//
f 1349// 1346// 1345//
f 1340// 1348// 1341//
f 1344// 1343// 1335//
f 1339// 1341// 1342//
f 1339// 1342// 1344//
f 1333// 1337// 1334//
f 1343// 1333// 1335//
f 1336// 1334// 1337//
f 1353// 1354// 1355//
f 1356// 1357// 1358//
f 1359// 1360// 1361//
f 1362// 1363// 1364//
f 1365// 1366// 1367//
f 1365// 1368// 1369//
f 1370// 1371// 1367//
f 1367// 1366// 1370//
f 1369// 1368// 1360//
f 1370// 1372// 1371//
f 1369// 1366// 1365//
f 1360// 1368// 1361//
f 1364// 1363// 1355//
f 1359// 1361// 1362//
f 1359// 1362// 1364//
f 1353// 1357// 1354//
f 1363// 1353// 1355//
f 1356// 1354// 1357//
f 1373// 1374// 1375//
f 1376// 1377// 1378//
f 1379// 1374// 1376//
f 1379// 1376// 1378//
f 1373// 1380// 1374//
f 1379// 1375// 1374//
f 1381// 1382// 1383//
f 1383// 1384// 1381//
f 1385// 1386// 1382//
f 1382// 1381// 1385//
f 1386// 1387// 1388//
f 1386// 1385// 1387//
f 1388// 1389// 1390//
f 1388// 1387// 1389//
f 1391// 1392// 1390//
f 1390// 1389// 1391//
f 1391// 1393// 1392//
f 1391// 1394// 1393//
f 1395// 1396// 1393//
f 1393// 1394// 1395//
f 1395// 1383// 1396//
f 1395// 1384// 1383//
f 1397// 1398// 1399//
f 1400// 1397// 1401//
f 1397// 1400// 1398//
f 1401// 1402// 1403//
f 1403// 1400// 1401//
f 1404// 1405// 1402//
f 1403// 1402// 1405//
f 1358// 1404// 1356//
f 1404// 1358// 1405//
f 1398// 1406// 1399//
f 1407// 1408// 1406//
f 1399// 1406// 1408//
f 1409// 1407// 1410//
f 1407// 1409// 1408//
f 1410// 1411// 1412//
f 1412// 1409// 1410//
f 1412// 1411// 1372//
f 1411// 1371// 1372//
f 1413// 1414// 1415//
f 1416// 1413// 1417//
f 1413// 1416// 1414//
f 1417// 1418// 1419//
f 1419// 1416// 1417//
f 1420// 1421// 1418//
f 1419// 1418// 1421//
f 1338// 1420// 1336//
f 1420// 1338// 1421//
f 1414// 1422// 1415//
f 1423// 1424// 1422//
f 1415// 1422// 1424//
f 1425// 1423// 1426//
f 1423// 1425// 1424//
f 1426// 1427// 1428//
f 1428// 1425// 1426//
f 1428// 1427// 1352//
f 1427// 1351// 1352//
f 1429// 1430// 1431//
f 1432// 1429// 1433//
f 1429// 1432// 1430//
f 1433// 1434// 1435//
f 1435// 1432// 1433//
f 1436// 1437// 1434//
f 1435// 1434// 1437//
f 1318// 1436// 1316//
f 1436// 1318// 1437//
f 1430// 1438// 1431//
f 1439// 1440// 1438//
f 1431// 1438// 1440//
f 1441// 1439// 1442//
f 1439// 1441// 1440//
f 1442// 1443// 1444//
f 1444// 1441// 1442//
f 1444// 1443// 1332//
f 1443// 1331// 1332//
f 1373// 1445// 1446//
f 1373// 1447// 1445//
f 1446// 1448// 1373//
f 1373// 1375// 1447//
f 1447// 1449// 1445//
f 1447// 1450// 1449//
f 1378// 1450// 1379//
f 1451// 1378// 1452//
f 1450// 1378// 1449//
f 1451// 1449// 1378//
f 1445// 1449// 1453//
f 1454// 1445// 1455//
f 1454// 1446// 1445//
f 1451// 1453// 1449//
f 1451// 1454// 1456//
f 1451// 1456// 1453//
f 1451// 1446// 1454//
f 1453// 1455// 1445//
usemtl 3
f 1457// 1458// 1459//
f 1460// 1461// 1462//
f 1463// 1464// 1465//
f 1466// 1467// 1468//
f 1469// 1470// 1471//
f 1472// 1473// 1474//
f 1475// 1476// 1477//
f 1478// 1479// 1480//
f 1476// 1481// 1482//
f 1483// 1484// 1485//
f 1486// 1487// 1488//
f 1489// 1490// 1486//
f 1491// 1492// 1488//
f 1489// 1486// 1492//
f 1490// 1489// 1493//
f 1494// 1471// 1495//
f 1491// 1496// 1492//
f 1491// 1497// 1496//
f 1480// 1498// 1499//
f 1500// 1480// 1501//
f 1480// 1500// 1502//
f 1497// 1491// 1503//
f 1503// 1504// 1505//
f 1505// 1506// 1503//
f 1507// 1508// 1509//
f 1504// 1507// 1510//
f 1511// 1508// 1485//
f 1485// 1508// 1507//
f 1479// 1512// 1513//
f 1514// 1459// 1458//
f 1515// 1511// 1484//
f 1516// 1517// 1468//
f 1518// 1519// 1520//
f 1521// 1519// 1518//
f 1522// 1523// 1524//
f 1476// 1525// 1526//
f 1475// 1527// 1476//
f 1471// 1528// 1469//
f 1476// 1527// 1529//
f 1530// 1531// 1471//
f 1532// 1471// 1533//
f 1526// 1534// 1476//
f 1476// 1482// 1477//
f 1495// 1471// 1532//
f 1502// 1478// 1480//
f 1512// 1479// 1478//
f 1479// 1513// 1535//
f 1501// 1480// 1536//
f 1536// 1480// 1499//
f 1498// 1480// 1537//
f 1495// 1532// 1498//
f 1537// 1495// 1498//
f 1471// 1538// 1533//
f 1471// 1531// 1538//
f 1471// 1470// 1530//
f 1539// 1540// 1541//
f 1471// 1476// 1528//
f 1534// 1542// 1476//
f 1476// 1542// 1528//
f 1476// 1529// 1525//
f 1543// 1544// 1545//
f 1546// 1547// 1522//
f 1548// 1549// 1550//
f 1551// 1552// 1553//
f 1549// 1553// 1552//
f 1554// 1550// 1555//
f 1554// 1555// 1476//
f 1476// 1555// 1481//
f 1554// 1548// 1550//
f 1550// 1549// 1552//
f 1553// 1524// 1551//
f 1551// 1524// 1523//
f 1556// 1557// 1558//
f 1559// 1560// 1561//
f 1562// 1563// 1564//
f 1539// 1541// 1565//
f 1566// 1544// 1543//
f 1557// 1556// 1567//
f 1568// 1569// 1570//
f 1571// 1572// 1573//
f 1574// 1575// 1576//
f 1577// 1578// 1519//
f 1579// 1580// 1581//
f 1519// 1578// 1582//
f 1579// 1583// 1580//
f 1584// 1585// 1586//
f 1587// 1588// 1589//
f 1590// 1591// 1592//
f 1562// 1564// 1593//
f 1562// 1593// 1594//
f 1595// 1596// 1597//
f 1563// 1598// 1564//
f 1563// 1599// 1598//
f 1543// 1541// 1540//
f 1599// 1600// 1601//
f 1602// 1541// 1603//
f 1604// 1605// 1606//
f 1607// 1608// 1609//
f 1540// 1570// 1610//
f 1519// 1582// 1520//
f 1611// 1612// 1613//
f 1560// 1559// 1614//
f 1615// 1562// 1616//
f 1617// 1618// 1562//
f 1562// 1618// 1616//
f 1594// 1617// 1562//
f 1619// 1620// 1621//
f 1622// 1623// 1624//
f 1570// 1625// 1610//
f 1622// 1570// 1540//
f 1626// 1627// 1628//
f 1622// 1540// 1629//
f 1622// 1629// 1623//
f 1629// 1540// 1539//
f 1614// 1583// 1579//
f 1613// 1522// 1611//
f 1583// 1614// 1559//
f 1625// 1570// 1569//
f 1610// 1625// 1630//
f 1631// 1610// 1632//
f 1633// 1634// 1635//
f 1636// 1637// 1638//
f 1620// 1639// 1640//
f 1614// 1579// 1562//
f 1641// 1642// 1643//
f 1644// 1645// 1646//
f 1643// 1642// 1644//
f 1619// 1621// 1637//
f 1647// 1648// 1649//
f 1650// 1651// 1643//
f 1652// 1637// 1621//
f 1649// 1653// 1647//
f 1654// 1627// 1655//
f 1656// 1657// 1658//
f 1637// 1652// 1638//
f 1659// 1565// 1464//
f 1640// 1660// 1573//
f 1628// 1627// 1654//
f 1654// 1661// 1628//
f 1662// 1663// 1664//
f 1657// 1661// 1654//
f 1656// 1661// 1657//
f 1665// 1650// 1666//
f 1667// 1668// 1658//
f 1658// 1657// 1667//
f 1669// 1670// 1671//
f 1667// 1672// 1668//
f 1673// 1664// 1674//
f 1608// 1665// 1666//
f 1675// 1663// 1676//
f 1635// 1634// 1677//
f 1639// 1678// 1640//
f 1619// 1639// 1620//
f 1679// 1680// 1634//
f 1681// 1682// 1609//
f 1662// 1596// 1683//
f 1563// 1600// 1599//
f 1539// 1565// 1671//
f 1673// 1684// 1664//
f 1603// 1541// 1543//
f 1543// 1540// 1566//
f 1545// 1601// 1600//
f 1543// 1545// 1600//
f 1563// 1586// 1600//
f 1685// 1686// 1687//
f 1688// 1689// 1690//
f 1671// 1691// 1692//
f 1693// 1609// 1682//
f 1565// 1659// 1694//
f 1565// 1694// 1695//
f 1696// 1697// 1698//
f 1464// 1699// 1659//
f 1464// 1700// 1699//
f 1463// 1701// 1464//
f 1464// 1701// 1700//
f 1702// 1703// 1704//
f 1703// 1683// 1595//
f 1604// 1705// 1706//
f 1705// 1487// 1706//
f 1665// 1608// 1607//
f 1707// 1684// 1671//
f 1673// 1671// 1684//
f 1671// 1565// 1691//
f 1671// 1692// 1707//
f 1695// 1691// 1565//
f 1708// 1709// 1710//
f 1557// 1711// 1558//
f 1712// 1556// 1558//
f 1663// 1713// 1664//
f 1697// 1663// 1662//
f 1558// 1606// 1605//
f 1697// 1662// 1714//
f 1697// 1714// 1698//
f 1714// 1662// 1683//
f 1706// 1605// 1604//
f 1715// 1716// 1717//
f 1718// 1719// 1711//
f 1666// 1674// 1664//
f 1713// 1663// 1675//
f 1664// 1713// 1666//
f 1606// 1720// 1721//
f 1719// 1558// 1711//
f 1703// 1722// 1608//
f 1723// 1558// 1605//
f 1712// 1558// 1723//
f 1719// 1611// 1724//
f 1719// 1718// 1611//
f 1682// 1681// 1725//
f 1726// 1727// 1728//
f 1576// 1575// 1729//
f 1730// 1731// 1732//
f 1733// 1587// 1589//
f 1734// 1735// 1736//
f 1732// 1587// 1733//
f 1737// 1738// 1739//
f 1586// 1559// 1584//
f 1740// 1741// 1458//
f 1461// 1734// 1462//
f 1742// 1743// 1744//
f 1745// 1746// 1736//
f 1747// 1460// 1748//
f 1736// 1746// 1749//
f 1750// 1749// 1751//
f 1752// 1753// 1754//
f 1755// 1756// 1757//
f 1758// 1759// 1760//
f 1760// 1761// 1758//
f 1762// 1763// 1764//
f 1765// 1766// 1759//
f 1767// 1768// 1769//
f 1770// 1771// 1772//
f 1773// 1774// 1775//
f 1776// 1770// 1756//
f 1777// 1588// 1778//
f 1779// 1780// 1781//
f 1778// 1767// 1777//
f 1767// 1778// 1768//
f 1744// 1782// 1457//
f 1457// 1782// 1731//
f 1457// 1731// 1730//
f 1588// 1777// 1589//
f 1769// 1783// 1784//
f 1779// 1785// 1780//
f 1786// 1787// 1788//
f 1789// 1790// 1791//
f 1596// 1662// 1792//
f 1596// 1465// 1464//
f 1757// 1793// 1755//
f 1756// 1755// 1776//
f 1794// 1795// 1763//
f 1765// 1793// 1766//
f 1763// 1796// 1797//
f 1774// 1798// 1799//
f 1775// 1800// 1801//
f 1802// 1803// 1804//
f 1775// 1801// 1773//
f 1802// 1804// 1738//
f 1805// 1806// 1742//
f 1807// 1808// 1809//
f 1810// 1811// 1517//
f 1517// 1811// 1812//
f 1813// 1814// 1517//
f 1517// 1814// 1810//
f 1815// 1816// 1517//
f 1517// 1816// 1813//
f 1817// 1818// 1517//
f 1517// 1818// 1815//
f 1517// 1516// 1817//
f 1819// 1820// 1468//
f 1468// 1820// 1516//
f 1468// 1467// 1819//
f 1468// 1821// 1822//
f 1466// 1468// 1822//
f 1823// 1821// 1519//
f 1468// 1519// 1821//
f 1562// 1615// 1614//
f 1519// 1521// 1823//
f 1631// 1632// 1616//
f 1615// 1616// 1632//
f 1824// 1809// 1825//
f 1809// 1824// 1826//
f 1827// 1742// 1828//
f 1829// 1742// 1827//
f 1830// 1831// 1832//
f 1829// 1833// 1742//
f 1834// 1832// 1831//
f 1835// 1809// 1836//
f 1837// 1742// 1833//
f 1809// 1812// 1836//
f 1742// 1837// 1838//
f 1744// 1839// 1742//
f 1838// 1805// 1742//
f 1734// 1461// 1735//
f 1735// 1745// 1736//
f 1748// 1460// 1462//
f 1747// 1840// 1841//
f 1840// 1747// 1748//
f 1842// 1843// 1844//
f 1845// 1743// 1846//
f 1847// 1848// 1846//
f 1849// 1843// 1850//
f 1843// 1851// 1852//
f 1847// 1846// 1853//
f 1854// 1855// 1856//
f 1857// 1858// 1843//
f 1859// 1856// 1860//
f 1856// 1861// 1862//
f 1856// 1763// 1843//
f 1763// 1846// 1843//
f 1863// 1864// 1763//
f 1763// 1864// 1865//
f 1866// 1867// 1763//
f 1763// 1867// 1863//
f 1761// 1760// 1685//
f 1763// 1762// 1866//
f 1765// 1759// 1868//
f 1759// 1758// 1868//
f 1763// 1797// 1764//
f 1763// 1795// 1796//
f 1869// 1870// 1871//
f 1687// 1686// 1872//
f 1685// 1760// 1686//
f 1753// 1752// 1872//
f 1687// 1872// 1752//
f 1753// 1750// 1754//
f 1749// 1746// 1751//
f 1750// 1751// 1754//
f 1484// 1483// 1834//
f 1807// 1809// 1835//
f 1510// 1507// 1873//
f 1874// 1809// 1875//
f 1875// 1809// 1808//
f 1524// 1831// 1830//
f 1874// 1876// 1809//
f 1839// 1828// 1742//
f 1809// 1876// 1877//
f 1809// 1877// 1825//
f 1514// 1878// 1459//
f 1879// 1571// 1880//
f 1744// 1457// 1459//
f 1571// 1573// 1880//
f 1832// 1834// 1483//
f 1485// 1484// 1511//
f 1507// 1509// 1873//
f 1504// 1510// 1881//
f 1881// 1505// 1504//
f 1492// 1486// 1488//
f 1506// 1497// 1503//
f 1488// 1487// 1705//
f 1465// 1596// 1792//
f 1596// 1882// 1883//
f 1883// 1884// 1794//
f 1763// 1885// 1794//
f 1884// 1795// 1794//
f 1886// 1887// 1885//
f 1885// 1887// 1794//
f 1888// 1889// 1885//
f 1885// 1889// 1886//
f 1890// 1891// 1885//
f 1885// 1891// 1888//
f 1892// 1893// 1885//
f 1885// 1893// 1890//
f 1806// 1892// 1885//
f 1894// 1895// 1856//
f 1896// 1897// 1474//
f 1472// 1474// 1897//
f 1898// 1899// 1896//
f 1896// 1899// 1897//
f 1900// 1901// 1896//
f 1896// 1901// 1898//
f 1895// 1902// 1896//
f 1896// 1902// 1900//
f 1856// 1895// 1896//
f 1855// 1903// 1856//
f 1856// 1903// 1894//
f 1843// 1904// 1851//
f 1846// 1905// 1853//
f 1843// 1852// 1857//
f 1856// 1859// 1854//
f 1846// 1906// 1905//
f 1906// 1846// 1865//
f 1856// 1862// 1860//
f 1843// 1858// 1907//
f 1856// 1908// 1861//
f 1843// 1849// 1904//
f 1909// 1846// 1910//
f 1910// 1846// 1848//
f 1843// 1519// 1474//
f 1909// 1845// 1846//
f 1842// 1850// 1843//
f 1743// 1742// 1846//
f 1843// 1911// 1912//
f 1844// 1843// 1912//
f 1782// 1744// 1743//
f 1911// 1843// 1474//
f 1913// 1782// 1743//
f 1914// 1915// 1474//
f 1474// 1915// 1911//
f 1916// 1917// 1474//
f 1474// 1917// 1914//
f 1473// 1916// 1474//
f 1918// 1919// 1920//
f 1600// 1688// 1690//
f 1918// 1920// 1803//
f 1739// 1921// 1737//
f 1741// 1740// 1921//
f 1559// 1561// 1584//
f 1913// 1840// 1922//
f 1645// 1644// 1923//
f 1458// 1457// 1740//
f 1577// 1809// 1826//
f 1913// 1922// 1782//
f 1809// 1577// 1519//
f 1921// 1739// 1741//
f 1737// 1802// 1738//
f 1804// 1803// 1920//
f 1919// 1918// 1799//
f 1799// 1798// 1919//
f 1798// 1774// 1773//
f 1464// 1690// 1924//
f 1801// 1800// 1869//
f 1464// 1924// 1596//
f 1870// 1884// 1871//
f 1800// 1870// 1869//
f 1883// 1882// 1884//
f 1884// 1882// 1871//
f 1595// 1704// 1703//
f 1883// 1597// 1596//
f 1689// 1925// 1690//
f 1690// 1925// 1924//
f 1688// 1600// 1586//
f 1585// 1688// 1586//
f 1785// 1926// 1927//
f 1927// 1926// 1928//
f 1928// 1591// 1590//
f 1929// 1930// 1782//
f 1913// 1841// 1840//
f 1733// 1730// 1732//
f 1782// 1922// 1929//
f 1843// 1809// 1519//
f 1781// 1780// 1930//
f 1929// 1781// 1930//
f 1779// 1926// 1785//
f 1927// 1928// 1590//
f 1592// 1591// 1772//
f 1772// 1771// 1592//
f 1771// 1770// 1776//
f 1786// 1789// 1791//
f 1931// 1932// 1868//
f 1884// 1931// 1868//
f 1757// 1766// 1793//
f 1868// 1758// 1795//
f 1884// 1868// 1795//
f 1790// 1789// 1932//
f 1931// 1790// 1932//
f 1787// 1784// 1788//
f 1791// 1787// 1786//
f 1769// 1768// 1783//
f 1784// 1783// 1788//
f 1885// 1809// 1742//
f 1885// 1742// 1806//
f 1812// 1809// 1517//
f 1885// 1517// 1809//
f 1856// 1843// 1908//
f 1843// 1907// 1908//
f 1865// 1846// 1763//
f 1574// 1576// 1933//
f 1608// 1722// 1934//
f 1693// 1682// 1935//
f 1936// 1709// 1937//
f 1575// 1938// 1729//
f 1939// 1940// 1941//
f 1942// 1941// 1940//
f 1936// 1937// 1943//
f 1944// 1606// 1721//
f 1942// 1940// 1729//
f 1729// 1945// 1942//
f 1595// 1606// 1946//
f 1722// 1945// 1938//
f 1945// 1729// 1938//
f 1703// 1947// 1722//
f 1722// 1947// 1945//
f 1702// 1947// 1703//
f 1597// 1604// 1595//
f 1595// 1683// 1596//
f 1606// 1595// 1604//
f 1606// 1944// 1946//
f 1943// 1937// 1720//
f 1606// 1943// 1720//
f 1936// 1710// 1709//
f 1948// 1724// 1949//
f 1950// 1935// 1660//
f 1681// 1609// 1608//
f 1608// 1934// 1681//
f 1613// 1546// 1522//
f 1951// 1715// 1952//
f 1953// 1728// 1954//
f 1633// 1955// 1634//
f 1710// 1724// 1708//
f 1710// 1719// 1724//
f 1952// 1715// 1717//
f 1725// 1708// 1724//
f 1718// 1612// 1611//
f 1956// 1879// 1957//
f 1547// 1523// 1522//
f 1956// 1957// 1958//
f 1954// 1728// 1727//
f 1634// 1680// 1715//
f 1682// 1725// 1948//
f 1959// 1935// 1950//
f 1717// 1949// 1724//
f 1678// 1660// 1640//
f 1953// 1680// 1728//
f 1679// 1634// 1955//
f 1680// 1679// 1728//
f 1955// 1633// 1960//
f 1633// 1956// 1960//
f 1961// 1880// 1962//
f 1956// 1958// 1960//
f 1963// 1571// 1964//
f 1923// 1965// 1964//
f 1923// 1964// 1571//
f 1573// 1966// 1640//
f 1923// 1644// 1642//
f 1879// 1880// 1961//
f 1966// 1573// 1572//
f 1923// 1642// 1965//
f 1950// 1660// 1967//
f 1678// 1967// 1660//
f 1693// 1935// 1959//
f 1725// 1724// 1948//
f 1715// 1680// 1716//
f 1717// 1716// 1949//
f 1668// 1672// 1651//
f 1648// 1673// 1968//
f 1641// 1643// 1651//
f 1651// 1650// 1668//
f 1648// 1968// 1649//
f 1668// 1650// 1969//
f 1968// 1673// 1674//
f 1666// 1650// 1674//
f 1665// 1969// 1650//
f 1646// 1970// 1644//
f 1524// 1571// 1522//
f 1971// 1571// 1524//
f 1956// 1522// 1571//
f 1571// 1879// 1956//
f 1963// 1572// 1571//
f 1830// 1971// 1524//
f 1878// 1615// 1971//
f 1830// 1878// 1971//
f 1614// 1615// 1514//
f 1878// 1514// 1615//
f 1670// 1632// 1630//
f 1610// 1630// 1632//
f 1670// 1972// 1632//
f 1669// 1972// 1670//
f 1673// 1669// 1671//
f 1973// 1974// 1975//
f 1976// 1977// 1978//
f 1979// 1980// 1981//
f 1982// 1983// 1984//
f 1985// 1986// 1987//
f 1988// 1989// 1990//
f 1991// 1992// 1976//
f 1993// 1988// 1994//
f 1995// 1996// 1997//
f 1998// 1999// 2000//
f 1997// 2001// 1995//
f 1999// 1998// 2002//
f 2003// 2004// 2001//
f 2005// 2006// 2007//
f 2008// 2009// 2010//
f 2011// 2012// 2013//
f 2014// 2015// 2016//
f 2017// 2018// 2019//
f 2020// 2021// 2022//
f 2023// 2024// 2025//
f 2026// 2027// 2028//
f 1985// 2029// 1986//
f 2030// 2031// 1987//
f 2029// 2032// 2033//
f 1986// 2029// 2033//
f 2034// 2035// 2036//
f 2037// 2034// 2016//
f 1983// 2000// 2038//
f 2039// 2040// 2041//
f 1982// 1984// 2042//
f 1983// 2038// 1984//
f 2043// 1976// 2044//
f 1993// 1994// 2042//
f 1976// 2045// 2046//
f 1981// 1980// 2047//
f 2048// 1979// 1981//
f 2049// 2050// 2051//
f 2052// 2053// 2054//
f 2055// 2056// 2057//
f 2037// 2035// 2034//
f 2021// 2058// 2022//
f 2059// 2060// 2061//
f 2022// 2058// 2062//
f 2063// 2014// 2064//
f 2022// 2065// 2066//
f 2063// 2015// 2014//
f 2036// 2035// 2005//
f 2067// 2068// 2069//
f 2004// 2003// 2040//
f 2070// 2039// 2041//
f 2071// 2072// 2073//
f 2074// 2075// 2076//
f 2022// 2077// 2065//
f 2062// 2077// 2022//
f 2076// 2075// 2078//
f 2079// 2080// 2081//
f 2081// 2080// 2082//
f 2083// 2084// 2085//
f 2086// 2087// 2088//
f 2088// 2087// 2089//
f 2090// 2091// 2092//
f 2093// 2094// 2095//
f 2096// 2097// 2091//
f 2091// 2098// 2099//
f 2091// 2100// 2101//
f 2102// 2101// 2100//
f 2103// 2101// 2104//
f 2101// 2102// 2104//
f 2105// 2101// 2106//
f 2101// 2103// 2106//
f 2107// 2072// 2101//
f 2108// 2101// 2109//
f 2101// 2105// 2109//
f 2110// 2101// 2111//
f 2101// 2108// 2111//
f 2101// 2110// 2107//
f 2112// 2072// 2113//
f 2072// 2107// 2113//
f 2114// 2072// 2115//
f 2072// 2112// 2115//
f 2072// 2071// 2022//
f 2072// 2114// 2073//
f 2020// 2022// 2116//
f 2022// 2071// 2116//
f 2117// 2118// 2119//
f 2025// 2019// 2120//
f 2121// 1976// 2122//
f 1976// 2123// 2122//
f 2033// 2032// 2124//
f 2125// 1976// 2126//
f 1976// 2121// 2126//
f 2127// 2124// 1990//
f 1990// 1989// 2127//
f 1976// 2125// 1991//
f 1993// 2128// 1988//
f 1988// 2128// 1989//
f 1976// 1992// 2045//
f 1976// 2046// 2044//
f 2129// 2130// 2131//
f 2124// 2032// 1990//
f 2031// 2030// 2017//
f 1985// 1987// 2031//
f 2019// 2018// 2132//
f 2017// 2030// 2018//
f 2019// 2132// 2120//
f 2024// 2023// 2133//
f 2025// 2120// 2023//
f 2133// 2119// 2118//
f 2118// 2024// 2133//
f 2027// 2117// 2119//
f 2134// 2135// 2136//
f 2137// 2138// 2028//
f 2139// 2140// 2141//
f 2142// 2143// 2144//
f 2145// 2139// 2146//
f 2147// 2141// 2140//
f 2148// 2145// 2149//
f 2146// 2149// 2145//
f 2150// 2151// 2148//
f 2148// 2149// 2150//
f 2151// 2123// 1978//
f 2123// 2151// 2150//
f 1978// 2123// 1976//
f 2152// 2153// 2154//
f 2155// 2089// 2156//
f 2157// 2052// 2054//
f 2158// 2050// 2049//
f 2012// 2011// 2159//
f 2047// 2159// 2011//
f 2013// 2012// 2129//
f 2160// 2043// 2161//
f 1976// 2043// 2091//
f 2161// 2043// 2044//
f 2162// 2091// 2163//
f 2091// 2043// 2163//
f 2091// 2162// 2092//
f 2088// 2164// 2086//
f 2095// 2086// 2164//
f 2091// 2090// 2096//
f 2164// 2093// 2095//
f 2102// 2094// 2093//
f 2091// 2097// 2098//
f 2100// 2094// 2102//
f 2091// 2099// 2100//
f 2156// 2085// 2155//
f 2087// 2156// 2089//
f 2084// 2083// 2082//
f 2155// 2085// 2084//
f 2153// 2152// 2078//
f 2082// 2083// 2081//
f 2079// 2165// 2166//
f 2166// 2080// 2079//
f 2167// 2075// 2074//
f 2165// 2075// 2167//
f 2165// 2167// 2166//
f 2153// 2168// 2154//
f 2169// 2170// 2171//
f 2172// 2173// 2157//
f 2174// 2175// 2170//
f 2176// 2053// 2177//
f 2176// 2054// 2053//
f 2178// 2179// 1975//
f 2146// 2139// 2141//
f 2180// 2181// 1977//
f 2144// 2147// 2142//
f 2140// 2142// 2147//
f 2144// 2143// 2182//
f 2136// 2135// 2182//
f 2182// 2143// 2136//
f 2137// 2135// 2134//
f 2026// 2028// 2138//
f 2138// 2137// 2134//
f 2026// 2117// 2027//
f 1973// 2026// 1974//
f 2117// 2026// 1973//
f 1975// 2183// 2178//
f 1975// 1974// 2183//
f 1975// 2184// 2185//
f 2179// 2184// 1975//
f 1975// 2186// 2187//
f 2185// 2186// 1975//
f 2188// 2189// 2187//
f 1975// 2187// 2189//
f 2190// 2189// 2191//
f 2189// 2188// 2191//
f 2192// 2189// 2193//
f 2189// 2190// 2193//
f 1977// 2189// 2180//
f 2189// 2192// 2180//
f 2194// 1977// 2195//
f 1977// 2181// 2195//
f 2196// 1977// 2197//
f 1977// 2194// 2197//
f 2198// 1977// 2199//
f 1977// 2196// 2199//
f 1978// 1977// 2200//
f 1977// 2198// 2200//
f 2201// 2048// 2202//
f 2050// 2203// 2051//
f 2158// 2049// 2204//
f 1980// 2159// 2047//
f 2160// 2158// 2204//
f 2205// 2158// 2160//
f 2131// 2130// 2161//
f 2013// 2129// 2131//
f 2160// 2161// 2205//
f 2161// 2130// 2205//
f 2176// 2177// 2203//
f 2177// 2051// 2203//
f 2173// 2172// 2061//
f 2157// 2054// 2172//
f 2057// 2175// 2174//
f 2060// 2173// 2061//
f 2059// 2154// 2168//
f 2168// 2060// 2059//
f 2066// 2169// 2171//
f 2074// 2076// 2066//
f 2076// 2078// 2152//
f 2066// 2171// 2063//
f 2066// 2065// 2074//
f 2063// 2022// 2066//
f 2170// 2169// 2174//
f 2056// 2055// 2202//
f 2175// 2057// 2056//
f 2048// 2201// 1979//
f 2202// 2055// 2201//
f 2206// 2207// 2208//
f 1998// 2207// 2002//
f 1999// 2038// 2000//
f 2209// 2128// 2210//
f 2161// 2128// 2209//
f 1982// 2042// 1994//
f 2128// 2044// 1989//
f 2161// 2044// 2128//
f 1996// 2210// 1997//
f 2209// 2210// 1996//
f 1995// 2001// 2004//
f 2003// 2041// 2040//
f 2070// 2006// 2039//
f 2007// 2036// 2005//
f 2070// 2007// 2006//
f 2010// 2068// 2067//
f 2211// 2064// 2212//
f 2063// 2064// 2022//
f 2037// 2016// 2015//
f 2064// 2211// 1973//
f 1973// 1975// 2064//
f 2022// 2064// 1975//
f 2069// 2212// 2067//
f 2211// 2212// 2069//
f 2009// 2008// 2208//
f 2068// 2010// 2009//
f 2207// 2206// 2002//
f 2208// 2008// 2206//
f 2213// 2214// 2215//
f 2216// 2217// 2218//
f 2217// 2216// 2219//
f 2220// 2217// 2219//
f 2221// 2222// 2215//
f 2219// 2214// 2223//
f 2213// 2215// 2222//
f 2223// 2214// 2213//
f 2214// 2219// 2216//
f 2224// 2225// 2226//
f 2227// 2228// 2229//
f 2229// 2226// 2227//
f 2226// 2229// 2224//
f 2228// 2227// 2230//
f 2231// 2232// 2233//
f 2234// 2232// 2235//
f 2231// 2235// 2232//
f 2236// 2234// 2235//
f 2237// 2238// 2234//
f 2236// 2237// 2234//
f 2237// 2236// 2239//
f 2240// 2238// 2237//
f 2241// 2237// 2239//
f 2241// 2242// 2243//
f 2243// 2237// 2241//
f 2242// 2244// 2243//
f 2245// 2246// 2247//
f 2248// 2249// 2250//
f 2249// 2248// 2251//
f 2252// 2249// 2251//
f 2253// 2254// 2247//
f 2251// 2246// 2255//
f 2245// 2247// 2254//
f 2255// 2246// 2245//
f 2246// 2251// 2248//
f 2256// 2257// 2258//
f 2259// 2260// 2261//
f 2261// 2258// 2259//
f 2258// 2261// 2256//
f 2260// 2259// 2262//
f 2263// 2264// 2265//
f 2266// 2267// 2268//
f 2263// 2269// 2264//
f 2270// 2269// 2263//
f 2266// 2268// 2270//
f 2269// 2270// 2268//
f 2271// 2267// 2272//
f 2267// 2266// 2272//
usemtl 4
f 2273// 2274// 2275//
f 2274// 2273// 2276//
f 2277// 2278// 2279//
f 2277// 2279// 2280//
f 2281// 2274// 2276//
f 2274// 2281// 2282//
f 2274// 2282// 2278//
f 2282// 2279// 2278//
usemtl 5
f 2283// 2284// 2285//
f 2284// 2286// 2285//
f 2285// 2287// 2288//
f 2288// 2287// 2289//
f 2285// 2286// 2287//
f 2289// 2284// 2283//
f 2287// 2290// 2289//
f 2289// 2290// 2284//
usemtl 6
f 2291// 2292// 2293//
f 2291// 2294// 2292//
usemtl 7
f 2295// 2296// 2297//
f 2298// 2299// 2300//
f 2297// 2301// 2302//
f 2303// 2300// 2299//
f 2295// 2297// 2302//
f 2301// 2299// 2302//
f 2299// 2301// 2303//
f 2304// 2303// 2301//
f 2299// 2305// 2306//
f 2305// 2299// 2298//
f 2307// 2308// 2309//
f 2310// 2306// 2311//
f 2312// 2309// 2308//
f 2313// 2314// 2310//
f 2313// 2310// 2311//
f 2311// 2306// 2309//
f 2305// 2307// 2306//
f 2309// 2306// 2307//
f 2309// 2304// 2301//
f 2304// 2309// 2312//
f 2315// 2316// 2317//
f 2317// 2318// 2315//
f 2317// 2316// 2319//
f 2317// 2320// 2321//
f 2322// 2320// 2323//
f 2317// 2321// 2318//
f 2323// 2320// 2317//
f 2323// 2324// 2325//
f 2323// 2326// 2322//
f 2326// 2323// 2325//
f 2325// 2327// 2328//
f 2315// 2327// 2316//
f 2325// 2328// 2326//
f 2316// 2327// 2325//
f 2329// 2330// 2331//
f 2332// 2333// 2334//
f 2335// 2336// 2331//
f 2331// 2337// 2329//
f 2315// 2338// 2335//
f 2339// 2340// 2341//
f 2334// 2342// 2332//
f 2343// 2344// 2345//
f 2339// 2346// 2340//
f 2347// 2348// 2349//
f 2350// 2344// 2343//
f 2349// 2351// 2347//
f 2347// 2351// 2352//
f 2353// 2354// 2355//
f 2354// 2352// 2351//
f 2307// 2356// 2308//
f 2305// 2357// 2353//
f 2312// 2308// 2358//
f 2307// 2353// 2356//
f 2352// 2354// 2357//
f 2359// 2350// 2360//
f 2349// 2348// 2360//
f 2360// 2348// 2359//
f 2345// 2361// 2343//
f 2359// 2344// 2350//
f 2346// 2361// 2362//
f 2362// 2361// 2345//
f 2333// 2363// 2364//
f 2339// 2341// 2363//
f 2340// 2346// 2362//
f 2332// 2342// 2337//
f 2334// 2333// 2364//
f 2341// 2364// 2363//
f 2365// 2328// 2327//
f 2342// 2329// 2337//
f 2365// 2330// 2366//
f 2365// 2331// 2330//
f 2326// 2328// 2366//
f 2328// 2365// 2366//
f 2335// 2327// 2315//
f 2336// 2338// 2367//
f 2336// 2368// 2337//
f 2336// 2337// 2331//
f 2368// 2369// 2332//
f 2368// 2332// 2337//
f 2369// 2370// 2333//
f 2369// 2333// 2332//
f 2370// 2371// 2363//
f 2370// 2363// 2333//
f 2371// 2372// 2339//
f 2371// 2339// 2363//
f 2372// 2373// 2346//
f 2372// 2346// 2339//
f 2373// 2374// 2361//
f 2373// 2361// 2346//
f 2374// 2375// 2343//
f 2374// 2343// 2361//
f 2375// 2376// 2350//
f 2375// 2350// 2343//
f 2376// 2377// 2360//
f 2376// 2360// 2350//
f 2377// 2378// 2349//
f 2377// 2349// 2360//
f 2378// 2379// 2351//
f 2378// 2351// 2349//
f 2379// 2355// 2354//
f 2379// 2354// 2351//
f 2356// 2353// 2355//
f 2305// 2353// 2307//
f 2357// 2354// 2353//
f 2365// 2327// 2335//
f 2331// 2365// 2335//
f 2368// 2367// 2380//
f 2338// 2336// 2335//
f 2369// 2380// 2381//
f 2367// 2368// 2336//
f 2370// 2381// 2382//
f 2380// 2369// 2368//
f 2371// 2382// 2383//
f 2381// 2370// 2369//
f 2372// 2383// 2384//
f 2382// 2371// 2370//
f 2373// 2384// 2385//
f 2383// 2372// 2371//
f 2374// 2385// 2386//
f 2384// 2373// 2372//
f 2375// 2386// 2387//
f 2385// 2374// 2373//
f 2376// 2387// 2388//
f 2386// 2375// 2374//
f 2377// 2388// 2389//
f 2387// 2376// 2375//
f 2378// 2389// 2390//
f 2388// 2377// 2376//
f 2379// 2390// 2391//
f 2389// 2378// 2377//
f 2355// 2391// 2392//
f 2390// 2379// 2378//
f 2356// 2392// 2358//
f 2391// 2355// 2379//
f 2358// 2308// 2356//
f 2392// 2356// 2355//
f 2393// 2326// 2366//
f 2330// 2394// 2395//
f 2396// 2359// 2348//
f 2342// 2397// 2329//
f 2397// 2394// 2329//
f 2334// 2398// 2399//
f 2399// 2397// 2342//
f 2341// 2400// 2401//
f 2401// 2398// 2364//
f 2364// 2341// 2401//
f 2402// 2362// 2403//
f 2340// 2402// 2400//
f 2359// 2404// 2344//
f 2344// 2405// 2345//
f 2352// 2406// 2347//
f 2407// 2348// 2347//
f 2305// 2408// 2357//
f 2409// 2352// 2357//
f 2298// 2408// 2305//
f 2409// 2357// 2408//
f 2409// 2406// 2352//
f 2406// 2407// 2347//
f 2407// 2396// 2348//
f 2396// 2404// 2359//
f 2404// 2405// 2344//
f 2405// 2403// 2345//
f 2362// 2402// 2340//
f 2345// 2403// 2362//
f 2340// 2400// 2341//
f 2334// 2399// 2342//
f 2364// 2398// 2334//
f 2329// 2394// 2330//
f 2366// 2395// 2393//
f 2366// 2330// 2395//
f 2393// 2322// 2326//
f 2410// 2411// 2412//
f 2413// 2414// 2415//
f 2416// 2411// 2417//
f 2412// 2418// 2410//
f 2322// 2393// 2419//
f 2420// 2421// 2422//
f 2415// 2423// 2413//
f 2424// 2425// 2426//
f 2420// 2427// 2421//
f 2428// 2429// 2430//
f 2431// 2425// 2424//
f 2432// 2433// 2434//
f 2428// 2435// 2433//
f 2434// 2436// 2432//
f 2432// 2436// 2437//
f 2438// 2304// 2437//
f 2436// 2439// 2438//
f 2440// 2303// 2438//
f 2440// 2300// 2303//
f 2433// 2435// 2434//
f 2300// 2408// 2298//
f 2430// 2435// 2428//
f 2431// 2441// 2442//
f 2441// 2430// 2429//
f 2443// 2424// 2426//
f 2442// 2425// 2431//
f 2441// 2429// 2442//
f 2444// 2443// 2426//
f 2444// 2427// 2443//
f 2420// 2422// 2445//
f 2421// 2427// 2444//
f 2445// 2422// 2446//
f 2445// 2446// 2414//
f 2415// 2414// 2446//
f 2418// 2423// 2410//
f 2418// 2413// 2423//
f 2416// 2417// 2321//
f 2416// 2412// 2411//
f 2318// 2321// 2417//
f 2416// 2321// 2320//
f 2322// 2419// 2320//
f 2419// 2447// 2412//
f 2447// 2393// 2395//
f 2447// 2448// 2418//
f 2447// 2418// 2412//
f 2448// 2449// 2413//
f 2448// 2413// 2418//
f 2449// 2450// 2414//
f 2449// 2414// 2413//
f 2450// 2451// 2445//
f 2450// 2445// 2414//
f 2451// 2452// 2420//
f 2451// 2420// 2445//
f 2452// 2453// 2427//
f 2452// 2427// 2420//
f 2453// 2454// 2443//
f 2453// 2443// 2427//
f 2454// 2455// 2424//
f 2454// 2424// 2443//
f 2455// 2456// 2431//
f 2455// 2431// 2424//
f 2456// 2457// 2441//
f 2456// 2441// 2431//
f 2457// 2458// 2430//
f 2457// 2430// 2441//
f 2458// 2459// 2435//
f 2458// 2435// 2430//
f 2459// 2460// 2434//
f 2459// 2434// 2435//
f 2460// 2439// 2436//
f 2460// 2436// 2434//
f 2440// 2438// 2439//
f 2304// 2438// 2303//
f 2437// 2436// 2438//
f 2416// 2320// 2419//
f 2412// 2416// 2419//
f 2448// 2395// 2394//
f 2393// 2447// 2419//
f 2449// 2394// 2397//
f 2395// 2448// 2447//
f 2450// 2397// 2399//
f 2394// 2449// 2448//
f 2451// 2399// 2398//
f 2397// 2450// 2449//
f 2452// 2398// 2401//
f 2399// 2451// 2450//
f 2453// 2401// 2400//
f 2398// 2452// 2451//
f 2454// 2400// 2402//
f 2401// 2453// 2452//
f 2455// 2402// 2403//
f 2400// 2454// 2453//
f 2456// 2403// 2405//
f 2402// 2455// 2454//
f 2457// 2405// 2404//
f 2403// 2456// 2455//
f 2458// 2404// 2396//
f 2405// 2457// 2456//
f 2459// 2396// 2407//
f 2404// 2458// 2457//
f 2460// 2407// 2406//
f 2396// 2459// 2458//
f 2439// 2406// 2409//
f 2407// 2460// 2459//
f 2440// 2409// 2408//
f 2406// 2439// 2460//
f 2408// 2300// 2440//
f 2409// 2440// 2439//
f 2410// 2367// 2411//
f 2429// 2389// 2442//
f 2315// 2318// 2417//
f 2426// 2425// 2387//
f 2426// 2386// 2444//
f 2388// 2425// 2442//
f 2388// 2387// 2425//
f 2389// 2429// 2390//
f 2388// 2442// 2389//
f 2428// 2391// 2390//
f 2390// 2429// 2428//
f 2428// 2433// 2391//
f 2432// 2392// 2433//
f 2391// 2433// 2392//
f 2410// 2423// 2380//
f 2358// 2392// 2432//
f 2437// 2312// 2358//
f 2312// 2437// 2304//
f 2437// 2358// 2432//
f 2367// 2338// 2411//
f 2423// 2415// 2381//
f 2415// 2446// 2382//
f 2423// 2381// 2380//
f 2384// 2383// 2422//
f 2415// 2382// 2381//
f 2421// 2384// 2422//
f 2446// 2383// 2382//
f 2444// 2385// 2421//
f 2426// 2387// 2386//
f 2444// 2386// 2385//
f 2421// 2385// 2384//
f 2422// 2383// 2446//
f 2380// 2367// 2410//
f 2315// 2417// 2338//
f 2411// 2338// 2417//
f 2299// 2306// 2310//
f 2299// 2310// 2302//
f 2295// 2310// 2314//
f 2310// 2295// 2302//
f 2296// 2314// 2313//
f 2314// 2296// 2295//
f 2296// 2313// 2311//
f 2296// 2311// 2297//
f 2297// 2311// 2309//
f 2297// 2309// 2301//
usemtl 8
f 2461// 2462// 2463//
f 2464// 2461// 2465//
f 2463// 2465// 2461//
f 2461// 2464// 2466//
f 2467// 2468// 2469//
f 2470// 2471// 2472//
f 2473// 2468// 2467//
f 2467// 2471// 2473//
f 2474// 2475// 2476//
f 2473// 2471// 2470//
f 2474// 2476// 2477//
f 2478// 2479// 2480//
f 2481// 2482// 2477//
f 2481// 2480// 2483//
f 2479// 2478// 2484//
f 2485// 2479// 2484//
f 2486// 2487// 2485//
f 2488// 2489// 2490//
f 2488// 2491// 2489//
f 2488// 2492// 2491//
f 2490// 2489// 2487//
f 2486// 2485// 2484//
f 2490// 2487// 2486//
f 2478// 2480// 2481//
f 2482// 2474// 2477//
f 2483// 2482// 2481//
f 2470// 2472// 2475//
f 2472// 2476// 2475//
f 2493// 2494// 2495//
f 2495// 2496// 2493//
f 2496// 2497// 2493//
f 2497// 2498// 2499//
f 2497// 2496// 2498//
f 2499// 2498// 2500//
f 2496// 2501// 2498//
f 2502// 2503// 2501//
f 2501// 2503// 2498//
f 2502// 2504// 2503//
f 2505// 2506// 2507//
f 2508// 2509// 2510//
f 2506// 2505// 2511//
f 2512// 2507// 2506//
f 2513// 2507// 2512//
f 2514// 2513// 2512//
f 2515// 2516// 2513//
f 2515// 2513// 2514//
f 2517// 2518// 2519//
f 2520// 2521// 2522//
f 2523// 2518// 2524//
f 2525// 2520// 2523//
f 2515// 2519// 2516//
f 2525// 2523// 2524//
f 2526// 2527// 2528//
f 2523// 2520// 2522//
f 2511// 2508// 2510//
f 2505// 2508// 2511//
f 2510// 2509// 2529//
f 2527// 2509// 2528//
f 2529// 2509// 2527//
f 2526// 2528// 2530//
f 2521// 2530// 2522//
f 2526// 2530// 2521//
f 2518// 2516// 2519//
f 2524// 2518// 2517//
f 2531// 2532// 2533//
f 2534// 2535// 2533//
f 2535// 2531// 2533//
f 2536// 2537// 2538//
f 2539// 2537// 2540//
f 2531// 2535// 2536//
f 2541// 2539// 2542//
f 2543// 2544// 2534//
f 2534// 2544// 2535//
f 2541// 2543// 2534//
f 2542// 2539// 2540//
f 2539// 2541// 2534//
f 2545// 2540// 2537//
f 2535// 2545// 2536//
f 2537// 2536// 2545//
f 2546// 2547// 2548//
f 2548// 2549// 2546//
f 2549// 2550// 2546//
f 2550// 2551// 2552//
f 2550// 2549// 2551//
f 2552// 2551// 2553//
f 2549// 2554// 2551//
f 2555// 2556// 2554//
f 2554// 2556// 2551//
f 2555// 2557// 2556//
f 2558// 2559// 2560//
f 2561// 2562// 2563//
f 2564// 2561// 2565//
f 2558// 2560// 2566//
f 2560// 2567// 2566//
f 2566// 2567// 2568//
f 2564// 2562// 2561//
f 2568// 2567// 2563//
f 2569// 2570// 2571//
f 2572// 2573// 2570//
f 2574// 2575// 2576//
f 2574// 2569// 2571//
f 2577// 2578// 2579//
f 2580// 2578// 2581//
f 2581// 2582// 2583//
f 2584// 2585// 2586//
f 2564// 2587// 2583//
f 2568// 2563// 2588//
f 2562// 2588// 2563//
f 2585// 2589// 2590//
f 2573// 2591// 2592//
f 2585// 2584// 2561//
f 2585// 2590// 2586//
f 2578// 2577// 2581//
f 2565// 2587// 2564//
f 2561// 2584// 2565//
f 2581// 2583// 2580//
f 2580// 2583// 2587//
f 2579// 2576// 2577//
f 2575// 2574// 2571//
f 2577// 2576// 2575//
f 2572// 2591// 2573//
f 2569// 2572// 2570//
f 2589// 2592// 2593//
f 2591// 2593// 2592//
f 2590// 2589// 2593//
f 2594// 2595// 2596//
f 2597// 2598// 2599//
f 2600// 2601// 2594//
f 2602// 2603// 2594//
f 2604// 2605// 2599//
f 2605// 2606// 2599//
f 2607// 2608// 2609//
f 2610// 2611// 2612//
f 2611// 2610// 2613//
f 2614// 2608// 2607//
f 2615// 2616// 2612//
f 2607// 2609// 2617//
f 2611// 2615// 2612//
f 2616// 2618// 2619//
f 2606// 2597// 2599//
f 2620// 2621// 2622//
f 2622// 2623// 2624//
f 2601// 2624// 2623//
f 2620// 2622// 2624//
f 2598// 2597// 2618//
f 2621// 2620// 2625//
f 2626// 2627// 2628//
f 2619// 2612// 2616//
f 2597// 2619// 2618//
f 2611// 2613// 2629//
f 2627// 2626// 2611//
f 2629// 2627// 2611//
f 2628// 2625// 2626//
f 2628// 2621// 2625//
f 2601// 2623// 2594//
f 2600// 2594// 2603//
f 2596// 2602// 2594//
f 2630// 2631// 2595//
f 2596// 2595// 2631//
f 2630// 2617// 2631//
f 2617// 2630// 2607//
f 2632// 2633// 2634//
f 2635// 2636// 2637//
f 2634// 2635// 2632//
f 2636// 2638// 2639//
f 2640// 2637// 2641//
f 2642// 2643// 2644//
f 2642// 2644// 2639//
f 2642// 2639// 2638//
f 2645// 2646// 2647//
f 2641// 2637// 2639//
f 2636// 2639// 2637//
f 2646// 2645// 2648//
f 2649// 2650// 2640//
f 2651// 2647// 2646//
f 2645// 2650// 2648//
f 2649// 2640// 2641//
f 2648// 2650// 2649//
f 2637// 2632// 2635//
f 2652// 2653// 2654//
f 2654// 2655// 2652//
f 2655// 2656// 2652//
f 2656// 2657// 2658//
f 2656// 2655// 2657//
f 2658// 2657// 2659//
f 2655// 2660// 2657//
f 2661// 2662// 2660//
f 2660// 2662// 2657//
f 2661// 2663// 2662//
f 2664// 2665// 2666//
f 2667// 2668// 2669//
f 2665// 2664// 2670//
f 2671// 2666// 2665//
f 2672// 2666// 2671//
f 2673// 2672// 2671//
f 2674// 2675// 2672//
f 2674// 2672// 2673//
f 2676// 2677// 2678//
f 2679// 2680// 2681//
f 2682// 2677// 2683//
f 2684// 2679// 2682//
f 2674// 2678// 2675//
f 2684// 2682// 2683//
f 2685// 2686// 2687//
f 2682// 2679// 2681//
f 2670// 2667// 2669//
f 2664// 2667// 2670//
f 2669// 2668// 2688//
f 2686// 2668// 2687//
f 2688// 2668// 2686//
f 2685// 2687// 2689//
f 2680// 2689// 2681//
f 2685// 2689// 2680//
f 2677// 2675// 2678//
f 2683// 2677// 2676//
f 2690// 2691// 2692//
f 2693// 2694// 2692//
f 2694// 2690// 2692//
f 2695// 2696// 2697//
f 2698// 2696// 2699//
f 2690// 2694// 2695//
f 2700// 2698// 2701//
f 2702// 2703// 2693//
f 2693// 2703// 2694//
f 2700// 2702// 2693//
f 2701// 2698// 2699//
f 2698// 2700// 2693//
f 2704// 2699// 2696//
f 2694// 2704// 2695//
f 2696// 2695// 2704//
f 2705// 2706// 2707//
f 2708// 2709// 2710//
f 2711// 2707// 2706//
f 2712// 2713// 2711//
f 2711// 2713// 2707//
f 2714// 2715// 2716//
f 2717// 2707// 2713//
f 2718// 2719// 2720//
f 2721// 2722// 2723//
f 2724// 2725// 2726//
f 2726// 2727// 2728//
f 2715// 2729// 2730//
f 2717// 2731// 2732//
f 2707// 2717// 2732//
f 2731// 2730// 2729//
f 2732// 2731// 2729//
f 2730// 2716// 2715//
f 2733// 2734// 2714//
f 2733// 2714// 2716//
f 2735// 2736// 2708//
f 2737// 2738// 2739//
f 2740// 2741// 2742//
f 2709// 2708// 2736//
f 2742// 2741// 2743//
f 2735// 2744// 2736//
f 2744// 2745// 2736//
f 2746// 2747// 2745//
f 2741// 2710// 2709//
f 2748// 2749// 2750//
f 2751// 2752// 2753//
f 2726// 2728// 2754//
f 2755// 2748// 2756//
f 2749// 2748// 2757//
f 2758// 2750// 2759//
f 2750// 2749// 2759//
f 2760// 2761// 2762//
f 2763// 2764// 2761//
f 2762// 2765// 2760//
f 2766// 2718// 2767//
f 2768// 2769// 2765//
f 2770// 2771// 2772//
f 2773// 2774// 2775//
f 2776// 2726// 2754//
f 2767// 2777// 2766//
f 2778// 2779// 2754//
f 2726// 2776// 2724//
f 2778// 2780// 2779//
f 2774// 2771// 2770//
f 2781// 2782// 2720//
f 2783// 2770// 2772//
f 2784// 2781// 2720//
f 2720// 2769// 2768//
f 2768// 2784// 2720//
f 2761// 2764// 2762//
f 2765// 2769// 2760//
f 2761// 2758// 2763//
f 2748// 2755// 2757//
f 2763// 2758// 2759//
f 2753// 2756// 2751//
f 2756// 2748// 2751//
f 2785// 2786// 2752//
f 2752// 2751// 2721//
f 2785// 2787// 2788//
f 2785// 2788// 2786//
f 2785// 2752// 2723//
f 2721// 2723// 2752//
f 2745// 2747// 2787//
f 2788// 2787// 2747//
f 2710// 2741// 2740//
f 2746// 2745// 2744//
f 2742// 2789// 2740//
f 2738// 2790// 2739//
f 2789// 2738// 2737//
f 2740// 2789// 2737//
f 2733// 2790// 2734//
f 2790// 2738// 2734//
f 2783// 2772// 2791//
f 2792// 2781// 2775//
f 2780// 2778// 2783//
f 2791// 2780// 2783//
f 2779// 2776// 2754//
f 2728// 2727// 2767//
f 2727// 2777// 2767//
f 2766// 2719// 2718//
f 2720// 2782// 2718//
f 2781// 2773// 2775//
f 2781// 2792// 2782//
f 2774// 2770// 2775//
