v -4.3 -1.65 2.35
v -4.3 -1.65 0.432843
v -3.95 -1.65 2.35
newmtl 1
Ka 0.7686274509803922 0.7686274509803922 0.7686274509803922
Kd 0.7686274509803922 0.7686274509803922 0.7686274509803922
Ks 0.615686274509804 0.615686274509804 0.615686274509804
d 0.0
endmtl
v -3.95 -1.65 0.432843
v -3.95 -1.45 2.55
v -3.95 -0.65 2.55
v -4.3 -1.45 2.55
v -4.3 -0.65 2.55
v -4.3 -0.65 1.05
v -3.95 -0.65 1.05
v -4.3 1.65 1.05
v -3.95 1.65 1.05
v -4.3 1.65 0.3
v -3.95 1.65 0.3
v -4.3 1.408579 0.058579
v -3.95 1.408579 0.058579
v -3.95 1.267157 -0.0
v -3.95 0.070566 -0.0
v -4.3 1.267157 -0.0
v -4.3 0.070566 -0.0
v -4.3 -0.105808 0.105701
v -3.95 -0.105808 0.105701
v -4.3 -0.136594 0.149658
v -3.95 -0.136594 0.149658
v -4.3 -0.176944 0.18504
v -3.95 -0.176944 0.18504
v -4.3 -0.224547 0.209817
v -3.95 -0.224547 0.209817
v -4.3 -0.276675 0.222572
v -3.95 -0.276675 0.222572
v -4.3 -0.330341 0.222572
v -3.95 -0.330341 0.222572
v -4.3 -0.382469 0.209817
v -3.95 -0.382469 0.209817
v -4.3 -0.430072 0.18504
v -3.95 -0.430072 0.18504
v -4.3 -0.470423 0.149658
v -3.95 -0.470423 0.149658
v -4.3 -0.501209 0.105701
v -3.95 -0.501209 0.105701
v -3.95 -0.677582 -0.0
v -3.95 -1.217157 0.0
v -4.3 -0.677582 -0.0
v -4.3 -1.217157 0.0
v -3.95 -1.358579 0.058579
v -3.95 -1.591421 0.291421
v -4.3 -1.358579 0.058579
v -4.3 -1.591421 0.291421
v -4.3 -1.623205 0.332843
v -4.3 -1.643185 0.381079
v -4.3 -1.643185 2.401764
v -4.3 -1.623205 2.45
v -4.3 -1.591421 2.491421
v -4.3 -1.55 2.523205
v -4.3 -1.501764 2.543185
v -4.3 0.027708 0.004646
v -4.3 -0.013158 0.018368
v -4.3 -0.050135 0.040528
v -4.3 1.367157 0.026795
v -4.3 -0.081504 0.070097
v -4.3 1.318921 0.006815
v -4.3 -0.593858 0.018368
v -4.3 -0.634725 0.004646
v -4.3 -0.556882 0.040528
v -4.3 -0.525513 0.070097
v -4.3 -1.268921 0.006815
v -4.3 -1.317157 0.026795
v -3.95 -1.55 2.523205
v -3.95 -1.591421 2.491421
v -3.95 -1.623205 2.45
v -3.95 -1.643185 0.381079
v -3.95 -1.623205 0.332843
v -3.95 -1.643185 2.401764
v -3.95 -1.501764 2.543185
v -3.95 -0.634725 0.004646
v -3.95 -1.317157 0.026795
v -3.95 -1.268921 0.006815
v -3.95 1.318921 0.006815
v -3.95 1.367157 0.026795
v -3.95 -0.593858 0.018368
v -3.95 -0.556882 0.040528
v -3.95 -0.525513 0.070097
v -3.95 -0.081504 0.070097
v -3.95 -0.050135 0.040528
v -3.95 -0.013158 0.018368
v -3.95 0.027708 0.004646
v 2.2 -0.65 1.05
v 2.2 1.65 1.05
v 1.95 -0.65 1.05
v 1.95 1.65 1.05
v 2.2 -0.65 2.55
v 1.95 -0.65 2.55
v 2.2 -1.45 2.55
v 1.95 -1.45 2.55
v 2.2 -1.65 0.432843
v 2.2 -1.65 2.35
v 1.95 -1.65 0.432843
v 1.95 -1.65 2.35
v 2.2 -1.358579 0.058579
v 2.2 -1.591421 0.291421
v 1.95 -1.358579 0.058579
v 1.95 -1.591421 0.291421
v 2.2 -0.677582 -0.0
v 2.2 -1.217157 0.0
v 1.95 -0.677582 -0.0
v 1.95 -1.217157 0.0
v 2.2 -0.501209 0.105701
v 1.95 -0.501209 0.105701
v 2.2 -0.470423 0.149658
v 1.95 -0.470423 0.149658
v 2.2 -0.430072 0.18504
v 1.95 -0.430072 0.18504
v 2.2 -0.382469 0.209817
v 1.95 -0.382469 0.209817
v 2.2 -0.330341 0.222572
v 1.95 -0.330341 0.222572
v 2.2 -0.276675 0.222572
v 1.95 -0.276675 0.222572
v 2.2 -0.224547 0.209817
v 1.95 -0.224547 0.209817
v 2.2 -0.176944 0.18504
v 1.95 -0.176944 0.18504
v 2.2 -0.136594 0.149658
v 1.95 -0.136594 0.149658
v 2.2 -0.105808 0.105701
v 1.95 -0.105808 0.105701
v 2.2 1.267157 -0.0
v 2.2 0.070566 -0.0
v 1.95 1.267157 -0.0
v 1.95 0.070566 -0.0
v 1.95 1.408579 0.058579
v 1.95 1.65 0.3
v 2.2 1.408579 0.058579
v 2.2 1.65 0.3
v 2.2 -1.623205 2.45
v 2.2 -1.643185 2.401764
v 2.2 -1.623205 0.332843
v 2.2 -1.643185 0.381079
v 2.2 -1.317157 0.026795
v 2.2 -1.268921 0.006815
v 2.2 -0.081504 0.070097
v 2.2 -0.050135 0.040528
v 2.2 -0.013158 0.018368
v 2.2 -1.591421 2.491421
v 2.2 -1.501764 2.543185
v 2.2 -1.55 2.523205
v 2.2 -0.634725 0.004646
v 2.2 -0.593858 0.018368
v 2.2 0.027708 0.004646
v 2.2 -0.556882 0.040528
v 2.2 -0.525513 0.070097
v 2.2 1.318921 0.006815
v 2.2 1.367157 0.026795
v 1.95 -1.623205 0.332843
v 1.95 -1.643185 0.381079
v 1.95 -1.643185 2.401764
v 1.95 -1.623205 2.45
v 1.95 -1.591421 2.491421
v 1.95 -1.501764 2.543185
v 1.95 -1.55 2.523205
v 1.95 0.027708 0.004646
v 1.95 -0.013158 0.018368
v 1.95 -0.050135 0.040528
v 1.95 1.367157 0.026795
v 1.95 -0.081504 0.070097
v 1.95 1.318921 0.006815
v 1.95 -0.556882 0.040528
v 1.95 -0.593858 0.018368
v 1.95 -0.525513 0.070097
v 1.95 -0.634725 0.004646
v 1.95 -1.268921 0.006815
v 1.95 -1.317157 0.026795
v -1.010789 -0.817405 5.5
v -1.010789 -0.730166 5.5
v -1.305743 -0.730166 5.5
newmtl 2
Ka 0.9019607843137255 0.8627450980392157 0.7843137254901961
Kd 0.9019607843137255 0.8627450980392157 0.7843137254901961
Ks 0.27058823529411763 0.25882352941176473 0.23529411764705882
d 0.0
endmtl
v -1.323983 -0.730166 5.5
v -1.323983 -0.642069 5.5
v -1.526658 -0.642069 5.5
v -2.138761 -0.637958 5.5
v -2.138748 -0.636148 5.5
v -2.172474 -0.636148 5.5
v -2.509965 -0.330253 5.5
v -2.466452 -0.330562 5.5
v -2.458572 0.15 5.5
v -1.501857 -0.820669 5.5
v -1.464957 -0.817405 5.5
v -1.526658 -0.817405 5.5
v -1.425214 -1.126676 5.5
v -1.431194 -1.127367 5.5
v -1.323983 -1.127367 5.5
v -1.526658 -1.123385 5.5
v -1.526658 -1.127367 5.5
v -1.513313 -1.127367 5.5
v -0.008387 -0.636148 5.5
v -0.274273 -0.636148 5.5
v -0.285807 -0.642069 5.5
v 0.495183 -0.723919 5.5
v 0.493837 -0.730166 5.5
v 2.85 -0.730166 5.5
v -0.753501 -0.890959 5.5
v -0.811029 -0.839922 5.5
v -1.010789 -1.127367 5.5
v -0.558328 -1.102199 5.5
v -0.628725 -1.019834 5.5
v -0.674235 -0.930023 5.5
v -0.689644 -0.924576 5.5
v -0.353486 -1.207049 5.5
v -0.443536 -1.174597 5.5
v -1.010789 -1.174597 5.5
v -0.462057 -1.167922 5.5
v -0.521463 -1.127367 5.5
v -0.264154 -1.217075 5.5
v -1.010789 -1.65 5.5
v -0.156452 -1.204544 5.5
v 2.85 -1.65 5.5
v -0.077293 -1.174597 5.5
v 2.85 -1.174597 5.5
v -0.056186 -1.166612 5.5
v 2.85 -1.127367 5.5
v 0.004969 -1.127367 5.5
v -0.003283 -1.134333 5.5
v 0.392846 -0.941929 5.5
v 0.370936 -0.96185 5.5
v 0.297492 -1.009404 5.5
v 0.216149 -1.037035 5.5
v 0.142681 -1.044269 5.5
v 0.047996 -1.091045 5.5
v 0.117748 -1.042736 5.5
v 0.092826 -1.039577 5.5
v 2.85 -0.817405 5.5
v 0.476833 -0.809116 5.5
v 0.472741 -0.817405 5.5
v 0.439183 -0.885389 5.5
v 0.496539 -0.695395 5.5
v 2.85 -0.642069 5.5
v 0.491277 -0.642069 5.5
v 2.85 -0.636148 5.5
v 0.490693 -0.636148 5.5
v 2.85 4.35 5.5
v 1.45 4.35 5.5
v 1.45 0.15 5.5
v -0.071597 -0.228322 5.5
v -0.023083 -0.210113 5.5
v -1.010789 4.35 5.5
v -0.44049 -0.461875 5.5
v -0.45406 -0.47091 5.5
v -0.49403 -0.599439 5.5
v -0.469087 -0.476346 5.5
v 0.088998 -0.212653 5.5
v 0.138873 -0.234065 5.5
v 0.45 0.15 5.5
v 0.181052 -0.266372 5.5
v 0.212999 -0.306426 5.5
v -0.455881 -0.349774 5.5
v -0.441344 -0.359157 5.5
v -0.174833 -0.343774 5.5
v -0.432919 -0.367566 5.5
v 0.45 4.35 5.5
v 0.029343 -0.204048 5.5
v 0.037852 -0.20427 5.5
v -0.484493 -0.478041 5.5
v -0.486602 -0.477873 5.5
v -0.493099 -0.476386 5.5
v 0.461821 -0.540726 5.5
v 0.489329 -0.622325 5.5
v -1.010789 -0.642069 5.5
v -0.886721 -0.636148 5.5
v -1.010789 -0.636148 5.5
v -0.886612 -0.632132 5.5
v -0.874818 -0.561229 5.5
v 0.234345 -0.352997 5.5
v 0.274503 -0.366145 5.5
v 0.350985 -0.407862 5.5
v 0.407121 -0.458336 5.5
v 0.417108 -0.470098 5.5
v -0.798339 -0.431755 5.5
v -0.805232 -0.438892 5.5
v -0.845808 -0.493455 5.5
v -0.740939 -0.386262 5.5
v -0.674063 -0.35568 5.5
v -0.607168 -0.34269 5.5
v -0.707679 -0.528817 5.5
v -0.731765 -0.562489 5.5
v -0.746969 -0.601045 5.5
v -0.472907 -0.636148 5.5
v -0.416779 -0.411281 5.5
v -0.41714 -0.417758 5.5
v -0.189242 -0.441092 5.5
v -0.42109 -0.434366 5.5
v -0.42912 -0.449425 5.5
v -0.115025 -0.258052 5.5
v -0.148913 -0.295556 5.5
v -0.479201 -0.343598 5.5
v -0.470336 -0.344847 5.5
v -0.423822 -0.381362 5.5
v -0.418469 -0.396162 5.5
v -0.187799 -0.397254 5.5
v -0.189088 -0.419403 5.5
v -0.497491 -0.475779 5.5
v -0.595092 -0.475087 5.5
v -0.633808 -0.482187 5.5
v -0.672236 -0.499582 5.5
v -0.704535 -0.525492 5.5
v -0.751542 -0.636148 5.5
v -0.752313 -0.642069 5.5
v -0.469499 -0.642069 5.5
v -0.752455 -0.643156 5.5
v 0.350868 -0.642069 5.5
v 0.357572 -0.665744 5.5
v -0.427608 -0.714869 5.5
v 0.359866 -0.698764 5.5
v 0.355781 -0.730166 5.5
v -0.751565 -0.661818 5.5
v -0.74176 -0.703571 5.5
v -0.727737 -0.730166 5.5
v -0.052499 -0.624836 5.5
v -0.098329 -0.59982 5.5
v -0.135895 -0.565105 5.5
v 0.125983 -0.616074 5.5
v 0.077934 -0.634025 5.5
v 0.349191 -0.636148 5.5
v 0.059579 -0.636148 5.5
v 0.026251 -0.640003 5.5
v -2.48E-4 -0.638235 5.5
v 0.342496 -0.612505 5.5
v 0.206748 -0.544894 5.5
v 0.170571 -0.58561 5.5
v 0.316725 -0.567864 5.5
v 0.278101 -0.527664 5.5
v 0.231145 -0.498299 5.5
v -0.566459 -0.817405 5.5
v 0.321422 -0.817405 5.5
v -0.567127 -0.813655 5.5
v 0.334163 -0.799349 5.5
v 0.353058 -0.751098 5.5
v -0.584479 -0.813532 5.5
v -0.721926 -0.741185 5.5
v -0.696834 -0.769646 5.5
v -0.663349 -0.793354 5.5
v -0.62559 -0.808177 5.5
v 0.04266 -0.889609 5.5
v 0.026712 -0.880769 5.5
v -0.00311 -0.943201 5.5
v -0.559744 -0.855073 5.5
v -0.531376 -0.927252 5.5
v -0.486553 -0.989204 5.5
v -0.401095 -1.053763 5.5
v -0.332798 -1.078864 5.5
v -0.462466 -1.012413 5.5
v -0.2654 -1.086924 5.5
v -0.253785 -1.086797 5.5
v -0.181511 -1.076157 5.5
v 0.091186 -0.907598 5.5
v 0.141435 -0.914118 5.5
v 0.1636 -0.913143 5.5
v -0.110801 -1.046957 5.5
v -0.050748 -1.002007 5.5
v 0.217258 -0.900937 5.5
v 0.265839 -0.875704 5.5
v 0.30382 -0.842351 5.5
v -0.878718 -0.710492 5.5
v -0.886944 -0.644371 5.5
v -0.886881 -0.642069 5.5
v -0.871378 -0.730166 5.5
v -0.853831 -0.777205 5.5
v -0.826396 -0.817405 5.5
v -2.45 4.35 5.5
v -2.45 0.15 5.5
v -2.172474 4.35 5.5
v -2.201165 -0.332443 5.5
v -2.426744 -0.40065 5.5
v -2.403826 -0.373741 5.5
v -2.434596 -0.558691 5.5
v -2.44575 -0.529591 5.5
v -2.458572 -0.636148 5.5
v -2.45064 -0.487109 5.5
v -2.372216 -0.351342 5.5
v -2.337441 -0.337921 5.5
v -2.285071 -0.331848 5.5
v -2.449597 -0.467785 5.5
v -2.44197 -0.432106 5.5
v -2.373597 -0.61771 5.5
v -2.4054 -0.595672 5.5
v -2.415835 -0.585346 5.5
v -2.203319 -0.636148 5.5
v -2.203328 -0.6375 5.5
v -2.172474 -0.642069 5.5
v -2.290354 -0.636883 5.5
v -2.458572 -0.642069 5.5
v -2.296611 -0.636148 5.5
v -2.336873 -0.631415 5.5
v -1.29895 -0.373623 5.5
v -1.298703 -0.338844 5.5
v -1.305743 -0.636148 5.5
v -1.175928 -0.609694 5.5
v -1.175236 -0.512064 5.5
v -1.293678 -0.608859 5.5
v -1.28433 -0.51129 5.5
v -1.134634 -0.340007 5.5
v -1.174988 -0.477129 5.5
v -1.17426 -0.374507 5.5
v -1.284082 -0.476355 5.5
v -1.305743 4.35 5.5
v -1.293871 -0.636148 5.5
v -1.305743 -0.642069 5.5
v -1.293913 -0.642069 5.5
v -1.293927 -0.64395 5.5
v -1.136797 -0.645065 5.5
v -1.136776 -0.642069 5.5
v -1.136734 -0.636148 5.5
v -2.172474 -1.127367 5.5
v -2.206214 -1.121448 5.5
v -2.248324 -1.121149 5.5
v -2.087861 -0.817214 5.5
v -2.087935 -0.817405 5.5
v -2.079981 -0.817405 5.5
v -2.172474 -1.034717 5.5
v -2.079981 -0.730166 5.5
v -2.131374 -0.816906 5.5
v -2.172474 -0.730166 5.5
v -2.131553 -0.817405 5.5
v -2.172474 -0.817405 5.5
v -2.172474 -0.900057 5.5
v -2.161286 -0.900136 5.5
v -2.288315 -0.899235 5.5
v -2.31817 -0.817405 5.5
v -2.318837 -0.815576 5.5
v -2.36235 -0.815268 5.5
v -2.458572 -0.730166 5.5
v -2.361553 -0.817405 5.5
v -2.458572 -0.817405 5.5
v -2.458572 -1.127367 5.5
v -1.720217 -1.127367 5.5
v -1.76017 -1.124611 5.5
v -1.793883 -1.127367 5.5
v -1.759921 -1.08952 5.5
v -1.793883 -0.817405 5.5
v -1.641231 -0.957789 5.5
v -1.640503 -0.855168 5.5
v -1.720217 -0.957229 5.5
v -1.720217 -0.854603 5.5
v -1.750325 -0.957016 5.5
v -1.765193 -0.854284 5.5
v -1.750573 -0.991951 5.5
v -1.720217 -1.089802 5.5
v -1.720217 -0.992166 5.5
v -1.642171 -1.090355 5.5
v -1.641479 -0.992724 5.5
v -1.600877 -0.820668 5.5
v -1.581525 -0.817405 5.5
v -1.720217 -0.817405 5.5
v -1.581525 -1.127367 5.5
v -1.60304 -1.125726 5.5
v -1.720217 -1.124894 5.5
v -1.764946 -0.819504 5.5
v -1.720217 -0.819822 5.5
v -1.54193 -1.118828 5.5
v -1.541638 -1.077655 5.5
v -1.475662 -0.852044 5.5
v -1.510188 -0.858247 5.5
v -1.526658 -1.084019 5.5
v -1.526658 -0.865513 5.5
v -1.538254 -1.079512 5.5
v -1.540176 -0.871476 5.5
v -1.368409 -0.905037 5.5
v -1.383129 -0.884288 5.5
v -1.389011 -0.878382 5.5
v -1.408822 -0.864131 5.5
v -1.386502 -1.063003 5.5
v -1.369767 -1.040104 5.5
v -1.407423 -1.080021 5.5
v -1.431494 -1.090951 5.5
v -1.507394 -1.091506 5.5
v -1.469869 -1.096256 5.5
v -1.354053 -0.960265 5.5
v -1.458075 -1.095869 5.5
v -1.353802 -0.971526 5.5
v -1.359278 -1.013959 5.5
v -1.430479 -0.855555 5.5
v -1.461271 -0.851604 5.5
v -1.358722 -0.929704 5.5
v -1.469731 -1.131818 5.5
v -1.470382 -1.131813 5.5
v -1.526658 -1.174597 5.5
v -1.510191 -1.128298 5.5
v -1.335023 -1.058941 5.5
v -1.357355 -1.087696 5.5
v -1.364648 -1.094576 5.5
v -1.393305 -1.114456 5.5
v -1.305743 -1.127367 5.5
v -1.320299 -1.025154 5.5
v -1.323983 -1.033609 5.5
v -1.323983 -0.904395 5.5
v -1.317118 -0.9239 5.5
v -1.305743 -0.817405 5.5
v -1.312456 -0.969479 5.5
v -1.313104 -0.985372 5.5
v -1.403937 -0.824585 5.5
v -1.375239 -0.838359 5.5
v -1.323983 -0.817405 5.5
v -1.436956 -0.81755 5.5
v -1.35082 -0.858938 5.5
v -1.346055 -0.864353 5.5
v -1.328668 -0.891084 5.5
v -1.526658 -0.730166 5.5
v -1.45533 -0.816553 5.5
v -1.439632 -0.817405 5.5
v -1.539908 -0.833734 5.5
v -1.534685 -0.831178 5.5
v -1.526658 -0.828608 5.5
v -1.1796 -1.127367 5.5
v -1.177692 -0.85845 5.5
v -1.299185 -0.857589 5.5
v -1.298939 -0.82281 5.5
v -1.138066 -0.823951 5.5
v -2.584806 -0.634795 5.5
v -2.626915 -0.634496 5.5
v -2.740941 -0.328615 5.5
v -3.45 0.15 5.5
v -2.697428 -0.328924 5.5
v -2.666906 -0.412583 5.5
v -2.539877 -0.413484 5.5
v -3.45 4.35 5.5
v -3.79547 4.35 5.5
v -3.79547 -0.636148 5.5
v -1.562174 -0.344618 5.5
v -1.562454 -0.384075 5.5
v -1.526658 -0.636148 5.5
v -1.564903 -0.508919 5.5
v -1.569326 -0.521212 5.5
v -1.576272 -0.531534 5.5
v -1.581525 -0.636148 5.5
v -1.581525 -0.373221 5.5
v -1.581525 -0.454093 5.5
v -1.576129 -0.375374 5.5
v -1.580281 -0.454927 5.5
v -1.574076 -0.461509 5.5
v -1.569579 -0.46866 5.5
v -1.565261 -0.480188 5.5
v -1.563482 -0.496053 5.5
v -1.526658 4.35 5.5
v -1.581525 -0.337653 5.5
v -1.581525 4.35 5.5
v -1.588841 -0.33502 5.5
v -1.697155 -0.431314 5.5
v -1.703696 -0.421749 5.5
v -1.700067 -0.512085 5.5
v -1.581525 -0.536261 5.5
v -1.588297 -0.542355 5.5
v -1.597559 -0.547969 5.5
v -1.720217 -0.636148 5.5
v -1.70033 -0.549203 5.5
v -1.618051 -0.555755 5.5
v -1.648776 -0.559239 5.5
v -1.675565 -0.55667 5.5
v -1.720217 4.35 5.5
v -1.696538 -0.358594 5.5
v -1.68479 -0.348271 5.5
v -1.676137 -0.343011 5.5
v -1.656066 -0.33535 5.5
v -1.621192 -0.33141 5.5
v -1.709688 -0.395197 5.5
v -1.708008 -0.380841 5.5
v -1.703478 -0.368703 5.5
v -1.644813 -0.528229 5.5
v -1.633496 -0.527461 5.5
v -1.602886 -0.499205 5.5
v -1.623255 -0.524828 5.5
v -1.614655 -0.520333 5.5
v -1.603198 -0.494119 5.5
v -1.604672 -0.488173 5.5
v -1.607388 -0.482998 5.5
v -1.611086 -0.478871 5.5
v -1.624497 -0.470353 5.5
v -1.671522 -0.524783 5.5
v -1.648071 -0.459892 5.5
v -1.693077 -0.516247 5.5
v -1.662824 -0.453801 5.5
v -1.688101 -0.439508 5.5
v -1.608854 -0.515279 5.5
v -1.605543 -0.510439 5.5
v -1.603621 -0.505294 5.5
v -1.599962 -0.365865 5.5
v -1.620894 -0.432323 5.5
v -1.598192 -0.442924 5.5
v -1.625156 -0.362575 5.5
v -1.626844 -0.362574 5.5
v -1.645909 -0.421637 5.5
v -1.646446 -0.36463 5.5
v -1.670437 -0.391732 5.5
v -1.670097 -0.396488 5.5
v -1.656332 -0.368169 5.5
v -1.659831 -0.370258 5.5
v -1.664243 -0.374119 5.5
v -1.667614 -0.379028 5.5
v -1.669594 -0.384448 5.5
v -1.668403 -0.402466 5.5
v -1.665485 -0.407553 5.5
v -1.660759 -0.412544 5.5
v -1.793883 -0.493154 5.5
v -1.829194 -0.389202 5.5
v -1.839563 -0.388817 5.5
v -1.833746 -0.371234 5.5
v -1.83476 -0.371226 5.5
v -1.836567 -0.37868 5.5
v -1.793883 -0.636148 5.5
v -1.900226 -0.552464 5.5
v -1.981611 -0.636148 5.5
v -1.93984 -0.552183 5.5
v -1.979468 -0.334016 5.5
v -1.839182 -0.302101 5.5
v -1.820583 -0.267015 5.5
v -1.806438 -0.250818 5.5
v -1.805296 -0.2498 5.5
v -1.793883 -0.241831 5.5
v -1.736323 -0.236233 5.5
v -1.736564 -0.270232 5.5
v -1.77343 -0.553364 5.5
v -1.730698 -0.553667 5.5
v -1.70792 -0.410645 5.5
v -1.758211 -0.265711 5.5
v -1.765528 -0.266299 5.5
v -1.793883 -0.389526 5.5
v -2.079981 4.35 5.5
v -1.793883 4.35 5.5
v -1.791909 -0.240453 5.5
v -1.776833 -0.234708 5.5
v -1.760942 -0.232939 5.5
v -1.752248 -0.233323 5.5
v -1.744362 -0.267615 5.5
v -1.773955 -0.268866 5.5
v -1.781143 -0.273191 5.5
v -1.789153 -0.281352 5.5
v -1.793883 -0.289668 5.5
v -1.797575 -0.296158 5.5
v -1.814622 -0.335653 5.5
v -2.138512 -0.602867 5.5
v -2.143784 -0.367631 5.5
v -2.143537 -0.332852 5.5
v -2.079981 -0.333303 5.5
v -2.019822 -0.471137 5.5
v -2.019094 -0.368515 5.5
v -2.079981 -0.47071 5.5
v -2.079981 -0.368083 5.5
v -2.128916 -0.470363 5.5
v -2.129164 -0.505298 5.5
v -2.079981 -0.505647 5.5
v -2.079981 -0.603283 5.5
v -2.020762 -0.603703 5.5
v -2.02007 -0.506072 5.5
v -2.079981 -0.642069 5.5
v -2.079981 -0.638375 5.5
v -1.981631 -0.639073 5.5
v -1.793883 -0.642069 5.5
v -1.343684 -0.431375 5.5
v -1.351384 -0.442273 5.5
v -1.357738 -0.503907 5.5
v -1.452658 -0.348948 5.5
v -1.438601 -0.340003 5.5
v -1.472131 -0.337614 5.5
v -1.422866 -0.334729 5.5
v -1.40433 -0.332948 5.5
v -1.510341 -0.337343 5.5
v -1.47237 -0.371301 5.5
v -1.471356 -0.371308 5.5
v -1.464886 -0.361695 5.5
v -1.363147 -0.452348 5.5
v -1.379457 -0.460575 5.5
v -1.384363 -0.520356 5.5
v -1.408481 -0.467518 5.5
v -1.442513 -0.528256 5.5
v -1.429355 -0.529757 5.5
v -1.408357 -0.527903 5.5
v -1.358001 -0.541025 5.5
v -1.323983 -0.636148 5.5
v -1.338361 -0.417928 5.5
v -1.494802 -0.536605 5.5
v -1.502569 -0.524286 5.5
v -1.380743 -0.335964 5.5
v -1.366265 -0.341721 5.5
v -1.323983 4.35 5.5
v -1.342017 -0.36654 5.5
v -1.337471 -0.379478 5.5
v -1.33569 -0.396913 5.5
v -1.335824 -0.401432 5.5
v -1.455771 -0.558607 5.5
v -1.471941 -0.553652 5.5
v -1.484637 -0.546361 5.5
v -1.39879 -0.333124 5.5
v -1.508476 -0.507009 5.5
v -1.511335 -0.477551 5.5
v -1.354076 -0.350461 5.5
v -1.349886 -0.354762 5.5
v -1.473113 -0.476106 5.5
v -1.471955 -0.492696 5.5
v -1.468129 -0.506458 5.5
v -1.463718 -0.514403 5.5
v -1.365663 -0.545403 5.5
v -1.394107 -0.556269 5.5
v -1.433162 -0.560768 5.5
v -1.458012 -0.520621 5.5
v -1.451294 -0.525069 5.5
v -1.720217 -0.642069 5.5
v -1.581525 -0.642069 5.5
v -1.581525 -0.730166 5.5
v -1.720217 -0.730166 5.5
v -1.793883 -0.730166 5.5
v -1.179609 -1.128729 5.5
v -1.305743 -1.174597 5.5
v -1.140229 -1.129008 5.5
v -1.140218 -1.127367 5.5
v -2.071005 -0.954438 5.5
v -2.063379 -0.918759 5.5
v -2.056004 -1.045344 5.5
v -2.067159 -1.016243 5.5
v -2.079981 -1.127367 5.5
v -2.072049 -0.973762 5.5
v -2.048152 -0.887302 5.5
v -2.025234 -0.860394 5.5
v -1.993625 -0.837995 5.5
v -1.911762 -1.123536 5.5
v -1.958282 -1.118068 5.5
v -1.995006 -1.104362 5.5
v -1.95885 -0.824573 5.5
v -1.90648 -0.818501 5.5
v -1.822573 -0.819096 5.5
v -1.824737 -1.124153 5.5
v -2.026808 -1.082324 5.5
v -2.037244 -1.071999 5.5
v -3.79547 -0.642069 5.5
v -3.79547 -0.730166 5.5
v -3.79547 -0.817405 5.5
v -3.79547 -1.127367 5.5
v -4.85 4.35 5.5
v -4.85 -0.636148 5.5
v -4.85 -0.642069 5.5
v -4.85 -0.730166 5.5
v -4.85 -0.817405 5.5
v -4.85 -1.127367 5.5
v -1.323983 -1.174597 5.5
v -1.581525 -1.174597 5.5
v -1.720217 -1.174597 5.5
v -1.793883 -1.174597 5.5
v -2.079981 -1.174597 5.5
v -2.172474 -1.174597 5.5
v -2.458572 -1.174597 5.5
v -3.79547 -1.174597 5.5
v -4.85 -1.174597 5.5
v -1.305743 -1.65 5.5
v -1.323983 -1.65 5.5
v -1.526658 -1.65 5.5
v -1.581525 -1.65 5.5
v -1.720217 -1.65 5.5
v -1.793883 -1.65 5.5
v -2.079981 -1.65 5.5
v -2.172474 -1.65 5.5
v -2.458572 -1.65 5.5
v -3.79547 -1.65 5.5
v -4.85 -1.65 5.5
v 1.45 3.35 0.5
v -1.787059 3.35 2.911704
v -3.45 3.35 0.5
v -1.8 3.35 2.91
v -2.2 3.35 2.91
v -0.55 3.35 4.4
v -2.225 3.35 3.403301
v -2.212941 3.35 3.408296
v -0.235355 3.35 2.924645
v -0.243301 3.35 2.935
v -2.25 3.35 3.36
v -2.248296 3.35 3.372941
v -3.45 3.35 4.4
v -2.2 3.35 3.41
v -1.8 3.35 3.41
v -1.787059 3.35 3.408296
v -2.212941 3.35 2.911704
v -2.225 3.35 2.916699
v -2.235355 3.35 2.924645
v -2.243301 3.35 3.385
v -2.235355 3.35 3.395355
v 0.2 3.35 2.91
v -0.2 3.35 2.91
v -0.212941 3.35 2.911704
v -0.225 3.35 2.916699
v 1.45 3.35 4.4
v -0.212941 3.35 3.408296
v -0.2 3.35 3.41
v -1.756699 3.35 2.935
v -1.764645 3.35 2.924645
v -1.775 3.35 2.916699
v 0.2 3.35 3.41
v 0.212941 3.35 3.408296
v 0.225 3.35 3.403301
v 0.235355 3.35 3.395355
v 0.243301 3.35 3.385
v 0.248296 3.35 3.372941
v 0.243301 3.35 2.935
v 0.235355 3.35 2.924645
v -2.243301 3.35 2.935
v -2.248296 3.35 2.947059
v -2.25 3.35 2.96
v -0.55 3.35 5.1
v -1.45 3.35 5.1
v -1.45 3.35 4.4
v -2.45 3.35 4.4
v -0.225 3.35 3.403301
v -1.751704 3.35 3.372941
v -0.235355 3.35 3.395355
v -0.243301 3.35 3.385
v -1.775 3.35 3.403301
v -1.764645 3.35 3.395355
v 0.45 3.35 4.4
v -1.756699 3.35 3.385
v 0.225 3.35 2.916699
v 0.212941 3.35 2.911704
v 0.25 3.35 3.36
v 0.25 3.35 2.96
v 0.248296 3.35 2.947059
v -0.248296 3.35 3.372941
v -1.75 3.35 3.36
v -0.25 3.35 3.36
v -1.751704 3.35 2.947059
v -0.248296 3.35 2.947059
v -0.25 3.35 2.96
v -1.75 3.35 2.96
v 0.3 3.85 2.55
v 2.25 3.85 2.55
v 2.25 3.85 0.75
v 0.3 3.85 0.75
v 0.3 3.85 0.15
v -0.3 3.85 0.15
v -1.7 3.85 3.41
v -1.773496 3.85 3.402397
v -1.784198 3.85 3.407437
v -0.3 3.85 0.75
v -1.7 3.85 0.75
v -1.7 3.85 2.55
v -1.760957 3.85 3.391235
v -1.76489 3.85 3.395106
v -1.769387 3.85 3.399533
v 0.3 3.85 3.41
v 0.226504 3.85 3.402397
v 0.215802 3.85 3.407437
v -1.787075 3.85 3.408238
v -1.789024 3.85 3.40878
v -1.8 3.85 3.41
v -0.226504 3.85 2.917603
v -0.215802 3.85 2.912563
v -0.3 3.85 2.55
v 0.239044 3.85 3.391235
v 0.23511 3.85 3.395106
v 0.230613 3.85 3.399533
v -2.2 3.85 3.41
v -2.211746 3.85 3.408601
v -2.3 3.85 3.41
v -2.212928 3.85 3.408252
v -2.21655 3.85 3.407182
v -1.7 3.85 0.15
v -2.3 3.85 0.15
v -2.3 3.85 0.75
v -4.25 3.85 0.75
v -2.3 3.85 2.55
v -4.25 3.85 2.55
v 0.212925 3.85 3.408238
v 0.210976 3.85 3.40878
v 0.2 3.85 3.41
v -2.248252 3.85 2.947072
v -2.247181 3.85 2.94345
v -2.230613 3.85 2.920467
v -2.23511 3.85 2.924894
v -2.239043 3.85 2.928765
v -1.788254 3.85 2.911399
v -1.787072 3.85 2.911748
v -0.2 3.85 3.41
v -0.211746 3.85 3.408601
v -0.3 3.85 3.41
v -0.212928 3.85 3.408252
v -0.21655 3.85 3.407182
v -2.243089 3.85 2.935104
v -2.241973 3.85 2.932829
v -2.226504 3.85 2.917603
v -2.215802 3.85 2.912563
v -2.212925 3.85 2.911762
v -1.78345 3.85 2.912818
v -1.775104 3.85 2.916911
v -1.772829 3.85 2.918027
v -0.248252 3.85 2.947072
v -0.247181 3.85 2.94345
v -0.239044 3.85 2.928765
v -0.23511 3.85 2.924894
v -0.230613 3.85 2.920467
v 0.2 3.85 2.91
v 0.211746 3.85 2.911399
v 0.212928 3.85 2.911748
v -2.224896 3.85 3.403089
v -2.227171 3.85 3.401973
v -2.231235 3.85 3.399044
v -1.752819 3.85 3.37655
v -1.751748 3.85 3.372928
v -1.751399 3.85 3.371746
v -1.756911 3.85 3.384896
v -1.758027 3.85 3.387171
v -0.243089 3.85 2.935104
v -0.241973 3.85 2.932829
v 0.21655 3.85 2.912818
v 0.224896 3.85 2.916911
v 0.227171 3.85 2.918027
v -2.235106 3.85 3.39511
v -2.239533 3.85 3.390613
v -2.242398 3.85 3.386504
v -2.210976 3.85 2.91122
v -2.2 3.85 2.91
v -1.8 3.85 2.91
v -0.224896 3.85 3.403089
v -0.227171 3.85 3.401973
v -0.231235 3.85 3.399044
v -0.212925 3.85 2.911762
v -0.210976 3.85 2.91122
v -0.2 3.85 2.91
v 0.247181 3.85 3.37655
v 0.248252 3.85 3.372928
v 0.248601 3.85 3.371746
v 0.243089 3.85 3.384896
v 0.241973 3.85 3.387171
v -2.247437 3.85 3.375802
v -2.248238 3.85 3.372925
v -2.24878 3.85 3.370976
v -1.768765 3.85 2.920957
v -1.764894 3.85 2.92489
v -1.760467 3.85 2.929387
v -1.757602 3.85 2.933496
v -1.752563 3.85 2.944198
v -1.751762 3.85 2.947075
v -1.75122 3.85 2.949024
v -1.75 3.85 2.96
v -1.75 3.85 3.36
v -0.235106 3.85 3.39511
v -0.239533 3.85 3.390613
v -0.242398 3.85 3.386504
v -0.247437 3.85 3.375802
v -0.248238 3.85 3.372925
v -0.24878 3.85 3.370976
v 0.231235 3.85 2.920957
v 0.235106 3.85 2.92489
v 0.239533 3.85 2.929387
v 0.242398 3.85 2.933496
v 0.247437 3.85 2.944198
v 0.248238 3.85 2.947075
v 0.24878 3.85 2.949024
v 0.25 3.85 2.96
v 0.25 3.85 3.36
v -2.25 3.85 3.36
v -2.25 3.85 2.96
v -2.2486 3.85 2.948254
v -0.25 3.85 3.36
v -0.25 3.85 2.96
v -0.248601 3.85 2.948254
v -1.7 4.35 0.75
v -0.3 4.35 0.75
v -1.7 4.35 0.15
v -0.3 4.35 0.15
v -1.7 4.35 2.55
v -0.3 4.35 2.55
v 0.3 4.35 0.15
v 0.3 4.35 0.75
v 0.65 4.35 0.15
v 2.25 4.35 0.75
v 0.65 4.35 0.1
v 0.724118 4.35 0.003407
v 0.7 4.35 0.013397
v 0.75 4.35 0.0
v 0.679289 4.35 0.029289
v 0.663397 4.35 0.05
v 2.25 4.35 0.0
v 0.653407 4.35 0.074118
v 0.3 4.35 2.55
v 2.25 4.35 2.55
v 0.45 4.35 4.4
v 1.45 4.35 4.4
v 2.25 4.35 3.8
v -1.85 4.35 4.4
v 0.3 4.35 3.41
v -0.3 4.35 3.41
v -0.15 4.35 4.4
v 2.95 4.35 5.4
v 2.95 4.35 3.8
v -2.3 4.35 3.41
v -3.45 4.35 4.4
v -1.7 4.35 3.41
v -2.45 4.35 4.4
v 2.920711 4.35 5.470711
v 2.936603 4.35 5.45
v 2.9 4.35 5.486602
v 2.875882 4.35 5.496593
v 2.946593 4.35 5.425882
v -0.15 4.35 5.0
v -1.85 4.35 5.0
v -4.95 4.35 3.8
v -4.95 4.35 5.4
v -4.25 4.35 3.8
v -4.25 4.35 2.55
v -2.3 4.35 2.55
v -4.920711 4.35 5.470711
v -4.9 4.35 5.486602
v -4.936603 4.35 5.45
v -4.875882 4.35 5.496593
v -4.946593 4.35 5.425882
v -2.3 4.35 0.75
v -2.3 4.35 0.15
v -4.25 4.35 0.75
v -2.65 4.35 0.15
v -4.25 4.35 0.0
v -2.65 4.35 0.1
v -2.653407 4.35 0.074118
v -2.663398 4.35 0.05
v -2.679289 4.35 0.029289
v -2.7 4.35 0.013397
v -2.724118 4.35 0.003407
v -2.75 4.35 0.0
v 2.95 -1.65 5.4
v 2.95 -1.65 3.5
v 2.95 -0.65 2.85
v 2.95 -0.65 1.05
v 2.95 0.45 2.85
v 2.95 1.65 1.05
v 2.95 1.65 0.1
v 2.95 5.95 0.1
v 2.95 5.95 3.0
v 2.95 0.45 3.5
v -4.95 5.95 0.1
v -4.95 1.65 0.1
v -4.95 1.65 1.05
v -4.95 -0.65 1.05
v -4.95 -0.65 2.85
v -4.95 0.45 2.85
v -4.95 -1.65 3.5
v -4.95 -1.65 5.4
v -4.95 0.45 3.5
v -4.95 5.95 3.0
v 1.543262 -1.65 2.85
v 1.543262 -1.65 0.406738
v 1.95 -1.65 2.85
v 1.55 -1.65 0.4
v 1.95 -1.65 0.4
v -3.543262 -1.65 2.85
v -3.95 -1.65 2.85
v -3.543262 -1.65 0.406738
v -3.95 -1.65 0.4
v -2.65 -1.65 0.15
v -3.55 -1.65 0.4
v -2.65 -1.65 0.1
v -3.55 -1.65 0.0
v -2.75 -1.65 0.0
v -2.653407 -1.65 0.074118
v -2.663398 -1.65 0.05
v -2.679289 -1.65 0.029289
v 0.65 -1.65 0.15
v 0.65 -1.65 0.1
v 1.55 -1.65 0.0
v -2.724118 -1.65 0.003407
v -2.7 -1.65 0.013397
v 0.7 -1.65 0.013397
v 0.724118 -1.65 0.003407
v 0.75 -1.65 0.0
v 0.653407 -1.65 0.074118
v 0.663397 -1.65 0.05
v 0.679289 -1.65 0.029289
v 1.55 1.65 0.0
v 2.85 1.65 0.0
v 2.85 5.95 0.0
v 2.25 5.95 0.0
v -3.659775 -1.65 3.5
v -3.659775 -1.65 4.609775
v -4.946593 -1.65 5.425882
v -1.659775 -1.65 4.609775
v -1.659775 -1.65 5.309775
v -4.875882 -1.65 5.496593
v -4.9 -1.65 5.486602
v -0.340225 -1.65 5.309775
v -0.340225 -1.65 4.609775
v 1.659775 -1.65 4.609775
v 1.659775 -1.65 3.5
v -4.920711 -1.65 5.470711
v -4.936603 -1.65 5.45
v 2.920711 -1.65 5.470711
v 2.9 -1.65 5.486602
v 2.875882 -1.65 5.496593
v 2.946593 -1.65 5.425882
v 2.936603 -1.65 5.45
v -3.55 1.65 0.0
v -4.85 5.95 0.0
v -4.25 5.95 0.0
v -4.85 1.65 0.0
v -3.45 0.15 4.4
v -3.45 -1.45 2.85
v -3.45 -1.45 0.5
v -3.45 0.45 2.85
v -3.45 0.45 3.5
v -3.45 -1.4 3.5
v -3.45 -1.4 4.4
v -2.45 0.15 4.4
v -1.45 -1.4 4.4
v -1.45 -1.4 5.1
v -0.55 -1.4 5.1
v -0.55 -1.4 4.4
v 1.45 0.15 4.4
v 1.45 -1.4 4.4
v 0.45 0.15 4.4
v 1.45 -1.4 3.5
v 1.45 0.45 3.5
v 1.45 -1.45 0.5
v 1.45 -1.45 2.85
v 1.45 0.45 2.85
v 1.95 -0.65 2.85
v -3.95 -0.65 2.85
v -3.95 1.65 0.4
v -3.55 1.65 0.4
v -4.946593 1.65 0.074118
v -4.875882 1.65 0.003407
v -4.9 1.65 0.013397
v -4.936603 1.65 0.05
v -4.920711 1.65 0.029289
v 1.55 1.65 0.4
v 1.95 1.65 0.4
v 2.947493 1.65 0.077748
v 2.940097 1.65 0.056612
v 2.872252 1.65 0.002507
v 2.893388 1.65 0.009903
v 2.912349 1.65 0.021817
v 2.928183 1.65 0.037651
v 2.25 5.95 3.0
v 2.947493 5.95 0.077748
v 2.872252 5.95 0.002507
v 2.940097 5.95 0.056612
v 2.928183 5.95 0.037651
v 2.893388 5.95 0.009903
v 2.912349 5.95 0.021817
v -4.25 5.95 3.0
v -4.875882 5.95 0.003407
v -4.946593 5.95 0.074118
v -4.9 5.95 0.013397
v -4.920711 5.95 0.029289
v -4.936603 5.95 0.05
v -0.15 3.85 4.4
v -0.15 3.85 5.0
v -1.85 3.85 5.0
v -1.85 3.85 4.4
v -0.2 4.099897 2.667156
v 0.2 4.099897 2.667156
v -0.2 4.095443 2.707036
v 0.2 4.095438 2.707059
v -0.2 4.089763 2.726153
v 0.2 4.089764 2.726153
v -0.2 4.08164 2.753497
v 0.2 4.081631 2.753519
v -0.2 4.067045 2.783228
v 0.2 4.067043 2.783228
v -0.2 4.065417 2.786544
v 0.2 4.065405 2.786564
v -0.2 4.037533 2.825285
v 0.2 4.037519 2.825302
v -0.2 4.03287 2.830191
v 0.2 4.032872 2.830193
v -0.2 4.024168 2.839347
v 0.2 4.024229 2.839289
v -0.2 3.986595 2.869357
v 0.2 3.986665 2.869311
v -0.2 3.985398 2.870005
v 0.2 3.985394 2.869999
v -0.2 3.950229 2.889027
v 0.2 3.950287 2.889002
v -0.2 3.920459 2.899778
v 0.2 3.920459 2.899781
v -0.2 3.906999 2.904639
v 0.2 3.907059 2.904624
v -0.2 3.881439 2.907747
v 0.2 3.881439 2.907746
v -0.2 3.86477 2.909774
v 0.2 3.864816 2.909772
v 0.25 4.144513 2.716638
v 0.25 4.149877 2.668587
v 0.25 4.549713 2.680036
v 0.25 3.880003 3.359129
v 0.25 3.866452 2.959745
v 0.25 3.927647 3.354848
v 0.25 3.919066 2.953161
v 0.25 4.014 2.911178
v 0.25 4.191171 3.271169
v 0.25 3.970365 2.934793
v 0.25 4.109097 3.310282
v 0.25 4.021025 3.33785
v 0.25 4.541122 2.7699
v 0.25 4.52434 2.84607
v 0.25 4.127985 2.772264
v 0.25 4.493528 2.933887
v 0.25 4.108577 2.811788
v 0.25 4.451947 3.01634
v 0.25 4.424034 3.060037
v 0.25 4.075101 2.85828
v 0.25 4.367642 3.131147
v 0.25 4.059074 2.875146
v 0.25 4.337863 3.161986
v 0.25 4.267623 3.221707
v 0.2 4.599693 2.681467
v -0.2 4.599693 2.681467
v 0.2 4.590475 2.777922
v -0.2 4.590475 2.777922
v 0.2 4.573131 2.856646
v -0.2 4.57313 2.856645
v 0.2 4.5725 2.85951
v -0.2 4.572493 2.859537
v 0.2 4.539532 2.953474
v -0.2 4.539521 2.953499
v 0.2 4.504986 3.021977
v -0.2 4.504985 3.021976
v 0.2 4.495041 3.041696
v -0.2 4.495028 3.041719
v 0.2 4.465153 3.088485
v -0.2 4.465137 3.088506
v 0.2 4.404689 3.164726
v -0.2 4.404672 3.164745
v 0.2 4.399302 3.170304
v -0.2 4.399303 3.170304
v -0.2 4.397441 3.172233
v 0.2 4.39744 3.172232
v 0.2 4.37271 3.197842
v -0.2 4.372685 3.197866
v 0.2 4.297432 3.261849
v -0.2 4.297407 3.261868
v 0.2 4.261222 3.285277
v -0.2 4.261222 3.285277
v 0.2 4.215569 3.314812
v -0.2 4.215547 3.314825
v 0.2 4.127542 3.356755
v -0.2 4.127509 3.356768
v 0.2 4.10292 3.364471
v -0.2 4.102921 3.364472
v 0.2 4.032824 3.386438
v -0.2 4.032786 3.386447
v 0.2 3.933727 3.404476
v -0.2 3.933692 3.404481
v 0.2 3.93091 3.40473
v -0.2 3.93091 3.404731
v 0.2 3.882746 3.409054
v -0.2 3.88272 3.409055
v 0.2 3.8781 3.409188
v -0.2 3.8781 3.409189
v -0.25 3.8664 2.959747
v -0.25 3.879979 3.359131
v -0.25 3.927613 3.354852
v -0.25 3.918985 2.953181
v -0.25 4.020989 3.337859
v -0.25 3.970296 2.934823
v -0.25 4.549713 2.680036
v -0.25 4.149877 2.668587
v -0.25 4.541122 2.7699
v -0.25 4.144518 2.71661
v -0.25 4.524333 2.846094
v -0.25 4.127995 2.772237
v -0.25 4.075119 2.858259
v -0.25 4.42402 3.060057
v -0.25 4.108591 2.811764
v -0.25 4.451934 3.016362
v -0.25 4.493518 2.933911
v -0.25 4.109067 3.310294
v -0.25 4.19115 3.271181
v -0.25 4.013915 2.911233
v -0.25 4.2676 3.221724
v -0.25 4.059002 2.875217
v -0.25 4.337839 3.162009
v -0.25 4.367626 3.131165
v -0.2 4.155409 0.728533
v 0.2 4.155409 0.728533
v 0.25 4.605225 0.741413
v 0.25 4.205389 0.729964
v -0.2 4.655205 0.742844
v 0.2 4.655205 0.742844
v -0.25 4.205389 0.729964
v -0.25 4.605225 0.741413
v 0.2 4.173409 0.585305
v -0.2 4.173409 0.585305
v 0.2 4.188434 0.539627
v -0.2 4.188434 0.539627
v 0.2 4.218514 0.448178
v -0.2 4.218514 0.448178
v 0.2 4.265557 0.364185
v -0.2 4.265557 0.364185
v 0.2 4.289055 0.322232
v -0.2 4.289055 0.322232
v 0.2 4.382417 0.212134
v -0.2 4.382417 0.212134
v 0.2 4.495143 0.121961
v -0.2 4.495143 0.121961
v 0.2 4.537751 0.099674
v -0.2 4.537751 0.099674
v 0.2 4.623056 0.055054
v -0.2 4.623056 0.055054
v 0.2 4.715329 0.027603
v -0.2 4.715329 0.027603
v 0.2 4.761418 0.013892
v -0.2 4.761418 0.013892
v 0.2 4.905102 -0.0
v -0.2 4.905102 -0.0
v 0.25 4.61726 0.665464
v 0.25 4.905102 0.05
v 0.25 4.905102 0.45
v 0.25 4.770997 0.062966
v 0.25 4.82884 0.459855
v 0.25 4.64186 0.101384
v 0.25 4.757588 0.488773
v 0.25 4.222188 0.596284
v 0.25 4.264287 0.468299
v 0.25 4.648204 0.595069
v 0.25 4.330125 0.35075
v 0.25 4.696028 0.534853
v 0.25 4.417263 0.247991
v 0.25 4.522473 0.16383
v 0.2 4.905102 0.5
v -0.2 4.905102 0.5
v 0.2 4.84155 0.508213
v -0.2 4.84155 0.508213
v 0.2 4.782174 0.532311
v -0.2 4.782174 0.532311
v 0.2 4.730874 0.570711
v -0.2 4.730874 0.570711
v 0.2 4.691021 0.620891
v -0.2 4.691021 0.620891
v 0.2 4.665233 0.679554
v -0.2 4.665233 0.679554
v -0.25 4.82884 0.459855
v -0.25 4.905102 0.45
v -0.25 4.905102 0.05
v -0.25 4.222188 0.596284
v -0.25 4.61726 0.665464
v -0.25 4.264287 0.468299
v -0.25 4.648204 0.595069
v -0.25 4.770997 0.062966
v -0.25 4.64186 0.101384
v -0.25 4.757588 0.488773
v -0.25 4.522473 0.16383
v -0.25 4.696028 0.534853
v -0.25 4.417263 0.247991
v -0.25 4.330125 0.35075
v -0.2 6.55 -0.0
v 0.2 6.55 -0.0
v 0.25 6.55 0.45
v 0.25 6.55 0.05
v 0.2 6.55 0.5
v -0.2 6.55 0.5
v -0.25 6.55 0.05
v -0.25 6.55 0.45
v -0.14282 6.95 0.155476
v -0.14282 6.95 0.344524
v -0.094524 6.95 0.39282
v 0.136452 6.95 0.368915
v 0.139205 6.95 0.363244
v 0.113244 6.95 0.389205
v 0.094524 6.95 0.39282
v 0.14282 6.95 0.344524
v 0.094524 6.95 0.10718
v 0.14282 6.95 0.155476
v 0.107225 6.95 0.108797
v 0.118915 6.95 0.113548
v 0.113244 6.95 0.110795
v 0.139205 6.95 0.136756
v -0.094524 6.95 0.10718
v 0.107225 6.95 0.391203
v 0.141203 6.95 0.357225
v -0.118915 6.95 0.386452
v -0.113244 6.95 0.389205
v -0.136452 6.95 0.368915
v -0.139205 6.95 0.363244
v -0.141203 6.95 0.357225
v -0.107225 6.95 0.391203
v 0.141203 6.95 0.142775
v -0.136452 6.95 0.131085
v -0.139205 6.95 0.136756
v -0.118915 6.95 0.113548
v -0.113244 6.95 0.110795
v -0.107225 6.95 0.108797
v -0.141203 6.95 0.142775
v 0.118915 6.95 0.386452
v 0.12415 6.95 0.382988
v 0.132988 6.95 0.37415
v 0.128865 6.95 0.378865
v -0.12415 6.95 0.382988
v -0.132988 6.95 0.37415
v -0.128865 6.95 0.378865
v 0.136452 6.95 0.131085
v 0.132988 6.95 0.12585
v 0.12415 6.95 0.117012
v 0.128865 6.95 0.121135
v -0.132988 6.95 0.12585
v -0.12415 6.95 0.117012
v -0.128865 6.95 0.121135
v 0.2 -0.75 2.91
v -0.2 -0.75 2.91
v 0.2 -0.035616 2.91
v -0.2 -0.035616 2.91
v 0.2 0.613254 2.91
v -0.2 0.613254 2.91
v 0.2 1.3 2.91
v -0.2 1.3 2.91
v 0.2 2.663254 2.91
v -0.2 2.663254 2.91
v 0.2 3.119807 2.91
v -0.2 3.119807 2.91
v -0.25 3.121717 3.36
v -0.25 3.119807 2.96
v -0.25 2.369629 3.36
v -0.25 1.3 3.36
v -0.25 1.3 2.96
v -0.25 -0.75 3.36
v -0.25 -0.035616 2.96
v -0.25 -0.75 2.96
v 0.2 3.121717 3.41
v -0.2 3.121717 3.41
v 0.2 2.663254 3.41
v -0.2 2.663254 3.41
v 0.2 2.369629 3.41
v -0.2 2.369629 3.41
v 0.2 1.3 3.41
v -0.2 1.3 3.41
v 0.2 0.613254 3.41
v -0.2 0.613254 3.41
v -0.2 -0.75 3.41
v 0.2 -0.75 3.41
v 0.25 3.121717 3.36
v 0.25 3.119807 2.96
v 0.25 2.369629 3.36
v 0.25 1.3 2.96
v 0.25 1.3 3.36
v 0.25 -0.035616 2.96
v 0.25 -0.75 3.36
v 0.25 -0.75 2.96
v 0.14282 -1.15 3.065476
v 0.14282 -1.15 3.254524
v -0.14282 -1.15 3.254524
v 0.118915 -1.15 3.296452
v 0.113244 -1.15 3.299205
v 0.139205 -1.15 3.273244
v -0.094524 -1.15 3.30282
v 0.094524 -1.15 3.30282
v 0.107225 -1.15 3.301203
v -0.14282 -1.15 3.065476
v -0.094524 -1.15 3.01718
v 0.094524 -1.15 3.01718
v 0.141203 -1.15 3.267225
v -0.136452 -1.15 3.278915
v -0.139205 -1.15 3.273244
v -0.113244 -1.15 3.299205
v -0.141203 -1.15 3.052775
v -0.113244 -1.15 3.020795
v -0.107225 -1.15 3.018797
v -0.139205 -1.15 3.046756
v -0.136452 -1.15 3.041085
v -0.118915 -1.15 3.023548
v -0.107225 -1.15 3.301203
v -0.141203 -1.15 3.267225
v 0.136452 -1.15 3.041085
v 0.139205 -1.15 3.046756
v 0.118915 -1.15 3.023548
v 0.113244 -1.15 3.020795
v 0.107225 -1.15 3.018797
v 0.141203 -1.15 3.052775
v 0.136452 -1.15 3.278915
v 0.132988 -1.15 3.28415
v 0.12415 -1.15 3.292988
v 0.128865 -1.15 3.288865
v -0.12415 -1.15 3.027012
v -0.132988 -1.15 3.03585
v -0.128865 -1.15 3.031135
v -0.118915 -1.15 3.296452
v -0.12415 -1.15 3.292988
v -0.132988 -1.15 3.28415
v -0.128865 -1.15 3.288865
v 0.132988 -1.15 3.03585
v 0.12415 -1.15 3.027012
v 0.128865 -1.15 3.031135
v 0.201676 -0.750105 2.910028
v -0.201676 -0.750105 2.910028
v -0.249972 -0.750105 2.958324
v -0.249972 -0.750105 3.361676
v 0.249972 -0.750105 3.361676
v 0.249972 -0.750105 2.958324
v -0.201676 -0.750105 3.409972
v 0.201676 -0.750105 3.409972
v 0.201676 6.550105 0.499972
v -0.201676 6.550105 0.499972
v 0.249972 6.550105 0.048324
v 0.249972 6.550105 0.451676
v -0.249972 6.550105 0.451676
v -0.249972 6.550105 0.048324
v -0.201676 6.550105 2.8E-5
v 0.201676 6.550105 2.8E-5
v -0.212941 3.907407 2.906293
v -0.225 3.864989 2.916469
v -0.243301 3.865585 2.93476
v -0.248296 3.865978 2.946813
v -0.235355 3.865248 2.92441
v -0.212941 3.864826 2.911476
v -0.212941 3.950912 2.890587
v -0.212941 3.987526 2.870784
v -0.212941 4.025355 2.840569
v -0.212941 4.038814 2.826408
v -0.212941 4.066888 2.787403
v -0.212941 4.08322 2.754135
v -0.248296 3.915883 2.940618
v -0.248296 3.965102 2.92297
v -0.248296 4.006844 2.900395
v -0.248296 4.049986 2.865933
v -0.248296 4.065391 2.849725
v -0.248296 4.097416 2.805237
v -0.248296 4.115997 2.767387
v -0.248296 4.131816 2.714132
v -0.243301 3.912992 2.92891
v -0.235355 3.91051 2.918857
v -0.243301 3.960262 2.911925
v -0.235355 3.956106 2.90244
v -0.243301 4.000255 2.890295
v -0.235355 3.994597 2.881623
v -0.243301 4.041585 2.857282
v -0.235355 4.03437 2.849853
v -0.243301 4.056326 2.841772
v -0.235355 4.048542 2.834943
v -0.243301 4.087004 2.799154
v -0.235355 4.078062 2.793931
v -0.243301 4.104818 2.762867
v -0.235355 4.095217 2.758986
v -0.243301 4.11998 2.711823
v -0.235355 4.109817 2.709841
v -0.225 3.908605 2.911143
v -0.225 3.952917 2.895162
v -0.225 3.990255 2.874968
v -0.225 4.028835 2.844153
v -0.225 4.042569 2.829703
v -0.225 4.071201 2.789923
v -0.225 4.087851 2.756007
v -0.225 4.102018 2.708319
v -0.212941 4.097115 2.707363
v -0.248539 4.138783 2.668269
v -0.248296 4.136941 2.668217
v -0.244726 4.128325 2.66797
v -0.243301 4.124887 2.667871
v -0.238759 4.11897 2.667702
v -0.235355 4.114536 2.667575
v -0.230919 4.111134 2.667478
v -0.225 4.106594 2.667347
v -0.221561 4.105169 2.667307
v -0.212941 4.101601 2.667204
v -0.211099 4.101358 2.667197
v -0.211099 4.15687 0.728575
v -0.212941 4.157113 0.728581
v -0.221561 4.160682 0.728684
v -0.225 4.162106 0.728724
v -0.230919 4.166646 0.728854
v -0.235355 4.170048 0.728952
v -0.238759 4.174482 0.729079
v -0.243301 4.180399 0.729248
v -0.244726 4.183837 0.729347
v -0.248296 4.192453 0.729593
v -0.248539 4.194295 0.729646
v -0.211099 4.905102 0.001461
v -0.212941 4.761744 0.015564
v -0.212941 4.905102 0.001704
v -0.212941 4.496074 0.123387
v -0.212941 4.623697 0.056633
v -0.212941 4.175071 0.585679
v -0.212941 4.220074 0.448863
v -0.212941 4.383605 0.213355
v -0.212941 4.290454 0.323204
v -0.230919 4.905102 0.011241
v -0.225 4.905102 0.006699
v -0.225 4.762701 0.020467
v -0.221561 4.905102 0.005274
v -0.225 4.179944 0.586776
v -0.225 4.224647 0.450874
v -0.225 4.294557 0.326053
v -0.225 4.387086 0.216938
v -0.225 4.498805 0.12757
v -0.225 4.625575 0.061261
v -0.235355 4.764224 0.028266
v -0.235355 4.905102 0.014645
v -0.235355 4.628563 0.068624
v -0.235355 4.503148 0.134224
v -0.235355 4.392623 0.222636
v -0.235355 4.301084 0.330585
v -0.235355 4.23192 0.454071
v -0.235355 4.187696 0.58852
v -0.244726 4.905102 0.028439
v -0.243301 4.905102 0.025
v -0.243301 4.766207 0.038429
v -0.238759 4.905102 0.019081
v -0.243301 4.197799 0.590795
v -0.243301 4.2414 0.458239
v -0.243301 4.309589 0.336491
v -0.243301 4.39984 0.230062
v -0.243301 4.508808 0.142895
v -0.243301 4.632458 0.078219
v -0.248539 4.905102 0.038901
v -0.248296 4.905102 0.037059
v -0.248296 4.768517 0.050265
v -0.248296 4.636993 0.089393
v -0.248296 4.515399 0.152993
v -0.248296 4.408244 0.238711
v -0.248296 4.319495 0.343369
v -0.248296 4.25244 0.463091
v -0.248296 4.209563 0.593442
v -0.248465 6.551127 0.038919
v -0.247995 6.551447 0.035983
v -0.244724 6.551999 0.028447
v -0.243019 6.552287 0.024518
v -0.238785 6.552445 0.019063
v -0.235355 6.552573 0.014645
v -0.230937 6.552445 0.011215
v -0.225482 6.552287 0.006981
v -0.221553 6.551999 0.005276
v -0.214017 6.551447 0.002005
v -0.211081 6.551127 0.001535
v 0.225 3.865035 2.916467
v 0.212941 3.864872 2.911475
v 0.235355 3.865295 2.924409
v 0.243301 3.865634 2.934759
v 0.248296 3.866029 2.946811
v 0.212941 3.907468 2.906278
v 0.212941 3.950971 2.890562
v 0.212941 3.987597 2.870738
v 0.212941 4.025415 2.840511
v 0.212941 4.038799 2.826426
v 0.212941 4.066876 2.787424
v 0.212941 4.08321 2.754158
v 0.212941 4.097111 2.707386
v 0.212941 4.101601 2.667204
v 0.225 3.908668 2.911127
v 0.225 3.952976 2.895136
v 0.225 3.990327 2.87492
v 0.225 4.028897 2.844093
v 0.225 4.042554 2.82972
v 0.225 4.071189 2.789943
v 0.225 4.087841 2.75603
v 0.225 4.102013 2.708343
v 0.225 4.106594 2.667347
v 0.235355 3.910576 2.91884
v 0.235355 3.956167 2.902413
v 0.235355 3.994672 2.881573
v 0.235355 4.034434 2.849791
v 0.235355 4.048526 2.834961
v 0.235355 4.07805 2.793952
v 0.235355 4.095207 2.759009
v 0.235355 4.109812 2.709865
v 0.235355 4.114536 2.667575
v 0.243301 3.913063 2.928893
v 0.243301 3.960326 2.911897
v 0.243301 4.000333 2.890244
v 0.243301 4.041651 2.857218
v 0.243301 4.05631 2.841791
v 0.243301 4.086991 2.799176
v 0.243301 4.104808 2.762891
v 0.243301 4.119976 2.711849
v 0.243301 4.124887 2.667871
v 0.248296 3.915959 2.940599
v 0.248296 3.965168 2.922941
v 0.248296 4.006926 2.900342
v 0.248296 4.050056 2.865866
v 0.248296 4.065374 2.849744
v 0.248296 4.097403 2.805259
v 0.248296 4.115988 2.767412
v 0.248296 4.131811 2.714159
v 0.248296 4.136941 2.668217
v 0.248296 4.192453 0.729593
v 0.243301 4.180399 0.729248
v 0.235355 4.170048 0.728952
v 0.225 4.162106 0.728724
v 0.212941 4.157113 0.728581
v 0.248296 4.209563 0.593442
v 0.243301 4.197799 0.590795
v 0.225 4.179944 0.586776
v 0.212941 4.290454 0.323204
v 0.212941 4.220074 0.448863
v 0.212941 4.175071 0.585679
v 0.212941 4.761744 0.015564
v 0.212941 4.623697 0.056633
v 0.212941 4.383605 0.213355
v 0.212941 4.496074 0.123387
v 0.211099 4.905102 0.001461
v 0.212941 4.905102 0.001704
v 0.221561 4.905102 0.005274
v 0.225 4.762701 0.020467
v 0.225 4.625575 0.061261
v 0.225 4.498805 0.12757
v 0.225 4.387086 0.216938
v 0.225 4.294557 0.326053
v 0.225 4.224647 0.450874
v 0.235355 4.187696 0.58852
v 0.235355 4.23192 0.454071
v 0.235355 4.301084 0.330585
v 0.235355 4.392623 0.222636
v 0.235355 4.503148 0.134224
v 0.235355 4.628563 0.068624
v 0.235355 4.764224 0.028266
v 0.225 4.905102 0.006699
v 0.230919 4.905102 0.011241
v 0.235355 4.905102 0.014645
v 0.238759 4.905102 0.019081
v 0.243301 4.766207 0.038429
v 0.243301 4.632458 0.078219
v 0.243301 4.508808 0.142895
v 0.243301 4.39984 0.230062
v 0.243301 4.309589 0.336491
v 0.243301 4.2414 0.458239
v 0.248296 4.25244 0.463091
v 0.248296 4.319495 0.343369
v 0.248296 4.408244 0.238711
v 0.248296 4.515399 0.152993
v 0.248296 4.636993 0.089393
v 0.248296 4.768517 0.050265
v 0.243301 4.905102 0.025
v 0.244726 4.905102 0.028439
v 0.248296 4.905102 0.037059
v 0.248539 4.905102 0.038901
v 0.211081 6.551127 0.001535
v 0.214017 6.551447 0.002005
v 0.221553 6.551999 0.005276
v 0.225482 6.552287 0.006981
v 0.230937 6.552445 0.011215
v 0.235355 6.552573 0.014645
v 0.238785 6.552445 0.019063
v 0.243019 6.552287 0.024518
v 0.244724 6.551999 0.028447
v 0.247995 6.551447 0.035983
v 0.248465 6.551127 0.038919
v 0.212941 4.371523 3.19662
v 0.212941 4.214738 3.313325
v 0.212941 4.032422 3.384783
v 0.248296 3.880713 3.372051
v 0.243301 3.881374 3.384092
v 0.235355 3.881943 3.394431
v 0.225 3.882378 3.402365
v 0.212941 3.882652 3.407353
v 0.212941 3.93352 3.402785
v 0.225 3.932912 3.397827
v 0.235355 3.931946 3.389941
v 0.243301 3.930687 3.379662
v 0.248296 3.92922 3.367692
v 0.225 4.031243 3.379929
v 0.235355 4.029368 3.372207
v 0.243301 4.026924 3.362144
v 0.248296 4.024078 3.350426
v 0.212941 4.126914 3.355171
v 0.225 4.125071 3.350529
v 0.235355 4.122139 3.343143
v 0.243301 4.11832 3.333518
v 0.248296 4.113871 3.32231
v 0.225 4.212301 3.308965
v 0.235355 4.208424 3.302029
v 0.243301 4.203371 3.292991
v 0.248296 4.197486 3.282465
v 0.212941 4.296416 3.260482
v 0.225 4.293438 3.256471
v 0.235355 4.288702 3.250092
v 0.243301 4.282527 3.241778
v 0.248296 4.275338 3.232097
v 0.225 4.368042 3.193038
v 0.235355 4.362504 3.18734
v 0.243301 4.355287 3.179914
v 0.248296 4.346882 3.171266
v 0.212941 4.403427 3.163582
v 0.225 4.399726 3.160227
v 0.235355 4.393838 3.154891
v 0.243301 4.386166 3.147936
v 0.248296 4.377231 3.139838
v 0.212941 4.463752 3.087515
v 0.225 4.459644 3.084673
v 0.235355 4.453109 3.080153
v 0.243301 4.444593 3.074261
v 0.248296 4.434676 3.0674
v 0.248296 4.463101 3.022903
v 0.243301 4.473495 3.029018
v 0.235355 4.482419 3.034269
v 0.225 4.489268 3.038299
v 0.212941 4.493573 3.040832
v 0.248296 4.505435 2.938957
v 0.248296 4.536805 2.849548
v 0.243301 4.516531 2.943681
v 0.243301 4.54842 2.85279
v 0.235355 4.526058 2.947737
v 0.235355 4.558394 2.855574
v 0.225 4.533369 2.95085
v 0.225 4.566048 2.85771
v 0.212941 4.537965 2.952807
v 0.212941 4.570859 2.859052
v 0.212941 4.588793 2.777649
v 0.225 4.583863 2.776847
v 0.235355 4.576019 2.775573
v 0.243301 4.565798 2.773911
v 0.248296 4.553895 2.771976
v 0.212941 4.59799 2.681419
v 0.225 4.592997 2.681276
v 0.235355 4.585054 2.681048
v 0.243301 4.574703 2.680752
v 0.248296 4.562649 2.680406
v 0.212941 4.653502 0.742795
v 0.225 4.648509 0.742653
v 0.235355 4.640566 0.742425
v 0.243301 4.630215 0.742129
v 0.248296 4.618161 0.741783
v 0.248296 4.629676 0.669111
v 0.243301 4.641246 0.672509
v 0.235355 4.651182 0.675427
v 0.225 4.658806 0.677666
v 0.212941 4.663598 0.679073
v 0.248296 4.659286 0.601752
v 0.243301 4.669613 0.60798
v 0.235355 4.67848 0.613328
v 0.225 4.685285 0.617432
v 0.212941 4.689562 0.620011
v 0.248296 4.705047 0.544134
v 0.243301 4.713451 0.552782
v 0.235355 4.720668 0.560209
v 0.225 4.726205 0.565907
v 0.212941 4.729687 0.569489
v 0.248296 4.763951 0.500041
v 0.243301 4.769881 0.510542
v 0.235355 4.774973 0.519559
v 0.225 4.77888 0.526478
v 0.212941 4.781336 0.530827
v 0.248296 4.83213 0.472371
v 0.243301 4.835196 0.484034
v 0.235355 4.837828 0.494049
v 0.225 4.839848 0.501734
v 0.212941 4.841117 0.506565
v 0.248296 4.905102 0.462941
v 0.243301 4.905102 0.475
v 0.235355 4.905102 0.485355
v 0.225 4.905102 0.493301
v 0.212941 4.905102 0.498296
v 0.212921 6.551328 0.498171
v 0.214017 6.551447 0.497995
v 0.224973 6.552249 0.49324
v 0.225482 6.552287 0.493019
v 0.235355 6.552573 0.485355
v 0.243019 6.552287 0.475482
v 0.24324 6.552249 0.474973
v 0.247995 6.551447 0.464017
v 0.248171 6.551328 0.462921
v 0.212941 2.369629 3.408296
v 0.248296 1.3 3.372941
v 0.248967 -0.751067 3.370109
v 0.248053 -0.751305 3.37286
v 0.247701 -0.751396 3.373919
v 0.243301 1.3 3.385
v 0.245281 -0.752026 3.381205
v 0.232331 -0.752542 3.398141
v 0.235331 -0.752567 3.395329
v 0.235355 1.3 3.395355
v 0.235963 -0.752572 3.394737
v 0.243022 -0.752287 3.385478
v 0.217968 -0.751786 3.40666
v 0.222607 -0.752119 3.404598
v 0.225 1.3 3.403301
v 0.224865 -0.752217 3.403098
v 0.22533 -0.752238 3.402789
v 0.212941 1.3 3.408296
v 0.206569 -0.750686 3.409567
v 0.212856 -0.751292 3.407964
v 0.213938 -0.751397 3.407687
v 0.248296 3.121717 3.372941
v 0.243301 3.121717 3.385
v 0.235355 3.121717 3.395355
v 0.225 3.121717 3.403301
v 0.212941 3.121717 3.408296
v 0.248296 2.369629 3.372941
v 0.243301 2.369629 3.385
v 0.235355 2.369629 3.395355
v 0.225 2.369629 3.403301
v -0.212941 3.121717 3.408296
v -0.212941 1.3 3.408296
v -0.21286 -0.751305 3.408053
v -0.210109 -0.751067 3.408967
v -0.213919 -0.751396 3.407701
v -0.225 1.3 3.403301
v -0.221205 -0.752026 3.405281
v -0.238141 -0.752542 3.392331
v -0.235329 -0.752567 3.395331
v -0.235355 1.3 3.395355
v -0.234737 -0.752572 3.395962
v -0.225478 -0.752287 3.403022
v -0.24666 -0.751786 3.377968
v -0.244597 -0.752119 3.382607
v -0.243301 1.3 3.385
v -0.243098 -0.752217 3.384865
v -0.242789 -0.752238 3.38533
v -0.248296 1.3 3.372941
v -0.249567 -0.750686 3.366569
v -0.247963 -0.751292 3.372856
v -0.247687 -0.751397 3.373938
v -0.225 3.121717 3.403301
v -0.235355 3.121717 3.395355
v -0.243301 3.121717 3.385
v -0.248296 3.121717 3.372941
v -0.212941 2.369629 3.408296
v -0.225 2.369629 3.403301
v -0.235355 2.369629 3.395355
v -0.243301 2.369629 3.385
v -0.248296 2.369629 3.372941
v 0.212941 3.119807 2.911704
v 0.212941 1.3 2.911704
v 0.212941 -0.035616 2.911704
v 0.210109 -0.751067 2.911033
v 0.21286 -0.751305 2.911947
v 0.213919 -0.751396 2.912298
v 0.225 -0.035616 2.916699
v 0.221205 -0.752026 2.914719
v 0.238141 -0.752542 2.927669
v 0.235329 -0.752567 2.924669
v 0.235355 -0.035616 2.924645
v 0.234737 -0.752572 2.924037
v 0.225478 -0.752287 2.916978
v 0.24666 -0.751786 2.942032
v 0.244597 -0.752119 2.937393
v 0.243301 -0.035616 2.935
v 0.243098 -0.752217 2.935135
v 0.242789 -0.752238 2.93467
v 0.248296 -0.035616 2.947059
v 0.249567 -0.750686 2.953431
v 0.247963 -0.751292 2.947144
v 0.247687 -0.751397 2.946062
v 0.248296 1.3 2.947059
v 0.243301 1.3 2.935
v 0.235355 1.3 2.924645
v 0.225 1.3 2.916699
v 0.248296 3.119807 2.947059
v 0.243301 3.119807 2.935
v 0.235355 3.119807 2.924645
v 0.225 3.119807 2.916699
v -0.212941 1.3 2.911704
v -0.248296 -0.035616 2.947059
v -0.248967 -0.751067 2.949891
v -0.248053 -0.751305 2.94714
v -0.247701 -0.751396 2.946081
v -0.243301 -0.035616 2.935
v -0.245281 -0.752026 2.938795
v -0.232331 -0.752542 2.921859
v -0.235331 -0.752567 2.924671
v -0.235355 -0.035616 2.924645
v -0.235963 -0.752572 2.925262
v -0.243022 -0.752287 2.934522
v -0.217968 -0.751786 2.91334
v -0.222607 -0.752119 2.915402
v -0.225 -0.035616 2.916699
v -0.224865 -0.752217 2.916902
v -0.22533 -0.752238 2.917211
v -0.212941 -0.035616 2.911704
v -0.206569 -0.750686 2.910433
v -0.212856 -0.751292 2.912037
v -0.213938 -0.751397 2.912313
v -0.248296 1.3 2.947059
v -0.243301 1.3 2.935
v -0.235355 1.3 2.924645
v -0.225 1.3 2.916699
v -0.212941 3.119807 2.911704
v -0.225 3.119807 2.916699
v -0.235355 3.119807 2.924645
v -0.243301 3.119807 2.935
v -0.248296 3.119807 2.947059
v -0.212941 4.371498 3.196645
v -0.212941 4.296391 3.2605
v -0.212941 3.882626 3.407354
v -0.225 3.882353 3.402367
v -0.235355 3.881917 3.394433
v -0.243301 3.881349 3.384093
v -0.248296 3.880688 3.372052
v -0.212941 3.933485 3.40279
v -0.212941 4.12688 3.355185
v -0.212941 4.032384 3.384792
v -0.212941 4.214715 3.313338
v -0.212941 4.403409 3.163601
v -0.212941 4.463737 3.087537
v -0.212941 4.493559 3.040855
v -0.212941 4.537953 2.952832
v -0.212941 4.588793 2.777649
v -0.212941 4.570852 2.859079
v -0.225 3.932878 3.397832
v -0.235355 3.931912 3.389945
v -0.225 4.031206 3.379938
v -0.235355 4.029331 3.372216
v -0.225 4.125038 3.350542
v -0.235355 4.122108 3.343156
v -0.225 4.212278 3.308978
v -0.235355 4.208401 3.302042
v -0.225 4.293413 3.25649
v -0.235355 4.288677 3.25011
v -0.225 4.368017 3.193062
v -0.235355 4.362479 3.187364
v -0.225 4.399708 3.160246
v -0.235355 4.393821 3.15491
v -0.225 4.459629 3.084695
v -0.235355 4.453094 3.080174
v -0.225 4.489254 3.038322
v -0.235355 4.482406 3.034292
v -0.225 4.533358 2.950875
v -0.235355 4.526047 2.947762
v -0.225 4.566041 2.857736
v -0.235355 4.558387 2.8556
v -0.225 4.583863 2.776847
v -0.235355 4.576019 2.775573
v -0.243301 3.930653 3.379666
v -0.248296 3.929187 3.367697
v -0.243301 4.026887 3.362153
v -0.248296 4.024043 3.350435
v -0.243301 4.118288 3.333531
v -0.248296 4.11384 3.322322
v -0.243301 4.203349 3.293003
v -0.248296 4.197465 3.282477
v -0.243301 4.282504 3.241796
v -0.248296 4.275314 3.232114
v -0.243301 4.355262 3.179938
v -0.248296 4.346858 3.171289
v -0.243301 4.386149 3.147955
v -0.248296 4.377214 3.139856
v -0.243301 4.444579 3.074282
v -0.248296 4.434662 3.06742
v -0.243301 4.473481 3.029041
v -0.248296 4.463088 3.022925
v -0.243301 4.51652 2.943705
v -0.248296 4.505425 2.938981
v -0.243301 4.548413 2.852816
v -0.248296 4.536798 2.849574
v -0.243301 4.565798 2.773911
v -0.248296 4.553895 2.771976
v -0.211099 4.598232 2.681426
v -0.212941 4.59799 2.681419
v -0.221561 4.594421 2.681316
v -0.225 4.592997 2.681276
v -0.230919 4.588456 2.681145
v -0.235355 4.585054 2.681048
v -0.238759 4.58062 2.680921
v -0.243301 4.574703 2.680752
v -0.244726 4.571265 2.680653
v -0.248296 4.562649 2.680406
v -0.248539 4.560807 2.680354
v -0.248539 4.616319 0.741731
v -0.248296 4.618161 0.741783
v -0.244726 4.626777 0.74203
v -0.243301 4.630215 0.742129
v -0.238759 4.636132 0.742298
v -0.235355 4.640566 0.742425
v -0.230919 4.643968 0.742522
v -0.225 4.648509 0.742653
v -0.221561 4.649933 0.742693
v -0.212941 4.653502 0.742795
v -0.211099 4.653744 0.742802
v -0.248296 4.629676 0.669111
v -0.243301 4.641246 0.672509
v -0.235355 4.651182 0.675427
v -0.225 4.658806 0.677666
v -0.248296 4.905102 0.462941
v -0.248296 4.83213 0.472371
v -0.243301 4.905102 0.475
v -0.243301 4.835196 0.484034
v -0.235355 4.905102 0.485355
v -0.235355 4.837828 0.494049
v -0.225 4.905102 0.493301
v -0.225 4.839848 0.501734
v -0.212941 4.905102 0.498296
v -0.212941 4.841117 0.506565
v -0.248296 4.763951 0.500041
v -0.243301 4.769881 0.510542
v -0.235355 4.774973 0.519559
v -0.225 4.77888 0.526478
v -0.212941 4.781336 0.530827
v -0.248296 4.705047 0.544134
v -0.243301 4.713451 0.552782
v -0.235355 4.720668 0.560209
v -0.225 4.726205 0.565907
v -0.212941 4.729687 0.569489
v -0.248296 4.659286 0.601752
v -0.243301 4.669613 0.60798
v -0.235355 4.67848 0.613328
v -0.225 4.685285 0.617432
v -0.212941 4.689562 0.620011
v -0.212941 4.663598 0.679073
v -0.248171 6.551328 0.462921
v -0.247995 6.551447 0.464017
v -0.24324 6.552249 0.474973
v -0.243019 6.552287 0.475482
v -0.235355 6.552573 0.485355
v -0.225482 6.552287 0.493019
v -0.224973 6.552249 0.49324
v -0.214017 6.551447 0.497995
v -0.212921 6.551328 0.498171
v -2.2 4.099897 2.667156
v -1.8 4.099897 2.667156
v -2.2 4.095443 2.707036
v -1.8 4.095438 2.707059
v -2.2 4.089763 2.726153
v -1.8 4.089764 2.726153
v -2.2 4.08164 2.753497
v -1.8 4.081631 2.753519
v -2.2 4.067045 2.783228
v -1.8 4.067043 2.783228
v -2.2 4.065417 2.786544
v -1.8 4.065405 2.786564
v -2.2 4.037533 2.825285
v -1.8 4.037519 2.825302
v -2.2 4.03287 2.830191
v -1.8 4.032872 2.830193
v -2.2 4.024168 2.839347
v -1.8 4.024229 2.839289
v -2.2 3.986595 2.869357
v -1.8 3.986665 2.869311
v -2.2 3.985398 2.870005
v -1.8 3.985394 2.869999
v -2.2 3.950229 2.889027
v -1.8 3.950287 2.889002
v -2.2 3.920459 2.899778
v -1.8 3.920459 2.899781
v -2.2 3.906999 2.904639
v -1.8 3.907059 2.904624
v -2.2 3.881439 2.907747
v -1.8 3.881439 2.907746
v -2.2 3.86477 2.909774
v -1.8 3.864816 2.909772
v -1.75 4.144513 2.716638
v -1.75 4.149877 2.668587
v -1.75 4.549713 2.680036
v -1.75 3.880003 3.359129
v -1.75 3.866452 2.959745
v -1.75 3.927647 3.354848
v -1.75 3.919066 2.953161
v -1.75 4.014 2.911178
v -1.75 4.191171 3.271169
v -1.75 3.970365 2.934793
v -1.75 4.109097 3.310282
v -1.75 4.021025 3.33785
v -1.75 4.541122 2.7699
v -1.75 4.52434 2.84607
v -1.75 4.127985 2.772264
v -1.75 4.493528 2.933887
v -1.75 4.108577 2.811788
v -1.75 4.451947 3.01634
v -1.75 4.424034 3.060037
v -1.75 4.075101 2.85828
v -1.75 4.367642 3.131147
v -1.75 4.059074 2.875146
v -1.75 4.337863 3.161986
v -1.75 4.267623 3.221707
v -1.8 4.599693 2.681467
v -2.2 4.599693 2.681467
v -1.8 4.590475 2.777922
v -2.2 4.590475 2.777922
v -1.8 4.573131 2.856646
v -2.2 4.57313 2.856645
v -1.8 4.5725 2.85951
v -2.2 4.572493 2.859537
v -1.8 4.539532 2.953474
v -2.2 4.539521 2.953499
v -1.8 4.504986 3.021977
v -2.2 4.504985 3.021976
v -1.8 4.495041 3.041696
v -2.2 4.495028 3.041719
v -1.8 4.465153 3.088485
v -2.2 4.465137 3.088506
v -1.8 4.404689 3.164726
v -2.2 4.404672 3.164745
v -1.8 4.399302 3.170304
v -2.2 4.399303 3.170304
v -2.2 4.397441 3.172233
v -1.8 4.39744 3.172232
v -1.8 4.37271 3.197842
v -2.2 4.372685 3.197866
v -1.8 4.297432 3.261849
v -2.2 4.297407 3.261868
v -1.8 4.261222 3.285277
v -2.2 4.261222 3.285277
v -1.8 4.215569 3.314812
v -2.2 4.215547 3.314825
v -1.8 4.127542 3.356755
v -2.2 4.127509 3.356768
v -1.8 4.10292 3.364471
v -2.2 4.102921 3.364472
v -1.8 4.032824 3.386438
v -2.2 4.032786 3.386447
v -1.8 3.933727 3.404476
v -2.2 3.933692 3.404481
v -1.8 3.93091 3.40473
v -2.2 3.93091 3.404731
v -1.8 3.882746 3.409054
v -2.2 3.88272 3.409055
v -1.8 3.8781 3.409188
v -2.2 3.8781 3.409189
v -2.25 3.8664 2.959747
v -2.25 3.879979 3.359131
v -2.25 3.927613 3.354852
v -2.25 3.918985 2.953181
v -2.25 4.020989 3.337859
v -2.25 3.970296 2.934823
v -2.25 4.549713 2.680036
v -2.25 4.149877 2.668587
v -2.25 4.541122 2.7699
v -2.25 4.144518 2.71661
v -2.25 4.524333 2.846094
v -2.25 4.127995 2.772237
v -2.25 4.075119 2.858259
v -2.25 4.42402 3.060057
v -2.25 4.108591 2.811764
v -2.25 4.451934 3.016362
v -2.25 4.493518 2.933911
v -2.25 4.109067 3.310294
v -2.25 4.19115 3.271181
v -2.25 4.013915 2.911233
v -2.25 4.2676 3.221724
v -2.25 4.059002 2.875217
v -2.25 4.337839 3.162009
v -2.25 4.367626 3.131165
v -2.2 4.155409 0.728533
v -1.8 4.155409 0.728533
v -1.75 4.605225 0.741413
v -1.75 4.205389 0.729964
v -2.2 4.655205 0.742844
v -1.8 4.655205 0.742844
v -2.25 4.205389 0.729964
v -2.25 4.605225 0.741413
v -1.8 4.173409 0.585305
v -2.2 4.173409 0.585305
v -1.8 4.188434 0.539627
v -2.2 4.188434 0.539627
v -1.8 4.218514 0.448178
v -2.2 4.218514 0.448178
v -1.8 4.265557 0.364185
v -2.2 4.265557 0.364185
v -1.8 4.289055 0.322232
v -2.2 4.289055 0.322232
v -1.8 4.382417 0.212134
v -2.2 4.382417 0.212134
v -1.8 4.495143 0.121961
v -2.2 4.495143 0.121961
v -1.8 4.537751 0.099674
v -2.2 4.537751 0.099674
v -1.8 4.623056 0.055054
v -2.2 4.623056 0.055054
v -1.8 4.715329 0.027603
v -2.2 4.715329 0.027603
v -1.8 4.761418 0.013892
v -2.2 4.761418 0.013892
v -1.8 4.905102 -0.0
v -2.2 4.905102 -0.0
v -1.75 4.61726 0.665464
v -1.75 4.905102 0.05
v -1.75 4.905102 0.45
v -1.75 4.770997 0.062966
v -1.75 4.82884 0.459855
v -1.75 4.64186 0.101384
v -1.75 4.757588 0.488773
v -1.75 4.222188 0.596284
v -1.75 4.264287 0.468299
v -1.75 4.648204 0.595069
v -1.75 4.330125 0.35075
v -1.75 4.696028 0.534853
v -1.75 4.417263 0.247991
v -1.75 4.522473 0.16383
v -1.8 4.905102 0.5
v -2.2 4.905102 0.5
v -1.8 4.84155 0.508213
v -2.2 4.84155 0.508213
v -1.8 4.782174 0.532311
v -2.2 4.782174 0.532311
v -1.8 4.730874 0.570711
v -2.2 4.730874 0.570711
v -1.8 4.691021 0.620891
v -2.2 4.691021 0.620891
v -1.8 4.665233 0.679554
v -2.2 4.665233 0.679554
v -2.25 4.82884 0.459855
v -2.25 4.905102 0.45
v -2.25 4.905102 0.05
v -2.25 4.222188 0.596284
v -2.25 4.61726 0.665464
v -2.25 4.264287 0.468299
v -2.25 4.648204 0.595069
v -2.25 4.770997 0.062966
v -2.25 4.64186 0.101384
v -2.25 4.757588 0.488773
v -2.25 4.522473 0.16383
v -2.25 4.696028 0.534853
v -2.25 4.417263 0.247991
v -2.25 4.330125 0.35075
v -2.2 6.55 -0.0
v -1.8 6.55 -0.0
v -1.75 6.55 0.45
v -1.75 6.55 0.05
v -1.8 6.55 0.5
v -2.2 6.55 0.5
v -2.25 6.55 0.05
v -2.25 6.55 0.45
v -2.094524 6.95 0.10718
v -2.094524 6.95 0.39282
v -1.905476 6.95 0.10718
v -1.905476 6.95 0.39282
v -2.141203 6.95 0.357225
v -2.139205 6.95 0.363244
v -2.139205 6.95 0.136756
v -2.107225 6.95 0.108797
v -2.141203 6.95 0.142775
v -2.14282 6.95 0.155476
v -2.14282 6.95 0.344524
v -1.85718 6.95 0.344524
v -1.85718 6.95 0.155476
v -1.892775 6.95 0.108797
v -1.881085 6.95 0.113548
v -1.886756 6.95 0.110795
v -1.860795 6.95 0.136756
v -1.892775 6.95 0.391203
v -1.860795 6.95 0.363244
v -1.858797 6.95 0.357225
v -1.886756 6.95 0.389205
v -1.881085 6.95 0.386452
v -1.863548 6.95 0.368915
v -1.858797 6.95 0.142775
v -2.113244 6.95 0.110795
v -2.118915 6.95 0.113548
v -2.136452 6.95 0.131085
v -2.12415 6.95 0.117012
v -2.132987 6.95 0.12585
v -2.128865 6.95 0.121135
v -2.128865 6.95 0.378865
v -2.12415 6.95 0.382988
v -2.132987 6.95 0.37415
v -2.118915 6.95 0.386452
v -2.136452 6.95 0.368915
v -2.113244 6.95 0.389205
v -2.107225 6.95 0.391203
v -1.867013 6.95 0.37415
v -1.87585 6.95 0.382988
v -1.871135 6.95 0.378865
v -1.863548 6.95 0.131085
v -1.867013 6.95 0.12585
v -1.87585 6.95 0.117012
v -1.871135 6.95 0.121135
v -2.2 3.119807 2.91
v -1.8 3.119807 2.91
v -2.2 2.663254 2.91
v -1.8 2.663254 2.91
v -2.2 1.3 2.91
v -1.8 1.3 2.91
v -2.2 0.613254 2.91
v -1.8 0.613254 2.91
v -2.2 -0.035616 2.91
v -1.8 -0.035616 2.91
v -2.2 -0.75 2.91
v -1.8 -0.75 2.91
v -2.25 3.121717 3.36
v -2.25 3.119807 2.96
v -2.25 2.369629 3.36
v -2.25 1.3 3.36
v -2.25 1.3 2.96
v -2.25 -0.75 3.36
v -2.25 -0.035616 2.96
v -2.25 -0.75 2.96
v -1.8 3.121717 3.41
v -2.2 3.121717 3.41
v -1.8 2.663254 3.41
v -2.2 2.663254 3.41
v -1.8 2.369629 3.41
v -2.2 2.369629 3.41
v -1.8 1.3 3.41
v -2.2 1.3 3.41
v -1.8 0.613254 3.41
v -2.2 0.613254 3.41
v -2.2 -0.75 3.41
v -1.8 -0.75 3.41
v -1.75 3.121717 3.36
v -1.75 3.119807 2.96
v -1.75 2.369629 3.36
v -1.75 1.3 2.96
v -1.75 1.3 3.36
v -1.75 -0.035616 2.96
v -1.75 -0.75 3.36
v -1.75 -0.75 2.96
v -2.118915 -1.15 3.023548
v -2.113244 -1.15 3.020795
v -2.139205 -1.15 3.046756
v -2.14282 -1.15 3.065476
v -1.85718 -1.15 3.065476
v -2.14282 -1.15 3.254524
v -1.85718 -1.15 3.254524
v -1.905476 -1.15 3.01718
v -2.094524 -1.15 3.01718
v -2.107225 -1.15 3.018797
v -1.881085 -1.15 3.296452
v -1.886756 -1.15 3.299205
v -1.860795 -1.15 3.273244
v -2.141203 -1.15 3.052775
v -2.094524 -1.15 3.30282
v -1.905476 -1.15 3.30282
v -1.892775 -1.15 3.301203
v -1.892775 -1.15 3.018797
v -1.886756 -1.15 3.020795
v -1.858797 -1.15 3.052775
v -1.860795 -1.15 3.046756
v -1.858797 -1.15 3.267225
v -2.107225 -1.15 3.301203
v -2.139205 -1.15 3.273244
v -2.141203 -1.15 3.267225
v -2.113244 -1.15 3.299205
v -2.118915 -1.15 3.296452
v -2.136452 -1.15 3.278915
v -2.136452 -1.15 3.041085
v -2.132987 -1.15 3.03585
v -2.12415 -1.15 3.027012
v -2.128865 -1.15 3.031135
v -1.863548 -1.15 3.041085
v -1.881085 -1.15 3.023548
v -1.867013 -1.15 3.03585
v -1.87585 -1.15 3.027012
v -1.871135 -1.15 3.031135
v -1.863548 -1.15 3.278915
v -1.867013 -1.15 3.28415
v -1.87585 -1.15 3.292988
v -1.871135 -1.15 3.288865
v -2.132987 -1.15 3.28415
v -2.12415 -1.15 3.292988
v -2.128865 -1.15 3.288865
v -1.798324 -0.750105 2.910028
v -2.201676 -0.750105 2.910028
v -2.249972 -0.750105 2.958324
v -2.249972 -0.750105 3.361676
v -1.750028 -0.750105 3.361676
v -1.750028 -0.750105 2.958324
v -2.201676 -0.750105 3.409972
v -1.798324 -0.750105 3.409972
v -1.798324 6.550105 0.499972
v -2.201676 6.550105 0.499972
v -1.750028 6.550105 0.048324
v -1.750028 6.550105 0.451676
v -2.249972 6.550105 0.451676
v -2.249972 6.550105 0.048324
v -2.201676 6.550105 2.8E-5
v -1.798324 6.550105 2.8E-5
v -2.212941 3.907407 2.906293
v -2.225 3.864989 2.916469
v -2.243301 3.865585 2.93476
v -2.248296 3.865978 2.946813
v -2.235355 3.865248 2.92441
v -2.212941 3.864826 2.911476
v -2.212941 3.950912 2.890587
v -2.212941 3.987526 2.870784
v -2.212941 4.025355 2.840569
v -2.212941 4.038814 2.826408
v -2.212941 4.066888 2.787403
v -2.212941 4.08322 2.754135
v -2.248296 3.915883 2.940618
v -2.248296 3.965102 2.92297
v -2.248296 4.006844 2.900395
v -2.248296 4.049986 2.865933
v -2.248296 4.065391 2.849725
v -2.248296 4.097416 2.805237
v -2.248296 4.115997 2.767387
v -2.248296 4.131816 2.714132
v -2.243301 3.912992 2.92891
v -2.235355 3.91051 2.918857
v -2.243301 3.960262 2.911925
v -2.235355 3.956106 2.90244
v -2.243301 4.000255 2.890295
v -2.235355 3.994597 2.881623
v -2.243301 4.041585 2.857282
v -2.235355 4.03437 2.849853
v -2.243301 4.056326 2.841772
v -2.235355 4.048542 2.834943
v -2.243301 4.087004 2.799154
v -2.235355 4.078062 2.793931
v -2.243301 4.104818 2.762867
v -2.235355 4.095217 2.758986
v -2.243301 4.11998 2.711823
v -2.235355 4.109817 2.709841
v -2.225 3.908605 2.911143
v -2.225 3.952917 2.895162
v -2.225 3.990255 2.874968
v -2.225 4.028835 2.844153
v -2.225 4.042569 2.829703
v -2.225 4.071201 2.789923
v -2.225 4.087851 2.756007
v -2.225 4.102018 2.708319
v -2.212941 4.097115 2.707363
v -2.248539 4.138783 2.668269
v -2.248296 4.136941 2.668217
v -2.244726 4.128325 2.66797
v -2.243301 4.124887 2.667871
v -2.238759 4.11897 2.667702
v -2.235355 4.114536 2.667575
v -2.230919 4.111134 2.667478
v -2.225 4.106594 2.667347
v -2.22156 4.105169 2.667307
v -2.212941 4.101601 2.667204
v -2.211099 4.101358 2.667197
v -2.211099 4.15687 0.728575
v -2.212941 4.157113 0.728581
v -2.22156 4.160682 0.728684
v -2.225 4.162106 0.728724
v -2.230919 4.166646 0.728854
v -2.235355 4.170048 0.728952
v -2.238759 4.174482 0.729079
v -2.243301 4.180399 0.729248
v -2.244726 4.183837 0.729347
v -2.248296 4.192453 0.729593
v -2.248539 4.194295 0.729646
v -2.211099 4.905102 0.001461
v -2.212941 4.761744 0.015564
v -2.212941 4.905102 0.001704
v -2.212941 4.496074 0.123387
v -2.212941 4.623697 0.056633
v -2.212941 4.175071 0.585679
v -2.212941 4.220074 0.448863
v -2.212941 4.383605 0.213355
v -2.212941 4.290454 0.323204
v -2.230919 4.905102 0.011241
v -2.225 4.905102 0.006699
v -2.225 4.762701 0.020467
v -2.22156 4.905102 0.005274
v -2.225 4.179944 0.586776
v -2.225 4.224647 0.450874
v -2.225 4.294557 0.326053
v -2.225 4.387086 0.216938
v -2.225 4.498805 0.12757
v -2.225 4.625575 0.061261
v -2.235355 4.764224 0.028266
v -2.235355 4.905102 0.014645
v -2.235355 4.628563 0.068624
v -2.235355 4.503148 0.134224
v -2.235355 4.392623 0.222636
v -2.235355 4.301084 0.330585
v -2.235355 4.23192 0.454071
v -2.235355 4.187696 0.58852
v -2.244726 4.905102 0.028439
v -2.243301 4.905102 0.025
v -2.243301 4.766207 0.038429
v -2.238759 4.905102 0.019081
v -2.243301 4.197799 0.590795
v -2.243301 4.2414 0.458239
v -2.243301 4.309589 0.336491
v -2.243301 4.39984 0.230062
v -2.243301 4.508808 0.142895
v -2.243301 4.632458 0.078219
v -2.248539 4.905102 0.038901
v -2.248296 4.905102 0.037059
v -2.248296 4.768517 0.050265
v -2.248296 4.636993 0.089393
v -2.248296 4.515399 0.152993
v -2.248296 4.408244 0.238711
v -2.248296 4.319495 0.343369
v -2.248296 4.25244 0.463091
v -2.248296 4.209563 0.593442
v -2.248465 6.551127 0.038919
v -2.247995 6.551447 0.035983
v -2.244724 6.551999 0.028447
v -2.243019 6.552287 0.024518
v -2.238785 6.552445 0.019063
v -2.235355 6.552573 0.014645
v -2.230937 6.552445 0.011215
v -2.225482 6.552287 0.006981
v -2.221554 6.551999 0.005276
v -2.214017 6.551447 0.002005
v -2.211081 6.551127 0.001535
v -1.775 3.865035 2.916467
v -1.787059 3.864872 2.911475
v -1.764645 3.865295 2.924409
v -1.756699 3.865634 2.934759
v -1.751704 3.866029 2.946811
v -1.787059 3.907468 2.906278
v -1.787059 3.950971 2.890562
v -1.787059 3.987597 2.870738
v -1.787059 4.025415 2.840511
v -1.787059 4.038799 2.826426
v -1.787059 4.066876 2.787424
v -1.787059 4.08321 2.754158
v -1.787059 4.097111 2.707386
v -1.787059 4.101601 2.667204
v -1.775 3.908668 2.911127
v -1.775 3.952976 2.895136
v -1.775 3.990327 2.87492
v -1.775 4.028897 2.844093
v -1.775 4.042554 2.82972
v -1.775 4.071189 2.789943
v -1.775 4.087841 2.75603
v -1.775 4.102013 2.708343
v -1.775 4.106594 2.667347
v -1.764645 3.910576 2.91884
v -1.764645 3.956167 2.902413
v -1.764645 3.994672 2.881573
v -1.764645 4.034434 2.849791
v -1.764645 4.048526 2.834961
v -1.764645 4.07805 2.793952
v -1.764645 4.095207 2.759009
v -1.764645 4.109812 2.709865
v -1.764645 4.114536 2.667575
v -1.756699 3.913063 2.928893
v -1.756699 3.960326 2.911897
v -1.756699 4.000333 2.890244
v -1.756699 4.041651 2.857218
v -1.756699 4.05631 2.841791
v -1.756699 4.086991 2.799176
v -1.756699 4.104808 2.762891
v -1.756699 4.119976 2.711849
v -1.756699 4.124887 2.667871
v -1.751704 3.915959 2.940599
v -1.751704 3.965168 2.922941
v -1.751704 4.006926 2.900342
v -1.751704 4.050056 2.865866
v -1.751704 4.065374 2.849744
v -1.751704 4.097403 2.805259
v -1.751704 4.115988 2.767412
v -1.751704 4.131811 2.714159
v -1.751704 4.136941 2.668217
v -1.751704 4.192453 0.729593
v -1.756699 4.180399 0.729248
v -1.764645 4.170048 0.728952
v -1.775 4.162106 0.728724
v -1.787059 4.157113 0.728581
v -1.751704 4.209563 0.593442
v -1.756699 4.197799 0.590795
v -1.775 4.179944 0.586776
v -1.787059 4.290454 0.323204
v -1.787059 4.220074 0.448863
v -1.787059 4.175071 0.585679
v -1.787059 4.761744 0.015564
v -1.787059 4.623697 0.056633
v -1.787059 4.383605 0.213355
v -1.787059 4.496074 0.123387
v -1.788901 4.905102 0.001461
v -1.787059 4.905102 0.001704
v -1.778439 4.905102 0.005274
v -1.775 4.762701 0.020467
v -1.775 4.625575 0.061261
v -1.775 4.498805 0.12757
v -1.775 4.387086 0.216938
v -1.775 4.294557 0.326053
v -1.775 4.224647 0.450874
v -1.764645 4.187696 0.58852
v -1.764645 4.23192 0.454071
v -1.764645 4.301084 0.330585
v -1.764645 4.392623 0.222636
v -1.764645 4.503148 0.134224
v -1.764645 4.628563 0.068624
v -1.764645 4.764224 0.028266
v -1.775 4.905102 0.006699
v -1.769081 4.905102 0.011241
v -1.764645 4.905102 0.014645
v -1.761241 4.905102 0.019081
v -1.756699 4.766207 0.038429
v -1.756699 4.632458 0.078219
v -1.756699 4.508808 0.142895
v -1.756699 4.39984 0.230062
v -1.756699 4.309589 0.336491
v -1.756699 4.2414 0.458239
v -1.751704 4.25244 0.463091
v -1.751704 4.319495 0.343369
v -1.751704 4.408244 0.238711
v -1.751704 4.515399 0.152993
v -1.751704 4.636993 0.089393
v -1.751704 4.768517 0.050265
v -1.756699 4.905102 0.025
v -1.755274 4.905102 0.028439
v -1.751704 4.905102 0.037059
v -1.751461 4.905102 0.038901
v -1.788919 6.551127 0.001535
v -1.785983 6.551447 0.002005
v -1.778446 6.551999 0.005276
v -1.774518 6.552287 0.006981
v -1.769063 6.552445 0.011215
v -1.764645 6.552573 0.014645
v -1.761215 6.552445 0.019063
v -1.756981 6.552287 0.024518
v -1.755276 6.551999 0.028447
v -1.752005 6.551447 0.035983
v -1.751535 6.551127 0.038919
v -1.787059 4.371523 3.19662
v -1.787059 4.214738 3.313325
v -1.787059 4.032422 3.384783
v -1.751704 3.880713 3.372051
v -1.756699 3.881374 3.384092
v -1.764645 3.881943 3.394431
v -1.775 3.882378 3.402365
v -1.787059 3.882652 3.407353
v -1.787059 3.93352 3.402785
v -1.775 3.932912 3.397827
v -1.764645 3.931946 3.389941
v -1.756699 3.930687 3.379662
v -1.751704 3.92922 3.367692
v -1.775 4.031243 3.379929
v -1.764645 4.029368 3.372207
v -1.756699 4.026924 3.362144
v -1.751704 4.024078 3.350426
v -1.787059 4.126914 3.355171
v -1.775 4.125071 3.350529
v -1.764645 4.122139 3.343143
v -1.756699 4.11832 3.333518
v -1.751704 4.113871 3.32231
v -1.775 4.212301 3.308965
v -1.764645 4.208424 3.302029
v -1.756699 4.203371 3.292991
v -1.751704 4.197486 3.282465
v -1.787059 4.296416 3.260482
v -1.775 4.293438 3.256471
v -1.764645 4.288702 3.250092
v -1.756699 4.282527 3.241778
v -1.751704 4.275338 3.232097
v -1.775 4.368042 3.193038
v -1.764645 4.362504 3.18734
v -1.756699 4.355287 3.179914
v -1.751704 4.346882 3.171266
v -1.787059 4.403427 3.163582
v -1.775 4.399726 3.160227
v -1.764645 4.393838 3.154891
v -1.756699 4.386166 3.147936
v -1.751704 4.377231 3.139838
v -1.787059 4.463752 3.087515
v -1.775 4.459644 3.084673
v -1.764645 4.453109 3.080153
v -1.756699 4.444593 3.074261
v -1.751704 4.434676 3.0674
v -1.751704 4.463101 3.022903
v -1.756699 4.473495 3.029018
v -1.764645 4.482419 3.034269
v -1.775 4.489268 3.038299
v -1.787059 4.493573 3.040832
v -1.751704 4.505435 2.938957
v -1.751704 4.536805 2.849548
v -1.756699 4.516531 2.943681
v -1.756699 4.54842 2.85279
v -1.764645 4.526058 2.947737
v -1.764645 4.558394 2.855574
v -1.775 4.533369 2.95085
v -1.775 4.566048 2.85771
v -1.787059 4.537965 2.952807
v -1.787059 4.570859 2.859052
v -1.787059 4.588793 2.777649
v -1.775 4.583863 2.776847
v -1.764645 4.576019 2.775573
v -1.756699 4.565798 2.773911
v -1.751704 4.553895 2.771976
v -1.787059 4.59799 2.681419
v -1.775 4.592997 2.681276
v -1.764645 4.585054 2.681048
v -1.756699 4.574703 2.680752
v -1.751704 4.562649 2.680406
v -1.787059 4.653502 0.742795
v -1.775 4.648509 0.742653
v -1.764645 4.640566 0.742425
v -1.756699 4.630215 0.742129
v -1.751704 4.618161 0.741783
v -1.751704 4.629676 0.669111
v -1.756699 4.641246 0.672509
v -1.764645 4.651182 0.675427
v -1.775 4.658806 0.677666
v -1.787059 4.663598 0.679073
v -1.751704 4.659286 0.601752
v -1.756699 4.669613 0.60798
v -1.764645 4.67848 0.613328
v -1.775 4.685285 0.617432
v -1.787059 4.689562 0.620011
v -1.751704 4.705047 0.544134
v -1.756699 4.713451 0.552782
v -1.764645 4.720668 0.560209
v -1.775 4.726205 0.565907
v -1.787059 4.729687 0.569489
v -1.751704 4.763951 0.500041
v -1.756699 4.769881 0.510542
v -1.764645 4.774973 0.519559
v -1.775 4.77888 0.526478
v -1.787059 4.781336 0.530827
v -1.751704 4.83213 0.472371
v -1.756699 4.835196 0.484034
v -1.764645 4.837828 0.494049
v -1.775 4.839848 0.501734
v -1.787059 4.841117 0.506565
v -1.751704 4.905102 0.462941
v -1.756699 4.905102 0.475
v -1.764645 4.905102 0.485355
v -1.775 4.905102 0.493301
v -1.787059 4.905102 0.498296
v -1.787079 6.551328 0.498171
v -1.785983 6.551447 0.497995
v -1.775027 6.552249 0.49324
v -1.774518 6.552287 0.493019
v -1.764645 6.552573 0.485355
v -1.756981 6.552287 0.475482
v -1.75676 6.552249 0.474973
v -1.752005 6.551447 0.464017
v -1.751829 6.551328 0.462921
v -1.787059 2.369629 3.408296
v -1.751704 1.3 3.372941
v -1.751033 -0.751067 3.370109
v -1.751947 -0.751305 3.37286
v -1.752299 -0.751396 3.373919
v -1.756699 1.3 3.385
v -1.754719 -0.752026 3.381205
v -1.767669 -0.752542 3.398141
v -1.764669 -0.752567 3.395329
v -1.764645 1.3 3.395355
v -1.764037 -0.752572 3.394737
v -1.756979 -0.752287 3.385478
v -1.782032 -0.751786 3.40666
v -1.777393 -0.752119 3.404598
v -1.775 1.3 3.403301
v -1.775135 -0.752217 3.403098
v -1.77467 -0.752238 3.402789
v -1.787059 1.3 3.408296
v -1.793431 -0.750686 3.409567
v -1.787144 -0.751292 3.407964
v -1.786062 -0.751397 3.407687
v -1.751704 3.121717 3.372941
v -1.756699 3.121717 3.385
v -1.764645 3.121717 3.395355
v -1.775 3.121717 3.403301
v -1.787059 3.121717 3.408296
v -1.751704 2.369629 3.372941
v -1.756699 2.369629 3.385
v -1.764645 2.369629 3.395355
v -1.775 2.369629 3.403301
v -2.212941 3.121717 3.408296
v -2.212941 1.3 3.408296
v -2.21286 -0.751305 3.408053
v -2.210109 -0.751067 3.408967
v -2.213919 -0.751396 3.407701
v -2.225 1.3 3.403301
v -2.221205 -0.752026 3.405281
v -2.238141 -0.752542 3.392331
v -2.235329 -0.752567 3.395331
v -2.235355 1.3 3.395355
v -2.234737 -0.752572 3.395962
v -2.225478 -0.752287 3.403022
v -2.24666 -0.751786 3.377968
v -2.244597 -0.752119 3.382607
v -2.243301 1.3 3.385
v -2.243098 -0.752217 3.384865
v -2.242789 -0.752238 3.38533
v -2.248296 1.3 3.372941
v -2.249567 -0.750686 3.366569
v -2.247963 -0.751292 3.372856
v -2.247687 -0.751397 3.373938
v -2.225 3.121717 3.403301
v -2.235355 3.121717 3.395355
v -2.243301 3.121717 3.385
v -2.248296 3.121717 3.372941
v -2.212941 2.369629 3.408296
v -2.225 2.369629 3.403301
v -2.235355 2.369629 3.395355
v -2.243301 2.369629 3.385
v -2.248296 2.369629 3.372941
v -1.787059 3.119807 2.911704
v -1.787059 1.3 2.911704
v -1.787059 -0.035616 2.911704
v -1.789891 -0.751067 2.911033
v -1.78714 -0.751305 2.911947
v -1.786081 -0.751396 2.912298
v -1.775 -0.035616 2.916699
v -1.778795 -0.752026 2.914719
v -1.761859 -0.752542 2.927669
v -1.764671 -0.752567 2.924669
v -1.764645 -0.035616 2.924645
v -1.765263 -0.752572 2.924037
v -1.774522 -0.752287 2.916978
v -1.75334 -0.751786 2.942032
v -1.755403 -0.752119 2.937393
v -1.756699 -0.035616 2.935
v -1.756902 -0.752217 2.935135
v -1.757211 -0.752238 2.93467
v -1.751704 -0.035616 2.947059
v -1.750433 -0.750686 2.953431
v -1.752036 -0.751292 2.947144
v -1.752313 -0.751397 2.946062
v -1.751704 1.3 2.947059
v -1.756699 1.3 2.935
v -1.764645 1.3 2.924645
v -1.775 1.3 2.916699
v -1.751704 3.119807 2.947059
v -1.756699 3.119807 2.935
v -1.764645 3.119807 2.924645
v -1.775 3.119807 2.916699
v -2.212941 1.3 2.911704
v -2.248296 -0.035616 2.947059
v -2.248967 -0.751067 2.949891
v -2.248053 -0.751305 2.94714
v -2.247701 -0.751396 2.946081
v -2.243301 -0.035616 2.935
v -2.245281 -0.752026 2.938795
v -2.232331 -0.752542 2.921859
v -2.235331 -0.752567 2.924671
v -2.235355 -0.035616 2.924645
v -2.235963 -0.752572 2.925262
v -2.243021 -0.752287 2.934522
v -2.217968 -0.751786 2.91334
v -2.222607 -0.752119 2.915402
v -2.225 -0.035616 2.916699
v -2.224865 -0.752217 2.916902
v -2.22533 -0.752238 2.917211
v -2.212941 -0.035616 2.911704
v -2.206569 -0.750686 2.910433
v -2.212856 -0.751292 2.912037
v -2.213938 -0.751397 2.912313
v -2.248296 1.3 2.947059
v -2.243301 1.3 2.935
v -2.235355 1.3 2.924645
v -2.225 1.3 2.916699
v -2.212941 3.119807 2.911704
v -2.225 3.119807 2.916699
v -2.235355 3.119807 2.924645
v -2.243301 3.119807 2.935
v -2.248296 3.119807 2.947059
v -2.212941 4.371498 3.196645
v -2.212941 4.296391 3.2605
v -2.212941 3.882626 3.407354
v -2.225 3.882353 3.402367
v -2.235355 3.881917 3.394433
v -2.243301 3.881349 3.384093
v -2.248296 3.880688 3.372052
v -2.212941 3.933485 3.40279
v -2.212941 4.12688 3.355185
v -2.212941 4.032384 3.384792
v -2.212941 4.214715 3.313338
v -2.212941 4.403409 3.163601
v -2.212941 4.463737 3.087537
v -2.212941 4.493559 3.040855
v -2.212941 4.537953 2.952832
v -2.212941 4.588793 2.777649
v -2.212941 4.570852 2.859079
v -2.225 3.932878 3.397832
v -2.235355 3.931912 3.389945
v -2.225 4.031206 3.379938
v -2.235355 4.029331 3.372216
v -2.225 4.125038 3.350542
v -2.235355 4.122108 3.343156
v -2.225 4.212278 3.308978
v -2.235355 4.208401 3.302042
v -2.225 4.293413 3.25649
v -2.235355 4.288677 3.25011
v -2.225 4.368017 3.193062
v -2.235355 4.362479 3.187364
v -2.225 4.399708 3.160246
v -2.235355 4.393821 3.15491
v -2.225 4.459629 3.084695
v -2.235355 4.453094 3.080174
v -2.225 4.489254 3.038322
v -2.235355 4.482406 3.034292
v -2.225 4.533358 2.950875
v -2.235355 4.526047 2.947762
v -2.225 4.566041 2.857736
v -2.235355 4.558387 2.8556
v -2.225 4.583863 2.776847
v -2.235355 4.576019 2.775573
v -2.243301 3.930653 3.379666
v -2.248296 3.929187 3.367697
v -2.243301 4.026887 3.362153
v -2.248296 4.024043 3.350435
v -2.243301 4.118288 3.333531
v -2.248296 4.11384 3.322322
v -2.243301 4.203349 3.293003
v -2.248296 4.197465 3.282477
v -2.243301 4.282504 3.241796
v -2.248296 4.275314 3.232114
v -2.243301 4.355262 3.179938
v -2.248296 4.346858 3.171289
v -2.243301 4.386149 3.147955
v -2.248296 4.377214 3.139856
v -2.243301 4.444579 3.074282
v -2.248296 4.434662 3.06742
v -2.243301 4.473481 3.029041
v -2.248296 4.463088 3.022925
v -2.243301 4.51652 2.943705
v -2.248296 4.505425 2.938981
v -2.243301 4.548413 2.852816
v -2.248296 4.536798 2.849574
v -2.243301 4.565798 2.773911
v -2.248296 4.553895 2.771976
v -2.211099 4.598232 2.681426
v -2.212941 4.59799 2.681419
v -2.22156 4.594421 2.681316
v -2.225 4.592997 2.681276
v -2.230919 4.588456 2.681145
v -2.235355 4.585054 2.681048
v -2.238759 4.58062 2.680921
v -2.243301 4.574703 2.680752
v -2.244726 4.571265 2.680653
v -2.248296 4.562649 2.680406
v -2.248539 4.560807 2.680354
v -2.248539 4.616319 0.741731
v -2.248296 4.618161 0.741783
v -2.244726 4.626777 0.74203
v -2.243301 4.630215 0.742129
v -2.238759 4.636132 0.742298
v -2.235355 4.640566 0.742425
v -2.230919 4.643968 0.742522
v -2.225 4.648509 0.742653
v -2.22156 4.649933 0.742693
v -2.212941 4.653502 0.742795
v -2.211099 4.653744 0.742802
v -2.248296 4.629676 0.669111
v -2.243301 4.641246 0.672509
v -2.235355 4.651182 0.675427
v -2.225 4.658806 0.677666
v -2.248296 4.905102 0.462941
v -2.248296 4.83213 0.472371
v -2.243301 4.905102 0.475
v -2.243301 4.835196 0.484034
v -2.235355 4.905102 0.485355
v -2.235355 4.837828 0.494049
v -2.225 4.905102 0.493301
v -2.225 4.839848 0.501734
v -2.212941 4.905102 0.498296
v -2.212941 4.841117 0.506565
v -2.248296 4.763951 0.500041
v -2.243301 4.769881 0.510542
v -2.235355 4.774973 0.519559
v -2.225 4.77888 0.526478
v -2.212941 4.781336 0.530827
v -2.248296 4.705047 0.544134
v -2.243301 4.713451 0.552782
v -2.235355 4.720668 0.560209
v -2.225 4.726205 0.565907
v -2.212941 4.729687 0.569489
v -2.248296 4.659286 0.601752
v -2.243301 4.669613 0.60798
v -2.235355 4.67848 0.613328
v -2.225 4.685285 0.617432
v -2.212941 4.689562 0.620011
v -2.212941 4.663598 0.679073
v -2.248171 6.551328 0.462921
v -2.247995 6.551447 0.464017
v -2.24324 6.552249 0.474973
v -2.243019 6.552287 0.475482
v -2.235355 6.552573 0.485355
v -2.225482 6.552287 0.493019
v -2.224973 6.552249 0.49324
v -2.214017 6.551447 0.497995
v -2.212921 6.551328 0.498171
v -1.299185 -0.857589 5.501
v -1.298939 -0.82281 5.501
newmtl 3
Ka 0.0 0.0 0.0
Kd 0.0 0.0 0.0
Ks 0.0 0.0 0.0
d 0.0
endmtl
v -1.177692 -0.85845 5.501
v -1.179609 -1.128729 5.501
v -1.140229 -1.129008 5.501
v -1.138066 -0.823951 5.501
v -1.539908 -0.833734 5.501
v -1.534685 -0.831178 5.501
v -1.45533 -0.816553 5.501
v -1.501857 -0.820669 5.501
v -1.540176 -0.871476 5.501
v -1.510188 -0.858247 5.501
v -1.475662 -0.852044 5.501
v -1.461271 -0.851604 5.501
v -1.430479 -0.855555 5.501
v -1.408822 -0.864131 5.501
v -1.389011 -0.878382 5.501
v -1.383129 -0.884288 5.501
v -1.368409 -0.905037 5.501
v -1.358722 -0.929704 5.501
v -1.354053 -0.960265 5.501
v -1.353802 -0.971526 5.501
v -1.359278 -1.013959 5.501
v -1.369767 -1.040104 5.501
v -1.386502 -1.063003 5.501
v -1.407423 -1.080021 5.501
v -1.431494 -1.090951 5.501
v -1.458075 -1.095869 5.501
v -1.469869 -1.096256 5.501
v -1.541638 -1.077655 5.501
v -1.538254 -1.079512 5.501
v -1.507394 -1.091506 5.501
v -1.54193 -1.118828 5.501
v -1.510191 -1.128298 5.501
v -1.470382 -1.131813 5.501
v -1.469731 -1.131818 5.501
v -1.425214 -1.126676 5.501
v -1.393305 -1.114456 5.501
v -1.364648 -1.094576 5.501
v -1.357355 -1.087696 5.501
v -1.335023 -1.058941 5.501
v -1.320299 -1.025154 5.501
v -1.313104 -0.985372 5.501
v -1.312456 -0.969479 5.501
v -1.317118 -0.9239 5.501
v -1.328668 -0.891084 5.501
v -1.346055 -0.864353 5.501
v -1.35082 -0.858938 5.501
v -1.436956 -0.81755 5.501
v -1.403937 -0.824585 5.501
v -1.375239 -0.838359 5.501
v -1.765193 -0.854284 5.501
v -1.764946 -0.819504 5.501
v -1.640503 -0.855168 5.501
v -1.641231 -0.957789 5.501
v -1.750325 -0.957016 5.501
v -1.750573 -0.991951 5.501
v -1.641479 -0.992724 5.501
v -1.642171 -1.090355 5.501
v -1.759921 -1.08952 5.501
v -1.76017 -1.124611 5.501
v -1.60304 -1.125726 5.501
v -1.600877 -0.820668 5.501
v -2.012728 -0.903191 5.501
v -1.997409 -0.884454 5.501
v -2.025234 -0.860394 5.501
v -1.991754 -0.879395 5.501
v -1.993625 -0.837995 5.501
v -1.971456 -0.866308 5.501
v -1.95885 -0.824573 5.501
v -1.945302 -0.857184 5.501
v -1.90648 -0.818501 5.501
v -1.906492 -0.853281 5.501
v -1.822573 -0.819096 5.501
v -1.8622 -0.853596 5.501
v -1.824737 -1.124153 5.501
v -1.863868 -1.088783 5.501
v -1.911762 -1.123536 5.501
v -1.909954 -1.088456 5.501
v -1.958282 -1.118068 5.501
v -1.949196 -1.083843 5.501
v -1.995006 -1.104362 5.501
v -1.97559 -1.074113 5.501
v -2.026808 -1.082324 5.501
v -1.99779 -1.059135 5.501
v -2.037244 -1.071999 5.501
v -2.007736 -1.048925 5.501
v -2.056004 -1.045344 5.501
v -2.019063 -1.031287 5.501
v -2.067159 -1.016243 5.501
v -2.027116 -1.008134 5.501
v -2.072049 -0.973762 5.501
v -2.030634 -0.972964 5.501
v -2.071005 -0.954438 5.501
v -2.029493 -0.953691 5.501
v -2.063379 -0.918759 5.501
v -2.023383 -0.925776 5.501
v -2.048152 -0.887302 5.501
v -1.909954 -1.088456 5.5
v -1.863868 -1.088783 5.5
v -1.8622 -0.853596 5.5
v -1.906492 -0.853281 5.5
v -1.997409 -0.884454 5.5
v -1.991754 -0.879395 5.5
v -1.971456 -0.866308 5.5
v -1.945302 -0.857184 5.5
v -2.030634 -0.972964 5.5
v -2.029493 -0.953691 5.5
v -2.023383 -0.925776 5.5
v -2.012728 -0.903191 5.5
v -1.99779 -1.059135 5.5
v -2.007736 -1.048925 5.5
v -2.019063 -1.031287 5.5
v -2.027116 -1.008134 5.5
v -1.949196 -1.083843 5.5
v -1.97559 -1.074113 5.5
v -2.174007 -0.934515 5.501
v -2.161286 -0.900136 5.501
v -2.276395 -0.933789 5.501
v -2.288315 -0.899235 5.501
v -2.220525 -1.060987 5.501
v -2.206214 -1.121448 5.501
v -2.087861 -0.817214 5.501
v -2.131374 -0.816906 5.501
v -2.223231 -1.070072 5.501
v -2.225667 -1.082318 5.501
v -2.248324 -1.121149 5.501
v -2.226603 -1.082311 5.501
v -2.228977 -1.069388 5.501
v -2.231208 -1.060911 5.501
v -2.36235 -0.815268 5.501
v -2.318837 -0.815576 5.501
v -2.174007 -0.934515 5.5
v -2.276395 -0.933789 5.5
v -2.231208 -1.060911 5.5
v -2.226603 -1.082311 5.5
v -2.228977 -1.069388 5.5
v -2.225667 -1.082318 5.5
v -2.220525 -1.060987 5.5
v -2.223231 -1.070072 5.5
v -1.29895 -0.373623 5.501
v -1.298703 -0.338844 5.501
v -1.17426 -0.374507 5.501
v -1.174988 -0.477129 5.501
v -1.284082 -0.476355 5.501
v -1.28433 -0.51129 5.501
v -1.175236 -0.512064 5.501
v -1.175928 -0.609694 5.501
v -1.293678 -0.608859 5.501
v -1.293927 -0.64395 5.501
v -1.136797 -0.645065 5.501
v -1.134634 -0.340007 5.501
v -1.379457 -0.460575 5.501
v -1.363147 -0.452348 5.501
v -1.384801 -0.427291 5.501
v -1.511335 -0.477551 5.501
v -1.472906 -0.446942 5.501
v -1.472758 -0.426043 5.501
v -1.471356 -0.371308 5.501
v -1.47237 -0.371301 5.501
v -1.470405 -0.407513 5.501
v -1.380187 -0.421661 5.501
v -1.351384 -0.442273 5.501
v -1.376783 -0.414557 5.501
v -1.343684 -0.431375 5.501
v -1.374835 -0.40582 5.501
v -1.472131 -0.337614 5.501
v -1.510341 -0.337343 5.501
v -1.389984 -0.431186 5.501
v -1.399188 -0.435416 5.501
v -1.408481 -0.467518 5.501
v -1.421858 -0.440441 5.501
v -1.473113 -0.476106 5.501
v -1.338361 -0.417928 5.501
v -1.335824 -0.401432 5.501
v -1.374468 -0.399758 5.501
v -1.33569 -0.396913 5.501
v -1.375376 -0.390979 5.501
v -1.337471 -0.379478 5.501
v -1.377838 -0.384019 5.501
v -1.342017 -0.36654 5.501
v -1.382135 -0.377547 5.501
v -1.471955 -0.492696 5.501
v -1.508476 -0.507009 5.501
v -1.468129 -0.506458 5.501
v -1.502569 -0.524286 5.501
v -1.463718 -0.514403 5.501
v -1.494802 -0.536605 5.501
v -1.458012 -0.520621 5.501
v -1.484637 -0.546361 5.501
v -1.451294 -0.525069 5.501
v -1.471941 -0.553652 5.501
v -1.442513 -0.528256 5.501
v -1.455771 -0.558607 5.501
v -1.429355 -0.529757 5.501
v -1.433162 -0.560768 5.501
v -1.408357 -0.527903 5.501
v -1.394107 -0.556269 5.501
v -1.384363 -0.520356 5.501
v -1.365663 -0.545403 5.501
v -1.357738 -0.503907 5.501
v -1.358001 -0.541025 5.501
v -1.46493 -0.393786 5.501
v -1.456067 -0.381711 5.501
v -1.464886 -0.361695 5.501
v -1.452048 -0.377766 5.501
v -1.452658 -0.348948 5.501
v -1.441367 -0.370349 5.501
v -1.438601 -0.340003 5.501
v -1.429905 -0.365996 5.501
v -1.422866 -0.334729 5.501
v -1.414455 -0.364225 5.501
v -1.40433 -0.332948 5.501
v -1.401559 -0.365771 5.501
v -1.349886 -0.354762 5.501
v -1.354076 -0.350461 5.501
v -1.385361 -0.374258 5.501
v -1.366265 -0.341721 5.501
v -1.392938 -0.369004 5.501
v -1.380743 -0.335964 5.501
v -1.39879 -0.333124 5.501
v -1.384801 -0.427291 5.5
v -1.389984 -0.431186 5.5
v -1.399188 -0.435416 5.5
v -1.421858 -0.440441 5.5
v -1.374468 -0.399758 5.5
v -1.374835 -0.40582 5.5
v -1.376783 -0.414557 5.5
v -1.380187 -0.421661 5.5
v -1.385361 -0.374258 5.5
v -1.382135 -0.377547 5.5
v -1.377838 -0.384019 5.5
v -1.375376 -0.390979 5.5
v -1.414455 -0.364225 5.5
v -1.401559 -0.365771 5.5
v -1.392938 -0.369004 5.5
v -1.456067 -0.381711 5.5
v -1.452048 -0.377766 5.5
v -1.441367 -0.370349 5.5
v -1.429905 -0.365996 5.5
v -1.472758 -0.426043 5.5
v -1.470405 -0.407513 5.5
v -1.46493 -0.393786 5.5
v -1.472906 -0.446942 5.5
v -1.562454 -0.384075 5.501
v -1.576129 -0.375374 5.501
v -1.625156 -0.362575 5.501
v -1.599962 -0.365865 5.501
v -1.562174 -0.344618 5.501
v -1.621192 -0.33141 5.501
v -1.588841 -0.33502 5.501
v -1.656066 -0.33535 5.501
v -1.676137 -0.343011 5.501
v -1.68479 -0.348271 5.501
v -1.696538 -0.358594 5.501
v -1.703478 -0.368703 5.501
v -1.708008 -0.380841 5.501
v -1.709688 -0.395197 5.501
v -1.70792 -0.410645 5.501
v -1.703696 -0.421749 5.501
v -1.697155 -0.431314 5.501
v -1.688101 -0.439508 5.501
v -1.662824 -0.453801 5.501
v -1.648071 -0.459892 5.501
v -1.624497 -0.470353 5.501
v -1.611086 -0.478871 5.501
v -1.607388 -0.482998 5.501
v -1.604672 -0.488173 5.501
v -1.603198 -0.494119 5.501
v -1.602886 -0.499205 5.501
v -1.603621 -0.505294 5.501
v -1.605543 -0.510439 5.501
v -1.608854 -0.515279 5.501
v -1.614655 -0.520333 5.501
v -1.623255 -0.524828 5.501
v -1.633496 -0.527461 5.501
v -1.644813 -0.528229 5.501
v -1.671522 -0.524783 5.501
v -1.693077 -0.516247 5.501
v -1.700067 -0.512085 5.501
v -1.70033 -0.549203 5.501
v -1.675565 -0.55667 5.501
v -1.648776 -0.559239 5.501
v -1.618051 -0.555755 5.501
v -1.597559 -0.547969 5.501
v -1.588297 -0.542355 5.501
v -1.576272 -0.531534 5.501
v -1.569326 -0.521212 5.501
v -1.564903 -0.508919 5.501
v -1.563482 -0.496053 5.501
v -1.565261 -0.480188 5.501
v -1.569579 -0.46866 5.501
v -1.574076 -0.461509 5.501
v -1.620894 -0.432323 5.501
v -1.598192 -0.442924 5.501
v -1.580281 -0.454927 5.501
v -1.645909 -0.421637 5.501
v -1.660759 -0.412544 5.501
v -1.665485 -0.407553 5.501
v -1.668403 -0.402466 5.501
v -1.670097 -0.396488 5.501
v -1.670437 -0.391732 5.501
v -1.669594 -0.384448 5.501
v -1.667614 -0.379028 5.501
v -1.664243 -0.374119 5.501
v -1.659831 -0.370258 5.501
v -1.656332 -0.368169 5.501
v -1.646446 -0.36463 5.501
v -1.626844 -0.362574 5.501
v -1.900226 -0.552464 5.501
v -1.93984 -0.552183 5.501
v -1.839563 -0.388817 5.501
v -1.836567 -0.37868 5.501
v -1.83476 -0.371226 5.501
v -1.833746 -0.371234 5.501
v -1.829194 -0.389202 5.501
v -1.77343 -0.553364 5.501
v -1.730698 -0.553667 5.501
v -1.814622 -0.335653 5.501
v -1.797575 -0.296158 5.501
v -1.789153 -0.281352 5.501
v -1.781143 -0.273191 5.501
v -1.773955 -0.268866 5.501
v -1.765528 -0.266299 5.501
v -1.758211 -0.265711 5.501
v -1.744362 -0.267615 5.501
v -1.736564 -0.270232 5.501
v -1.736323 -0.236233 5.501
v -1.752248 -0.233323 5.501
v -1.760942 -0.232939 5.501
v -1.776833 -0.234708 5.501
v -1.791909 -0.240453 5.501
v -1.805296 -0.2498 5.501
v -1.806438 -0.250818 5.501
v -1.820583 -0.267015 5.501
v -1.839182 -0.302101 5.501
v -2.143784 -0.367631 5.501
v -2.143537 -0.332852 5.501
v -2.019094 -0.368515 5.501
v -2.019822 -0.471137 5.501
v -2.128916 -0.470363 5.501
v -2.129164 -0.505298 5.501
v -2.02007 -0.506072 5.501
v -2.020762 -0.603703 5.501
v -2.138512 -0.602867 5.501
v -2.138761 -0.637958 5.501
v -1.981631 -0.639073 5.501
v -1.979468 -0.334016 5.501
v -2.391319 -0.416538 5.501
v -2.376 -0.397801 5.501
v -2.403826 -0.373741 5.501
v -2.370345 -0.392742 5.501
v -2.372216 -0.351342 5.501
v -2.350047 -0.379655 5.501
v -2.337441 -0.337921 5.501
v -2.323893 -0.370532 5.501
v -2.285071 -0.331848 5.501
v -2.285084 -0.366629 5.501
v -2.201165 -0.332443 5.501
v -2.240791 -0.366943 5.501
v -2.203328 -0.6375 5.501
v -2.242459 -0.60213 5.501
v -2.290354 -0.636883 5.501
v -2.288545 -0.601803 5.501
v -2.336873 -0.631415 5.501
v -2.327786 -0.597191 5.501
v -2.373597 -0.61771 5.501
v -2.354182 -0.58746 5.501
v -2.4054 -0.595672 5.501
v -2.376381 -0.572482 5.501
v -2.415835 -0.585346 5.501
v -2.386327 -0.562272 5.501
v -2.434596 -0.558691 5.501
v -2.397654 -0.544634 5.501
v -2.44575 -0.529591 5.501
v -2.405707 -0.521482 5.501
v -2.45064 -0.487109 5.501
v -2.409225 -0.486311 5.501
v -2.449597 -0.467785 5.501
v -2.408083 -0.467039 5.501
v -2.44197 -0.432106 5.501
v -2.401974 -0.439123 5.501
v -2.426744 -0.40065 5.501
v -2.288545 -0.601803 5.5
v -2.242459 -0.60213 5.5
v -2.240791 -0.366943 5.5
v -2.285084 -0.366629 5.5
v -2.376 -0.397801 5.5
v -2.370345 -0.392742 5.5
v -2.350047 -0.379655 5.5
v -2.323893 -0.370532 5.5
v -2.409225 -0.486311 5.5
v -2.408083 -0.467039 5.5
v -2.401974 -0.439123 5.5
v -2.391319 -0.416538 5.5
v -2.376381 -0.572482 5.5
v -2.386327 -0.562272 5.5
v -2.397654 -0.544634 5.5
v -2.405707 -0.521482 5.5
v -2.327786 -0.597191 5.5
v -2.354182 -0.58746 5.5
v -2.552598 -0.447862 5.501
v -2.539877 -0.413484 5.501
v -2.654986 -0.447136 5.501
v -2.666906 -0.412583 5.501
v -2.599116 -0.574334 5.501
v -2.584806 -0.634795 5.501
v -2.466452 -0.330562 5.501
v -2.509965 -0.330253 5.501
v -2.601822 -0.583419 5.501
v -2.604258 -0.595665 5.501
v -2.626915 -0.634496 5.501
v -2.605194 -0.595658 5.501
v -2.607569 -0.582735 5.501
v -2.609799 -0.574258 5.501
v -2.740941 -0.328615 5.501
v -2.697428 -0.328924 5.501
v -2.552598 -0.447862 5.5
v -2.654986 -0.447136 5.5
v -2.609799 -0.574258 5.5
v -2.605194 -0.595658 5.5
v -2.607569 -0.582735 5.5
v -2.604258 -0.595665 5.5
v -2.599116 -0.574334 5.5
v -2.601822 -0.583419 5.5
v -0.148913 -0.295556 5.501
v -0.174833 -0.343774 5.501
v -0.187799 -0.397254 5.501
v 0.04883 -0.336335 5.501
v 0.068902 -0.343735 5.501
v 0.234345 -0.352997 5.501
v 0.086235 -0.355675 5.501
v -0.49403 -0.599439 5.501
v -0.427608 -0.714869 5.501
v -0.189242 -0.441092 5.501
v -0.135895 -0.565105 5.501
v -0.189088 -0.419403 5.501
v -0.071597 -0.228322 5.501
v -0.115025 -0.258052 5.501
v 0.100062 -0.371403 5.501
v 0.109313 -0.389297 5.501
v 0.274503 -0.366145 5.501
v 0.114057 -0.409283 5.501
v 0.350985 -0.407862 5.501
v -0.567127 -0.813655 5.501
v -0.584479 -0.813532 5.501
v -0.674235 -0.930023 5.501
v -0.62559 -0.808177 5.501
v -0.689644 -0.924576 5.501
v -0.663349 -0.793354 5.501
v -0.753501 -0.890959 5.501
v -0.811029 -0.839922 5.501
v 0.04266 -0.889609 5.501
v 0.026712 -0.880769 5.501
v 0.092826 -1.039577 5.501
v -0.00311 -0.943201 5.501
v 0.047996 -1.091045 5.501
v -0.050748 -1.002007 5.501
v -0.003283 -1.134333 5.501
v -0.110801 -1.046957 5.501
v -0.056186 -1.166612 5.501
v 0.231145 -0.498299 5.501
v 0.278101 -0.527664 5.501
v 0.407121 -0.458336 5.501
v 0.316725 -0.567864 5.501
v 0.353058 -0.751098 5.501
v 0.495183 -0.723919 5.501
v 0.359866 -0.698764 5.501
v 0.496539 -0.695395 5.501
v 0.357572 -0.665744 5.501
v 0.489329 -0.622325 5.501
v 0.342496 -0.612505 5.501
v 0.461821 -0.540726 5.501
v 0.417108 -0.470098 5.501
v -0.047999 -0.451641 5.501
v -0.053603 -0.43188 5.501
v -0.054227 -0.410857 5.501
v -0.049491 -0.389922 5.501
v -0.039752 -0.371019 5.501
v -0.470336 -0.344847 5.501
v -0.479201 -0.343598 5.501
v -0.497491 -0.475779 5.501
v -0.156452 -1.204544 5.501
v -0.181511 -1.076157 5.501
v -0.264154 -1.217075 5.501
v -0.558328 -1.102199 5.501
v -0.486553 -0.989204 5.501
v -0.628725 -1.019834 5.501
v -0.531376 -0.927252 5.501
v -0.559744 -0.855073 5.501
v 0.091186 -0.907598 5.501
v 0.117748 -1.042736 5.501
v 0.141435 -0.914118 5.501
v 0.142681 -1.044269 5.501
v 0.1636 -0.913143 5.501
v 0.216149 -1.037035 5.501
v 0.217258 -0.900937 5.501
v 0.297492 -1.009404 5.501
v 0.265839 -0.875704 5.501
v 0.370936 -0.96185 5.501
v 0.30382 -0.842351 5.501
v 0.392846 -0.941929 5.501
v 0.334163 -0.799349 5.501
v 0.439183 -0.885389 5.501
v 0.476833 -0.809116 5.501
v -0.025855 -0.355291 5.501
v -0.009182 -0.343786 5.501
v -0.023083 -0.210113 5.501
v 0.009739 -0.336622 5.501
v 0.029343 -0.204048 5.501
v 0.030589 -0.334199 5.501
v 0.037852 -0.20427 5.501
v -0.696834 -0.769646 5.501
v -0.721926 -0.741185 5.501
v -0.853831 -0.777205 5.501
v -0.74176 -0.703571 5.501
v -0.878718 -0.710492 5.501
v -0.751565 -0.661818 5.501
v -0.886944 -0.644371 5.501
v -0.752455 -0.643156 5.501
v -0.595092 -0.475087 5.501
v -0.607168 -0.34269 5.501
v -0.633808 -0.482187 5.501
v -0.674063 -0.35568 5.501
v -0.672236 -0.499582 5.501
v -0.740939 -0.386262 5.501
v -0.704535 -0.525492 5.501
v -0.798339 -0.431755 5.501
v -0.707679 -0.528817 5.501
v -0.805232 -0.438892 5.501
v -0.731765 -0.562489 5.501
v -0.845808 -0.493455 5.501
v -0.746969 -0.601045 5.501
v -0.874818 -0.561229 5.501
v -0.886612 -0.632132 5.501
v -0.253785 -1.086797 5.501
v -0.2654 -1.086924 5.501
v -0.353486 -1.207049 5.501
v -0.332798 -1.078864 5.501
v -0.462057 -1.167922 5.501
v -0.401095 -1.053763 5.501
v -0.462466 -1.012413 5.501
v 0.212999 -0.306426 5.501
v 0.181052 -0.266372 5.501
v 0.138873 -0.234065 5.501
v 0.088998 -0.212653 5.501
v -0.41714 -0.417758 5.501
v -0.416779 -0.411281 5.501
v -0.486602 -0.477873 5.501
v -0.418469 -0.396162 5.501
v 0.113914 -0.429484 5.501
v 0.108559 -0.450231 5.501
v 0.206748 -0.544894 5.501
v 0.098145 -0.46888 5.501
v 0.170571 -0.58561 5.501
v 0.083628 -0.484126 5.501
v 0.125983 -0.616074 5.501
v 0.066135 -0.495214 5.501
v 0.077934 -0.634025 5.501
v 0.046893 -0.50166 5.501
v 0.026251 -0.640003 5.501
v 0.029389 -0.503376 5.501
v -2.48E-4 -0.638235 5.501
v 0.014795 -0.501994 5.501
v -0.052499 -0.624836 5.501
v -0.00561 -0.495474 5.501
v -0.098329 -0.59982 5.501
v -0.023507 -0.484242 5.501
v -0.037973 -0.469134 5.501
v -0.423822 -0.381362 5.501
v -0.432919 -0.367566 5.501
v -0.441344 -0.359157 5.501
v -0.493099 -0.476386 5.501
v -0.455881 -0.349774 5.501
v -0.484493 -0.478041 5.501
v -0.469087 -0.476346 5.501
v -0.45406 -0.47091 5.501
v -0.44049 -0.461875 5.501
v -0.42912 -0.449425 5.501
v -0.42109 -0.434366 5.501
v 0.029389 -0.503376 5.5
v 0.014795 -0.501994 5.5
v -0.00561 -0.495474 5.5
v -0.023507 -0.484242 5.5
v -0.037973 -0.469134 5.5
v -0.047999 -0.451641 5.5
v -0.053603 -0.43188 5.5
v -0.054227 -0.410857 5.5
v -0.049491 -0.389922 5.5
v -0.039752 -0.371019 5.5
v -0.025855 -0.355291 5.5
v -0.009182 -0.343786 5.5
v 0.009739 -0.336622 5.5
v 0.030589 -0.334199 5.5
v 0.04883 -0.336335 5.5
v 0.068902 -0.343735 5.5
v 0.086235 -0.355675 5.5
v 0.100062 -0.371403 5.5
v 0.109313 -0.389297 5.5
v 0.114057 -0.409283 5.5
v 0.113914 -0.429484 5.5
v 0.108559 -0.450231 5.5
v 0.098145 -0.46888 5.5
v 0.083628 -0.484126 5.5
v 0.066135 -0.495214 5.5
v 0.046893 -0.50166 5.5
usemtl 1
f 1// 2// 3//
f 3// 2// 4//
f 5// 6// 7//
f 7// 6// 8//
f 9// 8// 10//
f 10// 8// 6//
f 11// 9// 12//
f 12// 9// 10//
f 13// 11// 14//
f 14// 11// 12//
f 15// 13// 16//
f 16// 13// 14//
f 17// 18// 19//
f 19// 18// 20//
f 21// 22// 23//
f 23// 22// 24//
f 23// 24// 25//
f 25// 24// 26//
f 25// 26// 27//
f 27// 26// 28//
f 27// 28// 29//
f 29// 28// 30//
f 29// 30// 31//
f 31// 30// 32//
f 31// 32// 33//
f 33// 32// 34//
f 33// 34// 35//
f 35// 34// 36//
f 35// 36// 37//
f 37// 36// 38//
f 37// 38// 39//
f 39// 38// 40//
f 41// 42// 43//
f 43// 42// 44//
f 45// 46// 47//
f 47// 46// 48//
f 9// 48// 49//
f 49// 50// 9//
f 9// 50// 2//
f 9// 2// 8//
f 8// 2// 1//
f 8// 1// 7//
f 7// 1// 51//
f 7// 51// 52//
f 23// 25// 11//
f 11// 25// 27//
f 11// 27// 9//
f 9// 27// 29//
f 9// 29// 31//
f 53// 54// 52//
f 52// 54// 55//
f 52// 55// 7//
f 20// 56// 11//
f 11// 56// 57//
f 11// 57// 58//
f 31// 33// 9//
f 9// 33// 35//
f 9// 35// 48//
f 48// 35// 37//
f 48// 37// 39//
f 13// 15// 11//
f 11// 15// 59//
f 58// 60// 11//
f 11// 60// 21//
f 11// 21// 23//
f 59// 61// 11//
f 11// 61// 19//
f 11// 19// 20//
f 62// 63// 64//
f 64// 63// 43//
f 64// 43// 65//
f 44// 48// 43//
f 43// 48// 39//
f 43// 39// 65//
f 66// 67// 44//
f 44// 67// 47//
f 44// 47// 48//
f 16// 14// 12//
f 10// 6// 46//
f 46// 6// 5//
f 68// 69// 70//
f 71// 72// 4//
f 4// 72// 46//
f 4// 46// 3//
f 3// 46// 5//
f 3// 5// 73//
f 26// 24// 12//
f 12// 24// 22//
f 73// 5// 70//
f 70// 5// 74//
f 70// 74// 68//
f 42// 41// 40//
f 40// 41// 75//
f 34// 32// 10//
f 10// 32// 30//
f 10// 30// 12//
f 12// 30// 28//
f 12// 28// 26//
f 76// 77// 42//
f 78// 79// 16//
f 76// 42// 45//
f 45// 42// 40//
f 45// 40// 46//
f 46// 40// 38//
f 46// 38// 10//
f 10// 38// 36//
f 10// 36// 34//
f 75// 80// 40//
f 40// 80// 81//
f 40// 81// 82//
f 22// 83// 12//
f 12// 83// 84//
f 12// 84// 85//
f 85// 86// 12//
f 12// 86// 18//
f 12// 18// 16//
f 16// 18// 17//
f 16// 17// 78//
f 15// 16// 79//
f 15// 79// 59//
f 59// 79// 78//
f 59// 78// 61//
f 61// 78// 17//
f 61// 17// 19//
f 20// 18// 86//
f 20// 86// 56//
f 56// 86// 85//
f 56// 85// 57//
f 57// 85// 84//
f 57// 84// 58//
f 58// 84// 83//
f 58// 83// 60//
f 60// 83// 22//
f 60// 22// 21//
f 39// 40// 82//
f 39// 82// 65//
f 65// 82// 81//
f 65// 81// 64//
f 64// 81// 80//
f 64// 80// 62//
f 62// 80// 75//
f 62// 75// 63//
f 63// 75// 41//
f 63// 41// 43//
f 44// 42// 77//
f 44// 77// 66//
f 66// 77// 76//
f 66// 76// 67//
f 67// 76// 45//
f 67// 45// 47//
f 1// 3// 73//
f 1// 73// 51//
f 51// 73// 70//
f 51// 70// 52//
f 52// 70// 69//
f 52// 69// 53//
f 53// 69// 68//
f 53// 68// 54//
f 54// 68// 74//
f 54// 74// 55//
f 55// 74// 5//
f 55// 5// 7//
f 48// 46// 72//
f 48// 72// 49//
f 49// 72// 71//
f 49// 71// 50//
f 50// 71// 4//
f 50// 4// 2//
f 87// 88// 89//
f 89// 88// 90//
f 91// 87// 92//
f 92// 87// 89//
f 93// 91// 94//
f 94// 91// 92//
f 95// 96// 97//
f 97// 96// 98//
f 99// 100// 101//
f 101// 100// 102//
f 103// 104// 105//
f 105// 104// 106//
f 107// 108// 109//
f 109// 108// 110//
f 109// 110// 111//
f 111// 110// 112//
f 111// 112// 113//
f 113// 112// 114//
f 113// 114// 115//
f 115// 114// 116//
f 115// 116// 117//
f 117// 116// 118//
f 117// 118// 119//
f 119// 118// 120//
f 119// 120// 121//
f 121// 120// 122//
f 121// 122// 123//
f 123// 122// 124//
f 123// 124// 125//
f 125// 124// 126//
f 127// 128// 129//
f 129// 128// 130//
f 131// 132// 133//
f 133// 132// 134//
f 88// 134// 90//
f 90// 134// 132//
f 133// 134// 88//
f 107// 109// 100//
f 121// 123// 88//
f 88// 123// 125//
f 87// 91// 100//
f 100// 91// 93//
f 104// 103// 107//
f 135// 136// 93//
f 93// 136// 96//
f 93// 96// 100//
f 100// 96// 95//
f 100// 95// 137//
f 137// 95// 138//
f 139// 140// 104//
f 113// 115// 87//
f 87// 115// 117//
f 87// 117// 88//
f 88// 117// 119//
f 88// 119// 121//
f 125// 141// 88//
f 88// 141// 142//
f 88// 142// 143//
f 135// 93// 144//
f 144// 93// 145//
f 144// 145// 146//
f 103// 147// 148//
f 100// 109// 87//
f 87// 109// 111//
f 87// 111// 113//
f 143// 149// 88//
f 88// 149// 128//
f 88// 128// 127//
f 107// 100// 104//
f 104// 100// 99//
f 104// 99// 139//
f 148// 150// 103//
f 103// 150// 151//
f 103// 151// 107//
f 127// 152// 88//
f 88// 152// 153//
f 88// 153// 133//
f 101// 102// 108//
f 94// 92// 89//
f 89// 102// 154//
f 124// 122// 90//
f 90// 122// 120//
f 90// 120// 89//
f 89// 120// 118//
f 89// 118// 116//
f 154// 155// 89//
f 89// 155// 97//
f 89// 97// 94//
f 94// 97// 98//
f 94// 98// 156//
f 156// 157// 94//
f 94// 157// 158//
f 94// 158// 159//
f 159// 158// 160//
f 130// 161// 90//
f 90// 161// 162//
f 90// 162// 163//
f 132// 131// 90//
f 90// 131// 164//
f 163// 165// 90//
f 90// 165// 126//
f 90// 126// 124//
f 116// 114// 89//
f 89// 114// 112//
f 89// 112// 102//
f 102// 112// 110//
f 102// 110// 108//
f 164// 166// 90//
f 90// 166// 129//
f 90// 129// 130//
f 167// 168// 169//
f 169// 168// 170//
f 169// 170// 105//
f 171// 172// 106//
f 106// 172// 101//
f 106// 101// 105//
f 105// 101// 108//
f 105// 108// 169//
f 127// 129// 166//
f 127// 166// 152//
f 152// 166// 164//
f 152// 164// 153//
f 153// 164// 131//
f 153// 131// 133//
f 103// 105// 170//
f 103// 170// 147//
f 147// 170// 168//
f 147// 168// 148//
f 148// 168// 167//
f 148// 167// 150//
f 150// 167// 169//
f 150// 169// 151//
f 151// 169// 108//
f 151// 108// 107//
f 99// 101// 172//
f 99// 172// 139//
f 139// 172// 171//
f 139// 171// 140//
f 140// 171// 106//
f 140// 106// 104//
f 125// 126// 165//
f 125// 165// 141//
f 141// 165// 163//
f 141// 163// 142//
f 142// 163// 162//
f 142// 162// 143//
f 143// 162// 161//
f 143// 161// 149//
f 149// 161// 130//
f 149// 130// 128//
f 95// 97// 155//
f 95// 155// 138//
f 138// 155// 154//
f 138// 154// 137//
f 137// 154// 102//
f 137// 102// 100//
f 93// 94// 159//
f 93// 159// 145//
f 145// 159// 160//
f 145// 160// 146//
f 146// 160// 158//
f 146// 158// 144//
f 144// 158// 157//
f 144// 157// 135//
f 135// 157// 156//
f 135// 156// 136//
f 136// 156// 98//
f 136// 98// 96//
usemtl 2
f 173// 174// 175//
f 176// 177// 178//
f 179// 180// 181//
f 182// 183// 184//
f 185// 186// 187//
f 188// 189// 190//
f 191// 192// 193//
f 194// 195// 196//
f 197// 198// 199//
f 200// 201// 202//
f 202// 201// 173//
f 202// 203// 204//
f 204// 205// 202//
f 202// 205// 206//
f 202// 206// 200//
f 207// 208// 209//
f 209// 208// 210//
f 209// 210// 202//
f 202// 210// 211//
f 202// 211// 203//
f 212// 207// 213//
f 212// 213// 214//
f 214// 213// 215//
f 214// 215// 216//
f 216// 215// 217//
f 216// 217// 218//
f 219// 220// 217//
f 217// 220// 221//
f 217// 221// 218//
f 222// 223// 219//
f 223// 224// 219//
f 219// 224// 225//
f 219// 225// 220//
f 220// 225// 226//
f 220// 226// 227//
f 227// 226// 228//
f 227// 228// 229//
f 199// 198// 230//
f 198// 231// 230//
f 230// 231// 232//
f 230// 232// 219//
f 219// 232// 233//
f 219// 233// 222//
f 197// 199// 234//
f 234// 199// 235//
f 234// 235// 236//
f 236// 235// 237//
f 236// 237// 238//
f 239// 240// 237//
f 237// 240// 241//
f 242// 243// 244//
f 245// 246// 247//
f 247// 246// 248//
f 249// 250// 251//
f 251// 250// 252//
f 251// 252// 241//
f 241// 252// 253//
f 254// 255// 256//
f 256// 255// 257//
f 244// 243// 258//
f 258// 243// 259//
f 258// 259// 251//
f 251// 259// 260//
f 251// 260// 249//
f 248// 261// 247//
f 247// 261// 262//
f 247// 262// 263//
f 241// 264// 237//
f 237// 264// 265//
f 237// 265// 238//
f 266// 267// 268//
f 268// 267// 269//
f 268// 269// 270//
f 253// 271// 241//
f 241// 271// 272//
f 241// 272// 273//
f 273// 274// 241//
f 241// 274// 275//
f 241// 275// 264//
f 276// 244// 277//
f 277// 244// 278//
f 276// 279// 244//
f 244// 279// 280//
f 244// 280// 281//
f 282// 283// 247//
f 247// 283// 284//
f 247// 284// 285//
f 286// 287// 288//
f 288// 287// 289//
f 288// 289// 247//
f 247// 289// 290//
f 247// 290// 245//
f 242// 244// 291//
f 291// 244// 281//
f 291// 281// 292//
f 292// 281// 293//
f 292// 293// 256//
f 256// 293// 294//
f 256// 294// 254//
f 257// 295// 256//
f 256// 295// 296//
f 256// 296// 297//
f 297// 296// 286//
f 297// 286// 298//
f 298// 286// 288//
f 263// 299// 247//
f 247// 299// 300//
f 247// 300// 301//
f 301// 302// 247//
f 247// 302// 303//
f 247// 303// 282//
f 284// 304// 285//
f 285// 304// 305//
f 285// 305// 306//
f 306// 305// 307//
f 308// 196// 309//
f 309// 196// 310//
f 309// 310// 311//
f 311// 310// 312//
f 307// 313// 306//
f 306// 313// 314//
f 306// 314// 310//
f 310// 314// 315//
f 310// 315// 312//
f 194// 316// 195//
f 195// 316// 317//
f 195// 317// 318//
f 319// 320// 321//
f 321// 320// 322//
f 321// 322// 308//
f 308// 322// 323//
f 308// 323// 196//
f 196// 323// 324//
f 196// 324// 194//
f 325// 326// 321//
f 321// 326// 327//
f 321// 327// 319//
f 325// 328// 326//
f 326// 328// 329//
f 326// 329// 330//
f 331// 332// 333//
f 333// 332// 334//
f 333// 334// 335//
f 335// 312// 333//
f 333// 312// 315//
f 333// 315// 336//
f 336// 315// 337//
f 337// 338// 336//
f 336// 338// 339//
f 336// 339// 340//
f 341// 332// 342//
f 342// 332// 331//
f 342// 331// 343//
f 344// 345// 346//
f 347// 348// 331//
f 344// 346// 331//
f 331// 346// 349//
f 331// 349// 347//
f 348// 350// 331//
f 331// 350// 351//
f 331// 351// 352//
f 341// 353// 332//
f 332// 353// 354//
f 332// 354// 355//
f 352// 356// 331//
f 331// 356// 357//
f 331// 357// 343//
f 358// 359// 355//
f 355// 359// 360//
f 355// 360// 332//
f 361// 362// 266//
f 266// 362// 363//
f 266// 363// 267//
f 364// 174// 365//
f 365// 174// 173//
f 365// 173// 366//
f 366// 173// 201//
f 367// 368// 369//
f 369// 368// 370//
f 184// 371// 372//
f 373// 374// 375//
f 375// 374// 376//
f 372// 377// 184//
f 184// 377// 378//
f 184// 378// 368//
f 368// 378// 379//
f 368// 379// 370//
f 376// 380// 184//
f 184// 380// 381//
f 184// 381// 371//
f 382// 383// 375//
f 375// 383// 384//
f 375// 384// 373//
f 385// 386// 387//
f 387// 386// 388//
f 387// 388// 389//
f 389// 388// 390//
f 389// 390// 375//
f 375// 390// 391//
f 375// 391// 382//
f 392// 393// 394//
f 395// 396// 397//
f 397// 396// 398//
f 399// 268// 244//
f 244// 268// 270//
f 244// 270// 278//
f 400// 401// 402//
f 402// 401// 392//
f 402// 392// 398//
f 399// 244// 393//
f 393// 244// 403//
f 393// 403// 394//
f 398// 392// 397//
f 397// 392// 394//
f 397// 394// 404//
f 404// 394// 405//
f 404// 405// 406//
f 406// 405// 407//
f 407// 405// 175//
f 407// 175// 408//
f 408// 175// 174//
f 408// 174// 409//
f 399// 410// 268//
f 268// 410// 409//
f 268// 409// 266//
f 266// 409// 174//
f 266// 174// 361//
f 361// 174// 364//
f 411// 412// 413//
f 414// 415// 416//
f 416// 415// 417//
f 414// 418// 419//
f 419// 418// 420//
f 419// 420// 421//
f 420// 422// 421//
f 421// 422// 423//
f 421// 423// 424//
f 425// 423// 426//
f 426// 423// 422//
f 426// 422// 427//
f 427// 422// 420//
f 427// 420// 428//
f 428// 420// 429//
f 428// 429// 430//
f 430// 429// 431//
f 430// 431// 413//
f 413// 431// 432//
f 413// 432// 411//
f 433// 434// 435//
f 435// 434// 436//
f 435// 436// 437//
f 438// 439// 440//
f 440// 439// 441//
f 440// 441// 442//
f 442// 441// 443//
f 442// 443// 444//
f 436// 445// 446//
f 446// 445// 447//
f 446// 447// 448//
f 449// 450// 451//
f 452// 453// 433//
f 433// 453// 454//
f 433// 454// 434//
f 446// 444// 436//
f 436// 444// 443//
f 436// 443// 437//
f 437// 443// 455//
f 437// 455// 451//
f 451// 455// 456//
f 451// 456// 449//
f 192// 191// 452//
f 452// 191// 457//
f 452// 457// 458//
f 459// 460// 461//
f 461// 460// 462//
f 461// 462// 463//
f 463// 462// 464//
f 463// 464// 458//
f 458// 464// 450//
f 458// 450// 452//
f 452// 450// 449//
f 452// 449// 453//
f 465// 466// 461//
f 461// 466// 467//
f 461// 467// 468//
f 469// 470// 471//
f 471// 470// 472//
f 473// 474// 475//
f 475// 474// 476//
f 475// 476// 477//
f 477// 476// 472//
f 477// 472// 478//
f 478// 472// 470//
f 468// 479// 461//
f 461// 479// 480//
f 461// 480// 459//
f 473// 475// 461//
f 461// 475// 481//
f 461// 481// 465//
f 482// 483// 484//
f 484// 483// 485//
f 484// 485// 193//
f 190// 486// 487//
f 487// 488// 190//
f 190// 488// 489//
f 190// 489// 188//
f 490// 491// 190//
f 190// 491// 492//
f 190// 492// 486//
f 493// 494// 495//
f 495// 494// 496//
f 495// 496// 490//
f 490// 496// 497//
f 490// 497// 491//
f 498// 499// 500//
f 498// 500// 501//
f 499// 502// 500//
f 500// 502// 503//
f 500// 503// 504//
f 505// 506// 507//
f 501// 500// 507//
f 507// 500// 176//
f 507// 176// 505//
f 464// 508// 450//
f 450// 508// 509//
f 450// 509// 187//
f 187// 509// 510//
f 187// 510// 185//
f 511// 512// 490//
f 490// 512// 513//
f 490// 513// 495//
f 495// 513// 514//
f 495// 514// 515//
f 376// 184// 375//
f 375// 184// 183//
f 375// 183// 516//
f 517// 518// 519//
f 519// 518// 520//
f 521// 522// 520//
f 520// 522// 182//
f 520// 182// 519//
f 519// 182// 184//
f 523// 524// 519//
f 519// 524// 525//
f 519// 525// 517//
f 526// 527// 528//
f 529// 530// 528//
f 528// 530// 531//
f 528// 531// 532//
f 533// 534// 535//
f 535// 534// 536//
f 535// 536// 527//
f 527// 536// 537//
f 537// 538// 527//
f 527// 538// 539//
f 527// 539// 528//
f 528// 539// 540//
f 528// 540// 529//
f 526// 541// 542//
f 542// 541// 543//
f 542// 543// 544//
f 545// 546// 547//
f 531// 548// 532//
f 532// 548// 549//
f 532// 549// 550//
f 551// 552// 547//
f 550// 553// 532//
f 532// 553// 554//
f 532// 554// 551//
f 551// 554// 555//
f 551// 555// 552//
f 556// 557// 558//
f 558// 559// 556//
f 556// 559// 560//
f 556// 560// 543//
f 543// 560// 561//
f 543// 561// 544//
f 562// 563// 556//
f 556// 563// 564//
f 556// 564// 557//
f 565// 566// 567//
f 567// 566// 568//
f 567// 568// 569//
f 567// 570// 565//
f 565// 570// 571//
f 565// 571// 572//
f 572// 573// 565//
f 565// 573// 574//
f 565// 574// 575//
f 575// 574// 576//
f 575// 576// 577//
f 577// 576// 578//
f 577// 578// 547//
f 547// 578// 579//
f 547// 579// 545//
f 580// 581// 569//
f 569// 581// 582//
f 569// 582// 567//
f 583// 584// 533//
f 533// 584// 585//
f 533// 585// 534//
f 583// 586// 584//
f 584// 586// 587//
f 584// 587// 588//
f 588// 587// 589//
f 588// 590// 591//
f 589// 592// 588//
f 588// 592// 593//
f 588// 593// 594//
f 594// 595// 588//
f 588// 595// 596//
f 588// 596// 590//
f 591// 597// 588//
f 588// 597// 598//
f 588// 598// 599//
f 600// 601// 602//
f 603// 604// 601//
f 601// 604// 605//
f 601// 605// 602//
f 606// 607// 608//
f 608// 607// 609//
f 608// 609// 610//
f 610// 609// 611//
f 610// 611// 612//
f 612// 613// 610//
f 610// 613// 614//
f 610// 614// 615//
f 616// 617// 551//
f 602// 607// 600//
f 600// 607// 606//
f 600// 606// 618//
f 618// 606// 619//
f 546// 620// 547//
f 547// 620// 562//
f 547// 562// 551//
f 551// 562// 556//
f 551// 556// 616//
f 621// 622// 623//
f 624// 610// 625//
f 625// 610// 615//
f 625// 615// 556//
f 556// 615// 626//
f 556// 626// 627//
f 627// 628// 556//
f 556// 628// 629//
f 556// 629// 616//
f 606// 551// 619//
f 619// 551// 617//
f 619// 617// 623//
f 623// 617// 630//
f 623// 630// 621//
f 622// 631// 623//
f 623// 631// 632//
f 623// 632// 633//
f 633// 634// 623//
f 623// 634// 635//
f 623// 635// 636//
f 180// 637// 181//
f 181// 637// 638//
f 181// 638// 639//
f 370// 181// 369//
f 369// 181// 639//
f 369// 639// 624//
f 624// 639// 640//
f 624// 640// 610//
f 641// 642// 643//
f 643// 642// 644//
f 643// 644// 645//
f 645// 644// 638//
f 645// 638// 646//
f 646// 638// 637//
f 646// 637// 647//
f 637// 648// 647//
f 647// 648// 649//
f 647// 649// 650//
f 370// 385// 181//
f 181// 385// 387//
f 181// 387// 179//
f 179// 387// 651//
f 179// 651// 652//
f 652// 651// 653//
f 653// 651// 654//
f 653// 654// 608//
f 655// 656// 657//
f 658// 659// 660//
f 659// 661// 660//
f 660// 661// 662//
f 660// 662// 663//
f 664// 665// 660//
f 660// 665// 666//
f 660// 666// 658//
f 656// 667// 657//
f 657// 667// 668//
f 657// 668// 669//
f 669// 668// 670//
f 671// 672// 670//
f 670// 672// 673//
f 670// 673// 669//
f 674// 675// 657//
f 657// 675// 676//
f 657// 676// 655//
f 528// 677// 678//
f 679// 680// 681//
f 682// 683// 681//
f 681// 683// 684//
f 681// 684// 675//
f 675// 684// 685//
f 675// 685// 676//
f 686// 687// 528//
f 528// 687// 688//
f 528// 688// 677//
f 679// 681// 689//
f 678// 690// 528//
f 528// 690// 691//
f 528// 691// 663//
f 680// 692// 681//
f 681// 692// 693//
f 681// 693// 682//
f 694// 695// 670//
f 670// 695// 696//
f 670// 696// 697//
f 674// 698// 675//
f 675// 698// 699//
f 675// 699// 528//
f 528// 699// 700//
f 528// 700// 686//
f 526// 528// 541//
f 541// 528// 663//
f 541// 663// 681//
f 681// 663// 662//
f 681// 662// 689//
f 697// 701// 670//
f 670// 701// 702//
f 670// 702// 671//
f 608// 654// 606//
f 606// 654// 703//
f 606// 703// 551//
f 551// 703// 704//
f 551// 704// 532//
f 532// 704// 178//
f 532// 178// 528//
f 528// 178// 177//
f 528// 177// 675//
f 176// 178// 505//
f 505// 178// 704//
f 505// 704// 705//
f 705// 704// 703//
f 705// 703// 706//
f 706// 703// 654//
f 706// 654// 707//
f 707// 654// 651//
f 707// 651// 418//
f 418// 651// 387//
f 418// 387// 420//
f 420// 387// 389//
f 420// 389// 429//
f 708// 709// 710//
f 710// 709// 209//
f 710// 209// 711//
f 711// 209// 202//
f 711// 202// 515//
f 515// 202// 173//
f 515// 173// 495//
f 495// 173// 175//
f 403// 681// 394//
f 394// 681// 675//
f 394// 675// 405//
f 405// 675// 177//
f 405// 177// 175//
f 175// 177// 176//
f 175// 176// 495//
f 495// 176// 500//
f 495// 500// 493//
f 493// 500// 504//
f 414// 416// 418//
f 418// 416// 437//
f 418// 437// 707//
f 707// 437// 451//
f 707// 451// 706//
f 706// 451// 450//
f 706// 450// 705//
f 705// 450// 187//
f 705// 187// 505//
f 505// 187// 186//
f 505// 186// 506//
f 712// 713// 416//
f 714// 715// 716//
f 716// 715// 717//
f 713// 718// 416//
f 416// 718// 719//
f 416// 719// 720//
f 435// 721// 716//
f 716// 721// 722//
f 716// 722// 723//
f 720// 724// 416//
f 416// 724// 725//
f 416// 725// 437//
f 437// 725// 726//
f 437// 726// 435//
f 435// 726// 727//
f 435// 727// 721//
f 723// 728// 716//
f 716// 728// 729//
f 716// 729// 714//
f 412// 411// 417//
f 417// 411// 716//
f 417// 716// 416//
f 416// 716// 717//
f 416// 717// 712//
f 516// 517// 375//
f 375// 517// 525//
f 375// 525// 389//
f 389// 525// 730//
f 389// 730// 429//
f 429// 730// 731//
f 429// 731// 431//
f 431// 731// 732//
f 431// 732// 432//
f 432// 732// 733//
f 524// 734// 525//
f 525// 734// 735//
f 525// 735// 730//
f 730// 735// 736//
f 730// 736// 731//
f 731// 736// 737//
f 731// 737// 732//
f 732// 737// 738//
f 732// 738// 733//
f 733// 738// 739//
f 482// 484// 189//
f 189// 484// 740//
f 189// 740// 190//
f 190// 740// 709//
f 190// 709// 490//
f 490// 709// 708//
f 490// 708// 511//
f 193// 192// 484//
f 484// 192// 452//
f 484// 452// 741//
f 741// 452// 433//
f 741// 433// 742//
f 742// 433// 435//
f 742// 435// 743//
f 743// 435// 716//
f 743// 716// 744//
f 744// 716// 411//
f 744// 411// 745//
f 745// 411// 432//
f 745// 432// 746//
f 746// 432// 733//
f 746// 733// 747//
f 747// 733// 739//
f 747// 739// 748//
f 207// 209// 213//
f 213// 209// 709//
f 213// 709// 749//
f 749// 709// 740//
f 749// 740// 750//
f 750// 740// 484//
f 750// 484// 751//
f 751// 484// 741//
f 751// 741// 752//
f 752// 741// 742//
f 752// 742// 753//
f 753// 742// 743//
f 753// 743// 754//
f 754// 743// 744//
f 754// 744// 755//
f 755// 744// 745//
f 755// 745// 756//
f 756// 745// 746//
f 756// 746// 757//
f 757// 746// 747//
f 757// 747// 758//
f 758// 747// 748//
f 758// 748// 759//
f 760// 761// 762//
f 762// 761// 763//
f 762// 763// 764//
f 765// 766// 767//
f 768// 769// 761//
f 770// 771// 772//
f 767// 773// 765//
f 765// 773// 774//
f 765// 774// 775//
f 764// 776// 762//
f 762// 776// 777//
f 762// 777// 778//
f 771// 779// 772//
f 772// 779// 780//
f 772// 780// 766//
f 781// 782// 760//
f 760// 782// 783//
f 760// 783// 761//
f 761// 783// 784//
f 761// 784// 768//
f 785// 786// 787//
f 788// 789// 769//
f 769// 789// 790//
f 769// 790// 761//
f 787// 791// 785//
f 785// 791// 792//
f 785// 792// 793//
f 793// 794// 785//
f 785// 794// 795//
f 785// 795// 796//
f 797// 798// 760//
f 778// 799// 762//
f 762// 799// 800//
f 762// 800// 772//
f 772// 800// 801//
f 772// 801// 770//
f 802// 803// 765//
f 765// 803// 804//
f 765// 804// 766//
f 766// 804// 805//
f 766// 805// 772//
f 806// 807// 808//
f 808// 807// 809//
f 775// 810// 765//
f 765// 810// 811//
f 765// 811// 812//
f 812// 811// 813//
f 812// 813// 785//
f 785// 813// 807//
f 785// 807// 786//
f 786// 807// 806//
f 798// 814// 760//
f 760// 814// 815//
f 760// 815// 781//
f 796// 816// 785//
f 785// 816// 817//
f 785// 817// 760//
f 760// 817// 818//
f 760// 818// 797//
f 809// 807// 819//
f 819// 807// 820//
f 819// 820// 821//
f 788// 769// 822//
f 822// 769// 823//
f 822// 823// 824//
f 821// 820// 824//
f 824// 820// 825//
f 824// 825// 822//
f 826// 827// 828//
f 829// 830// 831//
f 832// 833// 834//
f 835// 836// 837//
f 838// 839// 832//
f 832// 839// 840//
f 832// 840// 833//
f 841// 842// 843//
f 834// 844// 832//
f 832// 844// 845//
f 832// 845// 846//
f 847// 848// 849//
f 850// 851// 841//
f 841// 851// 852//
f 841// 852// 842//
f 853// 854// 855//
f 855// 854// 856//
f 855// 856// 857//
f 858// 859// 836//
f 836// 859// 860//
f 836// 860// 837//
f 837// 860// 861//
f 837// 861// 862//
f 862// 861// 863//
f 843// 864// 841//
f 841// 864// 865//
f 841// 865// 866//
f 867// 868// 862//
f 869// 862// 870//
f 870// 862// 871//
f 837// 872// 873//
f 874// 875// 876//
f 876// 875// 877//
f 876// 877// 878//
f 868// 879// 862//
f 862// 879// 880//
f 862// 880// 871//
f 869// 881// 862//
f 862// 881// 882//
f 862// 882// 883//
f 873// 884// 837//
f 837// 884// 885//
f 837// 885// 886//
f 887// 888// 849//
f 889// 890// 849//
f 849// 890// 891//
f 849// 891// 847//
f 892// 893// 826//
f 826// 893// 894//
f 857// 895// 855//
f 855// 895// 896//
f 855// 896// 897//
f 898// 832// 899//
f 899// 832// 900//
f 898// 901// 832//
f 832// 901// 902//
f 832// 902// 838//
f 888// 903// 849//
f 849// 903// 904//
f 849// 904// 889//
f 894// 905// 826//
f 826// 905// 906//
f 826// 906// 907//
f 897// 908// 855//
f 855// 908// 909//
f 855// 909// 910//
f 883// 911// 862//
f 862// 911// 912//
f 862// 912// 837//
f 837// 912// 913//
f 837// 913// 872//
f 878// 914// 876//
f 876// 914// 915//
f 876// 915// 916//
f 848// 917// 849//
f 849// 917// 918//
f 849// 918// 919//
f 920// 841// 921//
f 921// 841// 922//
f 920// 923// 841//
f 841// 923// 924//
f 841// 924// 850//
f 910// 925// 855//
f 855// 925// 926//
f 855// 926// 927//
f 886// 928// 837//
f 837// 928// 929//
f 837// 929// 930//
f 930// 931// 837//
f 837// 931// 932//
f 837// 932// 933//
f 933// 934// 837//
f 837// 934// 935//
f 837// 935// 832//
f 832// 935// 936//
f 832// 936// 900//
f 916// 937// 876//
f 876// 937// 938//
f 876// 938// 939//
f 831// 835// 829//
f 829// 835// 837//
f 829// 837// 828//
f 828// 837// 849//
f 828// 849// 826//
f 826// 849// 919//
f 826// 919// 892//
f 939// 940// 876//
f 876// 940// 941//
f 876// 941// 942//
f 907// 943// 826//
f 826// 943// 944//
f 826// 944// 945//
f 945// 946// 826//
f 826// 946// 947//
f 826// 947// 948//
f 948// 949// 826//
f 826// 949// 950//
f 826// 950// 841//
f 841// 950// 951//
f 841// 951// 922//
f 927// 952// 855//
f 855// 952// 953//
f 855// 953// 862//
f 862// 953// 954//
f 862// 954// 867//
f 942// 955// 876//
f 876// 955// 956//
f 876// 956// 849//
f 849// 956// 957//
f 849// 957// 887//
f 958// 959// 960//
f 960// 959// 961//
f 962// 963// 837//
f 837// 963// 849//
f 836// 835// 958//
f 958// 835// 959//
f 964// 965// 966//
f 966// 965// 967//
f 966// 967// 968//
f 969// 970// 971//
f 971// 970// 972//
f 971// 972// 973//
f 967// 974// 968//
f 968// 974// 971//
f 968// 971// 975//
f 975// 971// 973//
f 976// 977// 826//
f 826// 977// 827//
f 829// 828// 965//
f 965// 828// 967//
f 978// 979// 980//
f 981// 982// 983//
f 981// 984// 982//
f 982// 984// 977//
f 982// 977// 976//
f 979// 240// 980//
f 980// 240// 985//
f 980// 985// 986//
f 987// 988// 989//
f 989// 988// 990//
f 991// 992// 993//
f 993// 992// 994//
f 240// 239// 985//
f 985// 239// 994//
f 985// 994// 995//
f 995// 994// 992//
f 980// 977// 978//
f 978// 977// 984//
f 978// 984// 258//
f 258// 984// 996//
f 258// 996// 367//
f 367// 996// 997//
f 367// 997// 990//
f 990// 997// 981//
f 990// 981// 989//
f 989// 981// 983//
f 989// 983// 962//
f 962// 983// 963//
f 998// 999// 1000//
f 1000// 999// 988//
f 1000// 988// 1001//
f 1001// 988// 987//
f 1001// 987// 1002//
f 1003// 1004// 1005//
f 1005// 1004// 1006//
f 1005// 1006// 1007//
f 1007// 1006// 734//
f 1007// 734// 999//
f 999// 734// 523//
f 999// 523// 988//
f 1008// 1009// 1010//
f 1010// 1009// 1011//
f 1010// 1011// 1012//
f 1012// 1011// 1013//
f 1014// 1015// 1013//
f 1013// 1015// 1016//
f 1013// 1016// 1017//
f 1017// 1018// 1013//
f 1013// 1018// 1019//
f 1013// 1019// 1012//
f 985// 1020// 1021//
f 1022// 1023// 1024//
f 1024// 1023// 1025//
f 1025// 1026// 1027//
f 1027// 1028// 1025//
f 1025// 1028// 986//
f 1025// 986// 1024//
f 1024// 986// 985//
f 1024// 985// 1029//
f 1029// 985// 1021//
f 90// 1025// 89//
f 89// 1025// 1023//
f 1030// 1031// 1032//
f 1033// 1034// 1032//
f 1032// 1034// 1035//
f 1036// 1037// 1038//
f 1038// 1037// 999//
f 1038// 999// 1035//
f 1035// 999// 998//
f 1035// 998// 1032//
f 1032// 998// 1039//
f 1032// 1039// 1030//
f 1032// 12// 1033//
f 1033// 12// 10//
f 1040// 1041// 1042//
f 1042// 1041// 1043//
f 1042// 1043// 1044//
f 1045// 1046// 1047//
f 1047// 1046// 1048//
f 1049// 1050// 1051//
f 1051// 1050// 1052//
f 1051// 1052// 1053//
f 1054// 1051// 1055//
f 1055// 1051// 1056//
f 1048// 1050// 1047//
f 1047// 1050// 1049//
f 1047// 1049// 1041//
f 1041// 1049// 1057//
f 1041// 1057// 1043//
f 1043// 1057// 1058//
f 1043// 1058// 1059//
f 1053// 1060// 1051//
f 1051// 1060// 1061//
f 1051// 1061// 1056//
f 1062// 1063// 1058//
f 1058// 1063// 1064//
f 1058// 1064// 1059//
f 1065// 1066// 1058//
f 1058// 1066// 1067//
f 1058// 1067// 1062//
f 1059// 1064// 1068//
f 1068// 1064// 971//
f 1068// 971// 1069//
f 1069// 971// 974//
f 1069// 974// 1070//
f 1070// 974// 1071//
f 1036// 1072// 1037//
f 1037// 1072// 1073//
f 1037// 1073// 1074//
f 1075// 1076// 759//
f 759// 1076// 215//
f 1075// 759// 1073//
f 1073// 759// 1077//
f 1073// 1077// 1078//
f 1076// 1079// 215//
f 215// 1079// 1080//
f 215// 1080// 1081//
f 1082// 1021// 1081//
f 1081// 1021// 1020//
f 1078// 1083// 1073//
f 1073// 1083// 1084//
f 1073// 1084// 1074//
f 1085// 1086// 1081//
f 1081// 1086// 1087//
f 1081// 1087// 215//
f 1020// 1088// 1081//
f 1081// 1088// 1089//
f 1081// 1089// 1085//
f 1019// 1053// 1090//
f 1090// 1053// 1052//
f 1091// 1092// 1012//
f 1019// 1090// 1012//
f 1012// 1090// 1093//
f 1012// 1093// 1091//
f 988// 523// 772//
f 772// 523// 519//
f 772// 519// 762//
f 762// 519// 1094//
f 1095// 1096// 1097//
f 1097// 1096// 762//
f 1097// 762// 1098//
f 1098// 762// 1094//
f 1098// 1094// 1099//
f 1099// 1094// 1100//
f 805// 804// 1101//
f 1101// 804// 1102//
f 1101// 1102// 1094//
f 1094// 1102// 1100//
f 1102// 804// 1103//
f 1103// 804// 803//
f 1103// 803// 1104//
f 1104// 803// 802//
f 1104// 802// 1105//
f 1105// 802// 765//
f 1106// 1107// 1108//
f 1108// 1107// 1105//
f 1108// 1105// 812//
f 812// 1105// 765//
f 240// 979// 785//
f 1109// 1107// 1110//
f 1110// 1107// 1106//
f 1111// 1112// 760//
f 760// 1112// 1113//
f 760// 1113// 785//
f 785// 1113// 1110//
f 785// 1110// 240//
f 240// 1110// 1106//
f 240// 1106// 241//
f 1111// 760// 1096//
f 1096// 760// 762//
f 1058// 1057// 968//
f 968// 1057// 966//
f 1013// 1011// 1051//
f 1051// 1011// 1049//
f 1011// 1009// 859//
f 858// 1057// 859//
f 859// 1057// 1049//
f 859// 1049// 1011//
f 964// 966// 830//
f 830// 966// 1057//
f 830// 1057// 831//
f 831// 1057// 858//
f 831// 858// 961//
f 961// 858// 960//
f 1101// 368// 805//
f 805// 368// 367//
f 805// 367// 990//
f 990// 988// 805//
f 805// 988// 772//
f 1094// 519// 1101//
f 1101// 519// 368//
f 251// 1108// 258//
f 258// 1108// 812//
f 258// 812// 978//
f 979// 978// 785//
f 785// 978// 812//
f 1108// 251// 1106//
f 1106// 251// 241//
f 1029// 1110// 1024//
f 1024// 1110// 1113//
f 1110// 1029// 1109//
f 1109// 1029// 1021//
f 1109// 1021// 1082//
f 1114// 1022// 1024//
f 1040// 1042// 1112//
f 1112// 1042// 1114//
f 1112// 1114// 1113//
f 1113// 1114// 1024//
f 1115// 1046// 1045//
f 1035// 1034// 1097//
f 1097// 1034// 1115//
f 1097// 1115// 1095//
f 1095// 1115// 1045//
f 1072// 1036// 1099//
f 1099// 1036// 1038//
f 1099// 1038// 1098//
f 1035// 1097// 1038//
f 1038// 1097// 1098//
f 12// 1116// 10//
f 10// 1116// 1048//
f 10// 1048// 1115//
f 1115// 1048// 1046//
f 1116// 1117// 1048//
f 1048// 1117// 1050//
f 1117// 1090// 1050//
f 1050// 1090// 1052//
f 12// 1032// 1116//
f 1116// 1032// 1031//
f 1116// 1031// 1118//
f 1090// 1117// 1093//
f 1093// 1117// 1116//
f 1093// 1116// 1119//
f 1119// 1116// 1120//
f 1118// 1121// 1116//
f 1116// 1121// 1122//
f 1116// 1122// 1120//
f 1068// 1123// 1059//
f 1059// 1123// 1043//
f 1123// 1124// 1043//
f 1043// 1124// 1044//
f 1114// 1042// 89//
f 89// 1042// 1044//
f 89// 1044// 90//
f 90// 1044// 1124//
f 1124// 1123// 1068//
f 1025// 90// 1026//
f 1026// 90// 1124//
f 1026// 1124// 1125//
f 1125// 1124// 1126//
f 1068// 1069// 1124//
f 1124// 1069// 1127//
f 1124// 1127// 1128//
f 1128// 1129// 1124//
f 1124// 1129// 1130//
f 1124// 1130// 1126//
f 10// 1115// 1033//
f 1033// 1115// 1034//
f 89// 1023// 1114//
f 1114// 1023// 1022//
f 1131// 980// 1028//
f 1028// 980// 986//
f 1071// 1131// 1070//
f 1070// 1131// 1028//
f 1028// 1027// 1070//
f 1070// 1027// 1132//
f 1070// 1132// 1133//
f 1132// 1134// 1133//
f 1133// 1134// 1135//
f 1133// 1135// 1136//
f 1136// 1135// 1137//
f 1071// 974// 1131//
f 1131// 974// 967//
f 980// 1131// 977//
f 977// 1131// 967//
f 977// 967// 827//
f 827// 967// 828//
f 1138// 1092// 1039//
f 1039// 1092// 1091//
f 1139// 1140// 1091//
f 1091// 1140// 1030//
f 1091// 1030// 1039//
f 1139// 1141// 1140//
f 1140// 1141// 1142//
f 1140// 1142// 1143//
f 1000// 1138// 998//
f 998// 1138// 1039//
f 1010// 1012// 1092//
f 1138// 1000// 1001//
f 863// 861// 1001//
f 1001// 861// 1010//
f 1001// 1010// 1138//
f 1138// 1010// 1092//
f 862// 863// 1002//
f 1002// 863// 1001//
f 1008// 1010// 860//
f 860// 1010// 861//
f 1144// 1145// 984//
f 984// 1145// 996//
f 1145// 1146// 996//
f 996// 1146// 997//
f 1146// 1147// 997//
f 997// 1147// 981//
f 1147// 1144// 981//
f 981// 1144// 984//
f 1147// 1146// 1144//
f 1144// 1146// 1145//
f 961// 959// 831//
f 831// 959// 835//
f 830// 829// 964//
f 964// 829// 965//
f 982// 976// 841//
f 841// 976// 826//
f 876// 849// 983//
f 983// 849// 963//
f 876// 983// 874//
f 874// 983// 982//
f 874// 982// 866//
f 866// 982// 841//
f 1081// 1107// 1082//
f 1082// 1107// 1109//
f 1080// 1105// 1081//
f 1081// 1105// 1107//
f 1079// 1104// 1080//
f 1080// 1104// 1105//
f 1076// 1103// 1079//
f 1079// 1103// 1104//
f 1075// 1102// 1076//
f 1076// 1102// 1103//
f 1073// 1100// 1075//
f 1075// 1100// 1102//
f 1072// 1099// 1073//
f 1073// 1099// 1100//
f 1047// 1096// 1045//
f 1045// 1096// 1095//
f 1041// 1111// 1047//
f 1047// 1111// 1096//
f 1040// 1112// 1041//
f 1041// 1112// 1111//
f 971// 1064// 1063//
f 971// 1063// 969//
f 969// 1063// 1062//
f 969// 1062// 970//
f 970// 1062// 1067//
f 970// 1067// 972//
f 972// 1067// 1066//
f 972// 1066// 973//
f 973// 1066// 1065//
f 973// 1065// 975//
f 975// 1065// 1058//
f 975// 1058// 968//
f 1013// 1051// 1054//
f 1013// 1054// 1014//
f 1014// 1054// 1055//
f 1014// 1055// 1015//
f 1015// 1055// 1056//
f 1015// 1056// 1016//
f 1016// 1056// 1061//
f 1016// 1061// 1017//
f 1017// 1061// 1060//
f 1017// 1060// 1018//
f 1018// 1060// 1053//
f 1018// 1053// 1019//
f 1091// 1093// 1119//
f 1091// 1119// 1139//
f 1139// 1119// 1120//
f 1139// 1120// 1141//
f 1141// 1120// 1122//
f 1141// 1122// 1142//
f 1142// 1122// 1121//
f 1142// 1121// 1143//
f 1143// 1121// 1118//
f 1143// 1118// 1140//
f 1140// 1118// 1031//
f 1140// 1031// 1030//
f 1069// 1070// 1133//
f 1069// 1133// 1127//
f 1127// 1133// 1136//
f 1127// 1136// 1128//
f 1128// 1136// 1137//
f 1128// 1137// 1129//
f 1129// 1137// 1135//
f 1129// 1135// 1130//
f 1130// 1135// 1134//
f 1130// 1134// 1126//
f 1126// 1134// 1132//
f 1126// 1132// 1125//
f 1125// 1132// 1027//
f 1125// 1027// 1026//
f 239// 215// 1087//
f 239// 1087// 994//
f 994// 1087// 1086//
f 994// 1086// 993//
f 993// 1086// 1085//
f 993// 1085// 991//
f 991// 1085// 1089//
f 991// 1089// 992//
f 992// 1089// 1088//
f 992// 1088// 995//
f 995// 1088// 1020//
f 995// 1020// 985//
f 759// 734// 1006//
f 759// 1006// 1077//
f 1077// 1006// 1004//
f 1077// 1004// 1078//
f 1078// 1004// 1003//
f 1078// 1003// 1083//
f 1083// 1003// 1005//
f 1083// 1005// 1084//
f 1084// 1005// 1007//
f 1084// 1007// 1074//
f 1074// 1007// 999//
f 1074// 999// 1037//
usemtl 1
f 1148// 1149// 1150//
f 1150// 1149// 1151//
f 1150// 1151// 1152//
f 1152// 1151// 1153//
f 1152// 1153// 1154//
f 1154// 1153// 1155//
f 1154// 1155// 1156//
f 1156// 1155// 1157//
f 1156// 1157// 1158//
f 1158// 1157// 1159//
f 1158// 1159// 1160//
f 1160// 1159// 1161//
f 1160// 1161// 1162//
f 1162// 1161// 1163//
f 1162// 1163// 1164//
f 1164// 1163// 1165//
f 1164// 1165// 1166//
f 1166// 1165// 1167//
f 1166// 1167// 1168//
f 1168// 1167// 1169//
f 1168// 1169// 1170//
f 1170// 1169// 1171//
f 1170// 1171// 1172//
f 1172// 1171// 1173//
f 1172// 1173// 1174//
f 1174// 1173// 1175//
f 1174// 1175// 1176//
f 1176// 1175// 1177//
f 1176// 1177// 1178//
f 1178// 1177// 1179//
f 1178// 1179// 919//
f 919// 1179// 892//
f 1180// 1181// 1182//
f 951// 950// 1183//
f 1183// 950// 1184//
f 1183// 1184// 1185//
f 1185// 1184// 1186//
f 1187// 1188// 1189//
f 1189// 1188// 1190//
f 1189// 1190// 1186//
f 1186// 1190// 1191//
f 1186// 1191// 1185//
f 1182// 1192// 1180//
f 1180// 1192// 1193//
f 1180// 1193// 1194//
f 1194// 1193// 1195//
f 1194// 1195// 1196//
f 1195// 1197// 1196//
f 1196// 1197// 1198//
f 1196// 1198// 1199//
f 1199// 1198// 1200//
f 1199// 1200// 1201//
f 1201// 1200// 1202//
f 1201// 1202// 1187//
f 1187// 1202// 1203//
f 1187// 1203// 1188//
f 1204// 1205// 1206//
f 1206// 1205// 1207//
f 1206// 1207// 1208//
f 1208// 1207// 1209//
f 1208// 1209// 1210//
f 1210// 1209// 1211//
f 1210// 1211// 1212//
f 1212// 1211// 1213//
f 1212// 1213// 1214//
f 1214// 1213// 1215//
f 1214// 1215// 1216//
f 1216// 1215// 1217//
f 1216// 1217// 1218//
f 1218// 1217// 1219//
f 1218// 1219// 1220//
f 1220// 1219// 1221//
f 1220// 1221// 1222//
f 1221// 1223// 1222//
f 1222// 1223// 1224//
f 1222// 1224// 1225//
f 1225// 1224// 1226//
f 1226// 1224// 1227//
f 1226// 1227// 1228//
f 1228// 1227// 1229//
f 1228// 1229// 1230//
f 1230// 1229// 1231//
f 1230// 1231// 1232//
f 1232// 1231// 1233//
f 1232// 1233// 1234//
f 1234// 1233// 1235//
f 1234// 1235// 1236//
f 1236// 1235// 1237//
f 1236// 1237// 1238//
f 1238// 1237// 1239//
f 1238// 1239// 1240//
f 1240// 1239// 1241//
f 1240// 1241// 1242//
f 1242// 1241// 1243//
f 1242// 1243// 1244//
f 1244// 1243// 1245//
f 1244// 1245// 1246//
f 1245// 1247// 1246//
f 1246// 1247// 874//
f 1246// 874// 866//
f 1248// 956// 955//
f 955// 1249// 1248//
f 1248// 1249// 1250//
f 1248// 1250// 1251//
f 1251// 1250// 1252//
f 1251// 1252// 1253//
f 1254// 1255// 1256//
f 1256// 1255// 1257//
f 1256// 1257// 1258//
f 1258// 1257// 1259//
f 1260// 1261// 1262//
f 1262// 1261// 1263//
f 1262// 1263// 1259//
f 1259// 1263// 1264//
f 1259// 1264// 1258//
f 1252// 1265// 1253//
f 1253// 1265// 1266//
f 1253// 1266// 1267//
f 1267// 1266// 1268//
f 1267// 1268// 1269//
f 1269// 1268// 1270//
f 1269// 1270// 1260//
f 1260// 1270// 1271//
f 1260// 1271// 1261//
f 1272// 1273// 1148//
f 1148// 1273// 1149//
f 1182// 1181// 1274//
f 1274// 1181// 1275//
f 1205// 1204// 1276//
f 1276// 1204// 1277//
f 1255// 1254// 1278//
f 1278// 1254// 1279//
f 1273// 1272// 1280//
f 1280// 1272// 1281//
f 1280// 1281// 1282//
f 1282// 1281// 1283//
f 1282// 1283// 1284//
f 1284// 1283// 1285//
f 1284// 1285// 1286//
f 1286// 1285// 1287//
f 1286// 1287// 1288//
f 1288// 1287// 1289//
f 1288// 1289// 1290//
f 1290// 1289// 1291//
f 1290// 1291// 1292//
f 1292// 1291// 1293//
f 1292// 1293// 1294//
f 1294// 1293// 1295//
f 1294// 1295// 1296//
f 1296// 1295// 1297//
f 1296// 1297// 1298//
f 1298// 1297// 1299//
f 1298// 1299// 1300//
f 1300// 1299// 1301//
f 1300// 1301// 1302//
f 1302// 1301// 1303//
f 1304// 1274// 1275//
f 1305// 1306// 1307//
f 1307// 1306// 1308//
f 1307// 1308// 1309//
f 1309// 1308// 1310//
f 1275// 1311// 1304//
f 1304// 1311// 1312//
f 1304// 1312// 1313//
f 1313// 1312// 1314//
f 1313// 1314// 1315//
f 1315// 1314// 1316//
f 1315// 1316// 1310//
f 1310// 1316// 1317//
f 1310// 1317// 1309//
f 1318// 1319// 1320//
f 1320// 1319// 1321//
f 1320// 1321// 1322//
f 1322// 1321// 1323//
f 1322// 1323// 1324//
f 1324// 1323// 1325//
f 1324// 1325// 1326//
f 1326// 1325// 1327//
f 1326// 1327// 1328//
f 1328// 1327// 1329//
f 1328// 1329// 1277//
f 1277// 1329// 1276//
f 1330// 1331// 1332//
f 1278// 1279// 1333//
f 1333// 1279// 1334//
f 1333// 1334// 1335//
f 1335// 1334// 1336//
f 1332// 1337// 1330//
f 1330// 1337// 1338//
f 1330// 1338// 1339//
f 1339// 1338// 1340//
f 1339// 1340// 1341//
f 1341// 1340// 1342//
f 1341// 1342// 1336//
f 1336// 1342// 1343//
f 1336// 1343// 1335//
f 1344// 1345// 1303//
f 1303// 1345// 1302//
f 1306// 1305// 1346//
f 1346// 1305// 1347//
f 1348// 1349// 1318//
f 1318// 1349// 1319//
f 1332// 1331// 1350//
f 1350// 1331// 1351//
f 1352// 1353// 1354//
f 1355// 1356// 1357//
f 1358// 1359// 1360//
f 1360// 1359// 1361//
f 1360// 1361// 1362//
f 1363// 1364// 1365//
f 1358// 1360// 1354//
f 1354// 1360// 1366//
f 1354// 1366// 1352//
f 1358// 1367// 1359//
f 1359// 1367// 1357//
f 1359// 1357// 1368//
f 1368// 1357// 1356//
f 1369// 1370// 1371//
f 1371// 1370// 1372//
f 1353// 1373// 1354//
f 1354// 1373// 1372//
f 1354// 1372// 1374//
f 1374// 1372// 1370//
f 1362// 1361// 1364//
f 1364// 1361// 1375//
f 1364// 1375// 1365//
f 1376// 1377// 1378//
f 1378// 1377// 1379//
f 1366// 1380// 1352//
f 1352// 1380// 1379//
f 1352// 1379// 1381//
f 1381// 1379// 1377//
f 1357// 1382// 1355//
f 1355// 1382// 1383//
f 1355// 1383// 1384//
f 1384// 1383// 1385//
f 1369// 1371// 1386//
f 1386// 1371// 1387//
f 1386// 1387// 1388//
f 1365// 1389// 1363//
f 1363// 1389// 1390//
f 1363// 1390// 1391//
f 1391// 1390// 1392//
f 1376// 1378// 1393//
f 1393// 1378// 1394//
f 1393// 1394// 1395//
f 1396// 1397// 1398//
f 1398// 1397// 1399//
f 1398// 1399// 1400//
f 1400// 1399// 1401//
f 1400// 1401// 1402//
f 1402// 1401// 1403//
f 1402// 1403// 1404//
f 1404// 1403// 1405//
f 1404// 1405// 1406//
f 1406// 1405// 1407//
f 1406// 1407// 781//
f 781// 1407// 782//
f 821// 824// 1408//
f 1408// 824// 1409//
f 1408// 1409// 1410//
f 1410// 1409// 1411//
f 1411// 1409// 1412//
f 1411// 1412// 1413//
f 1413// 1412// 1414//
f 1413// 1414// 1415//
f 791// 787// 1416//
f 1416// 787// 1417//
f 1416// 1417// 1418//
f 1418// 1417// 1419//
f 1418// 1419// 1420//
f 1420// 1419// 1421//
f 1420// 1421// 1422//
f 1422// 1421// 1423//
f 1422// 1423// 1424//
f 1423// 1425// 1424//
f 1424// 1425// 1426//
f 1424// 1426// 1427//
f 817// 816// 1428//
f 817// 1428// 1429//
f 1429// 1428// 1430//
f 1429// 1430// 1431//
f 1431// 1430// 1432//
f 1431// 1432// 1433//
f 1433// 1432// 1434//
f 1433// 1434// 1435//
f 1436// 1437// 1438//
f 1439// 1440// 1441//
f 1442// 1438// 1443//
f 1443// 1438// 1437//
f 1443// 1437// 1444//
f 1438// 1445// 1436//
f 1436// 1445// 1446//
f 1436// 1446// 1447//
f 1444// 1437// 1440//
f 1440// 1437// 1448//
f 1440// 1448// 1441//
f 1449// 1450// 1451//
f 1452// 1453// 1445//
f 1445// 1453// 1454//
f 1445// 1454// 1446//
f 1452// 1455// 1453//
f 1453// 1455// 1456//
f 1453// 1456// 1457//
f 1442// 1458// 1438//
f 1438// 1458// 1451//
f 1438// 1451// 1459//
f 1459// 1451// 1450//
f 1460// 1461// 1462//
f 1462// 1461// 1463//
f 1447// 1464// 1436//
f 1436// 1464// 1463//
f 1436// 1463// 1465//
f 1465// 1463// 1461//
f 1441// 1466// 1439//
f 1439// 1466// 1467//
f 1439// 1467// 1468//
f 1468// 1467// 1469//
f 1457// 1456// 1470//
f 1470// 1456// 1471//
f 1470// 1471// 1472//
f 1451// 1473// 1449//
f 1449// 1473// 1474//
f 1449// 1474// 1475//
f 1475// 1474// 1476//
f 1460// 1462// 1477//
f 1477// 1462// 1478//
f 1477// 1478// 1479//
f 1480// 1447// 1396//
f 1396// 1447// 1446//
f 1396// 1446// 1397//
f 1397// 1446// 1481//
f 1482// 1445// 1415//
f 1415// 1445// 1438//
f 1415// 1438// 1413//
f 1413// 1438// 1483//
f 1484// 1437// 1434//
f 1434// 1437// 1436//
f 1434// 1436// 1435//
f 1435// 1436// 1485//
f 1486// 1442// 1426//
f 1426// 1442// 1443//
f 1426// 1443// 1427//
f 1427// 1443// 1487//
f 1348// 1488// 1358//
f 1348// 1358// 1349//
f 1349// 1358// 1354//
f 1349// 1354// 1489//
f 1490// 1361// 1347//
f 1347// 1361// 1359//
f 1347// 1359// 1346//
f 1346// 1359// 1491//
f 1351// 1492// 1353//
f 1351// 1353// 1350//
f 1350// 1353// 1352//
f 1350// 1352// 1493//
f 1494// 1366// 1344//
f 1344// 1366// 1360//
f 1344// 1360// 1345//
f 1345// 1360// 1495//
f 1172// 1174// 1496//
f 848// 847// 1497//
f 904// 903// 1498//
f 957// 956// 1248//
f 888// 887// 1499//
f 1499// 887// 957//
f 904// 1498// 889//
f 891// 890// 1500//
f 1500// 890// 889//
f 1501// 917// 848//
f 1178// 919// 1501//
f 1501// 919// 918//
f 1501// 918// 917//
f 1496// 1174// 1501//
f 1501// 1174// 1176//
f 1501// 1176// 1178//
f 1172// 1496// 1170//
f 1170// 1496// 1502//
f 1170// 1502// 1168//
f 1168// 1502// 1503//
f 1168// 1503// 1166//
f 1166// 1503// 1504//
f 1166// 1504// 1164//
f 1164// 1504// 1162//
f 1162// 1504// 1505//
f 1162// 1505// 1160//
f 1160// 1505// 1506//
f 1160// 1506// 1158//
f 1158// 1506// 1156//
f 1156// 1506// 1507//
f 1156// 1507// 1154//
f 957// 1248// 1499//
f 1499// 1248// 1251//
f 1499// 1251// 1508//
f 1508// 1251// 1253//
f 1508// 1253// 1509//
f 1509// 1253// 1267//
f 1509// 1267// 1510//
f 1510// 1267// 1269//
f 1510// 1269// 1511//
f 1511// 1269// 1260//
f 1511// 1260// 1512//
f 1512// 1260// 1262//
f 1512// 1262// 1513//
f 1513// 1262// 1259//
f 1513// 1259// 1514//
f 1514// 1259// 1257//
f 1514// 1257// 1515//
f 889// 1498// 1500//
f 1500// 1498// 1516//
f 1500// 1516// 1517//
f 1517// 1516// 1518//
f 1517// 1518// 1519//
f 1519// 1518// 1520//
f 1519// 1520// 1521//
f 1521// 1520// 1522//
f 1521// 1522// 1523//
f 1523// 1522// 1524//
f 1523// 1524// 1525//
f 1525// 1524// 1526//
f 1525// 1526// 1527//
f 1527// 1526// 1528//
f 1527// 1528// 1529//
f 1529// 1528// 1530//
f 1529// 1530// 1531//
f 848// 1497// 1501//
f 1501// 1497// 1532//
f 1501// 1532// 1496//
f 1496// 1532// 1533//
f 1496// 1533// 1502//
f 1502// 1533// 1534//
f 1502// 1534// 1503//
f 1503// 1534// 1535//
f 1503// 1535// 1504//
f 1504// 1535// 1536//
f 1504// 1536// 1505//
f 1505// 1536// 1537//
f 1505// 1537// 1506//
f 1506// 1537// 1538//
f 1506// 1538// 1507//
f 1507// 1538// 1539//
f 1507// 1539// 1540//
f 1257// 1255// 1541//
f 1257// 1541// 1515//
f 1515// 1541// 1542//
f 1515// 1542// 1543//
f 1543// 1530// 1515//
f 1515// 1530// 1528//
f 1515// 1528// 1514//
f 1514// 1528// 1526//
f 1514// 1526// 1513//
f 1513// 1526// 1524//
f 1513// 1524// 1512//
f 1512// 1524// 1522//
f 1512// 1522// 1511//
f 1511// 1522// 1520//
f 1511// 1520// 1510//
f 1510// 1520// 1518//
f 1510// 1518// 1509//
f 1509// 1518// 1516//
f 1509// 1516// 1508//
f 1508// 1516// 1498//
f 1508// 1498// 1499//
f 1499// 1498// 903//
f 1499// 903// 888//
f 1543// 1544// 1530//
f 1530// 1544// 1545//
f 1530// 1545// 1531//
f 1531// 1545// 1546//
f 1531// 1546// 1547//
f 1547// 1539// 1531//
f 1531// 1539// 1538//
f 1531// 1538// 1529//
f 1529// 1538// 1537//
f 1529// 1537// 1527//
f 1527// 1537// 1536//
f 1527// 1536// 1525//
f 1525// 1536// 1535//
f 1525// 1535// 1523//
f 1523// 1535// 1534//
f 1523// 1534// 1521//
f 1521// 1534// 1533//
f 1521// 1533// 1519//
f 1519// 1533// 1532//
f 1519// 1532// 1517//
f 1517// 1532// 1497//
f 1517// 1497// 1500//
f 1500// 1497// 847//
f 1500// 847// 891//
f 1547// 1548// 1539//
f 1539// 1548// 1549//
f 1539// 1549// 1540//
f 1540// 1549// 1550//
f 1540// 1550// 1551//
f 1154// 1507// 1152//
f 1152// 1507// 1540//
f 1152// 1540// 1150//
f 1150// 1540// 1551//
f 1150// 1551// 1148//
f 1148// 1551// 1272//
f 1272// 1551// 1552//
f 1552// 1551// 1553//
f 1553// 1551// 1550//
f 1553// 1550// 1554//
f 1554// 1550// 1549//
f 1554// 1549// 1555//
f 1555// 1549// 1548//
f 1555// 1548// 1556//
f 1556// 1548// 1547//
f 1556// 1547// 1557//
f 1557// 1547// 1546//
f 1557// 1546// 1558//
f 1558// 1546// 1545//
f 1558// 1545// 1559//
f 1559// 1545// 1544//
f 1559// 1544// 1560//
f 1560// 1544// 1543//
f 1560// 1543// 1561//
f 1561// 1543// 1542//
f 1561// 1542// 1562//
f 1542// 1541// 1562//
f 1562// 1541// 1255//
f 1562// 1255// 1278//
f 1563// 1303// 1301//
f 1564// 1565// 1563//
f 1295// 1566// 1567//
f 1563// 1301// 1564//
f 1564// 1301// 1299//
f 1564// 1299// 1567//
f 1567// 1299// 1297//
f 1567// 1297// 1295//
f 1281// 1568// 1283//
f 1283// 1568// 1569//
f 1295// 1293// 1566//
f 1566// 1293// 1291//
f 1566// 1291// 1570//
f 1570// 1291// 1289//
f 1570// 1289// 1571//
f 1571// 1289// 1287//
f 1571// 1287// 1569//
f 1569// 1287// 1285//
f 1569// 1285// 1283//
f 1281// 1272// 1552//
f 1572// 1573// 1574//
f 1574// 1573// 1575//
f 1281// 1552// 1568//
f 1568// 1552// 1553//
f 1568// 1553// 1554//
f 1554// 1576// 1568//
f 1568// 1576// 1577//
f 1568// 1577// 1569//
f 1569// 1577// 1578//
f 1569// 1578// 1571//
f 1571// 1578// 1579//
f 1571// 1579// 1570//
f 1570// 1579// 1580//
f 1570// 1580// 1566//
f 1566// 1580// 1581//
f 1566// 1581// 1567//
f 1567// 1581// 1574//
f 1567// 1574// 1564//
f 1564// 1574// 1575//
f 1564// 1575// 1565//
f 1582// 1583// 1572//
f 1572// 1574// 1582//
f 1582// 1574// 1581//
f 1582// 1581// 1584//
f 1584// 1581// 1580//
f 1584// 1580// 1585//
f 1585// 1580// 1579//
f 1585// 1579// 1586//
f 1586// 1579// 1578//
f 1586// 1578// 1587//
f 1587// 1578// 1577//
f 1587// 1577// 1588//
f 1588// 1577// 1576//
f 1588// 1576// 1589//
f 1590// 1591// 1592//
f 1592// 1591// 1593//
f 1554// 1555// 1576//
f 1576// 1555// 1556//
f 1576// 1556// 1589//
f 1589// 1556// 1557//
f 1589// 1557// 1558//
f 1558// 1594// 1589//
f 1589// 1594// 1595//
f 1589// 1595// 1588//
f 1588// 1595// 1596//
f 1588// 1596// 1587//
f 1587// 1596// 1597//
f 1587// 1597// 1586//
f 1586// 1597// 1598//
f 1586// 1598// 1585//
f 1585// 1598// 1599//
f 1585// 1599// 1584//
f 1584// 1599// 1592//
f 1584// 1592// 1582//
f 1582// 1592// 1593//
f 1582// 1593// 1583//
f 1600// 1601// 1602//
f 1602// 1601// 1590//
f 1590// 1592// 1602//
f 1602// 1592// 1599//
f 1602// 1599// 1603//
f 1603// 1599// 1598//
f 1603// 1598// 1604//
f 1604// 1598// 1597//
f 1604// 1597// 1605//
f 1605// 1597// 1596//
f 1605// 1596// 1606//
f 1606// 1596// 1595//
f 1606// 1595// 1607//
f 1607// 1595// 1594//
f 1607// 1594// 1608//
f 1337// 1332// 1600//
f 1558// 1559// 1594//
f 1594// 1559// 1560//
f 1594// 1560// 1608//
f 1608// 1560// 1561//
f 1608// 1561// 1562//
f 1600// 1602// 1337//
f 1337// 1602// 1603//
f 1337// 1603// 1338//
f 1338// 1603// 1604//
f 1338// 1604// 1340//
f 1340// 1604// 1605//
f 1340// 1605// 1342//
f 1342// 1605// 1606//
f 1342// 1606// 1343//
f 1343// 1606// 1607//
f 1343// 1607// 1335//
f 1335// 1607// 1608//
f 1335// 1608// 1333//
f 1333// 1608// 1562//
f 1333// 1562// 1278//
f 1344// 1303// 1494//
f 1494// 1303// 1563//
f 1600// 1332// 1350//
f 1350// 1493// 1600//
f 1600// 1493// 1609//
f 1600// 1609// 1601//
f 1601// 1609// 1610//
f 1601// 1610// 1590//
f 1590// 1610// 1611//
f 1590// 1611// 1591//
f 1591// 1611// 1612//
f 1591// 1612// 1593//
f 1593// 1612// 1613//
f 1593// 1613// 1583//
f 1583// 1613// 1614//
f 1583// 1614// 1572//
f 1572// 1614// 1615//
f 1572// 1615// 1573//
f 1573// 1615// 1616//
f 1573// 1616// 1575//
f 1575// 1616// 1617//
f 1575// 1617// 1565//
f 1565// 1617// 1618//
f 1565// 1618// 1563//
f 1563// 1618// 1619//
f 1563// 1619// 1494//
f 1366// 1494// 1619//
f 1366// 1619// 1380//
f 1380// 1619// 1618//
f 1380// 1618// 1379//
f 1379// 1618// 1617//
f 1379// 1617// 1378//
f 1378// 1617// 1616//
f 1378// 1616// 1394//
f 1394// 1616// 1615//
f 1394// 1615// 1395//
f 1493// 1352// 1609//
f 1609// 1352// 1381//
f 1609// 1381// 1610//
f 1610// 1381// 1377//
f 1610// 1377// 1611//
f 1611// 1377// 1376//
f 1611// 1376// 1612//
f 1612// 1376// 1393//
f 1612// 1393// 1613//
f 1613// 1393// 1395//
f 1613// 1395// 1614//
f 1614// 1395// 1615//
f 907// 906// 1620//
f 893// 892// 1179//
f 906// 905// 1621//
f 1621// 905// 894//
f 1621// 894// 893//
f 907// 1620// 943//
f 945// 944// 1622//
f 1622// 944// 943//
f 947// 946// 1623//
f 1623// 946// 945//
f 950// 949// 1624//
f 1624// 949// 948//
f 1624// 948// 947//
f 893// 1179// 1621//
f 1621// 1179// 1177//
f 1621// 1177// 1625//
f 1177// 1175// 1625//
f 1625// 1175// 1173//
f 1625// 1173// 1626//
f 1173// 1171// 1626//
f 1626// 1171// 1169//
f 1626// 1169// 1627//
f 1169// 1167// 1627//
f 1627// 1167// 1165//
f 1627// 1165// 1628//
f 1628// 1165// 1163//
f 1628// 1163// 1629//
f 1163// 1161// 1629//
f 1629// 1161// 1159//
f 1629// 1159// 1630//
f 1630// 1159// 1157//
f 1630// 1157// 1631//
f 1631// 1157// 1155//
f 1631// 1155// 1632//
f 1632// 1155// 1153//
f 1153// 1151// 1632//
f 1632// 1151// 1149//
f 1632// 1149// 1633//
f 906// 1621// 1620//
f 1620// 1621// 1625//
f 1620// 1625// 1634//
f 1634// 1625// 1626//
f 1634// 1626// 1635//
f 1635// 1626// 1627//
f 1635// 1627// 1636//
f 1636// 1627// 1628//
f 1636// 1628// 1637//
f 1637// 1628// 1629//
f 1637// 1629// 1638//
f 1638// 1629// 1630//
f 1638// 1630// 1639//
f 1639// 1630// 1631//
f 1639// 1631// 1640//
f 1640// 1631// 1632//
f 1640// 1632// 1641//
f 1641// 1632// 1633//
f 1641// 1633// 1642//
f 943// 1620// 1622//
f 1622// 1620// 1634//
f 1622// 1634// 1643//
f 1643// 1634// 1635//
f 1643// 1635// 1644//
f 1644// 1635// 1636//
f 1644// 1636// 1645//
f 1645// 1636// 1637//
f 1645// 1637// 1646//
f 1646// 1637// 1638//
f 1646// 1638// 1647//
f 1647// 1638// 1639//
f 1647// 1639// 1648//
f 1648// 1639// 1640//
f 1648// 1640// 1649//
f 1649// 1640// 1641//
f 1649// 1641// 1650//
f 1650// 1641// 1642//
f 1650// 1642// 1651//
f 945// 1622// 1623//
f 1623// 1622// 1643//
f 1623// 1643// 1652//
f 1652// 1643// 1644//
f 1652// 1644// 1653//
f 1653// 1644// 1645//
f 1653// 1645// 1654//
f 1654// 1645// 1646//
f 1654// 1646// 1655//
f 1655// 1646// 1647//
f 1655// 1647// 1656//
f 1656// 1647// 1648//
f 1656// 1648// 1657//
f 1657// 1648// 1649//
f 1657// 1649// 1658//
f 1658// 1649// 1650//
f 1658// 1650// 1659//
f 1659// 1650// 1651//
f 1659// 1651// 1660//
f 947// 1623// 1624//
f 1624// 1623// 1652//
f 1624// 1652// 1661//
f 1661// 1652// 1653//
f 1661// 1653// 1662//
f 1662// 1653// 1654//
f 1662// 1654// 1663//
f 1663// 1654// 1655//
f 1663// 1655// 1664//
f 1664// 1655// 1656//
f 1664// 1656// 1665//
f 1665// 1656// 1657//
f 1665// 1657// 1666//
f 1666// 1657// 1658//
f 1666// 1658// 1667//
f 1667// 1658// 1659//
f 1667// 1659// 1668//
f 1668// 1659// 1660//
f 1668// 1660// 1669//
f 950// 1624// 1184//
f 1184// 1624// 1661//
f 1184// 1661// 1186//
f 1186// 1661// 1662//
f 1186// 1662// 1189//
f 1189// 1662// 1663//
f 1189// 1663// 1187//
f 1187// 1663// 1664//
f 1187// 1664// 1201//
f 1201// 1664// 1665//
f 1201// 1665// 1199//
f 1199// 1665// 1666//
f 1199// 1666// 1196//
f 1196// 1666// 1667//
f 1196// 1667// 1194//
f 1194// 1667// 1668//
f 1194// 1668// 1180//
f 1180// 1668// 1669//
f 1180// 1669// 1181//
f 1275// 1181// 1669//
f 1275// 1669// 1670//
f 1670// 1669// 1660//
f 1670// 1660// 1671//
f 1671// 1660// 1651//
f 1671// 1651// 1672//
f 1672// 1651// 1642//
f 1672// 1642// 1673//
f 1673// 1642// 1633//
f 1673// 1633// 1674//
f 1674// 1633// 1149//
f 1674// 1149// 1273//
f 1275// 1670// 1675//
f 1670// 1671// 1676//
f 1672// 1673// 1677//
f 1674// 1273// 1280//
f 1286// 1678// 1679//
f 1674// 1280// 1680//
f 1680// 1280// 1282//
f 1680// 1282// 1679//
f 1679// 1282// 1284//
f 1679// 1284// 1286//
f 1300// 1681// 1298//
f 1298// 1681// 1682//
f 1286// 1288// 1678//
f 1678// 1288// 1290//
f 1678// 1290// 1683//
f 1683// 1290// 1292//
f 1683// 1292// 1684//
f 1684// 1292// 1294//
f 1684// 1294// 1682//
f 1682// 1294// 1296//
f 1682// 1296// 1298//
f 1300// 1302// 1685//
f 1300// 1685// 1681//
f 1681// 1685// 1686//
f 1681// 1686// 1687//
f 1687// 1688// 1681//
f 1681// 1688// 1689//
f 1681// 1689// 1682//
f 1682// 1689// 1690//
f 1682// 1690// 1684//
f 1684// 1690// 1691//
f 1684// 1691// 1683//
f 1683// 1691// 1692//
f 1683// 1692// 1678//
f 1678// 1692// 1693//
f 1678// 1693// 1679//
f 1679// 1693// 1677//
f 1679// 1677// 1680//
f 1680// 1677// 1673//
f 1680// 1673// 1674//
f 1672// 1677// 1694//
f 1694// 1677// 1693//
f 1694// 1693// 1695//
f 1695// 1693// 1692//
f 1695// 1692// 1696//
f 1696// 1692// 1691//
f 1696// 1691// 1697//
f 1697// 1691// 1690//
f 1697// 1690// 1698//
f 1698// 1690// 1689//
f 1698// 1689// 1699//
f 1699// 1689// 1688//
f 1699// 1688// 1700//
f 1687// 1701// 1688//
f 1688// 1701// 1702//
f 1688// 1702// 1700//
f 1700// 1702// 1703//
f 1700// 1703// 1704//
f 1704// 1705// 1700//
f 1700// 1705// 1706//
f 1700// 1706// 1699//
f 1699// 1706// 1707//
f 1699// 1707// 1698//
f 1698// 1707// 1708//
f 1698// 1708// 1697//
f 1697// 1708// 1709//
f 1697// 1709// 1696//
f 1696// 1709// 1710//
f 1696// 1710// 1695//
f 1695// 1710// 1676//
f 1695// 1676// 1694//
f 1694// 1676// 1671//
f 1694// 1671// 1672//
f 1670// 1676// 1675//
f 1675// 1676// 1710//
f 1675// 1710// 1711//
f 1711// 1710// 1709//
f 1711// 1709// 1712//
f 1712// 1709// 1708//
f 1712// 1708// 1713//
f 1713// 1708// 1707//
f 1713// 1707// 1714//
f 1714// 1707// 1706//
f 1714// 1706// 1715//
f 1715// 1706// 1705//
f 1715// 1705// 1716//
f 1704// 1717// 1705//
f 1705// 1717// 1718//
f 1705// 1718// 1716//
f 1716// 1718// 1719//
f 1716// 1719// 1720//
f 1275// 1675// 1311//
f 1311// 1675// 1711//
f 1311// 1711// 1312//
f 1312// 1711// 1712//
f 1312// 1712// 1314//
f 1314// 1712// 1713//
f 1314// 1713// 1316//
f 1316// 1713// 1714//
f 1316// 1714// 1317//
f 1317// 1714// 1715//
f 1317// 1715// 1309//
f 1309// 1715// 1716//
f 1309// 1716// 1307//
f 1307// 1716// 1720//
f 1307// 1720// 1305//
f 1347// 1305// 1490//
f 1490// 1305// 1720//
f 1685// 1302// 1345//
f 1345// 1495// 1685//
f 1685// 1495// 1721//
f 1685// 1721// 1686//
f 1686// 1721// 1722//
f 1686// 1722// 1687//
f 1687// 1722// 1723//
f 1687// 1723// 1701//
f 1701// 1723// 1724//
f 1701// 1724// 1702//
f 1702// 1724// 1725//
f 1702// 1725// 1703//
f 1703// 1725// 1726//
f 1703// 1726// 1704//
f 1704// 1726// 1727//
f 1704// 1727// 1717//
f 1717// 1727// 1728//
f 1717// 1728// 1718//
f 1718// 1728// 1729//
f 1718// 1729// 1719//
f 1719// 1729// 1730//
f 1719// 1730// 1720//
f 1720// 1730// 1731//
f 1720// 1731// 1490//
f 1495// 1360// 1721//
f 1721// 1360// 1362//
f 1721// 1362// 1722//
f 1722// 1362// 1364//
f 1722// 1364// 1723//
f 1723// 1364// 1363//
f 1723// 1363// 1724//
f 1724// 1363// 1391//
f 1724// 1391// 1725//
f 1725// 1391// 1392//
f 1725// 1392// 1726//
f 1726// 1392// 1727//
f 1727// 1392// 1390//
f 1727// 1390// 1728//
f 1728// 1390// 1389//
f 1728// 1389// 1729//
f 1729// 1389// 1365//
f 1729// 1365// 1730//
f 1730// 1365// 1375//
f 1730// 1375// 1731//
f 1731// 1375// 1361//
f 1731// 1361// 1490//
f 1225// 1226// 1732//
f 1230// 1232// 1733//
f 1236// 1238// 1734//
f 951// 1183// 922//
f 922// 1183// 1735//
f 922// 1735// 921//
f 921// 1735// 920//
f 920// 1735// 1736//
f 920// 1736// 923//
f 923// 1736// 924//
f 924// 1736// 1737//
f 924// 1737// 850//
f 1738// 852// 1737//
f 1737// 852// 851//
f 1737// 851// 850//
f 865// 864// 1739//
f 1739// 864// 843//
f 1739// 843// 1738//
f 1738// 843// 842//
f 1738// 842// 852//
f 866// 865// 1246//
f 1246// 865// 1739//
f 1246// 1739// 1244//
f 1244// 1739// 1242//
f 1240// 1242// 1740//
f 1740// 1242// 1739//
f 1740// 1739// 1741//
f 1741// 1739// 1738//
f 1741// 1738// 1742//
f 1742// 1738// 1737//
f 1742// 1737// 1743//
f 1743// 1737// 1736//
f 1743// 1736// 1744//
f 1744// 1736// 1735//
f 1744// 1735// 1185//
f 1185// 1735// 1183//
f 1238// 1240// 1734//
f 1734// 1240// 1740//
f 1734// 1740// 1745//
f 1745// 1740// 1741//
f 1745// 1741// 1746//
f 1746// 1741// 1742//
f 1746// 1742// 1747//
f 1747// 1742// 1743//
f 1747// 1743// 1748//
f 1748// 1743// 1744//
f 1748// 1744// 1191//
f 1191// 1744// 1185//
f 1234// 1236// 1749//
f 1749// 1236// 1734//
f 1749// 1734// 1750//
f 1750// 1734// 1745//
f 1750// 1745// 1751//
f 1751// 1745// 1746//
f 1751// 1746// 1752//
f 1752// 1746// 1747//
f 1752// 1747// 1753//
f 1753// 1747// 1748//
f 1753// 1748// 1190//
f 1190// 1748// 1191//
f 1232// 1234// 1733//
f 1733// 1234// 1749//
f 1733// 1749// 1754//
f 1754// 1749// 1750//
f 1754// 1750// 1755//
f 1755// 1750// 1751//
f 1755// 1751// 1756//
f 1756// 1751// 1752//
f 1756// 1752// 1757//
f 1757// 1752// 1753//
f 1757// 1753// 1188//
f 1188// 1753// 1190//
f 1228// 1230// 1758//
f 1758// 1230// 1733//
f 1758// 1733// 1759//
f 1759// 1733// 1754//
f 1759// 1754// 1760//
f 1760// 1754// 1755//
f 1760// 1755// 1761//
f 1761// 1755// 1756//
f 1761// 1756// 1762//
f 1762// 1756// 1757//
f 1762// 1757// 1203//
f 1203// 1757// 1188//
f 1226// 1228// 1732//
f 1732// 1228// 1758//
f 1732// 1758// 1763//
f 1763// 1758// 1759//
f 1763// 1759// 1764//
f 1764// 1759// 1760//
f 1764// 1760// 1765//
f 1765// 1760// 1761//
f 1765// 1761// 1766//
f 1766// 1761// 1762//
f 1766// 1762// 1202//
f 1202// 1762// 1203//
f 1767// 1220// 1222//
f 1222// 1225// 1767//
f 1767// 1225// 1732//
f 1767// 1732// 1768//
f 1768// 1732// 1763//
f 1768// 1763// 1769//
f 1769// 1763// 1764//
f 1769// 1764// 1770//
f 1770// 1764// 1765//
f 1770// 1765// 1771//
f 1771// 1765// 1766//
f 1771// 1766// 1200//
f 1200// 1766// 1202//
f 1218// 1220// 1772//
f 1772// 1220// 1767//
f 1772// 1767// 1773//
f 1773// 1767// 1768//
f 1773// 1768// 1774//
f 1774// 1768// 1769//
f 1774// 1769// 1775//
f 1775// 1769// 1770//
f 1775// 1770// 1776//
f 1776// 1770// 1771//
f 1776// 1771// 1198//
f 1198// 1771// 1200//
f 1198// 1197// 1776//
f 1776// 1197// 1777//
f 1776// 1777// 1775//
f 1775// 1777// 1778//
f 1775// 1778// 1774//
f 1774// 1778// 1779//
f 1774// 1779// 1773//
f 1773// 1779// 1780//
f 1773// 1780// 1772//
f 1772// 1780// 1781//
f 1772// 1781// 1218//
f 1212// 1214// 1781//
f 1781// 1214// 1216//
f 1781// 1216// 1218//
f 1195// 1193// 1782//
f 1782// 1193// 1783//
f 1782// 1783// 1784//
f 1784// 1783// 1785//
f 1784// 1785// 1786//
f 1786// 1785// 1787//
f 1786// 1787// 1788//
f 1788// 1787// 1789//
f 1788// 1789// 1790//
f 1790// 1789// 1791//
f 1197// 1195// 1777//
f 1777// 1195// 1782//
f 1777// 1782// 1778//
f 1778// 1782// 1784//
f 1778// 1784// 1779//
f 1779// 1784// 1786//
f 1779// 1786// 1780//
f 1780// 1786// 1788//
f 1780// 1788// 1781//
f 1781// 1788// 1790//
f 1781// 1790// 1212//
f 1212// 1790// 1791//
f 1212// 1791// 1210//
f 1210// 1791// 1208//
f 1206// 1208// 1792//
f 1792// 1208// 1791//
f 1792// 1791// 1793//
f 1793// 1791// 1789//
f 1793// 1789// 1794//
f 1794// 1789// 1787//
f 1794// 1787// 1795//
f 1795// 1787// 1785//
f 1795// 1785// 1796//
f 1796// 1785// 1783//
f 1796// 1783// 1192//
f 1192// 1783// 1193//
f 1204// 1206// 1797//
f 1797// 1206// 1792//
f 1797// 1792// 1798//
f 1798// 1792// 1793//
f 1798// 1793// 1799//
f 1799// 1793// 1794//
f 1799// 1794// 1800//
f 1800// 1794// 1795//
f 1800// 1795// 1801//
f 1801// 1795// 1796//
f 1801// 1796// 1182//
f 1182// 1796// 1192//
f 1277// 1204// 1797//
f 1277// 1797// 1802//
f 1802// 1797// 1798//
f 1802// 1798// 1803//
f 1803// 1798// 1799//
f 1803// 1799// 1804//
f 1804// 1799// 1800//
f 1804// 1800// 1805//
f 1805// 1800// 1801//
f 1805// 1801// 1806//
f 1806// 1801// 1182//
f 1806// 1182// 1274//
f 1274// 1304// 1806//
f 1806// 1304// 1807//
f 1806// 1807// 1805//
f 1805// 1807// 1808//
f 1805// 1808// 1804//
f 1804// 1808// 1809//
f 1804// 1809// 1803//
f 1803// 1809// 1810//
f 1803// 1810// 1802//
f 1802// 1810// 1811//
f 1802// 1811// 1277//
f 1277// 1811// 1328//
f 1304// 1313// 1807//
f 1807// 1313// 1812//
f 1807// 1812// 1808//
f 1808// 1812// 1813//
f 1808// 1813// 1809//
f 1809// 1813// 1814//
f 1809// 1814// 1810//
f 1810// 1814// 1815//
f 1810// 1815// 1811//
f 1811// 1815// 1816//
f 1811// 1816// 1328//
f 1328// 1816// 1326//
f 1313// 1315// 1812//
f 1812// 1315// 1817//
f 1812// 1817// 1813//
f 1813// 1817// 1818//
f 1813// 1818// 1814//
f 1814// 1818// 1819//
f 1814// 1819// 1815//
f 1815// 1819// 1820//
f 1815// 1820// 1816//
f 1816// 1820// 1821//
f 1816// 1821// 1326//
f 1326// 1821// 1324//
f 1315// 1310// 1817//
f 1817// 1310// 1822//
f 1817// 1822// 1818//
f 1818// 1822// 1823//
f 1818// 1823// 1819//
f 1819// 1823// 1824//
f 1819// 1824// 1820//
f 1820// 1824// 1825//
f 1820// 1825// 1821//
f 1821// 1825// 1826//
f 1821// 1826// 1324//
f 1324// 1826// 1322//
f 1310// 1308// 1822//
f 1822// 1308// 1827//
f 1822// 1827// 1823//
f 1823// 1827// 1828//
f 1823// 1828// 1824//
f 1824// 1828// 1829//
f 1824// 1829// 1825//
f 1825// 1829// 1830//
f 1825// 1830// 1826//
f 1826// 1830// 1831//
f 1826// 1831// 1322//
f 1322// 1831// 1320//
f 1308// 1306// 1827//
f 1827// 1306// 1832//
f 1827// 1832// 1828//
f 1828// 1832// 1833//
f 1828// 1833// 1829//
f 1829// 1833// 1834//
f 1829// 1834// 1830//
f 1830// 1834// 1835//
f 1830// 1835// 1831//
f 1831// 1835// 1836//
f 1831// 1836// 1320//
f 1320// 1836// 1318//
f 1348// 1318// 1488//
f 1488// 1318// 1836//
f 1488// 1836// 1837//
f 1837// 1836// 1838//
f 1838// 1836// 1835//
f 1838// 1835// 1839//
f 1839// 1835// 1840//
f 1840// 1835// 1834//
f 1840// 1834// 1841//
f 1841// 1834// 1842//
f 1842// 1834// 1833//
f 1842// 1833// 1843//
f 1843// 1833// 1844//
f 1844// 1833// 1832//
f 1844// 1832// 1845//
f 1306// 1346// 1832//
f 1832// 1346// 1491//
f 1832// 1491// 1845//
f 1845// 1491// 1359//
f 1845// 1359// 1844//
f 1359// 1368// 1844//
f 1844// 1368// 1356//
f 1844// 1356// 1843//
f 1843// 1356// 1842//
f 1356// 1355// 1842//
f 1842// 1355// 1384//
f 1842// 1384// 1841//
f 1841// 1384// 1385//
f 1841// 1385// 1840//
f 1385// 1383// 1840//
f 1840// 1383// 1382//
f 1840// 1382// 1839//
f 1839// 1382// 1357//
f 1839// 1357// 1838//
f 1838// 1357// 1367//
f 1838// 1367// 1837//
f 1837// 1367// 1358//
f 1837// 1358// 1488//
f 1418// 1420// 1846//
f 1434// 1432// 1484//
f 1484// 1432// 1847//
f 1484// 1847// 1848//
f 1848// 1847// 1849//
f 1849// 1847// 1850//
f 1850// 1847// 1851//
f 1850// 1851// 1852//
f 1853// 1854// 1855//
f 1855// 1854// 1856//
f 1855// 1856// 1851//
f 1851// 1856// 1857//
f 1851// 1857// 1852//
f 1858// 1859// 1860//
f 1860// 1859// 1861//
f 1860// 1861// 1855//
f 1855// 1861// 1862//
f 1855// 1862// 1853//
f 1427// 1487// 1424//
f 1424// 1487// 1863//
f 1424// 1863// 1422//
f 1487// 1864// 1863//
f 1863// 1864// 1865//
f 1863// 1865// 1860//
f 1860// 1865// 1866//
f 1860// 1866// 1858//
f 1428// 816// 1867//
f 1867// 816// 796//
f 1867// 796// 1868//
f 1868// 796// 795//
f 1868// 795// 1869//
f 1869// 795// 794//
f 1869// 794// 1870//
f 1870// 794// 793//
f 1870// 793// 1871//
f 1871// 793// 792//
f 1871// 792// 1416//
f 1416// 792// 791//
f 1430// 1428// 1872//
f 1872// 1428// 1867//
f 1872// 1867// 1873//
f 1873// 1867// 1868//
f 1873// 1868// 1874//
f 1874// 1868// 1869//
f 1874// 1869// 1875//
f 1875// 1869// 1870//
f 1875// 1870// 1846//
f 1846// 1870// 1871//
f 1846// 1871// 1418//
f 1418// 1871// 1416//
f 1432// 1430// 1847//
f 1847// 1430// 1872//
f 1847// 1872// 1851//
f 1851// 1872// 1873//
f 1851// 1873// 1855//
f 1855// 1873// 1874//
f 1855// 1874// 1860//
f 1860// 1874// 1875//
f 1860// 1875// 1863//
f 1863// 1875// 1846//
f 1863// 1846// 1422//
f 1422// 1846// 1420//
f 1487// 1443// 1864//
f 1864// 1443// 1865//
f 1865// 1443// 1866//
f 1866// 1443// 1444//
f 1866// 1444// 1440//
f 1862// 1861// 1440//
f 1861// 1859// 1440//
f 1440// 1859// 1858//
f 1440// 1858// 1866//
f 1440// 1439// 1862//
f 1862// 1439// 1468//
f 1862// 1468// 1853//
f 1853// 1468// 1469//
f 1853// 1469// 1854//
f 1854// 1469// 1856//
f 1856// 1469// 1467//
f 1856// 1467// 1857//
f 1857// 1467// 1466//
f 1857// 1466// 1852//
f 1852// 1466// 1441//
f 1852// 1441// 1850//
f 1850// 1441// 1448//
f 1850// 1448// 1849//
f 1849// 1448// 1848//
f 1848// 1448// 1437//
f 1848// 1437// 1484//
f 1419// 1417// 1876//
f 1425// 1423// 1877//
f 1878// 1879// 1877//
f 1877// 1879// 1486//
f 1877// 1486// 1425//
f 1425// 1486// 1426//
f 1878// 1877// 1880//
f 1880// 1877// 1881//
f 1880// 1881// 1882//
f 1883// 1884// 1885//
f 1885// 1884// 1886//
f 1885// 1886// 1881//
f 1881// 1886// 1887//
f 1881// 1887// 1882//
f 1888// 1889// 1890//
f 1890// 1889// 1891//
f 1890// 1891// 1885//
f 1885// 1891// 1892//
f 1885// 1892// 1883//
f 1411// 1413// 1893//
f 1893// 1413// 1483//
f 1483// 1894// 1893//
f 1893// 1894// 1895//
f 1893// 1895// 1890//
f 1890// 1895// 1896//
f 1890// 1896// 1888//
f 1417// 787// 1876//
f 1876// 787// 786//
f 1876// 786// 1897//
f 1897// 786// 806//
f 1897// 806// 1898//
f 1898// 806// 808//
f 1898// 808// 1899//
f 1899// 808// 809//
f 1899// 809// 1900//
f 1900// 809// 819//
f 1900// 819// 1408//
f 1408// 819// 821//
f 1421// 1419// 1901//
f 1901// 1419// 1876//
f 1901// 1876// 1902//
f 1902// 1876// 1897//
f 1902// 1897// 1903//
f 1903// 1897// 1898//
f 1903// 1898// 1904//
f 1904// 1898// 1899//
f 1904// 1899// 1905//
f 1905// 1899// 1900//
f 1905// 1900// 1410//
f 1410// 1900// 1408//
f 1423// 1421// 1877//
f 1877// 1421// 1901//
f 1877// 1901// 1881//
f 1881// 1901// 1902//
f 1881// 1902// 1885//
f 1885// 1902// 1903//
f 1885// 1903// 1890//
f 1890// 1903// 1904//
f 1890// 1904// 1893//
f 1893// 1904// 1905//
f 1893// 1905// 1411//
f 1411// 1905// 1410//
f 1486// 1879// 1442//
f 1442// 1879// 1458//
f 1879// 1878// 1458//
f 1458// 1878// 1880//
f 1458// 1880// 1451//
f 1451// 1880// 1882//
f 1451// 1882// 1473//
f 1473// 1882// 1887//
f 1473// 1887// 1474//
f 1474// 1887// 1886//
f 1474// 1886// 1476//
f 1886// 1884// 1476//
f 1476// 1884// 1883//
f 1476// 1883// 1475//
f 1475// 1883// 1892//
f 1475// 1892// 1449//
f 1889// 1888// 1450//
f 1450// 1888// 1896//
f 1450// 1896// 1459//
f 1449// 1892// 1450//
f 1450// 1892// 1891//
f 1450// 1891// 1889//
f 1894// 1483// 1438//
f 1459// 1896// 1438//
f 1438// 1896// 1895//
f 1438// 1895// 1894//
f 1404// 1406// 1906//
f 1400// 1402// 1907//
f 1396// 1398// 1480//
f 1480// 1398// 1908//
f 1480// 1908// 1909//
f 1909// 1908// 1910//
f 1910// 1908// 1911//
f 1911// 1908// 1912//
f 1911// 1912// 1913//
f 1914// 1915// 1916//
f 1916// 1915// 1917//
f 1916// 1917// 1912//
f 1912// 1917// 1918//
f 1912// 1918// 1913//
f 1919// 1920// 1921//
f 1921// 1920// 1922//
f 1921// 1922// 1916//
f 1916// 1922// 1923//
f 1916// 1923// 1914//
f 1433// 1435// 1924//
f 1924// 1435// 1485//
f 1485// 1925// 1924//
f 1924// 1925// 1926//
f 1924// 1926// 1921//
f 1921// 1926// 1927//
f 1921// 1927// 1919//
f 1431// 1433// 1928//
f 1928// 1433// 1924//
f 1928// 1924// 1929//
f 1929// 1924// 1921//
f 1929// 1921// 1930//
f 1930// 1921// 1916//
f 1930// 1916// 1931//
f 1931// 1916// 1912//
f 1931// 1912// 1907//
f 1907// 1912// 1908//
f 1907// 1908// 1400//
f 1400// 1908// 1398//
f 1429// 1431// 1932//
f 1932// 1431// 1928//
f 1932// 1928// 1933//
f 1933// 1928// 1929//
f 1933// 1929// 1934//
f 1934// 1929// 1930//
f 1934// 1930// 1935//
f 1935// 1930// 1931//
f 1935// 1931// 1906//
f 1906// 1931// 1907//
f 1906// 1907// 1404//
f 1404// 1907// 1402//
f 817// 1429// 818//
f 818// 1429// 1932//
f 818// 1932// 797//
f 797// 1932// 1933//
f 797// 1933// 798//
f 798// 1933// 1934//
f 798// 1934// 814//
f 814// 1934// 1935//
f 814// 1935// 815//
f 815// 1935// 1906//
f 815// 1906// 781//
f 781// 1906// 1406//
f 1485// 1436// 1925//
f 1925// 1436// 1926//
f 1926// 1436// 1927//
f 1927// 1436// 1465//
f 1927// 1465// 1461//
f 1923// 1922// 1461//
f 1922// 1920// 1461//
f 1461// 1920// 1919//
f 1461// 1919// 1927//
f 1461// 1460// 1923//
f 1923// 1460// 1477//
f 1923// 1477// 1914//
f 1914// 1477// 1479//
f 1914// 1479// 1915//
f 1915// 1479// 1917//
f 1917// 1479// 1478//
f 1917// 1478// 1918//
f 1918// 1478// 1462//
f 1918// 1462// 1913//
f 1913// 1462// 1463//
f 1913// 1463// 1911//
f 1911// 1463// 1464//
f 1911// 1464// 1910//
f 1910// 1464// 1909//
f 1909// 1464// 1447//
f 1909// 1447// 1480//
f 1405// 1403// 1936//
f 1415// 1414// 1482//
f 1482// 1414// 1937//
f 1482// 1937// 1938//
f 1938// 1937// 1939//
f 1939// 1937// 1940//
f 1940// 1937// 1941//
f 1940// 1941// 1942//
f 1943// 1944// 1945//
f 1945// 1944// 1946//
f 1945// 1946// 1941//
f 1941// 1946// 1947//
f 1941// 1947// 1942//
f 1948// 1949// 1950//
f 1950// 1949// 1951//
f 1950// 1951// 1945//
f 1945// 1951// 1952//
f 1945// 1952// 1943//
f 1401// 1399// 1953//
f 1953// 1399// 1397//
f 1953// 1397// 1481//
f 1481// 1954// 1953//
f 1953// 1954// 1955//
f 1953// 1955// 1950//
f 1950// 1955// 1956//
f 1950// 1956// 1948//
f 1414// 1412// 1937//
f 1937// 1412// 1957//
f 1937// 1957// 1941//
f 1941// 1957// 1958//
f 1941// 1958// 1945//
f 1945// 1958// 1959//
f 1945// 1959// 1950//
f 1950// 1959// 1960//
f 1950// 1960// 1953//
f 1953// 1960// 1936//
f 1953// 1936// 1401//
f 1401// 1936// 1403//
f 1407// 1405// 1961//
f 1961// 1405// 1936//
f 1961// 1936// 1962//
f 1962// 1936// 1960//
f 1962// 1960// 1963//
f 1963// 1960// 1959//
f 1963// 1959// 1964//
f 1964// 1959// 1958//
f 1964// 1958// 1965//
f 1965// 1958// 1957//
f 1965// 1957// 1409//
f 1409// 1957// 1412//
f 782// 1407// 783//
f 783// 1407// 1961//
f 783// 1961// 784//
f 784// 1961// 1962//
f 784// 1962// 768//
f 768// 1962// 1963//
f 768// 1963// 769//
f 769// 1963// 1964//
f 769// 1964// 823//
f 823// 1964// 1965//
f 823// 1965// 824//
f 824// 1965// 1409//
f 1482// 1938// 1445//
f 1445// 1938// 1452//
f 1938// 1939// 1452//
f 1452// 1939// 1940//
f 1452// 1940// 1455//
f 1455// 1940// 1942//
f 1455// 1942// 1456//
f 1456// 1942// 1947//
f 1456// 1947// 1471//
f 1471// 1947// 1946//
f 1471// 1946// 1472//
f 1946// 1944// 1472//
f 1472// 1944// 1943//
f 1472// 1943// 1470//
f 1470// 1943// 1952//
f 1470// 1952// 1457//
f 1949// 1948// 1453//
f 1453// 1948// 1956//
f 1453// 1956// 1454//
f 1457// 1952// 1453//
f 1453// 1952// 1951//
f 1453// 1951// 1949//
f 1954// 1481// 1446//
f 1454// 1956// 1446//
f 1446// 1956// 1955//
f 1446// 1955// 1954//
f 1227// 1966// 1967//
f 874// 1247// 875//
f 875// 1247// 1968//
f 875// 1968// 877//
f 915// 914// 1969//
f 1969// 914// 878//
f 937// 916// 1970//
f 1970// 916// 915//
f 940// 939// 1971//
f 1971// 939// 938//
f 942// 941// 1972//
f 1972// 941// 940//
f 1249// 955// 942//
f 1247// 1245// 1968//
f 1968// 1245// 1243//
f 1968// 1243// 1973//
f 1973// 1243// 1241//
f 1973// 1241// 1239//
f 1237// 1974// 1239//
f 1239// 1974// 1975//
f 1239// 1975// 1973//
f 1237// 1235// 1974//
f 1974// 1235// 1233//
f 1974// 1233// 1976//
f 1976// 1233// 1231//
f 1976// 1231// 1967//
f 1967// 1231// 1229//
f 1967// 1229// 1227//
f 1966// 1227// 1977//
f 1977// 1227// 1224//
f 1977// 1224// 1223//
f 1223// 1221// 1977//
f 1977// 1221// 1219//
f 1977// 1219// 1978//
f 1978// 1219// 1217//
f 1978// 1217// 1979//
f 1979// 1217// 1215//
f 1979// 1215// 1980//
f 1207// 1981// 1209//
f 1209// 1981// 1982//
f 1209// 1982// 1211//
f 1211// 1982// 1980//
f 1211// 1980// 1213//
f 1213// 1980// 1215//
f 915// 1969// 1970//
f 1970// 1969// 1983//
f 1970// 1983// 1984//
f 1984// 1983// 1985//
f 1984// 1985// 1986//
f 1986// 1985// 1987//
f 1986// 1987// 1988//
f 1988// 1987// 1989//
f 1988// 1989// 1990//
f 1990// 1989// 1991//
f 1990// 1991// 1992//
f 1992// 1991// 1993//
f 1992// 1993// 1994//
f 1994// 1993// 1995//
f 1994// 1995// 1996//
f 1996// 1995// 1997//
f 1996// 1997// 1998//
f 1998// 1997// 1999//
f 1998// 1999// 2000//
f 2000// 1999// 2001//
f 2000// 2001// 2002//
f 2002// 2001// 2003//
f 2002// 2003// 2004//
f 2004// 2003// 2005//
f 2004// 2005// 2006//
f 940// 1971// 1972//
f 1972// 1971// 2007//
f 1972// 2007// 2008//
f 2008// 2007// 2009//
f 2008// 2009// 2010//
f 2010// 2009// 2011//
f 2010// 2011// 2012//
f 2012// 2011// 2013//
f 2012// 2013// 2014//
f 2014// 2013// 2015//
f 2014// 2015// 2016//
f 2016// 2015// 2017//
f 2016// 2017// 2018//
f 2018// 2017// 2019//
f 2018// 2019// 2020//
f 2020// 2019// 2021//
f 2020// 2021// 2022//
f 2022// 2021// 2023//
f 2022// 2023// 2024//
f 2024// 2023// 2025//
f 2024// 2025// 2026//
f 2026// 2025// 2027//
f 2026// 2027// 2028//
f 2028// 2027// 2029//
f 2028// 2029// 2030//
f 1207// 1205// 2031//
f 1207// 2031// 1981//
f 1981// 2031// 2032//
f 1981// 2032// 2033//
f 2033// 2005// 1981//
f 1981// 2005// 2003//
f 1981// 2003// 1982//
f 1982// 2003// 2001//
f 1982// 2001// 1980//
f 1980// 2001// 1999//
f 1980// 1999// 1979//
f 1979// 1999// 1997//
f 1979// 1997// 1978//
f 1978// 1997// 1995//
f 1978// 1995// 1977//
f 1977// 1995// 1993//
f 1977// 1993// 1966//
f 1966// 1993// 1991//
f 1966// 1991// 1967//
f 1967// 1991// 1989//
f 1967// 1989// 1976//
f 1976// 1989// 1987//
f 1976// 1987// 1974//
f 1974// 1987// 1985//
f 1974// 1985// 1975//
f 1975// 1985// 1983//
f 1975// 1983// 1973//
f 1973// 1983// 1969//
f 1973// 1969// 1968//
f 1968// 1969// 878//
f 1968// 878// 877//
f 2033// 2034// 2005//
f 2005// 2034// 2035//
f 2005// 2035// 2006//
f 2006// 2035// 2036//
f 2006// 2036// 2037//
f 2037// 2029// 2006//
f 2006// 2029// 2027//
f 2006// 2027// 2004//
f 2004// 2027// 2025//
f 2004// 2025// 2002//
f 2002// 2025// 2023//
f 2002// 2023// 2000//
f 2000// 2023// 2021//
f 2000// 2021// 1998//
f 1998// 2021// 2019//
f 1998// 2019// 1996//
f 1996// 2019// 2017//
f 1996// 2017// 1994//
f 1994// 2017// 2015//
f 1994// 2015// 1992//
f 1992// 2015// 2013//
f 1992// 2013// 1990//
f 1990// 2013// 2011//
f 1990// 2011// 1988//
f 1988// 2011// 2009//
f 1988// 2009// 1986//
f 1986// 2009// 2007//
f 1986// 2007// 1984//
f 1984// 2007// 1971//
f 1984// 1971// 1970//
f 1970// 1971// 938//
f 1970// 938// 937//
f 2037// 2038// 2029//
f 2029// 2038// 2039//
f 2029// 2039// 2030//
f 2030// 2039// 2040//
f 2030// 2040// 2041//
f 942// 1972// 1249//
f 1249// 1972// 2008//
f 1249// 2008// 1250//
f 1250// 2008// 2010//
f 1250// 2010// 1252//
f 1252// 2010// 2012//
f 1252// 2012// 1265//
f 1265// 2012// 2014//
f 1265// 2014// 1266//
f 1266// 2014// 2016//
f 1266// 2016// 1268//
f 1268// 2016// 2018//
f 1268// 2018// 1270//
f 1270// 2018// 2020//
f 1270// 2020// 1271//
f 1271// 2020// 2022//
f 1271// 2022// 1261//
f 1261// 2022// 2024//
f 1261// 2024// 1263//
f 1263// 2024// 2026//
f 1263// 2026// 1264//
f 1264// 2026// 2028//
f 1264// 2028// 1258//
f 1258// 2028// 2030//
f 1258// 2030// 1256//
f 1256// 2030// 2041//
f 1256// 2041// 1254//
f 1254// 2041// 1279//
f 1279// 2041// 2042//
f 2042// 2041// 2043//
f 2043// 2041// 2040//
f 2043// 2040// 2044//
f 2044// 2040// 2039//
f 2044// 2039// 2045//
f 2045// 2039// 2038//
f 2045// 2038// 2046//
f 2046// 2038// 2037//
f 2046// 2037// 2047//
f 2047// 2037// 2036//
f 2047// 2036// 2048//
f 2048// 2036// 2035//
f 2048// 2035// 2049//
f 2049// 2035// 2034//
f 2049// 2034// 2050//
f 2050// 2034// 2033//
f 2050// 2033// 2051//
f 2051// 2033// 2032//
f 2051// 2032// 2052//
f 2032// 2031// 2052//
f 2052// 2031// 1205//
f 2052// 1205// 1276//
f 1334// 1279// 2042//
f 1334// 2042// 2053//
f 2042// 2043// 2053//
f 2053// 2043// 2044//
f 2053// 2044// 2054//
f 2044// 2045// 2054//
f 2054// 2045// 2046//
f 2054// 2046// 2055//
f 2046// 2047// 2055//
f 2055// 2047// 2048//
f 2055// 2048// 2056//
f 1331// 1330// 2057//
f 2057// 1330// 2058//
f 2057// 2058// 2059//
f 2059// 2058// 2060//
f 2059// 2060// 2061//
f 2061// 2060// 2062//
f 2061// 2062// 2063//
f 2063// 2062// 2064//
f 2063// 2064// 2065//
f 2065// 2064// 2066//
f 2065// 2066// 1319//
f 1330// 1339// 2058//
f 2058// 1339// 2067//
f 2058// 2067// 2060//
f 2060// 2067// 2068//
f 2060// 2068// 2062//
f 2062// 2068// 2069//
f 2062// 2069// 2064//
f 2064// 2069// 2070//
f 2064// 2070// 2066//
f 2066// 2070// 2071//
f 1339// 1341// 2067//
f 2067// 1341// 2072//
f 2067// 2072// 2068//
f 2068// 2072// 2073//
f 2068// 2073// 2069//
f 2069// 2073// 2074//
f 2069// 2074// 2070//
f 2070// 2074// 2075//
f 2070// 2075// 2071//
f 2071// 2075// 2076//
f 1341// 1336// 2072//
f 2072// 1336// 2077//
f 2072// 2077// 2073//
f 2073// 2077// 2078//
f 2073// 2078// 2074//
f 2074// 2078// 2079//
f 2074// 2079// 2075//
f 2075// 2079// 2080//
f 2075// 2080// 2076//
f 2076// 2080// 2081//
f 1336// 1334// 2077//
f 2077// 1334// 2053//
f 2077// 2053// 2078//
f 2078// 2053// 2054//
f 2078// 2054// 2079//
f 2079// 2054// 2055//
f 2079// 2055// 2080//
f 2080// 2055// 2056//
f 2080// 2056// 2081//
f 2081// 2056// 2082//
f 2048// 2049// 2056//
f 2056// 2049// 2050//
f 2056// 2050// 2082//
f 2082// 2050// 2051//
f 2082// 2051// 2052//
f 1319// 2066// 1321//
f 1321// 2066// 2071//
f 1321// 2071// 1323//
f 1323// 2071// 2076//
f 1323// 2076// 1325//
f 1325// 2076// 2081//
f 1325// 2081// 1327//
f 1327// 2081// 2082//
f 1327// 2082// 1329//
f 1329// 2082// 2052//
f 1329// 2052// 1276//
f 1351// 1331// 1492//
f 1492// 1331// 2057//
f 1492// 2057// 2083//
f 2083// 2057// 2084//
f 2084// 2057// 2059//
f 2084// 2059// 2085//
f 2085// 2059// 2086//
f 2086// 2059// 2061//
f 2086// 2061// 2087//
f 2087// 2061// 2088//
f 2088// 2061// 2063//
f 2088// 2063// 2089//
f 2089// 2063// 2090//
f 2090// 2063// 2065//
f 2090// 2065// 2091//
f 1319// 1349// 2065//
f 2065// 1349// 1489//
f 2065// 1489// 2091//
f 1387// 1371// 2086//
f 2086// 1371// 2085//
f 2085// 1371// 1372//
f 2085// 1372// 2084//
f 2084// 1372// 1373//
f 2084// 1373// 2083//
f 2083// 1373// 1353//
f 2083// 1353// 1492//
f 1387// 2086// 1388//
f 1388// 2086// 2087//
f 1388// 2087// 1386//
f 1386// 2087// 2088//
f 1386// 2088// 1369//
f 2090// 1374// 1370//
f 1369// 2088// 1370//
f 1370// 2088// 2089//
f 1370// 2089// 2090//
f 1374// 2090// 1354//
f 1354// 2090// 2091//
f 1354// 2091// 1489//
usemtl 2
f 1009// 1008// 859//
f 859// 1008// 860//
f 858// 836// 960//
f 960// 836// 958//
f 989// 962// 832//
f 832// 962// 837//
f 855// 862// 987//
f 987// 862// 1002//
f 855// 987// 853//
f 853// 987// 989//
f 853// 989// 846//
f 846// 989// 832//
usemtl 1
f 2092// 2093// 2094//
f 2094// 2093// 2095//
f 2094// 2095// 2096//
f 2096// 2095// 2097//
f 2096// 2097// 2098//
f 2098// 2097// 2099//
f 2098// 2099// 2100//
f 2100// 2099// 2101//
f 2100// 2101// 2102//
f 2102// 2101// 2103//
f 2102// 2103// 2104//
f 2104// 2103// 2105//
f 2104// 2105// 2106//
f 2106// 2105// 2107//
f 2106// 2107// 2108//
f 2108// 2107// 2109//
f 2108// 2109// 2110//
f 2110// 2109// 2111//
f 2110// 2111// 2112//
f 2112// 2111// 2113//
f 2112// 2113// 2114//
f 2114// 2113// 2115//
f 2114// 2115// 2116//
f 2116// 2115// 2117//
f 2116// 2117// 2118//
f 2118// 2117// 2119//
f 2118// 2119// 2120//
f 2120// 2119// 2121//
f 2120// 2121// 2122//
f 2122// 2121// 2123//
f 2122// 2123// 912//
f 912// 2123// 913//
f 2124// 2125// 2126//
f 936// 935// 2127//
f 2127// 935// 2128//
f 2127// 2128// 2129//
f 2129// 2128// 2130//
f 2131// 2132// 2133//
f 2133// 2132// 2134//
f 2133// 2134// 2130//
f 2130// 2134// 2135//
f 2130// 2135// 2129//
f 2126// 2136// 2124//
f 2124// 2136// 2137//
f 2124// 2137// 2138//
f 2138// 2137// 2139//
f 2138// 2139// 2140//
f 2139// 2141// 2140//
f 2140// 2141// 2142//
f 2140// 2142// 2143//
f 2143// 2142// 2144//
f 2143// 2144// 2145//
f 2145// 2144// 2146//
f 2145// 2146// 2131//
f 2131// 2146// 2147//
f 2131// 2147// 2132//
f 2148// 2149// 2150//
f 2150// 2149// 2151//
f 2150// 2151// 2152//
f 2152// 2151// 2153//
f 2152// 2153// 2154//
f 2154// 2153// 2155//
f 2154// 2155// 2156//
f 2156// 2155// 2157//
f 2156// 2157// 2158//
f 2158// 2157// 2159//
f 2158// 2159// 2160//
f 2160// 2159// 2161//
f 2160// 2161// 2162//
f 2162// 2161// 2163//
f 2162// 2163// 2164//
f 2164// 2163// 2165//
f 2164// 2165// 2166//
f 2165// 2167// 2166//
f 2166// 2167// 2168//
f 2166// 2168// 2169//
f 2169// 2168// 2170//
f 2170// 2168// 2171//
f 2170// 2171// 2172//
f 2172// 2171// 2173//
f 2172// 2173// 2174//
f 2174// 2173// 2175//
f 2174// 2175// 2176//
f 2176// 2175// 2177//
f 2176// 2177// 2178//
f 2178// 2177// 2179//
f 2178// 2179// 2180//
f 2180// 2179// 2181//
f 2180// 2181// 2182//
f 2182// 2181// 2183//
f 2182// 2183// 2184//
f 2184// 2183// 2185//
f 2184// 2185// 2186//
f 2186// 2185// 2187//
f 2186// 2187// 2188//
f 2188// 2187// 2189//
f 2188// 2189// 2190//
f 2189// 2191// 2190//
f 2190// 2191// 853//
f 2190// 853// 846//
f 2192// 953// 952//
f 952// 2193// 2192//
f 2192// 2193// 2194//
f 2192// 2194// 2195//
f 2195// 2194// 2196//
f 2195// 2196// 2197//
f 2198// 2199// 2200//
f 2200// 2199// 2201//
f 2200// 2201// 2202//
f 2202// 2201// 2203//
f 2204// 2205// 2206//
f 2206// 2205// 2207//
f 2206// 2207// 2203//
f 2203// 2207// 2208//
f 2203// 2208// 2202//
f 2196// 2209// 2197//
f 2197// 2209// 2210//
f 2197// 2210// 2211//
f 2211// 2210// 2212//
f 2211// 2212// 2213//
f 2213// 2212// 2214//
f 2213// 2214// 2204//
f 2204// 2214// 2215//
f 2204// 2215// 2205//
f 2216// 2217// 2092//
f 2092// 2217// 2093//
f 2126// 2125// 2218//
f 2218// 2125// 2219//
f 2149// 2148// 2220//
f 2220// 2148// 2221//
f 2199// 2198// 2222//
f 2222// 2198// 2223//
f 2217// 2216// 2224//
f 2224// 2216// 2225//
f 2224// 2225// 2226//
f 2226// 2225// 2227//
f 2226// 2227// 2228//
f 2228// 2227// 2229//
f 2228// 2229// 2230//
f 2230// 2229// 2231//
f 2230// 2231// 2232//
f 2232// 2231// 2233//
f 2232// 2233// 2234//
f 2234// 2233// 2235//
f 2234// 2235// 2236//
f 2236// 2235// 2237//
f 2236// 2237// 2238//
f 2238// 2237// 2239//
f 2238// 2239// 2240//
f 2240// 2239// 2241//
f 2240// 2241// 2242//
f 2242// 2241// 2243//
f 2242// 2243// 2244//
f 2244// 2243// 2245//
f 2244// 2245// 2246//
f 2246// 2245// 2247//
f 2248// 2218// 2219//
f 2249// 2250// 2251//
f 2251// 2250// 2252//
f 2251// 2252// 2253//
f 2253// 2252// 2254//
f 2219// 2255// 2248//
f 2248// 2255// 2256//
f 2248// 2256// 2257//
f 2257// 2256// 2258//
f 2257// 2258// 2259//
f 2259// 2258// 2260//
f 2259// 2260// 2254//
f 2254// 2260// 2261//
f 2254// 2261// 2253//
f 2262// 2263// 2264//
f 2264// 2263// 2265//
f 2264// 2265// 2266//
f 2266// 2265// 2267//
f 2266// 2267// 2268//
f 2268// 2267// 2269//
f 2268// 2269// 2270//
f 2270// 2269// 2271//
f 2270// 2271// 2272//
f 2272// 2271// 2273//
f 2272// 2273// 2221//
f 2221// 2273// 2220//
f 2274// 2275// 2276//
f 2222// 2223// 2277//
f 2277// 2223// 2278//
f 2277// 2278// 2279//
f 2279// 2278// 2280//
f 2276// 2281// 2274//
f 2274// 2281// 2282//
f 2274// 2282// 2283//
f 2283// 2282// 2284//
f 2283// 2284// 2285//
f 2285// 2284// 2286//
f 2285// 2286// 2280//
f 2280// 2286// 2287//
f 2280// 2287// 2279//
f 2288// 2289// 2247//
f 2247// 2289// 2246//
f 2250// 2249// 2290//
f 2290// 2249// 2291//
f 2292// 2293// 2262//
f 2262// 2293// 2263//
f 2276// 2275// 2294//
f 2294// 2275// 2295//
f 2296// 2297// 2298//
f 2298// 2297// 2299//
f 2300// 2301// 2297//
f 2302// 2296// 2303//
f 2302// 2304// 2296//
f 2296// 2304// 2305//
f 2296// 2305// 2297//
f 2297// 2305// 2306//
f 2297// 2306// 2300//
f 2299// 2307// 2298//
f 2298// 2307// 2308//
f 2298// 2308// 2309//
f 2310// 2311// 2312//
f 2313// 2314// 2299//
f 2299// 2314// 2315//
f 2299// 2315// 2307//
f 2313// 2316// 2314//
f 2314// 2316// 2317//
f 2314// 2317// 2318//
f 2309// 2308// 2311//
f 2311// 2308// 2319//
f 2311// 2319// 2312//
f 2303// 2320// 2302//
f 2302// 2320// 2321//
f 2302// 2321// 2322//
f 2322// 2321// 2323//
f 2322// 2323// 2324//
f 2324// 2323// 2325//
f 2326// 2327// 2328//
f 2328// 2327// 2329//
f 2328// 2329// 2330//
f 2330// 2329// 2331//
f 2330// 2331// 2301//
f 2301// 2331// 2332//
f 2301// 2332// 2297//
f 2318// 2317// 2333//
f 2333// 2317// 2334//
f 2333// 2334// 2335//
f 2312// 2336// 2310//
f 2310// 2336// 2337//
f 2310// 2337// 2338//
f 2338// 2337// 2339//
f 764// 763// 2340//
f 2340// 763// 2341//
f 2340// 2341// 2342//
f 2342// 2341// 2343//
f 2342// 2343// 2344//
f 2344// 2343// 2345//
f 2344// 2345// 2346//
f 2346// 2345// 2347//
f 2346// 2347// 2348//
f 2348// 2347// 2349//
f 2348// 2349// 2350//
f 2350// 2349// 2351//
f 770// 801// 2352//
f 2352// 801// 2353//
f 2352// 2353// 2354//
f 2354// 2353// 2355//
f 2355// 2353// 2356//
f 2355// 2356// 2357//
f 2357// 2356// 2358//
f 2357// 2358// 2359//
f 774// 773// 2360//
f 2360// 773// 2361//
f 2360// 2361// 2362//
f 2362// 2361// 2363//
f 2362// 2363// 2364//
f 2364// 2363// 2365//
f 2364// 2365// 2366//
f 2366// 2365// 2367//
f 2366// 2367// 2368//
f 2367// 2369// 2368//
f 2368// 2369// 2370//
f 2368// 2370// 2371//
f 825// 820// 2372//
f 825// 2372// 2373//
f 2373// 2372// 2374//
f 2373// 2374// 2375//
f 2375// 2374// 2376//
f 2375// 2376// 2377//
f 2377// 2376// 2378//
f 2377// 2378// 2379//
f 2380// 2381// 2382//
f 2383// 2384// 2385//
f 2385// 2384// 2386//
f 2387// 2384// 2388//
f 2388// 2384// 2383//
f 2388// 2383// 2389//
f 2390// 2391// 2392//
f 2389// 2383// 2381//
f 2381// 2383// 2393//
f 2381// 2393// 2382//
f 2394// 2385// 2395//
f 2395// 2385// 2386//
f 2395// 2386// 2396//
f 2387// 2397// 2384//
f 2384// 2397// 2398//
f 2384// 2398// 2399//
f 2399// 2398// 2400//
f 2396// 2386// 2391//
f 2391// 2386// 2401//
f 2391// 2401// 2392//
f 2402// 2403// 2394//
f 2394// 2403// 2404//
f 2394// 2404// 2385//
f 2402// 2405// 2403//
f 2403// 2405// 2406//
f 2403// 2406// 2407//
f 2382// 2408// 2380//
f 2380// 2408// 2409//
f 2380// 2409// 2410//
f 2410// 2409// 2411//
f 2400// 2398// 2412//
f 2412// 2398// 2413//
f 2412// 2413// 2414//
f 2414// 2413// 2415//
f 2414// 2415// 2416//
f 2392// 2417// 2390//
f 2390// 2417// 2418//
f 2390// 2418// 2419//
f 2419// 2418// 2420//
f 2407// 2406// 2421//
f 2421// 2406// 2422//
f 2421// 2422// 2423//
f 2351// 2424// 2387//
f 2351// 2387// 2350//
f 2350// 2387// 2388//
f 2350// 2388// 2425//
f 2426// 2383// 2359//
f 2359// 2383// 2385//
f 2359// 2385// 2357//
f 2357// 2385// 2427//
f 2378// 2428// 2386//
f 2378// 2386// 2379//
f 2379// 2386// 2384//
f 2379// 2384// 2429//
f 2430// 2394// 2370//
f 2370// 2394// 2395//
f 2370// 2395// 2371//
f 2371// 2395// 2431//
f 2292// 2432// 2299//
f 2292// 2299// 2293//
f 2293// 2299// 2297//
f 2293// 2297// 2433//
f 2434// 2308// 2291//
f 2291// 2308// 2307//
f 2291// 2307// 2290//
f 2290// 2307// 2435//
f 2295// 2436// 2306//
f 2295// 2306// 2294//
f 2294// 2306// 2305//
f 2294// 2305// 2437//
f 2438// 2296// 2288//
f 2288// 2296// 2298//
f 2288// 2298// 2289//
f 2289// 2298// 2439//
f 2116// 2118// 2440//
f 882// 881// 2441//
f 880// 879// 2442//
f 954// 953// 2192//
f 868// 867// 2443//
f 2443// 867// 954//
f 880// 2442// 871//
f 869// 870// 2444//
f 2444// 870// 871//
f 2445// 883// 882//
f 2122// 912// 2445//
f 2445// 912// 911//
f 2445// 911// 883//
f 2440// 2118// 2445//
f 2445// 2118// 2120//
f 2445// 2120// 2122//
f 2116// 2440// 2114//
f 2114// 2440// 2446//
f 2114// 2446// 2112//
f 2112// 2446// 2447//
f 2112// 2447// 2110//
f 2110// 2447// 2448//
f 2110// 2448// 2108//
f 2108// 2448// 2106//
f 2106// 2448// 2449//
f 2106// 2449// 2104//
f 2104// 2449// 2450//
f 2104// 2450// 2102//
f 2102// 2450// 2100//
f 2100// 2450// 2451//
f 2100// 2451// 2098//
f 954// 2192// 2443//
f 2443// 2192// 2195//
f 2443// 2195// 2452//
f 2452// 2195// 2197//
f 2452// 2197// 2453//
f 2453// 2197// 2211//
f 2453// 2211// 2454//
f 2454// 2211// 2213//
f 2454// 2213// 2455//
f 2455// 2213// 2204//
f 2455// 2204// 2456//
f 2456// 2204// 2206//
f 2456// 2206// 2457//
f 2457// 2206// 2203//
f 2457// 2203// 2458//
f 2458// 2203// 2201//
f 2458// 2201// 2459//
f 871// 2442// 2444//
f 2444// 2442// 2460//
f 2444// 2460// 2461//
f 2461// 2460// 2462//
f 2461// 2462// 2463//
f 2463// 2462// 2464//
f 2463// 2464// 2465//
f 2465// 2464// 2466//
f 2465// 2466// 2467//
f 2467// 2466// 2468//
f 2467// 2468// 2469//
f 2469// 2468// 2470//
f 2469// 2470// 2471//
f 2471// 2470// 2472//
f 2471// 2472// 2473//
f 2473// 2472// 2474//
f 2473// 2474// 2475//
f 882// 2441// 2445//
f 2445// 2441// 2476//
f 2445// 2476// 2440//
f 2440// 2476// 2477//
f 2440// 2477// 2446//
f 2446// 2477// 2478//
f 2446// 2478// 2447//
f 2447// 2478// 2479//
f 2447// 2479// 2448//
f 2448// 2479// 2480//
f 2448// 2480// 2449//
f 2449// 2480// 2481//
f 2449// 2481// 2450//
f 2450// 2481// 2482//
f 2450// 2482// 2451//
f 2451// 2482// 2483//
f 2451// 2483// 2484//
f 2201// 2199// 2485//
f 2201// 2485// 2459//
f 2459// 2485// 2486//
f 2459// 2486// 2487//
f 2487// 2474// 2459//
f 2459// 2474// 2472//
f 2459// 2472// 2458//
f 2458// 2472// 2470//
f 2458// 2470// 2457//
f 2457// 2470// 2468//
f 2457// 2468// 2456//
f 2456// 2468// 2466//
f 2456// 2466// 2455//
f 2455// 2466// 2464//
f 2455// 2464// 2454//
f 2454// 2464// 2462//
f 2454// 2462// 2453//
f 2453// 2462// 2460//
f 2453// 2460// 2452//
f 2452// 2460// 2442//
f 2452// 2442// 2443//
f 2443// 2442// 879//
f 2443// 879// 868//
f 2487// 2488// 2474//
f 2474// 2488// 2489//
f 2474// 2489// 2475//
f 2475// 2489// 2490//
f 2475// 2490// 2491//
f 2491// 2483// 2475//
f 2475// 2483// 2482//
f 2475// 2482// 2473//
f 2473// 2482// 2481//
f 2473// 2481// 2471//
f 2471// 2481// 2480//
f 2471// 2480// 2469//
f 2469// 2480// 2479//
f 2469// 2479// 2467//
f 2467// 2479// 2478//
f 2467// 2478// 2465//
f 2465// 2478// 2477//
f 2465// 2477// 2463//
f 2463// 2477// 2476//
f 2463// 2476// 2461//
f 2461// 2476// 2441//
f 2461// 2441// 2444//
f 2444// 2441// 881//
f 2444// 881// 869//
f 2491// 2492// 2483//
f 2483// 2492// 2493//
f 2483// 2493// 2484//
f 2484// 2493// 2494//
f 2484// 2494// 2495//
f 2098// 2451// 2096//
f 2096// 2451// 2484//
f 2096// 2484// 2094//
f 2094// 2484// 2495//
f 2094// 2495// 2092//
f 2092// 2495// 2216//
f 2216// 2495// 2496//
f 2496// 2495// 2497//
f 2497// 2495// 2494//
f 2497// 2494// 2498//
f 2498// 2494// 2493//
f 2498// 2493// 2499//
f 2499// 2493// 2492//
f 2499// 2492// 2500//
f 2500// 2492// 2491//
f 2500// 2491// 2501//
f 2501// 2491// 2490//
f 2501// 2490// 2502//
f 2502// 2490// 2489//
f 2502// 2489// 2503//
f 2503// 2489// 2488//
f 2503// 2488// 2504//
f 2504// 2488// 2487//
f 2504// 2487// 2505//
f 2505// 2487// 2486//
f 2505// 2486// 2506//
f 2486// 2485// 2506//
f 2506// 2485// 2199//
f 2506// 2199// 2222//
f 2507// 2247// 2245//
f 2508// 2509// 2507//
f 2239// 2510// 2511//
f 2507// 2245// 2508//
f 2508// 2245// 2243//
f 2508// 2243// 2511//
f 2511// 2243// 2241//
f 2511// 2241// 2239//
f 2225// 2512// 2227//
f 2227// 2512// 2513//
f 2239// 2237// 2510//
f 2510// 2237// 2235//
f 2510// 2235// 2514//
f 2514// 2235// 2233//
f 2514// 2233// 2515//
f 2515// 2233// 2231//
f 2515// 2231// 2513//
f 2513// 2231// 2229//
f 2513// 2229// 2227//
f 2225// 2216// 2496//
f 2516// 2517// 2518//
f 2518// 2517// 2519//
f 2225// 2496// 2512//
f 2512// 2496// 2497//
f 2512// 2497// 2498//
f 2498// 2520// 2512//
f 2512// 2520// 2521//
f 2512// 2521// 2513//
f 2513// 2521// 2522//
f 2513// 2522// 2515//
f 2515// 2522// 2523//
f 2515// 2523// 2514//
f 2514// 2523// 2524//
f 2514// 2524// 2510//
f 2510// 2524// 2525//
f 2510// 2525// 2511//
f 2511// 2525// 2518//
f 2511// 2518// 2508//
f 2508// 2518// 2519//
f 2508// 2519// 2509//
f 2526// 2527// 2516//
f 2516// 2518// 2526//
f 2526// 2518// 2525//
f 2526// 2525// 2528//
f 2528// 2525// 2524//
f 2528// 2524// 2529//
f 2529// 2524// 2523//
f 2529// 2523// 2530//
f 2530// 2523// 2522//
f 2530// 2522// 2531//
f 2531// 2522// 2521//
f 2531// 2521// 2532//
f 2532// 2521// 2520//
f 2532// 2520// 2533//
f 2534// 2535// 2536//
f 2536// 2535// 2537//
f 2498// 2499// 2520//
f 2520// 2499// 2500//
f 2520// 2500// 2533//
f 2533// 2500// 2501//
f 2533// 2501// 2502//
f 2502// 2538// 2533//
f 2533// 2538// 2539//
f 2533// 2539// 2532//
f 2532// 2539// 2540//
f 2532// 2540// 2531//
f 2531// 2540// 2541//
f 2531// 2541// 2530//
f 2530// 2541// 2542//
f 2530// 2542// 2529//
f 2529// 2542// 2543//
f 2529// 2543// 2528//
f 2528// 2543// 2536//
f 2528// 2536// 2526//
f 2526// 2536// 2537//
f 2526// 2537// 2527//
f 2544// 2545// 2546//
f 2546// 2545// 2534//
f 2534// 2536// 2546//
f 2546// 2536// 2543//
f 2546// 2543// 2547//
f 2547// 2543// 2542//
f 2547// 2542// 2548//
f 2548// 2542// 2541//
f 2548// 2541// 2549//
f 2549// 2541// 2540//
f 2549// 2540// 2550//
f 2550// 2540// 2539//
f 2550// 2539// 2551//
f 2551// 2539// 2538//
f 2551// 2538// 2552//
f 2281// 2276// 2544//
f 2502// 2503// 2538//
f 2538// 2503// 2504//
f 2538// 2504// 2552//
f 2552// 2504// 2505//
f 2552// 2505// 2506//
f 2544// 2546// 2281//
f 2281// 2546// 2547//
f 2281// 2547// 2282//
f 2282// 2547// 2548//
f 2282// 2548// 2284//
f 2284// 2548// 2549//
f 2284// 2549// 2286//
f 2286// 2549// 2550//
f 2286// 2550// 2287//
f 2287// 2550// 2551//
f 2287// 2551// 2279//
f 2279// 2551// 2552//
f 2279// 2552// 2277//
f 2277// 2552// 2506//
f 2277// 2506// 2222//
f 2288// 2247// 2438//
f 2438// 2247// 2507//
f 2544// 2276// 2294//
f 2294// 2437// 2544//
f 2544// 2437// 2553//
f 2544// 2553// 2545//
f 2545// 2553// 2554//
f 2545// 2554// 2534//
f 2534// 2554// 2555//
f 2534// 2555// 2535//
f 2535// 2555// 2556//
f 2535// 2556// 2537//
f 2537// 2556// 2557//
f 2537// 2557// 2527//
f 2527// 2557// 2558//
f 2527// 2558// 2516//
f 2516// 2558// 2559//
f 2516// 2559// 2517//
f 2517// 2559// 2560//
f 2517// 2560// 2519//
f 2519// 2560// 2561//
f 2519// 2561// 2509//
f 2509// 2561// 2562//
f 2509// 2562// 2507//
f 2507// 2562// 2563//
f 2507// 2563// 2438//
f 2296// 2438// 2563//
f 2296// 2563// 2303//
f 2303// 2563// 2562//
f 2303// 2562// 2320//
f 2320// 2562// 2561//
f 2320// 2561// 2321//
f 2321// 2561// 2560//
f 2321// 2560// 2323//
f 2323// 2560// 2559//
f 2323// 2559// 2325//
f 2437// 2305// 2553//
f 2553// 2305// 2304//
f 2553// 2304// 2554//
f 2554// 2304// 2302//
f 2554// 2302// 2555//
f 2555// 2302// 2322//
f 2555// 2322// 2556//
f 2556// 2322// 2324//
f 2556// 2324// 2557//
f 2557// 2324// 2325//
f 2557// 2325// 2558//
f 2558// 2325// 2559//
f 886// 885// 2564//
f 872// 913// 2123//
f 885// 884// 2565//
f 2565// 884// 873//
f 2565// 873// 872//
f 886// 2564// 928//
f 930// 929// 2566//
f 2566// 929// 928//
f 932// 931// 2567//
f 2567// 931// 930//
f 935// 934// 2568//
f 2568// 934// 933//
f 2568// 933// 932//
f 872// 2123// 2565//
f 2565// 2123// 2121//
f 2565// 2121// 2569//
f 2121// 2119// 2569//
f 2569// 2119// 2117//
f 2569// 2117// 2570//
f 2117// 2115// 2570//
f 2570// 2115// 2113//
f 2570// 2113// 2571//
f 2113// 2111// 2571//
f 2571// 2111// 2109//
f 2571// 2109// 2572//
f 2572// 2109// 2107//
f 2572// 2107// 2573//
f 2107// 2105// 2573//
f 2573// 2105// 2103//
f 2573// 2103// 2574//
f 2574// 2103// 2101//
f 2574// 2101// 2575//
f 2575// 2101// 2099//
f 2575// 2099// 2576//
f 2576// 2099// 2097//
f 2097// 2095// 2576//
f 2576// 2095// 2093//
f 2576// 2093// 2577//
f 885// 2565// 2564//
f 2564// 2565// 2569//
f 2564// 2569// 2578//
f 2578// 2569// 2570//
f 2578// 2570// 2579//
f 2579// 2570// 2571//
f 2579// 2571// 2580//
f 2580// 2571// 2572//
f 2580// 2572// 2581//
f 2581// 2572// 2573//
f 2581// 2573// 2582//
f 2582// 2573// 2574//
f 2582// 2574// 2583//
f 2583// 2574// 2575//
f 2583// 2575// 2584//
f 2584// 2575// 2576//
f 2584// 2576// 2585//
f 2585// 2576// 2577//
f 2585// 2577// 2586//
f 928// 2564// 2566//
f 2566// 2564// 2578//
f 2566// 2578// 2587//
f 2587// 2578// 2579//
f 2587// 2579// 2588//
f 2588// 2579// 2580//
f 2588// 2580// 2589//
f 2589// 2580// 2581//
f 2589// 2581// 2590//
f 2590// 2581// 2582//
f 2590// 2582// 2591//
f 2591// 2582// 2583//
f 2591// 2583// 2592//
f 2592// 2583// 2584//
f 2592// 2584// 2593//
f 2593// 2584// 2585//
f 2593// 2585// 2594//
f 2594// 2585// 2586//
f 2594// 2586// 2595//
f 930// 2566// 2567//
f 2567// 2566// 2587//
f 2567// 2587// 2596//
f 2596// 2587// 2588//
f 2596// 2588// 2597//
f 2597// 2588// 2589//
f 2597// 2589// 2598//
f 2598// 2589// 2590//
f 2598// 2590// 2599//
f 2599// 2590// 2591//
f 2599// 2591// 2600//
f 2600// 2591// 2592//
f 2600// 2592// 2601//
f 2601// 2592// 2593//
f 2601// 2593// 2602//
f 2602// 2593// 2594//
f 2602// 2594// 2603//
f 2603// 2594// 2595//
f 2603// 2595// 2604//
f 932// 2567// 2568//
f 2568// 2567// 2596//
f 2568// 2596// 2605//
f 2605// 2596// 2597//
f 2605// 2597// 2606//
f 2606// 2597// 2598//
f 2606// 2598// 2607//
f 2607// 2598// 2599//
f 2607// 2599// 2608//
f 2608// 2599// 2600//
f 2608// 2600// 2609//
f 2609// 2600// 2601//
f 2609// 2601// 2610//
f 2610// 2601// 2602//
f 2610// 2602// 2611//
f 2611// 2602// 2603//
f 2611// 2603// 2612//
f 2612// 2603// 2604//
f 2612// 2604// 2613//
f 935// 2568// 2128//
f 2128// 2568// 2605//
f 2128// 2605// 2130//
f 2130// 2605// 2606//
f 2130// 2606// 2133//
f 2133// 2606// 2607//
f 2133// 2607// 2131//
f 2131// 2607// 2608//
f 2131// 2608// 2145//
f 2145// 2608// 2609//
f 2145// 2609// 2143//
f 2143// 2609// 2610//
f 2143// 2610// 2140//
f 2140// 2610// 2611//
f 2140// 2611// 2138//
f 2138// 2611// 2612//
f 2138// 2612// 2124//
f 2124// 2612// 2613//
f 2124// 2613// 2125//
f 2219// 2125// 2613//
f 2219// 2613// 2614//
f 2614// 2613// 2604//
f 2614// 2604// 2615//
f 2615// 2604// 2595//
f 2615// 2595// 2616//
f 2616// 2595// 2586//
f 2616// 2586// 2617//
f 2617// 2586// 2577//
f 2617// 2577// 2618//
f 2618// 2577// 2093//
f 2618// 2093// 2217//
f 2219// 2614// 2619//
f 2614// 2615// 2620//
f 2616// 2617// 2621//
f 2618// 2217// 2224//
f 2230// 2622// 2623//
f 2618// 2224// 2624//
f 2624// 2224// 2226//
f 2624// 2226// 2623//
f 2623// 2226// 2228//
f 2623// 2228// 2230//
f 2244// 2625// 2242//
f 2242// 2625// 2626//
f 2230// 2232// 2622//
f 2622// 2232// 2234//
f 2622// 2234// 2627//
f 2627// 2234// 2236//
f 2627// 2236// 2628//
f 2628// 2236// 2238//
f 2628// 2238// 2626//
f 2626// 2238// 2240//
f 2626// 2240// 2242//
f 2244// 2246// 2629//
f 2244// 2629// 2625//
f 2625// 2629// 2630//
f 2625// 2630// 2631//
f 2631// 2632// 2625//
f 2625// 2632// 2633//
f 2625// 2633// 2626//
f 2626// 2633// 2634//
f 2626// 2634// 2628//
f 2628// 2634// 2635//
f 2628// 2635// 2627//
f 2627// 2635// 2636//
f 2627// 2636// 2622//
f 2622// 2636// 2637//
f 2622// 2637// 2623//
f 2623// 2637// 2621//
f 2623// 2621// 2624//
f 2624// 2621// 2617//
f 2624// 2617// 2618//
f 2616// 2621// 2638//
f 2638// 2621// 2637//
f 2638// 2637// 2639//
f 2639// 2637// 2636//
f 2639// 2636// 2640//
f 2640// 2636// 2635//
f 2640// 2635// 2641//
f 2641// 2635// 2634//
f 2641// 2634// 2642//
f 2642// 2634// 2633//
f 2642// 2633// 2643//
f 2643// 2633// 2632//
f 2643// 2632// 2644//
f 2631// 2645// 2632//
f 2632// 2645// 2646//
f 2632// 2646// 2644//
f 2644// 2646// 2647//
f 2644// 2647// 2648//
f 2648// 2649// 2644//
f 2644// 2649// 2650//
f 2644// 2650// 2643//
f 2643// 2650// 2651//
f 2643// 2651// 2642//
f 2642// 2651// 2652//
f 2642// 2652// 2641//
f 2641// 2652// 2653//
f 2641// 2653// 2640//
f 2640// 2653// 2654//
f 2640// 2654// 2639//
f 2639// 2654// 2620//
f 2639// 2620// 2638//
f 2638// 2620// 2615//
f 2638// 2615// 2616//
f 2614// 2620// 2619//
f 2619// 2620// 2654//
f 2619// 2654// 2655//
f 2655// 2654// 2653//
f 2655// 2653// 2656//
f 2656// 2653// 2652//
f 2656// 2652// 2657//
f 2657// 2652// 2651//
f 2657// 2651// 2658//
f 2658// 2651// 2650//
f 2658// 2650// 2659//
f 2659// 2650// 2649//
f 2659// 2649// 2660//
f 2648// 2661// 2649//
f 2649// 2661// 2662//
f 2649// 2662// 2660//
f 2660// 2662// 2663//
f 2660// 2663// 2664//
f 2219// 2619// 2255//
f 2255// 2619// 2655//
f 2255// 2655// 2256//
f 2256// 2655// 2656//
f 2256// 2656// 2258//
f 2258// 2656// 2657//
f 2258// 2657// 2260//
f 2260// 2657// 2658//
f 2260// 2658// 2261//
f 2261// 2658// 2659//
f 2261// 2659// 2253//
f 2253// 2659// 2660//
f 2253// 2660// 2251//
f 2251// 2660// 2664//
f 2251// 2664// 2249//
f 2291// 2249// 2434//
f 2434// 2249// 2664//
f 2629// 2246// 2289//
f 2289// 2439// 2629//
f 2629// 2439// 2665//
f 2629// 2665// 2630//
f 2630// 2665// 2666//
f 2630// 2666// 2631//
f 2631// 2666// 2667//
f 2631// 2667// 2645//
f 2645// 2667// 2668//
f 2645// 2668// 2646//
f 2646// 2668// 2669//
f 2646// 2669// 2647//
f 2647// 2669// 2670//
f 2647// 2670// 2648//
f 2648// 2670// 2671//
f 2648// 2671// 2661//
f 2661// 2671// 2672//
f 2661// 2672// 2662//
f 2662// 2672// 2673//
f 2662// 2673// 2663//
f 2663// 2673// 2674//
f 2663// 2674// 2664//
f 2664// 2674// 2675//
f 2664// 2675// 2434//
f 2439// 2298// 2665//
f 2665// 2298// 2309//
f 2665// 2309// 2666//
f 2666// 2309// 2311//
f 2666// 2311// 2667//
f 2667// 2311// 2310//
f 2667// 2310// 2668//
f 2668// 2310// 2338//
f 2668// 2338// 2669//
f 2669// 2338// 2339//
f 2669// 2339// 2670//
f 2670// 2339// 2671//
f 2671// 2339// 2337//
f 2671// 2337// 2672//
f 2672// 2337// 2336//
f 2672// 2336// 2673//
f 2673// 2336// 2312//
f 2673// 2312// 2674//
f 2674// 2312// 2319//
f 2674// 2319// 2675//
f 2675// 2319// 2308//
f 2675// 2308// 2434//
f 2169// 2170// 2676//
f 2174// 2176// 2677//
f 2180// 2182// 2678//
f 936// 2127// 900//
f 900// 2127// 2679//
f 900// 2679// 899//
f 899// 2679// 898//
f 898// 2679// 2680//
f 898// 2680// 901//
f 901// 2680// 902//
f 902// 2680// 2681//
f 902// 2681// 838//
f 2682// 840// 2681//
f 2681// 840// 839//
f 2681// 839// 838//
f 845// 844// 2683//
f 2683// 844// 834//
f 2683// 834// 2682//
f 2682// 834// 833//
f 2682// 833// 840//
f 846// 845// 2190//
f 2190// 845// 2683//
f 2190// 2683// 2188//
f 2188// 2683// 2186//
f 2184// 2186// 2684//
f 2684// 2186// 2683//
f 2684// 2683// 2685//
f 2685// 2683// 2682//
f 2685// 2682// 2686//
f 2686// 2682// 2681//
f 2686// 2681// 2687//
f 2687// 2681// 2680//
f 2687// 2680// 2688//
f 2688// 2680// 2679//
f 2688// 2679// 2129//
f 2129// 2679// 2127//
f 2182// 2184// 2678//
f 2678// 2184// 2684//
f 2678// 2684// 2689//
f 2689// 2684// 2685//
f 2689// 2685// 2690//
f 2690// 2685// 2686//
f 2690// 2686// 2691//
f 2691// 2686// 2687//
f 2691// 2687// 2692//
f 2692// 2687// 2688//
f 2692// 2688// 2135//
f 2135// 2688// 2129//
f 2178// 2180// 2693//
f 2693// 2180// 2678//
f 2693// 2678// 2694//
f 2694// 2678// 2689//
f 2694// 2689// 2695//
f 2695// 2689// 2690//
f 2695// 2690// 2696//
f 2696// 2690// 2691//
f 2696// 2691// 2697//
f 2697// 2691// 2692//
f 2697// 2692// 2134//
f 2134// 2692// 2135//
f 2176// 2178// 2677//
f 2677// 2178// 2693//
f 2677// 2693// 2698//
f 2698// 2693// 2694//
f 2698// 2694// 2699//
f 2699// 2694// 2695//
f 2699// 2695// 2700//
f 2700// 2695// 2696//
f 2700// 2696// 2701//
f 2701// 2696// 2697//
f 2701// 2697// 2132//
f 2132// 2697// 2134//
f 2172// 2174// 2702//
f 2702// 2174// 2677//
f 2702// 2677// 2703//
f 2703// 2677// 2698//
f 2703// 2698// 2704//
f 2704// 2698// 2699//
f 2704// 2699// 2705//
f 2705// 2699// 2700//
f 2705// 2700// 2706//
f 2706// 2700// 2701//
f 2706// 2701// 2147//
f 2147// 2701// 2132//
f 2170// 2172// 2676//
f 2676// 2172// 2702//
f 2676// 2702// 2707//
f 2707// 2702// 2703//
f 2707// 2703// 2708//
f 2708// 2703// 2704//
f 2708// 2704// 2709//
f 2709// 2704// 2705//
f 2709// 2705// 2710//
f 2710// 2705// 2706//
f 2710// 2706// 2146//
f 2146// 2706// 2147//
f 2711// 2164// 2166//
f 2166// 2169// 2711//
f 2711// 2169// 2676//
f 2711// 2676// 2712//
f 2712// 2676// 2707//
f 2712// 2707// 2713//
f 2713// 2707// 2708//
f 2713// 2708// 2714//
f 2714// 2708// 2709//
f 2714// 2709// 2715//
f 2715// 2709// 2710//
f 2715// 2710// 2144//
f 2144// 2710// 2146//
f 2162// 2164// 2716//
f 2716// 2164// 2711//
f 2716// 2711// 2717//
f 2717// 2711// 2712//
f 2717// 2712// 2718//
f 2718// 2712// 2713//
f 2718// 2713// 2719//
f 2719// 2713// 2714//
f 2719// 2714// 2720//
f 2720// 2714// 2715//
f 2720// 2715// 2142//
f 2142// 2715// 2144//
f 2142// 2141// 2720//
f 2720// 2141// 2721//
f 2720// 2721// 2719//
f 2719// 2721// 2722//
f 2719// 2722// 2718//
f 2718// 2722// 2723//
f 2718// 2723// 2717//
f 2717// 2723// 2724//
f 2717// 2724// 2716//
f 2716// 2724// 2725//
f 2716// 2725// 2162//
f 2156// 2158// 2725//
f 2725// 2158// 2160//
f 2725// 2160// 2162//
f 2139// 2137// 2726//
f 2726// 2137// 2727//
f 2726// 2727// 2728//
f 2728// 2727// 2729//
f 2728// 2729// 2730//
f 2730// 2729// 2731//
f 2730// 2731// 2732//
f 2732// 2731// 2733//
f 2732// 2733// 2734//
f 2734// 2733// 2735//
f 2141// 2139// 2721//
f 2721// 2139// 2726//
f 2721// 2726// 2722//
f 2722// 2726// 2728//
f 2722// 2728// 2723//
f 2723// 2728// 2730//
f 2723// 2730// 2724//
f 2724// 2730// 2732//
f 2724// 2732// 2725//
f 2725// 2732// 2734//
f 2725// 2734// 2156//
f 2156// 2734// 2735//
f 2156// 2735// 2154//
f 2154// 2735// 2152//
f 2150// 2152// 2736//
f 2736// 2152// 2735//
f 2736// 2735// 2737//
f 2737// 2735// 2733//
f 2737// 2733// 2738//
f 2738// 2733// 2731//
f 2738// 2731// 2739//
f 2739// 2731// 2729//
f 2739// 2729// 2740//
f 2740// 2729// 2727//
f 2740// 2727// 2136//
f 2136// 2727// 2137//
f 2148// 2150// 2741//
f 2741// 2150// 2736//
f 2741// 2736// 2742//
f 2742// 2736// 2737//
f 2742// 2737// 2743//
f 2743// 2737// 2738//
f 2743// 2738// 2744//
f 2744// 2738// 2739//
f 2744// 2739// 2745//
f 2745// 2739// 2740//
f 2745// 2740// 2126//
f 2126// 2740// 2136//
f 2221// 2148// 2741//
f 2221// 2741// 2746//
f 2746// 2741// 2742//
f 2746// 2742// 2747//
f 2747// 2742// 2743//
f 2747// 2743// 2748//
f 2748// 2743// 2744//
f 2748// 2744// 2749//
f 2749// 2744// 2745//
f 2749// 2745// 2750//
f 2750// 2745// 2126//
f 2750// 2126// 2218//
f 2218// 2248// 2750//
f 2750// 2248// 2751//
f 2750// 2751// 2749//
f 2749// 2751// 2752//
f 2749// 2752// 2748//
f 2748// 2752// 2753//
f 2748// 2753// 2747//
f 2747// 2753// 2754//
f 2747// 2754// 2746//
f 2746// 2754// 2755//
f 2746// 2755// 2221//
f 2221// 2755// 2272//
f 2248// 2257// 2751//
f 2751// 2257// 2756//
f 2751// 2756// 2752//
f 2752// 2756// 2757//
f 2752// 2757// 2753//
f 2753// 2757// 2758//
f 2753// 2758// 2754//
f 2754// 2758// 2759//
f 2754// 2759// 2755//
f 2755// 2759// 2760//
f 2755// 2760// 2272//
f 2272// 2760// 2270//
f 2257// 2259// 2756//
f 2756// 2259// 2761//
f 2756// 2761// 2757//
f 2757// 2761// 2762//
f 2757// 2762// 2758//
f 2758// 2762// 2763//
f 2758// 2763// 2759//
f 2759// 2763// 2764//
f 2759// 2764// 2760//
f 2760// 2764// 2765//
f 2760// 2765// 2270//
f 2270// 2765// 2268//
f 2259// 2254// 2761//
f 2761// 2254// 2766//
f 2761// 2766// 2762//
f 2762// 2766// 2767//
f 2762// 2767// 2763//
f 2763// 2767// 2768//
f 2763// 2768// 2764//
f 2764// 2768// 2769//
f 2764// 2769// 2765//
f 2765// 2769// 2770//
f 2765// 2770// 2268//
f 2268// 2770// 2266//
f 2254// 2252// 2766//
f 2766// 2252// 2771//
f 2766// 2771// 2767//
f 2767// 2771// 2772//
f 2767// 2772// 2768//
f 2768// 2772// 2773//
f 2768// 2773// 2769//
f 2769// 2773// 2774//
f 2769// 2774// 2770//
f 2770// 2774// 2775//
f 2770// 2775// 2266//
f 2266// 2775// 2264//
f 2252// 2250// 2771//
f 2771// 2250// 2776//
f 2771// 2776// 2772//
f 2772// 2776// 2777//
f 2772// 2777// 2773//
f 2773// 2777// 2778//
f 2773// 2778// 2774//
f 2774// 2778// 2779//
f 2774// 2779// 2775//
f 2775// 2779// 2780//
f 2775// 2780// 2264//
f 2264// 2780// 2262//
f 2292// 2262// 2432//
f 2432// 2262// 2780//
f 2432// 2780// 2781//
f 2781// 2780// 2782//
f 2782// 2780// 2779//
f 2782// 2779// 2783//
f 2783// 2779// 2784//
f 2784// 2779// 2778//
f 2784// 2778// 2785//
f 2785// 2778// 2786//
f 2786// 2778// 2777//
f 2786// 2777// 2787//
f 2787// 2777// 2788//
f 2788// 2777// 2776//
f 2788// 2776// 2789//
f 2250// 2290// 2776//
f 2776// 2290// 2435//
f 2776// 2435// 2789//
f 2789// 2435// 2307//
f 2789// 2307// 2788//
f 2307// 2315// 2788//
f 2788// 2315// 2314//
f 2788// 2314// 2787//
f 2787// 2314// 2786//
f 2314// 2318// 2786//
f 2786// 2318// 2333//
f 2786// 2333// 2785//
f 2785// 2333// 2335//
f 2785// 2335// 2784//
f 2335// 2334// 2784//
f 2784// 2334// 2317//
f 2784// 2317// 2783//
f 2783// 2317// 2316//
f 2783// 2316// 2782//
f 2782// 2316// 2313//
f 2782// 2313// 2781//
f 2781// 2313// 2299//
f 2781// 2299// 2432//
f 2362// 2364// 2790//
f 2378// 2376// 2428//
f 2428// 2376// 2791//
f 2428// 2791// 2792//
f 2792// 2791// 2793//
f 2793// 2791// 2794//
f 2794// 2791// 2795//
f 2794// 2795// 2796//
f 2797// 2798// 2799//
f 2799// 2798// 2800//
f 2799// 2800// 2795//
f 2795// 2800// 2801//
f 2795// 2801// 2796//
f 2802// 2803// 2804//
f 2804// 2803// 2805//
f 2804// 2805// 2799//
f 2799// 2805// 2806//
f 2799// 2806// 2797//
f 2371// 2431// 2368//
f 2368// 2431// 2807//
f 2368// 2807// 2366//
f 2431// 2808// 2807//
f 2807// 2808// 2809//
f 2807// 2809// 2804//
f 2804// 2809// 2810//
f 2804// 2810// 2802//
f 2372// 820// 2811//
f 2811// 820// 807//
f 2811// 807// 2812//
f 2812// 807// 813//
f 2812// 813// 2813//
f 2813// 813// 811//
f 2813// 811// 2814//
f 2814// 811// 810//
f 2814// 810// 2815//
f 2815// 810// 775//
f 2815// 775// 2360//
f 2360// 775// 774//
f 2374// 2372// 2816//
f 2816// 2372// 2811//
f 2816// 2811// 2817//
f 2817// 2811// 2812//
f 2817// 2812// 2818//
f 2818// 2812// 2813//
f 2818// 2813// 2819//
f 2819// 2813// 2814//
f 2819// 2814// 2790//
f 2790// 2814// 2815//
f 2790// 2815// 2362//
f 2362// 2815// 2360//
f 2376// 2374// 2791//
f 2791// 2374// 2816//
f 2791// 2816// 2795//
f 2795// 2816// 2817//
f 2795// 2817// 2799//
f 2799// 2817// 2818//
f 2799// 2818// 2804//
f 2804// 2818// 2819//
f 2804// 2819// 2807//
f 2807// 2819// 2790//
f 2807// 2790// 2366//
f 2366// 2790// 2364//
f 2431// 2395// 2808//
f 2808// 2395// 2809//
f 2809// 2395// 2810//
f 2810// 2395// 2396//
f 2810// 2396// 2391//
f 2806// 2805// 2391//
f 2805// 2803// 2391//
f 2391// 2803// 2802//
f 2391// 2802// 2810//
f 2391// 2390// 2806//
f 2806// 2390// 2419//
f 2806// 2419// 2797//
f 2797// 2419// 2420//
f 2797// 2420// 2798//
f 2798// 2420// 2800//
f 2800// 2420// 2418//
f 2800// 2418// 2801//
f 2801// 2418// 2417//
f 2801// 2417// 2796//
f 2796// 2417// 2392//
f 2796// 2392// 2794//
f 2794// 2392// 2401//
f 2794// 2401// 2793//
f 2793// 2401// 2792//
f 2792// 2401// 2386//
f 2792// 2386// 2428//
f 2363// 2361// 2820//
f 2369// 2367// 2821//
f 2822// 2823// 2821//
f 2821// 2823// 2430//
f 2821// 2430// 2369//
f 2369// 2430// 2370//
f 2822// 2821// 2824//
f 2824// 2821// 2825//
f 2824// 2825// 2826//
f 2827// 2828// 2829//
f 2829// 2828// 2830//
f 2829// 2830// 2825//
f 2825// 2830// 2831//
f 2825// 2831// 2826//
f 2832// 2833// 2834//
f 2834// 2833// 2835//
f 2834// 2835// 2829//
f 2829// 2835// 2836//
f 2829// 2836// 2827//
f 2355// 2357// 2837//
f 2837// 2357// 2427//
f 2427// 2838// 2837//
f 2837// 2838// 2839//
f 2837// 2839// 2834//
f 2834// 2839// 2840//
f 2834// 2840// 2832//
f 2361// 773// 2820//
f 2820// 773// 767//
f 2820// 767// 2841//
f 2841// 767// 766//
f 2841// 766// 2842//
f 2842// 766// 780//
f 2842// 780// 2843//
f 2843// 780// 779//
f 2843// 779// 2844//
f 2844// 779// 771//
f 2844// 771// 2352//
f 2352// 771// 770//
f 2365// 2363// 2845//
f 2845// 2363// 2820//
f 2845// 2820// 2846//
f 2846// 2820// 2841//
f 2846// 2841// 2847//
f 2847// 2841// 2842//
f 2847// 2842// 2848//
f 2848// 2842// 2843//
f 2848// 2843// 2849//
f 2849// 2843// 2844//
f 2849// 2844// 2354//
f 2354// 2844// 2352//
f 2367// 2365// 2821//
f 2821// 2365// 2845//
f 2821// 2845// 2825//
f 2825// 2845// 2846//
f 2825// 2846// 2829//
f 2829// 2846// 2847//
f 2829// 2847// 2834//
f 2834// 2847// 2848//
f 2834// 2848// 2837//
f 2837// 2848// 2849//
f 2837// 2849// 2355//
f 2355// 2849// 2354//
f 2430// 2823// 2394//
f 2394// 2823// 2402//
f 2823// 2822// 2402//
f 2402// 2822// 2824//
f 2402// 2824// 2405//
f 2405// 2824// 2826//
f 2405// 2826// 2406//
f 2406// 2826// 2831//
f 2406// 2831// 2422//
f 2422// 2831// 2830//
f 2422// 2830// 2423//
f 2830// 2828// 2423//
f 2423// 2828// 2827//
f 2423// 2827// 2421//
f 2421// 2827// 2836//
f 2421// 2836// 2407//
f 2833// 2832// 2403//
f 2403// 2832// 2840//
f 2403// 2840// 2404//
f 2407// 2836// 2403//
f 2403// 2836// 2835//
f 2403// 2835// 2833//
f 2838// 2427// 2385//
f 2404// 2840// 2385//
f 2385// 2840// 2839//
f 2385// 2839// 2838//
f 2343// 2341// 2850//
f 2347// 2345// 2851//
f 2351// 2349// 2424//
f 2424// 2349// 2852//
f 2424// 2852// 2853//
f 2853// 2852// 2854//
f 2854// 2852// 2855//
f 2855// 2852// 2856//
f 2855// 2856// 2857//
f 2858// 2859// 2860//
f 2860// 2859// 2861//
f 2860// 2861// 2856//
f 2856// 2861// 2862//
f 2856// 2862// 2857//
f 2863// 2864// 2865//
f 2865// 2864// 2866//
f 2865// 2866// 2860//
f 2860// 2866// 2867//
f 2860// 2867// 2858//
f 2377// 2379// 2868//
f 2868// 2379// 2429//
f 2429// 2869// 2868//
f 2868// 2869// 2870//
f 2868// 2870// 2865//
f 2865// 2870// 2871//
f 2865// 2871// 2863//
f 2375// 2377// 2872//
f 2872// 2377// 2868//
f 2872// 2868// 2873//
f 2873// 2868// 2865//
f 2873// 2865// 2874//
f 2874// 2865// 2860//
f 2874// 2860// 2875//
f 2875// 2860// 2856//
f 2875// 2856// 2851//
f 2851// 2856// 2852//
f 2851// 2852// 2347//
f 2347// 2852// 2349//
f 2373// 2375// 2876//
f 2876// 2375// 2872//
f 2876// 2872// 2877//
f 2877// 2872// 2873//
f 2877// 2873// 2878//
f 2878// 2873// 2874//
f 2878// 2874// 2879//
f 2879// 2874// 2875//
f 2879// 2875// 2850//
f 2850// 2875// 2851//
f 2850// 2851// 2343//
f 2343// 2851// 2345//
f 825// 2373// 822//
f 822// 2373// 2876//
f 822// 2876// 788//
f 788// 2876// 2877//
f 788// 2877// 789//
f 789// 2877// 2878//
f 789// 2878// 790//
f 790// 2878// 2879//
f 790// 2879// 761//
f 761// 2879// 2850//
f 761// 2850// 763//
f 763// 2850// 2341//
f 2429// 2384// 2869//
f 2869// 2384// 2870//
f 2870// 2384// 2871//
f 2871// 2384// 2399//
f 2871// 2399// 2400//
f 2867// 2866// 2400//
f 2866// 2864// 2400//
f 2400// 2864// 2863//
f 2400// 2863// 2871//
f 2400// 2412// 2867//
f 2867// 2412// 2414//
f 2867// 2414// 2858//
f 2858// 2414// 2416//
f 2858// 2416// 2859//
f 2859// 2416// 2861//
f 2861// 2416// 2415//
f 2861// 2415// 2862//
f 2862// 2415// 2413//
f 2862// 2413// 2857//
f 2857// 2413// 2398//
f 2857// 2398// 2855//
f 2855// 2398// 2397//
f 2855// 2397// 2854//
f 2854// 2397// 2853//
f 2853// 2397// 2387//
f 2853// 2387// 2424//
f 2342// 2344// 2880//
f 2359// 2358// 2426//
f 2426// 2358// 2881//
f 2426// 2881// 2882//
f 2882// 2881// 2883//
f 2883// 2881// 2884//
f 2884// 2881// 2885//
f 2884// 2885// 2886//
f 2887// 2888// 2889//
f 2889// 2888// 2890//
f 2889// 2890// 2885//
f 2885// 2890// 2891//
f 2885// 2891// 2886//
f 2892// 2893// 2894//
f 2894// 2893// 2895//
f 2894// 2895// 2889//
f 2889// 2895// 2896//
f 2889// 2896// 2887//
f 2346// 2348// 2897//
f 2897// 2348// 2350//
f 2897// 2350// 2425//
f 2425// 2898// 2897//
f 2897// 2898// 2899//
f 2897// 2899// 2894//
f 2894// 2899// 2900//
f 2894// 2900// 2892//
f 2358// 2356// 2881//
f 2881// 2356// 2901//
f 2881// 2901// 2885//
f 2885// 2901// 2902//
f 2885// 2902// 2889//
f 2889// 2902// 2903//
f 2889// 2903// 2894//
f 2894// 2903// 2904//
f 2894// 2904// 2897//
f 2897// 2904// 2880//
f 2897// 2880// 2346//
f 2346// 2880// 2344//
f 2340// 2342// 2905//
f 2905// 2342// 2880//
f 2905// 2880// 2906//
f 2906// 2880// 2904//
f 2906// 2904// 2907//
f 2907// 2904// 2903//
f 2907// 2903// 2908//
f 2908// 2903// 2902//
f 2908// 2902// 2909//
f 2909// 2902// 2901//
f 2909// 2901// 2353//
f 2353// 2901// 2356//
f 764// 2340// 776//
f 776// 2340// 2905//
f 776// 2905// 777//
f 777// 2905// 2906//
f 777// 2906// 778//
f 778// 2906// 2907//
f 778// 2907// 799//
f 799// 2907// 2908//
f 799// 2908// 800//
f 800// 2908// 2909//
f 800// 2909// 801//
f 801// 2909// 2353//
f 2426// 2882// 2383//
f 2383// 2882// 2393//
f 2882// 2883// 2393//
f 2393// 2883// 2884//
f 2393// 2884// 2382//
f 2382// 2884// 2886//
f 2382// 2886// 2408//
f 2408// 2886// 2891//
f 2408// 2891// 2409//
f 2409// 2891// 2890//
f 2409// 2890// 2411//
f 2890// 2888// 2411//
f 2411// 2888// 2887//
f 2411// 2887// 2410//
f 2410// 2887// 2896//
f 2410// 2896// 2380//
f 2893// 2892// 2381//
f 2381// 2892// 2900//
f 2381// 2900// 2389//
f 2380// 2896// 2381//
f 2381// 2896// 2895//
f 2381// 2895// 2893//
f 2898// 2425// 2388//
f 2389// 2900// 2388//
f 2388// 2900// 2899//
f 2388// 2899// 2898//
f 2171// 2910// 2911//
f 853// 2191// 854//
f 854// 2191// 2912//
f 854// 2912// 856//
f 896// 895// 2913//
f 2913// 895// 857//
f 908// 897// 2914//
f 2914// 897// 896//
f 925// 910// 2915//
f 2915// 910// 909//
f 927// 926// 2916//
f 2916// 926// 925//
f 2193// 952// 927//
f 2191// 2189// 2912//
f 2912// 2189// 2187//
f 2912// 2187// 2917//
f 2917// 2187// 2185//
f 2917// 2185// 2183//
f 2181// 2918// 2183//
f 2183// 2918// 2919//
f 2183// 2919// 2917//
f 2181// 2179// 2918//
f 2918// 2179// 2177//
f 2918// 2177// 2920//
f 2920// 2177// 2175//
f 2920// 2175// 2911//
f 2911// 2175// 2173//
f 2911// 2173// 2171//
f 2910// 2171// 2921//
f 2921// 2171// 2168//
f 2921// 2168// 2167//
f 2167// 2165// 2921//
f 2921// 2165// 2163//
f 2921// 2163// 2922//
f 2922// 2163// 2161//
f 2922// 2161// 2923//
f 2923// 2161// 2159//
f 2923// 2159// 2924//
f 2151// 2925// 2153//
f 2153// 2925// 2926//
f 2153// 2926// 2155//
f 2155// 2926// 2924//
f 2155// 2924// 2157//
f 2157// 2924// 2159//
f 896// 2913// 2914//
f 2914// 2913// 2927//
f 2914// 2927// 2928//
f 2928// 2927// 2929//
f 2928// 2929// 2930//
f 2930// 2929// 2931//
f 2930// 2931// 2932//
f 2932// 2931// 2933//
f 2932// 2933// 2934//
f 2934// 2933// 2935//
f 2934// 2935// 2936//
f 2936// 2935// 2937//
f 2936// 2937// 2938//
f 2938// 2937// 2939//
f 2938// 2939// 2940//
f 2940// 2939// 2941//
f 2940// 2941// 2942//
f 2942// 2941// 2943//
f 2942// 2943// 2944//
f 2944// 2943// 2945//
f 2944// 2945// 2946//
f 2946// 2945// 2947//
f 2946// 2947// 2948//
f 2948// 2947// 2949//
f 2948// 2949// 2950//
f 925// 2915// 2916//
f 2916// 2915// 2951//
f 2916// 2951// 2952//
f 2952// 2951// 2953//
f 2952// 2953// 2954//
f 2954// 2953// 2955//
f 2954// 2955// 2956//
f 2956// 2955// 2957//
f 2956// 2957// 2958//
f 2958// 2957// 2959//
f 2958// 2959// 2960//
f 2960// 2959// 2961//
f 2960// 2961// 2962//
f 2962// 2961// 2963//
f 2962// 2963// 2964//
f 2964// 2963// 2965//
f 2964// 2965// 2966//
f 2966// 2965// 2967//
f 2966// 2967// 2968//
f 2968// 2967// 2969//
f 2968// 2969// 2970//
f 2970// 2969// 2971//
f 2970// 2971// 2972//
f 2972// 2971// 2973//
f 2972// 2973// 2974//
f 2151// 2149// 2975//
f 2151// 2975// 2925//
f 2925// 2975// 2976//
f 2925// 2976// 2977//
f 2977// 2949// 2925//
f 2925// 2949// 2947//
f 2925// 2947// 2926//
f 2926// 2947// 2945//
f 2926// 2945// 2924//
f 2924// 2945// 2943//
f 2924// 2943// 2923//
f 2923// 2943// 2941//
f 2923// 2941// 2922//
f 2922// 2941// 2939//
f 2922// 2939// 2921//
f 2921// 2939// 2937//
f 2921// 2937// 2910//
f 2910// 2937// 2935//
f 2910// 2935// 2911//
f 2911// 2935// 2933//
f 2911// 2933// 2920//
f 2920// 2933// 2931//
f 2920// 2931// 2918//
f 2918// 2931// 2929//
f 2918// 2929// 2919//
f 2919// 2929// 2927//
f 2919// 2927// 2917//
f 2917// 2927// 2913//
f 2917// 2913// 2912//
f 2912// 2913// 857//
f 2912// 857// 856//
f 2977// 2978// 2949//
f 2949// 2978// 2979//
f 2949// 2979// 2950//
f 2950// 2979// 2980//
f 2950// 2980// 2981//
f 2981// 2973// 2950//
f 2950// 2973// 2971//
f 2950// 2971// 2948//
f 2948// 2971// 2969//
f 2948// 2969// 2946//
f 2946// 2969// 2967//
f 2946// 2967// 2944//
f 2944// 2967// 2965//
f 2944// 2965// 2942//
f 2942// 2965// 2963//
f 2942// 2963// 2940//
f 2940// 2963// 2961//
f 2940// 2961// 2938//
f 2938// 2961// 2959//
f 2938// 2959// 2936//
f 2936// 2959// 2957//
f 2936// 2957// 2934//
f 2934// 2957// 2955//
f 2934// 2955// 2932//
f 2932// 2955// 2953//
f 2932// 2953// 2930//
f 2930// 2953// 2951//
f 2930// 2951// 2928//
f 2928// 2951// 2915//
f 2928// 2915// 2914//
f 2914// 2915// 909//
f 2914// 909// 908//
f 2981// 2982// 2973//
f 2973// 2982// 2983//
f 2973// 2983// 2974//
f 2974// 2983// 2984//
f 2974// 2984// 2985//
f 927// 2916// 2193//
f 2193// 2916// 2952//
f 2193// 2952// 2194//
f 2194// 2952// 2954//
f 2194// 2954// 2196//
f 2196// 2954// 2956//
f 2196// 2956// 2209//
f 2209// 2956// 2958//
f 2209// 2958// 2210//
f 2210// 2958// 2960//
f 2210// 2960// 2212//
f 2212// 2960// 2962//
f 2212// 2962// 2214//
f 2214// 2962// 2964//
f 2214// 2964// 2215//
f 2215// 2964// 2966//
f 2215// 2966// 2205//
f 2205// 2966// 2968//
f 2205// 2968// 2207//
f 2207// 2968// 2970//
f 2207// 2970// 2208//
f 2208// 2970// 2972//
f 2208// 2972// 2202//
f 2202// 2972// 2974//
f 2202// 2974// 2200//
f 2200// 2974// 2985//
f 2200// 2985// 2198//
f 2198// 2985// 2223//
f 2223// 2985// 2986//
f 2986// 2985// 2987//
f 2987// 2985// 2984//
f 2987// 2984// 2988//
f 2988// 2984// 2983//
f 2988// 2983// 2989//
f 2989// 2983// 2982//
f 2989// 2982// 2990//
f 2990// 2982// 2981//
f 2990// 2981// 2991//
f 2991// 2981// 2980//
f 2991// 2980// 2992//
f 2992// 2980// 2979//
f 2992// 2979// 2993//
f 2993// 2979// 2978//
f 2993// 2978// 2994//
f 2994// 2978// 2977//
f 2994// 2977// 2995//
f 2995// 2977// 2976//
f 2995// 2976// 2996//
f 2976// 2975// 2996//
f 2996// 2975// 2149//
f 2996// 2149// 2220//
f 2278// 2223// 2986//
f 2278// 2986// 2997//
f 2986// 2987// 2997//
f 2997// 2987// 2988//
f 2997// 2988// 2998//
f 2988// 2989// 2998//
f 2998// 2989// 2990//
f 2998// 2990// 2999//
f 2990// 2991// 2999//
f 2999// 2991// 2992//
f 2999// 2992// 3000//
f 2275// 2274// 3001//
f 3001// 2274// 3002//
f 3001// 3002// 3003//
f 3003// 3002// 3004//
f 3003// 3004// 3005//
f 3005// 3004// 3006//
f 3005// 3006// 3007//
f 3007// 3006// 3008//
f 3007// 3008// 3009//
f 3009// 3008// 3010//
f 3009// 3010// 2263//
f 2274// 2283// 3002//
f 3002// 2283// 3011//
f 3002// 3011// 3004//
f 3004// 3011// 3012//
f 3004// 3012// 3006//
f 3006// 3012// 3013//
f 3006// 3013// 3008//
f 3008// 3013// 3014//
f 3008// 3014// 3010//
f 3010// 3014// 3015//
f 2283// 2285// 3011//
f 3011// 2285// 3016//
f 3011// 3016// 3012//
f 3012// 3016// 3017//
f 3012// 3017// 3013//
f 3013// 3017// 3018//
f 3013// 3018// 3014//
f 3014// 3018// 3019//
f 3014// 3019// 3015//
f 3015// 3019// 3020//
f 2285// 2280// 3016//
f 3016// 2280// 3021//
f 3016// 3021// 3017//
f 3017// 3021// 3022//
f 3017// 3022// 3018//
f 3018// 3022// 3023//
f 3018// 3023// 3019//
f 3019// 3023// 3024//
f 3019// 3024// 3020//
f 3020// 3024// 3025//
f 2280// 2278// 3021//
f 3021// 2278// 2997//
f 3021// 2997// 3022//
f 3022// 2997// 2998//
f 3022// 2998// 3023//
f 3023// 2998// 2999//
f 3023// 2999// 3024//
f 3024// 2999// 3000//
f 3024// 3000// 3025//
f 3025// 3000// 3026//
f 2992// 2993// 3000//
f 3000// 2993// 2994//
f 3000// 2994// 3026//
f 3026// 2994// 2995//
f 3026// 2995// 2996//
f 2263// 3010// 2265//
f 2265// 3010// 3015//
f 2265// 3015// 2267//
f 2267// 3015// 3020//
f 2267// 3020// 2269//
f 2269// 3020// 3025//
f 2269// 3025// 2271//
f 2271// 3025// 3026//
f 2271// 3026// 2273//
f 2273// 3026// 2996//
f 2273// 2996// 2220//
f 2295// 2275// 2436//
f 2436// 2275// 3001//
f 2436// 3001// 3027//
f 3027// 3001// 3028//
f 3028// 3001// 3003//
f 3028// 3003// 3029//
f 3029// 3003// 3030//
f 3030// 3003// 3005//
f 3030// 3005// 3031//
f 3031// 3005// 3032//
f 3032// 3005// 3007//
f 3032// 3007// 3033//
f 3033// 3007// 3034//
f 3034// 3007// 3009//
f 3034// 3009// 3035//
f 2263// 2293// 3009//
f 3009// 2293// 2433//
f 3009// 2433// 3035//
f 2328// 2330// 3030//
f 3030// 2330// 3029//
f 3029// 2330// 2301//
f 3029// 2301// 3028//
f 3028// 2301// 2300//
f 3028// 2300// 3027//
f 3027// 2300// 2306//
f 3027// 2306// 2436//
f 2328// 3030// 2326//
f 2326// 3030// 3031//
f 2326// 3031// 2327//
f 2327// 3031// 3032//
f 2327// 3032// 2329//
f 3034// 2332// 2331//
f 2329// 3032// 2331//
f 2331// 3032// 3033//
f 2331// 3033// 3034//
f 2332// 3034// 2297//
f 2297// 3034// 3035//
f 2297// 3035// 2433//
usemtl 3
f 3036// 3037// 513//
f 513// 3037// 514//
f 3038// 3036// 512//
f 512// 3036// 513//
f 3038// 512// 3039//
f 3039// 512// 511//
f 3039// 511// 708//
f 3040// 3039// 710//
f 710// 3039// 708//
f 515// 3041// 711//
f 711// 3041// 3040//
f 711// 3040// 710//
f 3037// 3041// 514//
f 514// 3041// 515//
f 3039// 3040// 3038//
f 3038// 3040// 3041//
f 3038// 3041// 3036//
f 3036// 3041// 3037//
f 508// 3042// 3043//
f 3044// 506// 186//
f 3044// 186// 3045//
f 186// 185// 3045//
f 3045// 185// 510//
f 3045// 510// 3043//
f 3043// 510// 509//
f 3043// 509// 508//
f 3046// 3042// 464//
f 464// 3042// 508//
f 3046// 464// 462//
f 3046// 462// 3047//
f 462// 460// 3047//
f 3047// 460// 459//
f 3047// 459// 3048//
f 3048// 459// 480//
f 3048// 480// 3049//
f 3049// 480// 479//
f 3049// 479// 3050//
f 3050// 479// 468//
f 3050// 468// 3051//
f 3051// 468// 467//
f 3051// 467// 3052//
f 3052// 467// 466//
f 3052// 466// 3053//
f 3053// 466// 465//
f 3053// 465// 3054//
f 3054// 465// 481//
f 3054// 481// 3055//
f 3055// 481// 475//
f 3055// 475// 3056//
f 3056// 475// 477//
f 3056// 477// 3057//
f 3057// 477// 478//
f 3057// 478// 3058//
f 3058// 478// 470//
f 3058// 470// 3059//
f 3059// 470// 469//
f 3059// 469// 3060//
f 3060// 469// 471//
f 3060// 471// 3061//
f 3061// 471// 472//
f 3061// 472// 3062//
f 3062// 472// 476//
f 3062// 476// 3063//
f 3063// 476// 474//
f 3063// 474// 3064//
f 458// 3065// 3066//
f 3064// 474// 473//
f 3064// 473// 3067//
f 3067// 473// 461//
f 3067// 461// 3066//
f 3066// 461// 463//
f 3066// 463// 458//
f 3068// 3065// 457//
f 457// 3065// 458//
f 193// 3069// 191//
f 191// 3069// 3068//
f 191// 3068// 457//
f 193// 485// 3069//
f 3069// 485// 483//
f 3069// 483// 3070//
f 3070// 483// 482//
f 3070// 482// 3071//
f 3072// 3071// 189//
f 189// 3071// 482//
f 189// 188// 3072//
f 3072// 188// 489//
f 3072// 489// 3073//
f 3073// 489// 488//
f 3073// 488// 3074//
f 3074// 488// 487//
f 3074// 487// 3075//
f 3075// 487// 486//
f 3075// 486// 3076//
f 3076// 486// 492//
f 3076// 492// 3077//
f 492// 491// 3077//
f 3077// 491// 497//
f 3077// 497// 3078//
f 3078// 497// 496//
f 3078// 496// 3079//
f 3079// 496// 494//
f 3079// 494// 3080//
f 3080// 494// 493//
f 3080// 493// 3081//
f 493// 504// 3081//
f 3081// 504// 503//
f 3081// 503// 3082//
f 3082// 503// 502//
f 3082// 502// 3083//
f 506// 3044// 507//
f 507// 3044// 3084//
f 507// 3084// 501//
f 501// 3084// 3085//
f 501// 3085// 498//
f 498// 3085// 3086//
f 498// 3086// 499//
f 499// 3086// 3083//
f 499// 3083// 502//
f 3066// 3065// 3068//
f 3061// 3074// 3060//
f 3060// 3074// 3075//
f 3060// 3075// 3059//
f 3059// 3075// 3076//
f 3059// 3076// 3058//
f 3066// 3068// 3067//
f 3067// 3068// 3069//
f 3067// 3069// 3064//
f 3064// 3069// 3070//
f 3064// 3070// 3063//
f 3063// 3070// 3071//
f 3063// 3071// 3062//
f 3062// 3071// 3072//
f 3062// 3072// 3061//
f 3061// 3072// 3073//
f 3061// 3073// 3074//
f 3042// 3046// 3043//
f 3043// 3046// 3047//
f 3043// 3047// 3045//
f 3045// 3047// 3048//
f 3045// 3048// 3044//
f 3044// 3048// 3049//
f 3044// 3049// 3084//
f 3084// 3049// 3050//
f 3084// 3050// 3085//
f 3085// 3050// 3051//
f 3085// 3051// 3086//
f 3086// 3051// 3052//
f 3086// 3052// 3083//
f 3083// 3052// 3053//
f 3083// 3053// 3082//
f 3082// 3053// 3054//
f 3082// 3054// 3081//
f 3079// 3057// 3078//
f 3078// 3057// 3058//
f 3078// 3058// 3077//
f 3077// 3058// 3076//
f 3081// 3054// 3080//
f 3080// 3054// 3055//
f 3080// 3055// 3079//
f 3079// 3055// 3056//
f 3079// 3056// 3057//
f 3087// 3088// 443//
f 443// 3088// 455//
f 439// 3089// 441//
f 441// 3089// 3087//
f 441// 3087// 443//
f 3090// 3089// 438//
f 438// 3089// 439//
f 442// 3091// 440//
f 440// 3091// 3090//
f 440// 3090// 438//
f 3092// 3091// 444//
f 444// 3091// 442//
f 448// 3093// 446//
f 446// 3093// 3092//
f 446// 3092// 444//
f 3094// 3093// 447//
f 447// 3093// 448//
f 436// 3095// 445//
f 445// 3095// 3094//
f 445// 3094// 447//
f 3096// 3095// 434//
f 434// 3095// 436//
f 453// 3097// 454//
f 454// 3097// 3096//
f 454// 3096// 434//
f 3098// 3097// 449//
f 449// 3097// 453//
f 455// 3088// 456//
f 456// 3088// 3098//
f 456// 3098// 449//
f 3098// 3088// 3087//
f 3087// 3089// 3098//
f 3098// 3089// 3090//
f 3098// 3090// 3097//
f 3095// 3096// 3094//
f 3094// 3096// 3097//
f 3094// 3097// 3093//
f 3093// 3097// 3090//
f 3093// 3090// 3092//
f 3092// 3090// 3091//
f 3099// 3100// 3101//
f 3101// 3100// 3102//
f 3101// 3102// 3103//
f 3103// 3102// 3104//
f 3103// 3104// 3105//
f 3105// 3104// 3106//
f 3105// 3106// 3107//
f 3107// 3106// 3108//
f 3107// 3108// 3109//
f 3109// 3108// 3110//
f 3109// 3110// 3111//
f 3111// 3110// 3112//
f 3111// 3112// 3113//
f 3113// 3112// 3114//
f 3113// 3114// 3115//
f 3115// 3114// 3116//
f 3115// 3116// 3117//
f 3117// 3116// 3118//
f 3117// 3118// 3119//
f 3119// 3118// 3120//
f 3119// 3120// 3121//
f 3121// 3120// 3122//
f 3121// 3122// 3123//
f 3123// 3122// 3124//
f 3123// 3124// 3125//
f 3125// 3124// 3126//
f 3125// 3126// 3127//
f 3127// 3126// 3128//
f 3127// 3128// 3129//
f 3129// 3128// 3130//
f 3129// 3130// 3131//
f 3131// 3130// 3132//
f 3131// 3132// 3133//
f 3133// 3132// 3099//
f 3133// 3099// 3101//
f 3107// 3109// 725//
f 725// 3109// 726//
f 3107// 725// 724//
f 3107// 724// 3105//
f 3105// 724// 720//
f 3105// 720// 3103//
f 3103// 720// 719//
f 3103// 719// 3101//
f 3101// 719// 718//
f 3101// 718// 3133//
f 3133// 718// 713//
f 3133// 713// 3131//
f 3131// 713// 712//
f 3131// 712// 3129//
f 3129// 712// 717//
f 3129// 717// 3127//
f 3127// 717// 715//
f 3127// 715// 3125//
f 3125// 715// 714//
f 3125// 714// 3123//
f 3123// 714// 729//
f 3123// 729// 3121//
f 3121// 729// 728//
f 3121// 728// 3119//
f 3119// 728// 723//
f 3119// 723// 3117//
f 3117// 723// 722//
f 3117// 722// 3115//
f 3115// 722// 721//
f 3115// 721// 3113//
f 3111// 3113// 727//
f 727// 3113// 721//
f 3109// 3111// 726//
f 726// 3111// 727//
f 3114// 3112// 3134//
f 3134// 3112// 3135//
f 3112// 3110// 3135//
f 3135// 3110// 3136//
f 3110// 3108// 3136//
f 3136// 3108// 3137//
f 3100// 3138// 3139//
f 3100// 3139// 3102//
f 3102// 3139// 3140//
f 3102// 3140// 3104//
f 3104// 3140// 3141//
f 3104// 3141// 3106//
f 3106// 3141// 3137//
f 3106// 3137// 3108//
f 3128// 3142// 3143//
f 3128// 3143// 3130//
f 3130// 3143// 3144//
f 3130// 3144// 3132//
f 3132// 3144// 3145//
f 3132// 3145// 3099//
f 3099// 3145// 3138//
f 3099// 3138// 3100//
f 3120// 3146// 3147//
f 3120// 3147// 3122//
f 3122// 3147// 3148//
f 3122// 3148// 3124//
f 3124// 3148// 3149//
f 3124// 3149// 3126//
f 3126// 3149// 3142//
f 3126// 3142// 3128//
f 3114// 3134// 3150//
f 3114// 3150// 3116//
f 3116// 3150// 3151//
f 3116// 3151// 3118//
f 3118// 3151// 3146//
f 3118// 3146// 3120//
usemtl 2
f 3135// 3136// 3134//
f 3134// 3136// 3137//
f 3134// 3137// 3141//
f 3141// 3140// 3134//
f 3134// 3140// 3139//
f 3134// 3139// 3138//
f 3138// 3145// 3134//
f 3134// 3145// 3144//
f 3134// 3144// 3143//
f 3143// 3142// 3134//
f 3134// 3142// 3149//
f 3134// 3149// 3148//
f 3148// 3147// 3134//
f 3134// 3147// 3146//
f 3134// 3146// 3150//
f 3150// 3146// 3151//
usemtl 3
f 3152// 3153// 3154//
f 3154// 3153// 3155//
f 3156// 3157// 3152//
f 3152// 3157// 3158//
f 3152// 3158// 3153//
f 3153// 3158// 3159//
f 3156// 3160// 3157//
f 3157// 3160// 3161//
f 3157// 3161// 3162//
f 3162// 3161// 3163//
f 3162// 3163// 3164//
f 3164// 3165// 3162//
f 3162// 3165// 3154//
f 3162// 3154// 3166//
f 3166// 3154// 3155//
f 3166// 3155// 3167//
f 413// 3162// 430//
f 430// 3162// 3166//
f 430// 3166// 428//
f 3157// 3162// 412//
f 412// 3162// 413//
f 415// 414// 3158//
f 415// 3158// 417//
f 417// 3158// 3157//
f 417// 3157// 412//
f 3159// 3158// 419//
f 419// 3158// 414//
f 424// 3153// 421//
f 421// 3153// 3159//
f 421// 3159// 419//
f 425// 3155// 423//
f 423// 3155// 3153//
f 423// 3153// 424//
f 3155// 425// 3167//
f 3167// 425// 426//
f 3167// 426// 427//
f 3166// 3167// 428//
f 428// 3167// 427//
f 3152// 3154// 3168//
f 3168// 3154// 3169//
f 3154// 3165// 3169//
f 3169// 3165// 3170//
f 3163// 3171// 3172//
f 3163// 3172// 3164//
f 3164// 3172// 3170//
f 3164// 3170// 3165//
f 3163// 3161// 3171//
f 3171// 3161// 3173//
f 3156// 3174// 3175//
f 3156// 3175// 3160//
f 3160// 3175// 3173//
f 3160// 3173// 3161//
f 3156// 3152// 3174//
f 3174// 3152// 3168//
usemtl 2
f 3171// 3173// 3172//
f 3172// 3173// 3175//
f 3172// 3175// 3170//
f 3170// 3175// 3174//
f 3170// 3174// 3169//
f 3169// 3174// 3168//
usemtl 3
f 3176// 3177// 392//
f 392// 3177// 393//
f 3178// 3176// 401//
f 401// 3176// 392//
f 3179// 3178// 400//
f 400// 3178// 401//
f 3180// 3179// 402//
f 402// 3179// 400//
f 3181// 3180// 398//
f 398// 3180// 402//
f 3182// 3181// 396//
f 396// 3181// 398//
f 3183// 3182// 395//
f 395// 3182// 396//
f 3184// 3183// 397//
f 397// 3183// 395//
f 3184// 397// 404//
f 3184// 404// 3185//
f 3185// 404// 406//
f 3185// 406// 407//
f 3186// 3185// 408//
f 408// 3185// 407//
f 399// 3187// 410//
f 410// 3187// 3186//
f 410// 3186// 409//
f 409// 3186// 408//
f 3177// 3187// 393//
f 393// 3187// 399//
f 3187// 3177// 3176//
f 3176// 3178// 3187//
f 3187// 3178// 3179//
f 3187// 3179// 3186//
f 3184// 3185// 3183//
f 3183// 3185// 3186//
f 3183// 3186// 3182//
f 3182// 3186// 3179//
f 3182// 3179// 3181//
f 3181// 3179// 3180//
f 3188// 3189// 3190//
f 3191// 3192// 3193//
f 3194// 3195// 3196//
f 3190// 3189// 3197//
f 3197// 3189// 3198//
f 3197// 3198// 3199//
f 3199// 3198// 3200//
f 3199// 3200// 3201//
f 3202// 3203// 3195//
f 3195// 3203// 3191//
f 3195// 3191// 3196//
f 3196// 3191// 3193//
f 3190// 3204// 3188//
f 3188// 3204// 3205//
f 3188// 3205// 3206//
f 3206// 3205// 3207//
f 3206// 3207// 3208//
f 3200// 3209// 3201//
f 3201// 3209// 3210//
f 3201// 3210// 3211//
f 3211// 3210// 3212//
f 3211// 3212// 3213//
f 3213// 3212// 3214//
f 3213// 3214// 3215//
f 3215// 3214// 3216//
f 3215// 3216// 3217//
f 3207// 3192// 3208//
f 3208// 3192// 3191//
f 3208// 3191// 3218//
f 3218// 3191// 3219//
f 3218// 3219// 3220//
f 3220// 3219// 3221//
f 3220// 3221// 3222//
f 3222// 3221// 3223//
f 3222// 3223// 3224//
f 3224// 3223// 3225//
f 3224// 3225// 3226//
f 3226// 3225// 3227//
f 3226// 3227// 3228//
f 3228// 3227// 3229//
f 3228// 3229// 3230//
f 3230// 3229// 3231//
f 3230// 3231// 3232//
f 3232// 3231// 3233//
f 3232// 3233// 3234//
f 3234// 3233// 3235//
f 3234// 3235// 3236//
f 3236// 3235// 3237//
f 3196// 3238// 3194//
f 3194// 3238// 3239//
f 3194// 3239// 3240//
f 3240// 3239// 3241//
f 3240// 3241// 3242//
f 3242// 3241// 3243//
f 3242// 3243// 3244//
f 3244// 3243// 3245//
f 3244// 3245// 3246//
f 3246// 3245// 3247//
f 3246// 3247// 3248//
f 3248// 3247// 3249//
f 3216// 3250// 3217//
f 3217// 3250// 3251//
f 3217// 3251// 3252//
f 3252// 3251// 3253//
f 3252// 3253// 3254//
f 3254// 3253// 3255//
f 3254// 3255// 3249//
f 3249// 3255// 3256//
f 3249// 3256// 3248//
f 3231// 700// 699//
f 3231// 699// 3233//
f 3233// 699// 698//
f 3233// 698// 3235//
f 3235// 698// 674//
f 3235// 674// 3237//
f 3236// 3237// 657//
f 657// 3237// 674//
f 3236// 657// 669//
f 3236// 669// 3234//
f 3234// 669// 673//
f 3234// 673// 3232//
f 3232// 673// 672//
f 3232// 672// 3230//
f 3230// 672// 671//
f 3230// 671// 3228//
f 3228// 671// 702//
f 3228// 702// 3226//
f 3226// 702// 701//
f 3226// 701// 3224//
f 3224// 701// 697//
f 3224// 697// 3222//
f 3222// 697// 696//
f 3222// 696// 3220//
f 3220// 696// 695//
f 3220// 695// 3218//
f 3218// 695// 694//
f 3218// 694// 3208//
f 3206// 3208// 670//
f 670// 3208// 694//
f 3206// 670// 668//
f 3206// 668// 3188//
f 3188// 668// 667//
f 3188// 667// 3189//
f 3189// 667// 656//
f 3189// 656// 3198//
f 3198// 656// 655//
f 3198// 655// 3200//
f 3200// 655// 676//
f 3200// 676// 3209//
f 3209// 676// 685//
f 3209// 685// 3210//
f 3210// 685// 684//
f 3210// 684// 3212//
f 3212// 684// 683//
f 3212// 683// 3214//
f 3214// 683// 682//
f 3214// 682// 3216//
f 3216// 682// 693//
f 3216// 693// 3250//
f 3250// 693// 692//
f 3250// 692// 3251//
f 3251// 692// 680//
f 3251// 680// 3253//
f 3253// 680// 679//
f 3253// 679// 3255//
f 3255// 679// 689//
f 3255// 689// 3256//
f 3256// 689// 662//
f 3256// 662// 3248//
f 3248// 662// 661//
f 3248// 661// 3246//
f 3246// 661// 659//
f 3246// 659// 3244//
f 3244// 659// 658//
f 3244// 658// 3242//
f 3242// 658// 666//
f 3242// 666// 3240//
f 3240// 666// 665//
f 3240// 665// 3194//
f 3195// 3194// 664//
f 664// 3194// 665//
f 3202// 3195// 660//
f 660// 3195// 664//
f 3203// 3202// 663//
f 663// 3202// 660//
f 3191// 3203// 691//
f 691// 3203// 663//
f 3191// 691// 690//
f 3191// 690// 3219//
f 3219// 690// 678//
f 3219// 678// 3221//
f 3221// 678// 677//
f 3221// 677// 3223//
f 3223// 677// 688//
f 3223// 688// 3225//
f 3225// 688// 687//
f 3225// 687// 3227//
f 3227// 687// 686//
f 3227// 686// 3229//
f 3229// 686// 700//
f 3229// 700// 3231//
f 3190// 3257// 3258//
f 3190// 3258// 3204//
f 3204// 3258// 3259//
f 3204// 3259// 3205//
f 3205// 3259// 3260//
f 3205// 3260// 3207//
f 3211// 3261// 3262//
f 3211// 3262// 3201//
f 3201// 3262// 3263//
f 3201// 3263// 3199//
f 3199// 3263// 3264//
f 3199// 3264// 3197//
f 3197// 3264// 3257//
f 3197// 3257// 3190//
f 3252// 3265// 3266//
f 3252// 3266// 3217//
f 3217// 3266// 3267//
f 3217// 3267// 3215//
f 3215// 3267// 3268//
f 3215// 3268// 3213//
f 3213// 3268// 3261//
f 3213// 3261// 3211//
f 3247// 3269// 3270//
f 3247// 3270// 3249//
f 3249// 3270// 3271//
f 3249// 3271// 3254//
f 3254// 3271// 3265//
f 3254// 3265// 3252//
f 3239// 3272// 3273//
f 3239// 3273// 3241//
f 3241// 3273// 3274//
f 3241// 3274// 3243//
f 3243// 3274// 3275//
f 3243// 3275// 3245//
f 3245// 3275// 3269//
f 3245// 3269// 3247//
f 3193// 3276// 3277//
f 3193// 3277// 3196//
f 3196// 3277// 3278//
f 3196// 3278// 3238//
f 3238// 3278// 3272//
f 3238// 3272// 3239//
f 3193// 3192// 3276//
f 3276// 3192// 3279//
f 3192// 3207// 3279//
f 3279// 3207// 3260//
usemtl 2
f 3276// 3279// 3260//
f 3273// 3272// 3260//
f 3275// 3259// 3258//
f 3259// 3275// 3260//
f 3260// 3275// 3274//
f 3260// 3274// 3273//
f 3272// 3278// 3260//
f 3260// 3278// 3277//
f 3260// 3277// 3276//
f 3263// 3262// 3275//
f 3275// 3262// 3261//
f 3275// 3261// 3268//
f 3271// 3270// 3265//
f 3265// 3270// 3269//
f 3265// 3269// 3275//
f 3258// 3257// 3275//
f 3275// 3257// 3264//
f 3275// 3264// 3263//
f 3268// 3267// 3275//
f 3275// 3267// 3266//
f 3275// 3266// 3265//
usemtl 3
f 527// 3280// 3281//
f 3282// 586// 583//
f 3282// 583// 3283//
f 3283// 583// 533//
f 3283// 533// 3281//
f 3281// 533// 535//
f 3281// 535// 527//
f 3284// 3280// 526//
f 526// 3280// 527//
f 561// 3285// 3286//
f 3284// 526// 542//
f 3284// 542// 3286//
f 3286// 542// 544//
f 3286// 544// 561//
f 3285// 561// 560//
f 3285// 560// 3287//
f 3287// 560// 559//
f 3287// 559// 3288//
f 3288// 559// 558//
f 3288// 558// 3289//
f 3289// 558// 557//
f 3289// 557// 3290//
f 3290// 557// 564//
f 3290// 564// 3291//
f 3291// 564// 563//
f 3291// 563// 3292//
f 3292// 563// 562//
f 3292// 562// 3293//
f 3293// 562// 620//
f 3293// 620// 3294//
f 3294// 620// 546//
f 3294// 546// 3295//
f 3295// 546// 545//
f 3295// 545// 3296//
f 3296// 545// 579//
f 3296// 579// 3297//
f 3297// 579// 578//
f 3297// 578// 3298//
f 3298// 578// 576//
f 3298// 576// 3299//
f 3299// 576// 574//
f 3299// 574// 3300//
f 3300// 574// 573//
f 3300// 573// 3301//
f 3301// 573// 572//
f 3301// 572// 3302//
f 3302// 572// 571//
f 3302// 571// 3303//
f 3303// 571// 570//
f 3303// 570// 3304//
f 3304// 570// 567//
f 3304// 567// 3305//
f 3305// 567// 582//
f 3305// 582// 3306//
f 3306// 582// 581//
f 3306// 581// 3307//
f 3307// 581// 580//
f 3307// 580// 3308//
f 3308// 580// 569//
f 3308// 569// 3309//
f 3309// 569// 568//
f 3309// 568// 3310//
f 3310// 568// 566//
f 3310// 566// 3311//
f 3311// 566// 565//
f 3311// 565// 3312//
f 3312// 565// 575//
f 3312// 575// 3313//
f 3313// 575// 577//
f 3313// 577// 3314//
f 3314// 577// 547//
f 3314// 547// 3315//
f 3316// 3315// 552//
f 552// 3315// 547//
f 3316// 552// 555//
f 3316// 555// 3317//
f 3317// 555// 554//
f 3317// 554// 3318//
f 3318// 554// 553//
f 3318// 553// 3319//
f 3319// 553// 550//
f 3319// 550// 3320//
f 3320// 550// 549//
f 3320// 549// 3321//
f 3322// 3321// 548//
f 548// 3321// 549//
f 548// 531// 3322//
f 3322// 531// 530//
f 3322// 530// 3323//
f 3323// 530// 529//
f 3323// 529// 3324//
f 3324// 529// 540//
f 3324// 540// 3325//
f 3325// 540// 539//
f 3325// 539// 3326//
f 3326// 539// 538//
f 3326// 538// 3327//
f 3327// 538// 537//
f 3327// 537// 3328//
f 584// 3329// 3330//
f 3328// 537// 536//
f 3328// 536// 3331//
f 3331// 536// 534//
f 3331// 534// 3330//
f 3330// 534// 585//
f 3330// 585// 584//
f 3329// 584// 588//
f 3329// 588// 3332//
f 3332// 588// 599//
f 3332// 599// 3333//
f 3333// 599// 598//
f 3333// 598// 3334//
f 3334// 598// 597//
f 3334// 597// 3335//
f 3335// 597// 591//
f 3335// 591// 3336//
f 3336// 591// 590//
f 3336// 590// 3337//
f 3337// 590// 596//
f 3337// 596// 3338//
f 3338// 596// 595//
f 3338// 595// 3339//
f 3339// 595// 594//
f 3339// 594// 3340//
f 3340// 594// 593//
f 3340// 593// 3341//
f 3341// 593// 592//
f 3341// 592// 3342//
f 3342// 592// 589//
f 3342// 589// 3343//
f 3343// 589// 587//
f 3343// 587// 3344//
f 3344// 587// 586//
f 3344// 586// 3282//
f 3307// 3308// 3321//
f 3321// 3308// 3320//
f 3320// 3308// 3309//
f 3320// 3309// 3319//
f 3339// 3290// 3291//
f 3332// 3299// 3329//
f 3329// 3299// 3300//
f 3339// 3291// 3338//
f 3338// 3291// 3292//
f 3338// 3292// 3337//
f 3337// 3292// 3293//
f 3337// 3293// 3336//
f 3336// 3293// 3294//
f 3336// 3294// 3335//
f 3335// 3294// 3295//
f 3335// 3295// 3334//
f 3334// 3295// 3296//
f 3334// 3296// 3333//
f 3333// 3296// 3297//
f 3333// 3297// 3332//
f 3332// 3297// 3298//
f 3332// 3298// 3299//
f 3290// 3339// 3289//
f 3289// 3339// 3340//
f 3289// 3340// 3288//
f 3285// 3282// 3286//
f 3286// 3282// 3283//
f 3286// 3283// 3284//
f 3284// 3283// 3281//
f 3284// 3281// 3280//
f 3309// 3310// 3319//
f 3319// 3310// 3311//
f 3319// 3311// 3318//
f 3318// 3311// 3312//
f 3318// 3312// 3317//
f 3317// 3312// 3313//
f 3317// 3313// 3316//
f 3316// 3313// 3314//
f 3316// 3314// 3315//
f 3340// 3341// 3288//
f 3288// 3341// 3342//
f 3288// 3342// 3287//
f 3287// 3342// 3343//
f 3287// 3343// 3285//
f 3285// 3343// 3344//
f 3285// 3344// 3282//
f 3321// 3322// 3307//
f 3307// 3322// 3323//
f 3307// 3323// 3306//
f 3306// 3323// 3324//
f 3306// 3324// 3305//
f 3305// 3324// 3325//
f 3305// 3325// 3304//
f 3304// 3325// 3326//
f 3304// 3326// 3303//
f 3303// 3326// 3327//
f 3303// 3327// 3302//
f 3302// 3327// 3328//
f 3302// 3328// 3301//
f 3301// 3328// 3331//
f 3301// 3331// 3300//
f 3300// 3331// 3330//
f 3300// 3330// 3329//
f 3345// 3346// 607//
f 607// 3346// 609//
f 3347// 3345// 602//
f 602// 3345// 607//
f 3347// 602// 605//
f 3347// 605// 3348//
f 3348// 605// 604//
f 3348// 604// 3349//
f 3350// 3349// 603//
f 603// 3349// 604//
f 3351// 3350// 601//
f 601// 3350// 603//
f 618// 3352// 600//
f 600// 3352// 3351//
f 600// 3351// 601//
f 3353// 3352// 619//
f 619// 3352// 618//
f 636// 3354// 623//
f 623// 3354// 3353//
f 623// 3353// 619//
f 3355// 3354// 635//
f 635// 3354// 636//
f 3355// 635// 634//
f 3355// 634// 3356//
f 634// 633// 3356//
f 3356// 633// 632//
f 3356// 632// 3357//
f 3357// 632// 631//
f 3357// 631// 3358//
f 3358// 631// 622//
f 3358// 622// 3359//
f 3359// 622// 621//
f 3359// 621// 3360//
f 3360// 621// 630//
f 3360// 630// 3361//
f 3361// 630// 617//
f 3361// 617// 3362//
f 3363// 3362// 616//
f 616// 3362// 617//
f 3363// 616// 629//
f 3363// 629// 3364//
f 3364// 629// 628//
f 3364// 628// 3365//
f 3365// 628// 627//
f 3365// 627// 3366//
f 3366// 627// 626//
f 3366// 626// 3367//
f 3367// 626// 615//
f 3367// 615// 3368//
f 615// 614// 3368//
f 3368// 614// 613//
f 3368// 613// 3369//
f 3369// 613// 612//
f 3369// 612// 3370//
f 3370// 612// 611//
f 3370// 611// 3371//
f 3346// 3371// 609//
f 609// 3371// 611//
f 3348// 3349// 3371//
f 3346// 3345// 3371//
f 3371// 3345// 3347//
f 3371// 3347// 3348//
f 3352// 3353// 3351//
f 3351// 3353// 3354//
f 3351// 3354// 3350//
f 3349// 3350// 3371//
f 3371// 3350// 3354//
f 3371// 3354// 3370//
f 3354// 3355// 3370//
f 3370// 3355// 3356//
f 3370// 3356// 3369//
f 3369// 3356// 3357//
f 3362// 3363// 3361//
f 3361// 3363// 3364//
f 3361// 3364// 3360//
f 3360// 3364// 3365//
f 3360// 3365// 3359//
f 3359// 3365// 3366//
f 3359// 3366// 3358//
f 3358// 3366// 3367//
f 3358// 3367// 3357//
f 3357// 3367// 3368//
f 3357// 3368// 3369//
f 3372// 3373// 638//
f 638// 3373// 639//
f 642// 3374// 644//
f 644// 3374// 3372//
f 644// 3372// 638//
f 3375// 3374// 641//
f 641// 3374// 642//
f 645// 3376// 643//
f 643// 3376// 3375//
f 643// 3375// 641//
f 3377// 3376// 646//
f 646// 3376// 645//
f 650// 3378// 647//
f 647// 3378// 3377//
f 647// 3377// 646//
f 3379// 3378// 649//
f 649// 3378// 650//
f 637// 3380// 648//
f 648// 3380// 3379//
f 648// 3379// 649//
f 3380// 637// 3381//
f 3381// 637// 180//
f 3381// 180// 179//
f 653// 3382// 652//
f 652// 3382// 3381//
f 652// 3381// 179//
f 610// 3383// 608//
f 608// 3383// 3382//
f 608// 3382// 653//
f 639// 3373// 640//
f 640// 3373// 3383//
f 640// 3383// 610//
f 3380// 3381// 3379//
f 3379// 3381// 3382//
f 3379// 3382// 3378//
f 3373// 3372// 3383//
f 3383// 3372// 3374//
f 3383// 3374// 3375//
f 3376// 3377// 3375//
f 3375// 3377// 3378//
f 3375// 3378// 3383//
f 3383// 3378// 3382//
f 3384// 3385// 3386//
f 3386// 3385// 3387//
f 3386// 3387// 3388//
f 3388// 3387// 3389//
f 3388// 3389// 3390//
f 3390// 3389// 3391//
f 3390// 3391// 3392//
f 3392// 3391// 3393//
f 3392// 3393// 3394//
f 3394// 3393// 3395//
f 3394// 3395// 3396//
f 3396// 3395// 3397//
f 3396// 3397// 3398//
f 3398// 3397// 3399//
f 3398// 3399// 3400//
f 3400// 3399// 3401//
f 3400// 3401// 3402//
f 3402// 3401// 3403//
f 3402// 3403// 3404//
f 3404// 3403// 3405//
f 3404// 3405// 3406//
f 3406// 3405// 3407//
f 3406// 3407// 3408//
f 3408// 3407// 3409//
f 3408// 3409// 3410//
f 3410// 3409// 3411//
f 3410// 3411// 3412//
f 3412// 3411// 3413//
f 3412// 3413// 3414//
f 3414// 3413// 3415//
f 3414// 3415// 3416//
f 3416// 3415// 3417//
f 3416// 3417// 3418//
f 3418// 3417// 3384//
f 3418// 3384// 3386//
f 3392// 3394// 379//
f 379// 3394// 370//
f 3392// 379// 378//
f 3392// 378// 3390//
f 3390// 378// 377//
f 3390// 377// 3388//
f 3388// 377// 372//
f 3388// 372// 3386//
f 3386// 372// 371//
f 3386// 371// 3418//
f 3418// 371// 381//
f 3418// 381// 3416//
f 3416// 381// 380//
f 3416// 380// 3414//
f 3414// 380// 376//
f 3414// 376// 3412//
f 3412// 376// 374//
f 3412// 374// 3410//
f 3410// 374// 373//
f 3410// 373// 3408//
f 3408// 373// 384//
f 3408// 384// 3406//
f 3406// 384// 383//
f 3406// 383// 3404//
f 388// 3398// 390//
f 390// 3398// 3400//
f 390// 3400// 391//
f 391// 3400// 3402//
f 391// 3402// 382//
f 382// 3402// 3404//
f 382// 3404// 383//
f 3396// 3398// 386//
f 386// 3398// 388//
f 370// 3394// 385//
f 385// 3394// 3396//
f 385// 3396// 386//
f 3399// 3397// 3419//
f 3419// 3397// 3420//
f 3397// 3395// 3420//
f 3420// 3395// 3421//
f 3395// 3393// 3421//
f 3421// 3393// 3422//
f 3385// 3423// 3424//
f 3385// 3424// 3387//
f 3387// 3424// 3425//
f 3387// 3425// 3389//
f 3389// 3425// 3426//
f 3389// 3426// 3391//
f 3391// 3426// 3422//
f 3391// 3422// 3393//
f 3413// 3427// 3428//
f 3413// 3428// 3415//
f 3415// 3428// 3429//
f 3415// 3429// 3417//
f 3417// 3429// 3430//
f 3417// 3430// 3384//
f 3384// 3430// 3423//
f 3384// 3423// 3385//
f 3405// 3431// 3432//
f 3405// 3432// 3407//
f 3407// 3432// 3433//
f 3407// 3433// 3409//
f 3409// 3433// 3434//
f 3409// 3434// 3411//
f 3411// 3434// 3427//
f 3411// 3427// 3413//
f 3399// 3419// 3435//
f 3399// 3435// 3401//
f 3401// 3435// 3436//
f 3401// 3436// 3403//
f 3403// 3436// 3431//
f 3403// 3431// 3405//
usemtl 2
f 3420// 3421// 3419//
f 3419// 3421// 3422//
f 3419// 3422// 3426//
f 3426// 3425// 3419//
f 3419// 3425// 3424//
f 3419// 3424// 3423//
f 3423// 3430// 3419//
f 3419// 3430// 3429//
f 3419// 3429// 3428//
f 3428// 3427// 3419//
f 3419// 3427// 3434//
f 3419// 3434// 3433//
f 3433// 3432// 3419//
f 3419// 3432// 3431//
f 3419// 3431// 3435//
f 3435// 3431// 3436//
usemtl 3
f 3437// 3438// 3439//
f 3439// 3438// 3440//
f 3441// 3442// 3437//
f 3437// 3442// 3443//
f 3437// 3443// 3438//
f 3438// 3443// 3444//
f 3441// 3445// 3442//
f 3442// 3445// 3446//
f 3442// 3446// 3447//
f 3447// 3446// 3448//
f 3447// 3448// 3449//
f 3449// 3450// 3447//
f 3447// 3450// 3439//
f 3447// 3439// 3451//
f 3451// 3439// 3440//
f 3451// 3440// 3452//
f 3447// 3451// 517//
f 517// 3451// 518//
f 3442// 3447// 516//
f 516// 3447// 517//
f 3443// 3442// 183//
f 183// 3442// 516//
f 3444// 3443// 182//
f 182// 3443// 183//
f 3438// 3444// 522//
f 522// 3444// 182//
f 3440// 3438// 521//
f 521// 3438// 522//
f 3452// 3440// 520//
f 520// 3440// 521//
f 3451// 3452// 518//
f 518// 3452// 520//
f 3437// 3439// 3453//
f 3453// 3439// 3454//
f 3439// 3450// 3454//
f 3454// 3450// 3455//
f 3448// 3456// 3457//
f 3448// 3457// 3449//
f 3449// 3457// 3455//
f 3449// 3455// 3450//
f 3448// 3446// 3456//
f 3456// 3446// 3458//
f 3441// 3459// 3460//
f 3441// 3460// 3445//
f 3445// 3460// 3458//
f 3445// 3458// 3446//
f 3441// 3437// 3459//
f 3459// 3437// 3453//
usemtl 2
f 3456// 3458// 3457//
f 3457// 3458// 3460//
f 3457// 3460// 3455//
f 3455// 3460// 3459//
f 3455// 3459// 3454//
f 3454// 3459// 3453//
usemtl 3
f 3461// 3462// 3463//
f 3464// 3465// 3466//
f 3466// 3465// 3467//
f 3468// 3469// 3470//
f 3470// 3469// 3471//
f 3470// 3471// 3472//
f 3472// 3471// 3473//
f 3472// 3473// 3463//
f 3463// 3473// 3474//
f 3463// 3474// 3461//
f 3467// 3475// 3466//
f 3466// 3475// 3476//
f 3466// 3476// 3477//
f 3477// 3476// 3478//
f 3477// 3478// 3479//
f 3480// 3481// 3482//
f 3482// 3481// 3483//
f 3482// 3483// 3484//
f 3484// 3483// 3485//
f 3484// 3485// 3486//
f 3486// 3485// 3487//
f 3488// 3489// 3490//
f 3490// 3489// 3491//
f 3490// 3491// 3492//
f 3492// 3491// 3493//
f 3492// 3493// 3494//
f 3494// 3493// 3495//
f 3494// 3495// 3496//
f 3478// 3497// 3479//
f 3479// 3497// 3498//
f 3479// 3498// 3499//
f 3499// 3498// 3500//
f 3501// 3502// 3503//
f 3503// 3502// 3504//
f 3503// 3504// 3505//
f 3505// 3504// 3506//
f 3505// 3506// 3507//
f 3507// 3506// 3508//
f 3507// 3508// 3500//
f 3500// 3508// 3509//
f 3500// 3509// 3499//
f 3510// 3511// 3471//
f 3471// 3511// 3512//
f 3471// 3512// 3473//
f 3473// 3512// 3513//
f 3473// 3513// 3514//
f 3515// 3516// 3517//
f 3496// 3495// 3518//
f 3518// 3495// 3519//
f 3518// 3519// 3520//
f 3521// 3522// 3523//
f 3523// 3522// 3524//
f 3523// 3524// 3482//
f 3482// 3524// 3525//
f 3482// 3525// 3480//
f 3488// 3490// 3526//
f 3526// 3490// 3527//
f 3526// 3527// 3528//
f 3528// 3527// 3529//
f 3528// 3529// 3530//
f 3530// 3529// 3531//
f 3530// 3531// 3532//
f 3532// 3531// 3533//
f 3532// 3533// 3534//
f 3534// 3533// 3535//
f 3534// 3535// 3536//
f 3536// 3535// 3537//
f 3536// 3537// 3538//
f 3538// 3537// 3539//
f 3538// 3539// 3501//
f 3501// 3539// 3540//
f 3501// 3540// 3502//
f 3514// 3541// 3473//
f 3473// 3541// 3542//
f 3473// 3542// 3543//
f 3543// 3542// 3544//
f 3543// 3544// 3545//
f 3545// 3544// 3546//
f 3545// 3546// 3547//
f 3485// 3548// 3487//
f 3487// 3548// 3549//
f 3487// 3549// 3550//
f 3550// 3549// 3551//
f 3550// 3551// 3552//
f 3552// 3551// 3553//
f 3552// 3553// 3554//
f 3554// 3553// 3555//
f 3517// 3516// 3556//
f 3556// 3516// 3557//
f 3556// 3557// 3558//
f 3558// 3557// 3559//
f 3558// 3559// 3560//
f 3560// 3559// 3561//
f 3560// 3561// 3562//
f 3562// 3561// 3563//
f 3562// 3563// 3564//
f 3564// 3563// 3565//
f 3564// 3565// 3566//
f 3566// 3565// 3567//
f 3566// 3567// 3568//
f 3568// 3567// 3569//
f 3568// 3569// 3555//
f 3555// 3569// 3570//
f 3555// 3570// 3554//
f 3519// 3571// 3520//
f 3520// 3571// 3572//
f 3520// 3572// 3573//
f 3573// 3572// 3574//
f 3573// 3574// 3575//
f 3575// 3574// 3576//
f 3575// 3576// 3521//
f 3521// 3576// 3577//
f 3521// 3577// 3522//
f 3464// 3466// 3546//
f 3546// 3466// 3578//
f 3546// 3578// 3579//
f 3579// 3580// 3546//
f 3546// 3580// 3581//
f 3546// 3581// 3547//
f 3582// 3583// 3584//
f 3584// 3583// 3585//
f 3478// 3586// 3497//
f 3497// 3586// 3587//
f 3497// 3587// 3588//
f 3588// 3587// 3589//
f 3588// 3589// 3590//
f 3590// 3589// 3591//
f 3590// 3591// 3592//
f 3592// 3591// 3593//
f 3592// 3593// 3594//
f 3594// 3593// 3595//
f 3594// 3595// 3596//
f 3596// 3595// 3597//
f 3596// 3597// 3598//
f 3598// 3597// 3599//
f 3598// 3599// 3600//
f 3600// 3599// 3601//
f 3600// 3601// 3602//
f 3602// 3601// 3603//
f 3602// 3603// 3471//
f 3471// 3603// 3604//
f 3471// 3604// 3510//
f 3585// 3605// 3584//
f 3584// 3605// 3606//
f 3584// 3606// 3607//
f 3517// 3608// 3515//
f 3515// 3608// 3584//
f 3515// 3584// 3609//
f 3609// 3584// 3607//
f 3584// 3610// 3582//
f 3582// 3610// 3611//
f 3582// 3611// 3612//
f 3612// 3613// 3582//
f 3582// 3613// 3614//
f 3582// 3614// 3615//
f 3554// 362// 361//
f 366// 3487// 3550//
f 3554// 361// 3552//
f 3552// 361// 364//
f 3552// 364// 3550//
f 3550// 364// 365//
f 3550// 365// 366//
f 366// 201// 3487//
f 3487// 201// 200//
f 3487// 200// 3486//
f 3486// 200// 206//
f 3486// 206// 3484//
f 3484// 206// 205//
f 3484// 205// 3482//
f 3482// 205// 204//
f 3482// 204// 3523//
f 3523// 204// 203//
f 3523// 203// 3521//
f 212// 3520// 3573//
f 3521// 203// 211//
f 3521// 211// 3575//
f 211// 210// 3575//
f 3575// 210// 208//
f 3575// 208// 3573//
f 3573// 208// 207//
f 3573// 207// 212//
f 221// 3494// 3496//
f 3520// 212// 214//
f 3520// 214// 3518//
f 3518// 214// 216//
f 3518// 216// 3496//
f 3496// 216// 218//
f 3496// 218// 221//
f 229// 3490// 3492//
f 3494// 221// 220//
f 3494// 220// 3492//
f 3492// 220// 227//
f 3492// 227// 229//
f 3490// 229// 228//
f 3490// 228// 3527//
f 3527// 228// 226//
f 3527// 226// 3529//
f 3529// 226// 225//
f 3529// 225// 3531//
f 3531// 225// 224//
f 3531// 224// 3533//
f 3533// 224// 223//
f 3533// 223// 3535//
f 3535// 223// 222//
f 3535// 222// 3537//
f 234// 3504// 3502//
f 3537// 222// 233//
f 3537// 233// 3539//
f 3539// 233// 232//
f 3539// 232// 3540//
f 232// 231// 3540//
f 3540// 231// 198//
f 3540// 198// 3502//
f 3502// 198// 197//
f 3502// 197// 234//
f 238// 3506// 236//
f 236// 3506// 3504//
f 236// 3504// 234//
f 238// 265// 3506//
f 3506// 265// 264//
f 3506// 264// 3508//
f 3508// 264// 275//
f 3508// 275// 3509//
f 3509// 275// 274//
f 3509// 274// 3499//
f 3499// 274// 273//
f 3499// 273// 3479//
f 3479// 273// 272//
f 3479// 272// 3477//
f 3477// 272// 271//
f 3477// 271// 3466//
f 3466// 271// 253//
f 3466// 253// 3578//
f 3578// 253// 252//
f 3578// 252// 3579//
f 3579// 252// 250//
f 3579// 250// 3580//
f 3580// 250// 249//
f 3580// 249// 3581//
f 3581// 249// 260//
f 3581// 260// 3547//
f 3547// 260// 259//
f 3547// 259// 3545//
f 3545// 259// 243//
f 3545// 243// 3543//
f 3543// 243// 242//
f 3543// 242// 3473//
f 3473// 242// 291//
f 3473// 291// 3474//
f 3474// 291// 292//
f 3474// 292// 3461//
f 3461// 292// 256//
f 3461// 256// 3462//
f 3462// 256// 297//
f 3462// 297// 3463//
f 3463// 297// 298//
f 3463// 298// 3472//
f 3470// 3472// 288//
f 288// 3472// 298//
f 3468// 3470// 247//
f 247// 3470// 288//
f 247// 285// 3468//
f 3468// 285// 306//
f 3468// 306// 3469//
f 3469// 306// 310//
f 195// 318// 3471//
f 195// 3471// 196//
f 196// 3471// 3469//
f 196// 3469// 310//
f 323// 3596// 3598//
f 3471// 318// 317//
f 3471// 317// 3602//
f 3602// 317// 316//
f 3602// 316// 3600//
f 3600// 316// 194//
f 3600// 194// 3598//
f 3598// 194// 324//
f 3598// 324// 323//
f 3594// 3596// 322//
f 322// 3596// 323//
f 322// 320// 3594//
f 3594// 320// 319//
f 3594// 319// 3592//
f 3592// 319// 327//
f 3592// 327// 3590//
f 3590// 327// 326//
f 3590// 326// 3588//
f 3588// 326// 330//
f 3588// 330// 3497//
f 311// 3503// 3505//
f 3497// 330// 329//
f 3497// 329// 3498//
f 3498// 329// 328//
f 3498// 328// 3500//
f 3500// 328// 325//
f 3500// 325// 3507//
f 325// 321// 3507//
f 3507// 321// 308//
f 3507// 308// 3505//
f 3505// 308// 309//
f 3505// 309// 311//
f 3501// 3503// 312//
f 312// 3503// 311//
f 312// 335// 3501//
f 3501// 335// 334//
f 3501// 334// 3538//
f 3538// 334// 332//
f 3538// 332// 3536//
f 332// 360// 3536//
f 3536// 360// 359//
f 3536// 359// 3534//
f 3534// 359// 358//
f 3534// 358// 3532//
f 3532// 358// 355//
f 3532// 355// 3530//
f 3530// 355// 354//
f 3530// 354// 3528//
f 3528// 354// 353//
f 3528// 353// 3526//
f 3526// 353// 341//
f 3526// 341// 3488//
f 3488// 341// 342//
f 3488// 342// 3489//
f 3489// 342// 343//
f 3489// 343// 3491//
f 3491// 343// 357//
f 3491// 357// 3493//
f 3493// 357// 356//
f 3493// 356// 3495//
f 3495// 356// 352//
f 3495// 352// 3519//
f 3519// 352// 351//
f 3519// 351// 3571//
f 3571// 351// 350//
f 3571// 350// 3572//
f 333// 3480// 331//
f 331// 3480// 3525//
f 331// 3525// 344//
f 344// 3525// 3524//
f 344// 3524// 345//
f 345// 3524// 3522//
f 345// 3522// 346//
f 346// 3522// 3577//
f 346// 3577// 349//
f 349// 3577// 3576//
f 349// 3576// 347//
f 347// 3576// 3574//
f 347// 3574// 348//
f 348// 3574// 3572//
f 348// 3572// 350//
f 3481// 3480// 336//
f 336// 3480// 333//
f 3481// 336// 340//
f 3481// 340// 3483//
f 3483// 340// 339//
f 3483// 339// 3485//
f 3485// 339// 338//
f 3485// 338// 3548//
f 3548// 338// 337//
f 3548// 337// 3549//
f 3549// 337// 315//
f 3549// 315// 3551//
f 315// 314// 3551//
f 3551// 314// 313//
f 3551// 313// 3553//
f 3553// 313// 307//
f 3553// 307// 3555//
f 307// 305// 3555//
f 3555// 305// 304//
f 3555// 304// 3568//
f 304// 284// 3568//
f 3568// 284// 283//
f 3568// 283// 3566//
f 3566// 283// 282//
f 3566// 282// 3564//
f 3564// 282// 303//
f 3564// 303// 3562//
f 3562// 303// 302//
f 3562// 302// 3560//
f 3560// 302// 301//
f 3560// 301// 3558//
f 3558// 301// 300//
f 3558// 300// 3556//
f 3517// 3556// 299//
f 299// 3556// 300//
f 3517// 299// 263//
f 3517// 263// 3608//
f 3608// 263// 262//
f 3608// 262// 3584//
f 3584// 262// 261//
f 3584// 261// 3610//
f 3610// 261// 248//
f 3610// 248// 3611//
f 3611// 248// 246//
f 3611// 246// 3612//
f 3612// 246// 245//
f 3612// 245// 3613//
f 3613// 245// 290//
f 3613// 290// 3614//
f 3614// 290// 289//
f 3614// 289// 3615//
f 3615// 289// 287//
f 3615// 287// 3582//
f 3582// 287// 286//
f 3582// 286// 3583//
f 3583// 286// 296//
f 3583// 296// 3585//
f 3585// 296// 295//
f 3585// 295// 3605//
f 3605// 295// 257//
f 3605// 257// 3606//
f 3606// 257// 255//
f 3606// 255// 3607//
f 3607// 255// 254//
f 3607// 254// 3609//
f 3609// 254// 294//
f 3609// 294// 3515//
f 3515// 294// 293//
f 3515// 293// 3516//
f 3557// 3516// 281//
f 281// 3516// 293//
f 3557// 281// 280//
f 3557// 280// 3559//
f 3559// 280// 279//
f 3559// 279// 3561//
f 3561// 279// 276//
f 3561// 276// 3563//
f 3563// 276// 277//
f 3563// 277// 3565//
f 363// 362// 3554//
f 363// 3554// 267//
f 267// 3554// 3570//
f 267// 3570// 269//
f 269// 3570// 3569//
f 269// 3569// 270//
f 270// 3569// 3567//
f 270// 3567// 278//
f 278// 3567// 3565//
f 278// 3565// 277//
f 3597// 3616// 3617//
f 3597// 3617// 3599//
f 3599// 3617// 3618//
f 3599// 3618// 3601//
f 3601// 3618// 3619//
f 3601// 3619// 3603//
f 3603// 3619// 3620//
f 3603// 3620// 3604//
f 3604// 3620// 3621//
f 3604// 3621// 3510//
f 3510// 3621// 3622//
f 3510// 3622// 3511//
f 3511// 3622// 3623//
f 3511// 3623// 3512//
f 3512// 3623// 3624//
f 3512// 3624// 3513//
f 3513// 3624// 3625//
f 3513// 3625// 3514//
f 3514// 3625// 3626//
f 3514// 3626// 3541//
f 3541// 3626// 3627//
f 3541// 3627// 3542//
f 3542// 3627// 3628//
f 3542// 3628// 3544//
f 3544// 3628// 3629//
f 3544// 3629// 3546//
f 3546// 3629// 3630//
f 3546// 3630// 3464//
f 3464// 3630// 3631//
f 3464// 3631// 3465//
f 3465// 3631// 3632//
f 3465// 3632// 3467//
f 3467// 3632// 3633//
f 3467// 3633// 3475//
f 3475// 3633// 3634//
f 3475// 3634// 3476//
f 3476// 3634// 3635//
f 3476// 3635// 3478//
f 3478// 3635// 3636//
f 3478// 3636// 3586//
f 3586// 3636// 3637//
f 3586// 3637// 3587//
f 3587// 3637// 3638//
f 3587// 3638// 3589//
f 3589// 3638// 3639//
f 3589// 3639// 3591//
f 3591// 3639// 3640//
f 3591// 3640// 3593//
f 3593// 3640// 3641//
f 3593// 3641// 3595//
f 3595// 3641// 3616//
f 3595// 3616// 3597//
usemtl 2
f 3628// 3617// 3629//
f 3629// 3617// 3616//
f 3629// 3616// 3641//
f 3626// 3620// 3619//
f 3635// 3634// 3641//
f 3641// 3634// 3633//
f 3641// 3633// 3632//
f 3628// 3627// 3617//
f 3617// 3627// 3626//
f 3617// 3626// 3618//
f 3618// 3626// 3619//
f 3632// 3631// 3641//
f 3641// 3631// 3630//
f 3641// 3630// 3629//
f 3641// 3640// 3635//
f 3635// 3640// 3639//
f 3635// 3639// 3636//
f 3636// 3639// 3638//
f 3636// 3638// 3637//
f 3624// 3623// 3625//
f 3625// 3623// 3622//
f 3625// 3622// 3626//
f 3626// 3622// 3621//
f 3626// 3621// 3620//
