v -1.775 -0.25 -0.725
v -1.575 -0.25 -0.725
v -1.575 -1.13 -0.725
newmtl 1
Ka 0.25098039215686274 0.25098039215686274 0.25098039215686274
Kd 0.25098039215686274 0.25098039215686274 0.25098039215686274
Ks 0.12549019607843137 0.12549019607843137 0.12549019607843137
d 0.0
endmtl
v -2.261179 -1.761179 -0.725
v -2.261179 1.761179 -0.725
v -1.775 0.25 -0.725
v 2.261179 -1.761179 -0.725
v 1.575 -1.13 -0.725
v 1.575 -0.25 -0.725
v 1.775 -0.25 -0.725
v 1.775 0.25 -0.725
v 2.261179 1.761179 -0.725
v -1.575 0.25 -0.725
v -1.575 1.13 -0.725
v 1.575 1.13 -0.725
v 1.575 0.25 -0.725
v -1.575 -1.13 -0.825
v -1.575 -0.25 -0.825
newmtl 2
Ka 1.0 1.0 1.0
Kd 1.0 1.0 1.0
Ks 0.5019607843137255 0.5019607843137255 0.5019607843137255
d 0.0
endmtl
v -1.575 1.13 -0.825
v -1.575 0.25 -0.825
v 1.575 -1.13 -0.825
v 1.575 -0.25 -0.825
v 1.575 1.13 -0.825
v 1.575 0.25 -0.825
v 2.360996 1.040408 0.633296
v 2.362351 1.054884 0.623658
v 2.362351 1.299947 0.623658
v 2.385503 0.929336 0.45892
v 2.386989 0.941066 0.44835
v 2.385015 0.96822 0.462396
v 2.386994 1.497849 0.448311
v 2.396464 1.471022 0.380932
v 2.396464 1.504203 0.380932
v 2.396353 1.510557 0.381718
v 2.385015 1.510557 0.462396
v 2.385015 1.504203 0.462396
v 2.396353 1.578983 0.381718
v 2.385015 1.578983 0.462396
v 2.385015 1.57009 0.462396
v 2.379518 1.57009 0.501508
v 2.383249 1.578983 0.474957
v 2.383249 1.605843 0.474957
v 2.385015 1.641654 0.462396
v 2.385015 1.691894 0.462396
v 2.384984 1.64144 0.462611
v 2.383249 1.696725 0.474957
v 2.384133 1.63274 0.468667
v 2.383516 1.621554 0.473055
v 2.379518 1.780491 0.501508
v 2.383249 1.709722 0.474957
v 2.385015 1.785988 0.462396
v 2.385015 1.714553 0.462396
v 2.396464 1.797437 0.380932
v 2.396353 1.745584 0.381718
v 2.392769 1.72255 0.407221
v 2.392769 1.683343 0.407221
v 2.396353 1.732153 0.381718
v 2.396353 1.674293 0.381718
v 2.393441 1.648047 0.402437
v 2.394517 1.64144 0.394779
v 2.396353 1.660863 0.381718
v 2.395511 1.631438 0.387708
v 2.39609 1.620666 0.383593
v 2.396353 1.60488 0.381718
v 2.396464 1.57009 0.380932
v 2.385581 1.645686 0.458361
v 2.386767 1.651276 0.449929
v 2.388059 1.65447 0.440735
v 2.389634 1.65564 0.429529
v 2.390582 1.655272 0.422781
v 2.392098 1.652842 0.411992
v 2.394859 1.561196 0.392348
v 2.396353 1.561196 0.381718
v 2.396464 1.540341 0.380932
v 2.390451 1.556383 0.423714
v 2.394859 1.540341 0.392348
v 2.390451 1.540341 0.423714
v 2.394859 1.522711 0.392348
v 2.390451 1.522711 0.423714
v 2.385015 1.522711 0.462396
v 2.38895 1.522711 0.434391
v 2.385015 1.540341 0.462396
v 2.38895 1.540341 0.434391
v 2.38895 1.556383 0.434391
v 2.384757 1.522711 0.464232
v 2.384757 1.540341 0.464232
v 2.384757 1.559054 0.464232
v 2.383249 1.559054 0.474957
v 2.383249 1.540341 0.474957
v 2.379518 1.540341 0.501508
v 2.383249 1.510557 0.474957
v 2.379518 1.504203 0.501508
v 2.394859 1.300441 0.392348
v 2.396353 1.300441 0.381718
v 2.396464 1.301873 0.380932
v 2.396464 1.299947 0.380932
v 2.38895 1.261955 0.434391
v 2.38895 1.295627 0.434391
v 2.385015 1.299947 0.462396
v 2.390451 1.295627 0.423714
v 2.390451 1.261955 0.423714
v 2.394859 1.261955 0.392348
v 2.394859 1.299947 0.392348
v 2.385015 1.301873 0.462396
v 2.379518 1.299947 0.501508
v 2.379518 1.167342 0.501508
v 2.383249 1.249801 0.474957
v 2.383249 1.298299 0.474957
v 2.384757 1.298299 0.464232
v 2.385015 1.261955 0.462396
v 2.384757 1.261955 0.464232
v 2.390967 1.039064 0.42004
v 2.390715 1.043657 0.421836
v 2.385405 1.051522 0.459619
v 2.391373 1.034947 0.41715
v 2.380306 1.169613 0.495897
v 2.383355 1.17269 0.474203
v 2.385015 1.249801 0.462396
v 2.385015 1.17116 0.462396
v 2.396353 1.249801 0.381718
v 2.386675 1.169629 0.450583
v 2.389625 1.161228 0.429591
v 2.390622 1.048845 0.422496
v 2.390629 1.049496 0.422449
v 2.390691 1.051504 0.422009
v 2.392206 1.147921 0.411226
v 2.39435 1.129726 0.39597
v 2.395742 1.109303 0.386067
v 2.388379 1.117576 0.438454
v 2.386927 1.124948 0.44879
v 2.390715 1.052861 0.421833
v 2.390715 1.082986 0.421833
v 2.390391 1.095093 0.424141
v 2.389626 1.106894 0.429582
v 2.388499 1.116777 0.437604
v 2.39351 1.028092 0.401945
v 2.393142 1.028262 0.404562
v 2.392299 0.957802 0.410563
v 2.392434 1.029607 0.409607
v 2.391798 1.032181 0.41413
v 2.396399 1.087002 0.381395
v 2.396353 1.299947 0.381718
v 2.396399 1.047506 0.381395
v 2.396314 1.043735 0.381997
v 2.396464 0.953569 0.380932
v 2.396071 1.039307 0.383723
v 2.395642 1.034965 0.386779
v 2.395421 1.033409 0.388348
v 2.394836 1.030491 0.392512
v 2.394204 1.028728 0.397008
v 2.394218 0.957425 0.396905
v 2.393231 0.957802 0.403934
v 2.364545 1.373801 0.608046
v 2.379518 1.377772 0.501508
v 2.362351 1.377772 0.623658
v 2.375244 1.369781 0.531917
v 2.379518 1.369781 0.501508
v 2.375134 1.372195 0.532701
v 2.375022 1.373801 0.533493
v 2.373401 1.373801 0.545029
v 2.367578 1.317234 0.586467
v 2.373656 1.369781 0.543214
v 2.366395 1.320158 0.594882
v 2.365453 1.324488 0.601582
v 2.36916 1.316061 0.575203
v 2.369283 1.316067 0.574332
v 2.37396 1.364991 0.541052
v 2.37425 1.354427 0.53899
v 2.36441 1.371968 0.609003
v 2.364302 1.369781 0.609776
v 2.363931 1.362321 0.612414
v 2.363767 1.35161 0.613576
v 2.363794 1.347443 0.613386
v 2.364028 1.339324 0.611725
v 2.373151 1.327134 0.546809
v 2.373757 1.33328 0.542498
v 2.36452 1.331971 0.608223
v 2.365221 1.325953 0.603232
v 2.372899 1.325303 0.548604
v 2.370892 1.317548 0.562886
v 2.371959 1.320511 0.555289
v 2.374119 1.339984 0.539924
v 2.374279 1.349492 0.538785
v 2.362351 1.361098 0.623658
v 2.362396 1.364663 0.623333
v 2.362351 1.369781 0.623658
v 2.362609 1.369781 0.621819
v 2.362776 1.373801 0.620631
v 2.360206 1.369781 0.638917
v 2.36224 1.35149 0.624444
v 2.362241 1.352512 0.624439
v 2.362351 1.343646 0.623658
v 2.362351 1.307517 0.623658
v 2.362403 1.339913 0.623283
v 2.362882 1.329749 0.61988
v 2.365299 1.310556 0.602678
v 2.36417 1.316903 0.610716
v 2.363729 1.320318 0.613848
v 2.379518 1.307517 0.501508
v 2.372236 1.307517 0.553319
v 2.379518 1.301873 0.501508
v 2.371364 1.305104 0.559527
v 2.369261 1.303305 0.574488
v 2.368416 1.30356 0.580497
v 2.362351 1.301873 0.623658
v 2.366736 1.30589 0.592456
v 2.366235 1.307517 0.59602
v 2.375446 1.331629 0.530477
v 2.374856 1.322773 0.534674
v 2.373997 1.315387 0.540787
v 2.37386 1.314489 0.541762
v 2.372737 1.308904 0.549751
v 2.375595 1.362086 0.529418
v 2.375786 1.347735 0.528059
v 2.375745 1.341788 0.528351
v 2.362461 1.441144 0.622871
v 2.362351 1.452179 0.623658
v 2.362351 1.430229 0.623658
v 2.369663 1.404801 0.571628
v 2.374071 1.404801 0.540262
v 2.369663 1.430229 0.571628
v 2.374071 1.430229 0.540262
v 2.369663 1.438472 0.571628
v 2.374071 1.443286 0.540262
v 2.368162 1.438472 0.582306
v 2.363968 1.441144 0.612146
v 2.368162 1.430229 0.582306
v 2.363968 1.430229 0.612146
v 2.368162 1.404801 0.582306
v 2.363968 1.404801 0.612146
v 2.379518 1.452179 0.501508
v 2.375565 1.443286 0.529632
v 2.379518 1.430229 0.501508
v 2.375565 1.430229 0.529632
v 2.375565 1.392646 0.529632
v 2.362461 1.392646 0.622871
v 2.362461 1.430229 0.622871
v 2.375302 1.502756 0.531507
v 2.375565 1.48697 0.529632
v 2.362461 1.487933 0.622871
v 2.362351 1.504203 0.623658
v 2.375565 1.461072 0.529632
v 2.362461 1.461072 0.622871
v 2.37131 1.534931 0.559906
v 2.372653 1.530136 0.550351
v 2.364196 1.52353 0.610525
v 2.364794 1.527776 0.606275
v 2.362351 1.540341 0.623658
v 2.369794 1.537362 0.570695
v 2.373729 1.52353 0.542693
v 2.374723 1.513528 0.535623
v 2.375224 1.504203 0.53206
v 2.362729 1.503643 0.620969
v 2.362759 1.504203 0.62075
v 2.363345 1.514829 0.616581
v 2.365979 1.533365 0.597843
v 2.367271 1.53656 0.588649
v 2.368845 1.53773 0.577443
v 2.365649 1.57009 0.600187
v 2.362461 1.578815 0.622871
v 2.362351 1.57009 0.623658
v 2.362461 1.591811 0.622871
v 2.371981 1.60464 0.555135
v 2.371981 1.57009 0.555135
v 2.375565 1.614243 0.529632
v 2.375565 1.627673 0.529632
v 2.362351 1.763324 0.623658
v 2.375565 1.542953 0.529632
v 2.375565 1.556383 0.529632
v 2.371981 1.565433 0.555135
v 2.392486 1.313684 0.409229
v 2.391953 1.316111 0.413026
v 2.389245 1.318299 0.432294
v 2.39033 1.365762 0.424572
v 2.396353 1.365762 0.381718
v 2.396464 1.369781 0.380932
v 2.396353 1.353969 0.381718
v 2.388171 1.344341 0.439935
v 2.388113 1.340346 0.44035
v 2.390793 1.33404 0.421283
v 2.396464 1.307517 0.380932
v 2.395147 1.313736 0.390301
v 2.394592 1.312309 0.394252
v 2.391509 1.319554 0.416184
v 2.391145 1.324286 0.418774
v 2.388533 1.326439 0.43736
v 2.3882 1.333826 0.439729
v 2.396223 1.321477 0.382645
v 2.39646 1.325998 0.380956
v 2.396464 1.326214 0.380932
v 2.395837 1.317505 0.385389
v 2.395651 1.316186 0.386712
v 2.393847 1.311729 0.399546
v 2.393089 1.312263 0.404946
v 2.385015 1.307517 0.462396
v 2.38765 1.318299 0.443639
v 2.387385 1.3217 0.445528
v 2.394906 1.353969 0.392014
v 2.394906 1.353656 0.392014
v 2.395295 1.351818 0.389245
v 2.395854 1.348094 0.385274
v 2.390404 1.353969 0.424047
v 2.389678 1.353558 0.429211
v 2.389094 1.352339 0.43337
v 2.388756 1.350953 0.435775
v 2.386942 1.33065 0.448678
v 2.38678 1.341453 0.449836
v 2.385015 1.369781 0.462396
v 2.386904 1.349715 0.448949
v 2.387135 1.354411 0.447307
v 2.387466 1.358142 0.44495
v 2.387738 1.360157 0.443019
v 2.388244 1.362654 0.439419
v 2.388945 1.364599 0.434427
v 2.388492 1.34917 0.437653
v 2.388304 1.347077 0.438989
v 2.396574 1.333053 0.380145
v 2.45 1.307517 0.0
v 2.39648 1.339134 0.380812
v 2.45 1.369781 0.0
v 2.396464 1.33947 0.380932
v 2.396025 1.381743 0.384054
v 2.396464 1.377772 0.380932
v 2.396435 1.390182 0.381138
v 2.396464 1.392216 0.380932
v 2.386851 1.414978 0.449327
v 2.387195 1.423935 0.44688
v 2.385015 1.430229 0.462396
v 2.38879 1.423935 0.435535
v 2.39226 1.423213 0.410843
v 2.392712 1.425414 0.407626
v 2.385015 1.377772 0.462396
v 2.388404 1.383685 0.438276
v 2.387961 1.385877 0.441432
v 2.393196 1.426673 0.404183
v 2.393807 1.42716 0.399832
v 2.396464 1.430229 0.380932
v 2.394467 1.426599 0.39514
v 2.394987 1.425151 0.391439
v 2.38694 1.398482 0.448693
v 2.38678 1.408002 0.449836
v 2.387523 1.389373 0.444545
v 2.387282 1.392183 0.446262
v 2.39542 1.422953 0.388358
v 2.39583 1.419579 0.385436
v 2.396086 1.416543 0.383615
v 2.391 1.385161 0.419805
v 2.390658 1.383623 0.422239
v 2.39433 1.381743 0.396114
v 2.390157 1.382323 0.425805
v 2.38952 1.381816 0.43034
v 2.388933 1.382281 0.434516
v 2.395114 1.393748 0.390535
v 2.39224 1.399674 0.410986
v 2.394727 1.386354 0.39329
v 2.391791 1.392645 0.414177
v 2.391281 1.38709 0.417807
v 2.388113 1.406847 0.44035
v 2.388149 1.403355 0.440091
v 2.389372 1.39397 0.431388
v 2.388265 1.400201 0.439264
v 2.388461 1.397556 0.437871
v 2.389591 1.394078 0.429835
v 2.389846 1.394545 0.428021
v 2.390067 1.395395 0.426445
v 2.390243 1.396545 0.425191
v 2.390605 1.400703 0.422617
v 2.388236 1.414601 0.439476
v 2.391047 1.408002 0.419471
v 2.388575 1.421252 0.437059
v 2.391304 1.412568 0.417642
v 2.391911 1.420401 0.413328
v 2.395234 1.401142 0.389679
v 2.395234 1.401663 0.389682
v 2.392691 1.407418 0.407775
v 2.395139 1.407709 0.390353
v 2.393968 1.415054 0.398688
v 2.393764 1.414938 0.400141
v 2.38868 1.395777 0.436314
v 2.388889 1.394766 0.434828
v 2.389111 1.394184 0.433251
v 2.394984 1.410752 0.391456
v 2.394894 1.411827 0.392102
v 2.394727 1.413181 0.393292
v 2.394515 1.41421 0.394799
v 2.394281 1.41481 0.39646
v 2.393508 1.414402 0.401964
v 2.39329 1.413491 0.403513
v 2.393077 1.412021 0.405028
v 2.396464 1.406986 0.380932
v 2.396574 1.399987 0.380145
v 2.45 1.377772 0.0
v 2.396412 1.410246 0.381298
v 2.45 1.430229 0.0
v 2.386994 1.485622 0.448311
v 2.396353 1.540341 0.381718
v 2.394028 1.464057 0.398259
v 2.394799 1.465501 0.392777
v 2.394799 1.465814 0.392777
v 2.385015 1.452179 0.462396
v 2.389273 1.452179 0.432095
v 2.394042 1.467258 0.398164
v 2.394478 1.466355 0.395059
v 2.393679 1.452179 0.400747
v 2.386994 1.433298 0.448311
v 2.386994 1.446487 0.448311
v 2.396464 1.452179 0.380932
v 2.396464 1.459279 0.380932
v 2.396333 1.459676 0.381861
v 2.398626 1.452179 0.365544
v 2.398624 1.452195 0.365562
v 2.398035 1.454502 0.369753
v 2.45 1.452179 0.0
v 2.400685 1.448099 0.350895
v 2.400761 1.443334 0.350353
v 2.399354 1.44242 0.360363
v 2.39931 1.445251 0.360677
v 2.400748 1.440731 0.350445
v 2.400627 1.435729 0.351306
v 2.399167 1.435729 0.361698
v 2.399277 1.438141 0.360915
v 2.399175 1.447834 0.361636
v 2.398966 1.449998 0.363124
v 2.397767 1.46733 0.37166
v 2.399214 1.461991 0.361364
v 2.45 1.504203 0.0
v 2.399935 1.457676 0.356231
v 2.400038 1.456872 0.355502
v 2.400438 1.452752 0.352651
v 2.400469 1.452179 0.352434
v 2.396518 0.953476 0.380549
v 2.45 1.299947 0.0
v 2.398591 0.945529 0.365793
v 2.402268 0.907103 0.339629
v 2.402548 0.890858 0.337642
v 2.400176 0.935359 0.354515
v 2.401469 0.922031 0.345317
v 2.401298 0.857073 0.34653
v 2.45 -1.850973 -0.0
v 2.4022 0.872525 0.340116
v 2.402541 0.888333 0.337688
v 2.394217 0.794576 0.396915
v 2.39174 0.773708 0.414541
v 2.396464 -1.797437 0.380932
v 2.395858 0.818767 0.385239
v 2.388708 0.758443 0.436114
v 2.38524 0.748841 0.460791
v 2.385015 -1.785988 0.462396
v 2.396212 0.827262 0.382721
v 2.396464 0.828108 0.380932
v 2.398217 0.834003 0.368454
v 2.399926 0.84397 0.356294
v 2.385015 0.74864 0.462396
v 2.381585 0.745591 0.486799
v 2.379518 -1.780491 0.501508
v 2.380696 0.745779 0.493123
v 2.379518 0.747288 0.501508
v 2.362351 -1.763324 0.623658
v 2.366946 0.827648 0.59096
v 2.366492 0.85404 0.594192
v 2.362579 0.898892 0.622034
v 2.377194 0.750265 0.518039
v 2.37384 0.760941 0.541909
v 2.370964 0.777055 0.562371
v 2.364454 0.88316 0.608693
v 2.36655 0.861738 0.593777
v 2.366678 0.869437 0.592866
v 2.37037 0.78156 0.566595
v 2.368286 0.802851 0.581421
v 2.362351 0.901538 0.623658
v 2.360206 -1.761179 0.638917
v 2.361169 0.915243 0.632064
v 2.360206 0.93041 0.638917
v 2.385267 1.12957 0.460602
v 2.385015 1.129794 0.462396
v 2.385015 1.049882 0.462396
v 2.383448 1.131185 0.47354
v 2.384886 0.860044 0.463314
v 2.384097 0.874827 0.468927
v 2.379518 0.789435 0.501508
v 2.382615 1.130844 0.47947
v 2.380826 1.127669 0.492195
v 2.380467 1.03077 0.494754
v 2.383821 0.890858 0.470889
v 2.379518 1.122571 0.501508
v 2.385015 0.793171 0.462396
v 2.385015 0.858712 0.462396
v 2.382852 0.788586 0.477784
v 2.381399 0.787766 0.488125
v 2.383888 0.898962 0.470415
v 2.384444 0.915125 0.466452
v 2.385015 0.922776 0.462396
v 2.38513 0.793416 0.461573
v 2.387973 0.835303 0.441347
v 2.38621 0.846363 0.453887
v 2.386999 0.801317 0.448277
v 2.388716 0.813313 0.436058
v 2.38997 0.827932 0.427136
v 2.370568 1.059108 0.565189
v 2.368061 1.043982 0.583029
v 2.373479 0.890189 0.544473
v 2.367864 1.042428 0.584429
v 2.366046 1.023625 0.597364
v 2.370529 0.900432 0.565467
v 2.373126 0.885564 0.546984
v 2.372358 0.870559 0.552454
v 2.379222 1.121419 0.503614
v 2.378039 1.113797 0.51203
v 2.376181 1.078969 0.525248
v 2.377028 1.103419 0.519218
v 2.376401 1.091739 0.523683
v 2.376181 1.073614 0.525248
v 2.373568 1.06947 0.543846
v 2.372684 0.831094 0.550133
v 2.37379 0.816193 0.542263
v 2.372134 0.847611 0.554044
v 2.375205 0.804804 0.532192
v 2.37706 0.795516 0.518993
v 2.368033 0.915453 0.583226
v 2.364925 1.002636 0.605339
v 2.366213 0.933352 0.596177
v 2.364535 0.979893 0.608113
v 2.364978 0.955216 0.604961
v 2.372082 0.854709 0.554416
v 2.379138 0.789772 0.504212
v 2.372676 1.129577 0.550191
v 2.374812 1.147743 0.534992
v 2.362461 1.249801 0.622871
v 2.362461 1.261955 0.622871
v 2.374071 1.261955 0.540262
v 2.375565 1.249801 0.529632
v 2.36379 1.070267 0.613416
v 2.367367 1.092465 0.587968
v 2.377461 1.161418 0.51614
v 2.375565 1.299454 0.529632
v 2.374071 1.299454 0.540262
v 2.37115 1.106416 0.561046
v 2.371301 1.10965 0.55997
v 2.45 1.850973 0.0
v 2.45 1.57009 0.0
v 2.45 1.540341 0.0
v 2.39624 1.343916 0.382523
v 2.360206 1.761179 0.638917
v 2.360206 1.57009 0.638917
v 2.360206 1.540341 0.638917
v 2.360206 1.504203 0.638917
v 2.360206 1.452179 0.638917
v 2.360206 1.430229 0.638917
v 2.360206 1.377772 0.638917
v 2.45 1.301873 0.0
v 2.360206 1.027596 0.638917
v 2.360206 1.299947 0.638917
v 2.360206 1.301873 0.638917
v 2.360206 1.307517 0.638917
v -2.350973 1.95 0.0
v -2.11 1.95 0.0
v -2.11 1.935946 -0.1
v -2.261179 1.860206 -0.638917
v -1.7 1.935946 -0.1
v 2.261179 1.860206 -0.638917
v -0.43 1.935946 -0.1
v -0.43 1.95 0.0
v 0.43 1.95 0.0
v 0.43 1.935946 -0.1
v 0.84 1.935946 -0.1
v -0.84 1.935946 -0.1
v -0.84 1.95 0.0
v -1.7 1.95 0.0
v 2.11 1.95 0.0
v 2.350973 1.95 -0.0
v 2.11 1.935946 -0.1
v 1.7 1.935946 -0.1
v 1.7 1.95 0.0
v 0.84 1.95 0.0
v 0.43 1.937351 0.09
v 1.7 1.937351 0.09
v 2.261179 1.860206 0.638917
v 2.11 1.937351 0.09
v -0.84 1.937351 0.09
v -1.7 1.937351 0.09
v -0.43 1.937351 0.09
v 0.84 1.937351 0.09
v -2.11 1.937351 0.09
v -2.261179 1.860206 0.638917
v 2.350973 -1.95 0.0
v 2.11 -1.95 0.0
v 2.11 -1.935946 -0.1
v -0.84 -1.935946 -0.1
v -0.84 -1.95 0.0
v -1.7 -1.95 0.0
v 1.7 -1.95 0.0
v 0.84 -1.95 0.0
v 1.7 -1.935946 -0.1
v 0.84 -1.935946 -0.1
v 2.261179 -1.860206 -0.638917
v -2.261179 -1.860206 -0.638917
v 0.43 -1.935946 -0.1
v -2.11 -1.95 0.0
v -2.350973 -1.95 -0.0
v -2.11 -1.935946 -0.1
v -1.7 -1.935946 -0.1
v -0.43 -1.935946 -0.1
v -0.43 -1.95 0.0
v 0.43 -1.95 0.0
v -0.43 -1.937351 0.09
v -1.7 -1.937351 0.09
v -2.261179 -1.860206 0.638917
v -2.11 -1.937351 0.09
v 0.84 -1.937351 0.09
v 1.7 -1.937351 0.09
v 0.43 -1.937351 0.09
v -0.84 -1.937351 0.09
v 2.11 -1.937351 0.09
v 2.261179 -1.860206 0.638917
v 2.360206 1.761179 -0.638917
v 2.360206 -1.761179 -0.638917
v -2.360206 1.761179 -0.638917
v -2.360206 -1.761179 -0.638917
v -2.45 1.850973 -0.0
v -2.45 -1.850973 -0.0
v -2.360206 1.761179 0.638917
v -2.360206 -1.761179 0.638917
v -1.688196 -1.27156 0.725
v -1.679969 -1.334051 0.725
v 2.261179 -1.761179 0.725
v -2.154631 -1.396541 0.725
v -2.162858 -1.334051 0.725
v -2.261179 -1.761179 0.725
v -1.688196 -1.396541 0.725
v -1.712316 -1.454773 0.725
v -1.750686 -1.504778 0.725
v -2.13051 -1.213328 0.725
v -2.09214 -1.163324 0.725
v -2.261179 1.761179 0.725
v -2.042135 -1.124954 0.725
v -1.983904 -1.100833 0.725
v -1.712316 -1.213328 0.725
v 2.261179 1.761179 0.725
v -1.750686 -1.163324 0.725
v -1.983904 -1.567268 0.725
v -2.042135 -1.543148 0.725
v -2.154631 -1.27156 0.725
v -1.921413 -1.092606 0.725
v -1.858923 -1.100833 0.725
v -1.800691 -1.124954 0.725
v -2.09214 -1.504778 0.725
v -2.13051 -1.454773 0.725
v -1.800691 -1.543148 0.725
v -1.858923 -1.567268 0.725
v -1.921413 -1.575495 0.725
v -1.724533 -1.447719 0.724
v -1.701822 -1.39289 0.724
v -1.921413 -1.334051 0.724
newmtl 3
Ka 0.0 0.0 0.0
Kd 0.0 0.0 0.0
Ks 0.0 0.0 0.0
d 0.0
endmtl
v -1.694076 -1.334051 0.724
v -1.701822 -1.275211 0.724
v -1.862574 -1.553642 0.724
v -1.807745 -1.530931 0.724
v -1.760661 -1.494803 0.724
v -2.035082 -1.530931 0.724
v -1.980253 -1.553642 0.724
v -1.921413 -1.561388 0.724
v -2.141005 -1.39289 0.724
v -2.118294 -1.447719 0.724
v -2.082165 -1.494803 0.724
v -2.118294 -1.220382 0.724
v -2.141005 -1.275211 0.724
v -2.148751 -1.334051 0.724
v -1.980253 -1.114459 0.724
v -2.035082 -1.13717 0.724
v -2.082165 -1.173299 0.724
v -1.807745 -1.13717 0.724
v -1.862574 -1.114459 0.724
v -1.921413 -1.106713 0.724
v -1.724533 -1.220382 0.724
v -1.760661 -1.173299 0.724
v -2.261179 -1.854376 0.661255
v 2.261179 -1.854376 0.661255
v -2.261179 -1.854041 0.661881
v 2.261179 -1.854041 0.661881
v -2.261179 -1.843089 0.682365
v 2.261179 -1.843089 0.682365
v -2.261179 -1.84271 0.682789
v 2.261179 -1.84271 0.682789
v -2.261179 -1.827109 0.700189
v 2.261179 -1.827109 0.700189
v -2.261179 -1.826757 0.700429
v 2.261179 -1.826757 0.700429
v -2.261179 -1.80735 0.713703
v 2.261179 -1.80735 0.713703
v -2.261179 -1.807084 0.713803
v 2.261179 -1.807084 0.713803
v -2.261179 -1.784946 0.722135
v 2.261179 -1.784946 0.722135
v -2.261179 -1.784804 0.722152
v 2.261179 -1.784804 0.722152
v 2.354041 -1.761179 0.661881
v 2.343089 -1.761179 0.682365
v 2.341036 -1.779406 0.682365
v 2.34271 -1.761179 0.682789
v 2.327109 -1.761179 0.700189
v 2.325456 -1.77585 0.700189
v 2.306192 -1.771453 0.713703
v 2.28435 -1.766468 0.722135
v 2.282592 -1.771491 0.722135
v 2.271491 -1.782592 0.722135
v 2.275997 -1.77976 0.722135
v 2.266468 -1.78435 0.722135
v 2.284804 -1.761179 0.722152
v 2.356937 -1.783066 0.641534
v 2.352039 -1.781917 0.661255
v 2.356424 -1.786505 0.641945
v 2.345146 -1.801616 0.661255
v 2.349124 -1.803565 0.643317
v 2.346308 -1.810147 0.643846
v 2.334043 -1.819286 0.661255
v 2.337247 -1.821857 0.644218
v 2.330533 -1.830533 0.644494
v 2.319286 -1.834043 0.661255
v 2.321857 -1.837247 0.644218
v 2.310147 -1.846308 0.643846
v 2.301616 -1.845146 0.661255
v 2.303565 -1.849124 0.643317
v 2.286505 -1.856423 0.641945
v 2.281918 -1.852039 0.661255
v 2.283066 -1.856937 0.641534
v 2.326757 -1.761179 0.700429
v 2.30735 -1.761179 0.713703
v 2.307084 -1.761179 0.713803
v 2.284945 -1.761179 0.722135
v 2.297277 -1.789966 0.713703
v 2.289966 -1.797277 0.713703
v 2.281212 -1.802778 0.713703
v 2.271453 -1.806192 0.713703
v 2.302778 -1.781212 0.713703
v 2.279761 -1.775997 0.722135
v 2.32058 -1.789785 0.700189
v 2.312725 -1.802285 0.700189
v 2.302285 -1.812725 0.700189
v 2.289785 -1.82058 0.700189
v 2.27585 -1.825456 0.700189
v 2.334977 -1.796719 0.682365
v 2.325219 -1.812249 0.682365
v 2.312249 -1.825219 0.682365
v 2.296719 -1.834977 0.682365
v 2.279406 -1.841035 0.682365
v 2.354376 -1.761179 0.661255
v -2.279406 -1.841035 0.682365
v -2.27585 -1.825456 0.700189
v -2.271453 -1.806192 0.713703
v -2.266468 -1.78435 0.722135
v -2.271491 -1.782592 0.722135
v -2.282592 -1.771491 0.722135
v -2.279761 -1.775997 0.722135
v -2.28435 -1.766468 0.722135
v -2.283066 -1.856937 0.641534
v -2.281918 -1.852039 0.661255
v -2.286505 -1.856423 0.641945
v -2.301616 -1.845146 0.661255
v -2.303565 -1.849124 0.643317
v -2.310147 -1.846308 0.643846
v -2.319286 -1.834043 0.661255
v -2.321857 -1.837247 0.644218
v -2.330533 -1.830533 0.644494
v -2.334043 -1.819286 0.661255
v -2.337247 -1.821857 0.644218
v -2.346308 -1.810147 0.643846
v -2.345146 -1.801616 0.661255
v -2.349124 -1.803565 0.643317
v -2.356424 -1.786505 0.641945
v -2.352039 -1.781917 0.661255
v -2.356937 -1.783066 0.641534
v -2.354376 -1.761179 0.661255
v -2.284804 -1.761179 0.722152
v -2.289966 -1.797277 0.713703
v -2.297277 -1.789966 0.713703
v -2.302778 -1.781212 0.713703
v -2.306192 -1.771453 0.713703
v -2.281212 -1.802778 0.713703
v -2.275997 -1.77976 0.722135
v -2.284945 -1.761179 0.722135
v -2.307084 -1.761179 0.713803
v -2.30735 -1.761179 0.713703
v -2.326757 -1.761179 0.700429
v -2.289785 -1.82058 0.700189
v -2.302285 -1.812725 0.700189
v -2.312725 -1.802285 0.700189
v -2.32058 -1.789785 0.700189
v -2.325456 -1.77585 0.700189
v -2.296719 -1.834977 0.682365
v -2.312249 -1.825219 0.682365
v -2.325219 -1.812249 0.682365
v -2.334977 -1.796719 0.682365
v -2.341036 -1.779406 0.682365
v -2.327109 -1.761179 0.700189
v -2.34271 -1.761179 0.682789
v -2.343089 -1.761179 0.682365
v -2.354041 -1.761179 0.661881
v 2.446643 -1.876724 -0.0
v 2.442499 -1.889013 -0.0
v 2.436795 -1.900634 -0.0
v 2.429626 -1.911393 -0.0
v 2.421111 -1.921111 -0.0
v 2.411393 -1.929626 -0.0
v 2.400634 -1.936795 -0.0
v 2.389013 -1.942499 -0.0
v 2.376724 -1.946643 -0.0
v 2.354041 1.761179 0.661881
v 2.354376 1.761179 0.661255
v 2.343089 1.761179 0.682365
v 2.34271 1.761179 0.682789
v 2.327109 1.761179 0.700189
v 2.326757 1.761179 0.700429
v 2.30735 1.761179 0.713703
v 2.307084 1.761179 0.713803
v 2.284945 1.761179 0.722135
v 2.284804 1.761179 0.722152
v 2.261179 1.854376 0.661255
v -2.261179 1.854376 0.661255
v 2.261179 1.854041 0.661881
v -2.261179 1.854041 0.661881
v 2.261179 1.843089 0.682365
v -2.261179 1.843089 0.682365
v 2.261179 1.84271 0.682789
v -2.261179 1.84271 0.682789
v 2.261179 1.827109 0.700189
v -2.261179 1.827109 0.700189
v 2.261179 1.826757 0.700429
v -2.261179 1.826757 0.700429
v 2.261179 1.80735 0.713703
v -2.261179 1.80735 0.713703
v 2.261179 1.807084 0.713803
v -2.261179 1.807084 0.713803
v 2.261179 1.784946 0.722135
v -2.261179 1.784946 0.722135
v 2.261179 1.784804 0.722152
v -2.261179 1.784804 0.722152
v -2.354376 1.761179 0.661255
v -2.354041 1.761179 0.661881
v -2.343089 1.761179 0.682365
v -2.34271 1.761179 0.682789
v -2.327109 1.761179 0.700189
v -2.326757 1.761179 0.700429
v -2.30735 1.761179 0.713703
v -2.307084 1.761179 0.713803
v -2.284945 1.761179 0.722135
v -2.284804 1.761179 0.722152
v -2.376724 -1.946643 0.0
v -2.389013 -1.942499 0.0
v -2.400634 -1.936795 0.0
v -2.411393 -1.929626 0.0
v -2.421111 -1.921111 0.0
v -2.429626 -1.911393 0.0
v -2.436795 -1.900634 0.0
v -2.442499 -1.889013 0.0
v -2.446643 -1.876724 0.0
v 2.283066 -1.856937 -0.641534
v 2.286505 -1.856423 -0.641945
v 2.303565 -1.849124 -0.643317
v 2.310147 -1.846308 -0.643846
v 2.321857 -1.837247 -0.644218
v 2.330533 -1.830533 -0.644494
v 2.337247 -1.821857 -0.644218
v 2.346308 -1.810147 -0.643846
v 2.349124 -1.803565 -0.643317
v 2.356937 -1.783066 -0.641534
v 2.356424 -1.786505 -0.641945
v 2.279406 1.841035 0.682365
v 2.27585 1.825456 0.700189
v 2.271453 1.806192 0.713703
v 2.266468 1.78435 0.722135
v 2.271491 1.782592 0.722135
v 2.282592 1.771491 0.722135
v 2.279761 1.775997 0.722135
v 2.28435 1.766468 0.722135
v 2.283066 1.856937 0.641534
v 2.281918 1.852039 0.661255
v 2.286505 1.856423 0.641945
v 2.301616 1.845146 0.661255
v 2.303565 1.849124 0.643317
v 2.310147 1.846308 0.643846
v 2.319286 1.834043 0.661255
v 2.321857 1.837247 0.644218
v 2.330533 1.830533 0.644494
v 2.334043 1.819286 0.661255
v 2.337247 1.821857 0.644218
v 2.346308 1.810147 0.643846
v 2.345146 1.801616 0.661255
v 2.349124 1.803565 0.643317
v 2.356424 1.786505 0.641945
v 2.352039 1.781917 0.661255
v 2.356937 1.783066 0.641534
v 2.289966 1.797277 0.713703
v 2.297277 1.789966 0.713703
v 2.302778 1.781212 0.713703
v 2.306192 1.771453 0.713703
v 2.281212 1.802778 0.713703
v 2.275997 1.77976 0.722135
v 2.289785 1.82058 0.700189
v 2.302285 1.812725 0.700189
v 2.312725 1.802285 0.700189
v 2.32058 1.789785 0.700189
v 2.325456 1.77585 0.700189
v 2.296719 1.834977 0.682365
v 2.312249 1.825219 0.682365
v 2.325219 1.812249 0.682365
v 2.334977 1.796719 0.682365
v 2.341036 1.779406 0.682365
v -2.324862 1.778243 0.700189
v -2.305777 1.773129 0.713703
v -2.284136 1.76733 0.722135
v -2.281761 1.773062 0.722135
v -2.273062 1.781761 0.722135
v -2.277985 1.777984 0.722135
v -2.26733 1.784136 0.722135
v -2.3512 1.7853 0.661255
v -2.35635 1.786677 0.641959
v -2.356424 1.786505 0.641945
v -2.346308 1.810147 0.643846
v -2.34189 1.807778 0.661255
v -2.346213 1.81027 0.64385
v -2.327079 1.827079 0.661255
v -2.330533 1.830533 0.644494
v -2.307778 1.84189 0.661255
v -2.31027 1.846213 0.64385
v -2.310147 1.846308 0.643846
v -2.2853 1.8512 0.661255
v -2.286677 1.85635 0.641959
v -2.286505 1.856423 0.641945
v -2.301164 1.784265 0.713703
v -2.293827 1.793827 0.713703
v -2.284265 1.801164 0.713703
v -2.273129 1.805777 0.713703
v -2.318276 1.794144 0.700189
v -2.307798 1.807798 0.700189
v -2.294144 1.818276 0.700189
v -2.278243 1.824862 0.700189
v -2.340298 1.782379 0.682365
v -2.332115 1.802134 0.682365
v -2.319098 1.819098 0.682365
v -2.302134 1.832115 0.682365
v -2.282379 1.840298 0.682365
v -2.356937 -1.783066 -0.641534
v -2.356424 -1.786505 -0.641945
v -2.349124 -1.803565 -0.643317
v -2.346308 -1.810147 -0.643846
v -2.337247 -1.821857 -0.644218
v -2.330533 -1.830533 -0.644494
v -2.321857 -1.837247 -0.644218
v -2.310147 -1.846308 -0.643846
v -2.303565 -1.849124 -0.643317
v -2.283066 -1.856937 -0.641534
v -2.286505 -1.856423 -0.641945
v 2.261179 -1.854376 -0.661255
v -2.261179 -1.854376 -0.661255
v 2.261179 -1.854041 -0.661881
v -2.261179 -1.854041 -0.661881
v 2.261179 -1.843089 -0.682365
v -2.261179 -1.843089 -0.682365
v 2.261179 -1.84271 -0.682789
v -2.261179 -1.84271 -0.682789
v 2.261179 -1.827109 -0.700189
v -2.261179 -1.827109 -0.700189
v 2.261179 -1.826757 -0.700429
v -2.261179 -1.826757 -0.700429
v 2.261179 -1.80735 -0.713703
v -2.261179 -1.80735 -0.713703
v 2.261179 -1.807084 -0.713803
v -2.261179 -1.807084 -0.713803
v 2.261179 -1.784946 -0.722135
v -2.261179 -1.784946 -0.722135
v 2.261179 -1.784804 -0.722152
v -2.261179 -1.784804 -0.722152
v 2.266468 -1.78435 -0.722135
v 2.279761 -1.775997 -0.722135
v 2.275997 -1.77976 -0.722135
v 2.307084 -1.761179 -0.713803
v 2.30735 -1.761179 -0.713703
v 2.306192 -1.771453 -0.713703
v 2.326757 -1.761179 -0.700429
v 2.327109 -1.761179 -0.700189
v 2.325456 -1.77585 -0.700189
v 2.341036 -1.779406 -0.682365
v 2.352039 -1.781917 -0.661255
v 2.345146 -1.801616 -0.661255
v 2.301616 -1.845146 -0.661255
v 2.281918 -1.852039 -0.661255
v 2.334043 -1.819286 -0.661255
v 2.354376 -1.761179 -0.661255
v 2.354041 -1.761179 -0.661881
v 2.343089 -1.761179 -0.682365
v 2.34271 -1.761179 -0.682789
v 2.279406 -1.841035 -0.682365
v 2.334977 -1.796719 -0.682365
v 2.27585 -1.825456 -0.700189
v 2.32058 -1.789785 -0.700189
v 2.325219 -1.812249 -0.682365
v 2.319286 -1.834043 -0.661255
v 2.271453 -1.806192 -0.713703
v 2.312249 -1.825219 -0.682365
v 2.312725 -1.802285 -0.700189
v 2.302778 -1.781212 -0.713703
v 2.28435 -1.766468 -0.722135
v 2.289966 -1.797277 -0.713703
v 2.296719 -1.834977 -0.682365
v 2.289785 -1.82058 -0.700189
v 2.281212 -1.802778 -0.713703
v 2.271491 -1.782592 -0.722135
v 2.284804 -1.761179 -0.722152
v 2.284945 -1.761179 -0.722135
v 2.302285 -1.812725 -0.700189
v 2.297277 -1.789966 -0.713703
v 2.282592 -1.771491 -0.722135
v 2.376724 1.946643 -0.0
v 2.389013 1.942499 -0.0
v 2.400634 1.936795 -0.0
v 2.411393 1.929626 -0.0
v 2.421111 1.921111 -0.0
v 2.429626 1.911393 -0.0
v 2.436795 1.900634 -0.0
v 2.442499 1.889013 -0.0
v 2.446643 1.876724 -0.0
v -2.446643 1.876724 0.0
v -2.442499 1.889013 0.0
v -2.436795 1.900634 0.0
v -2.429626 1.911393 0.0
v -2.421111 1.921111 0.0
v -2.411393 1.929626 0.0
v -2.400634 1.936795 0.0
v -2.389013 1.942499 0.0
v -2.376724 1.946643 0.0
v -2.284804 -1.761179 -0.722152
v -2.28435 -1.766468 -0.722135
v -2.275997 -1.77976 -0.722135
v -2.279761 -1.775997 -0.722135
v -2.271453 -1.806192 -0.713703
v -2.27585 -1.825456 -0.700189
v -2.279406 -1.841035 -0.682365
v -2.281918 -1.852039 -0.661255
v -2.301616 -1.845146 -0.661255
v -2.345146 -1.801616 -0.661255
v -2.352039 -1.781917 -0.661255
v -2.319286 -1.834043 -0.661255
v -2.354376 -1.761179 -0.661255
v -2.354041 -1.761179 -0.661881
v -2.341036 -1.779406 -0.682365
v -2.296719 -1.834977 -0.682365
v -2.343089 -1.761179 -0.682365
v -2.34271 -1.761179 -0.682789
v -2.325456 -1.77585 -0.700189
v -2.289785 -1.82058 -0.700189
v -2.312249 -1.825219 -0.682365
v -2.334043 -1.819286 -0.661255
v -2.327109 -1.761179 -0.700189
v -2.326757 -1.761179 -0.700429
v -2.306192 -1.771453 -0.713703
v -2.325219 -1.812249 -0.682365
v -2.302285 -1.812725 -0.700189
v -2.281212 -1.802778 -0.713703
v -2.266468 -1.78435 -0.722135
v -2.297277 -1.789966 -0.713703
v -2.334977 -1.796719 -0.682365
v -2.32058 -1.789785 -0.700189
v -2.302778 -1.781212 -0.713703
v -2.282592 -1.771491 -0.722135
v -2.312725 -1.802285 -0.700189
v -2.289966 -1.797277 -0.713703
v -2.271491 -1.782592 -0.722135
v -2.30735 -1.761179 -0.713703
v -2.307084 -1.761179 -0.713803
v -2.284945 -1.761179 -0.722135
v 2.354376 1.761179 -0.661255
v 2.354041 1.761179 -0.661881
v 2.343089 1.761179 -0.682365
v 2.34271 1.761179 -0.682789
v 2.327109 1.761179 -0.700189
v 2.326757 1.761179 -0.700429
v 2.30735 1.761179 -0.713703
v 2.307084 1.761179 -0.713803
v 2.284945 1.761179 -0.722135
v 2.284804 1.761179 -0.722152
v 2.356424 1.786505 -0.641945
v 2.35635 1.786677 -0.641959
v 2.346308 1.810147 -0.643846
v 2.346213 1.81027 -0.64385
v 2.330533 1.830533 -0.644494
v 2.31027 1.846213 -0.64385
v 2.310147 1.846308 -0.643846
v 2.286677 1.85635 -0.641959
v 2.286505 1.856423 -0.641945
v -2.286505 1.856423 -0.641945
v -2.286677 1.85635 -0.641959
v -2.310147 1.846308 -0.643846
v -2.31027 1.846213 -0.64385
v -2.330533 1.830533 -0.644494
v -2.346213 1.81027 -0.64385
v -2.346308 1.810147 -0.643846
v -2.35635 1.786677 -0.641959
v -2.356424 1.786505 -0.641945
v -2.354376 1.761179 -0.661255
v -2.354041 1.761179 -0.661881
v -2.343089 1.761179 -0.682365
v -2.34271 1.761179 -0.682789
v -2.327109 1.761179 -0.700189
v -2.326757 1.761179 -0.700429
v -2.30735 1.761179 -0.713703
v -2.307084 1.761179 -0.713803
v -2.284945 1.761179 -0.722135
v -2.284804 1.761179 -0.722152
v 2.284136 1.76733 -0.722135
v 2.261179 1.807084 -0.713803
v 2.261179 1.80735 -0.713703
v 2.273129 1.805777 -0.713703
v 2.261179 1.826757 -0.700429
v 2.261179 1.827109 -0.700189
v 2.278243 1.824862 -0.700189
v 2.282379 1.840298 -0.682365
v 2.2853 1.8512 -0.661255
v 2.307778 1.84189 -0.661255
v 2.3512 1.7853 -0.661255
v 2.261179 1.854376 -0.661255
v 2.261179 1.854041 -0.661881
v 2.261179 1.843089 -0.682365
v 2.261179 1.84271 -0.682789
v 2.340298 1.782379 -0.682365
v 2.302134 1.832115 -0.682365
v 2.327079 1.827079 -0.661255
v 2.324862 1.778243 -0.700189
v 2.294144 1.818276 -0.700189
v 2.319098 1.819098 -0.682365
v 2.305777 1.773129 -0.713703
v 2.307798 1.807798 -0.700189
v 2.284265 1.801164 -0.713703
v 2.26733 1.784136 -0.722135
v 2.34189 1.807778 -0.661255
v 2.332115 1.802134 -0.682365
v 2.318276 1.794144 -0.700189
v 2.301164 1.784265 -0.713703
v 2.281761 1.773062 -0.722135
v 2.261179 1.784804 -0.722152
v 2.261179 1.784946 -0.722135
v 2.293827 1.793827 -0.713703
v 2.273062 1.781761 -0.722135
v 2.277985 1.777984 -0.722135
v -2.261179 1.784804 -0.722152
v -2.26733 1.784136 -0.722135
v -2.305777 1.773129 -0.713703
v -2.324862 1.778243 -0.700189
v -2.340298 1.782379 -0.682365
v -2.3512 1.7853 -0.661255
v -2.34189 1.807778 -0.661255
v -2.261179 1.854376 -0.661255
v -2.2853 1.8512 -0.661255
v -2.261179 1.854041 -0.661881
v -2.282379 1.840298 -0.682365
v -2.332115 1.802134 -0.682365
v -2.327079 1.827079 -0.661255
v -2.261179 1.843089 -0.682365
v -2.261179 1.84271 -0.682789
v -2.278243 1.824862 -0.700189
v -2.318276 1.794144 -0.700189
v -2.319098 1.819098 -0.682365
v -2.261179 1.827109 -0.700189
v -2.261179 1.826757 -0.700429
v -2.273129 1.805777 -0.713703
v -2.307798 1.807798 -0.700189
v -2.301164 1.784265 -0.713703
v -2.284136 1.76733 -0.722135
v -2.307778 1.84189 -0.661255
v -2.302134 1.832115 -0.682365
v -2.294144 1.818276 -0.700189
v -2.284265 1.801164 -0.713703
v -2.273062 1.781761 -0.722135
v -2.293827 1.793827 -0.713703
v -2.281761 1.773062 -0.722135
v -2.277985 1.777984 -0.722135
v -2.261179 1.80735 -0.713703
v -2.261179 1.807084 -0.713803
v -2.261179 1.784946 -0.722135
v 0.43 -2.038599 0.09
v 0.84 -2.038599 0.09
v 0.84 -3.0 -0.635
v 0.84 -2.409775 -0.635
v 0.43 -3.0 -0.635
v 0.43 -2.409775 -0.635
v 0.84 -3.0 -0.825
v 0.43 -3.0 -0.825
v 0.84 -2.409775 -0.825
v 0.43 -2.409775 -0.825
v 0.43 -2.352121 -0.818261
v 0.84 -2.352121 -0.818261
v 0.43 -2.297575 -0.798408
v 0.84 -2.297575 -0.798408
v 0.43 -2.249078 -0.766511
v 0.84 -2.249078 -0.766511
v 0.43 -2.209244 -0.72429
v 0.84 -2.209244 -0.72429
v 0.43 -2.180221 -0.67402
v 0.84 -2.180221 -0.67402
v 0.43 -2.163573 -0.618412
v 0.84 -2.163573 -0.618412
v 0.84 -2.077991 -0.133054
v 0.43 -2.077991 -0.133054
v 0.84 -2.075328 -0.124157
v 0.43 -2.075328 -0.124157
v 0.84 -2.070684 -0.116114
v 0.43 -2.070684 -0.116114
v 0.84 -2.064311 -0.109358
v 0.43 -2.064311 -0.109358
v 0.84 -2.056551 -0.104255
v 0.43 -2.056551 -0.104255
v 0.84 -2.047823 -0.101078
v 0.43 -2.047823 -0.101078
v 0.84 -2.038599 -0.1
v 0.43 -2.038599 -0.1
v 0.43 -2.091641 0.0838
v 0.84 -2.091641 0.0838
v 0.43 -2.141823 0.065536
v 0.84 -2.141823 0.065536
v 0.43 -2.18644 0.03619
v 0.84 -2.18644 0.03619
v 0.43 -2.223087 -0.002654
v 0.84 -2.223087 -0.002654
v 0.43 -2.249789 -0.048902
v 0.84 -2.249789 -0.048902
v 0.43 -2.265105 -0.100061
v 0.84 -2.265105 -0.100061
v 0.84 -2.350686 -0.585419
v 0.43 -2.350686 -0.585419
v 0.84 -2.354682 -0.598765
v 0.43 -2.354682 -0.598765
v 0.84 -2.361648 -0.61083
v 0.43 -2.361648 -0.61083
v 0.84 -2.371207 -0.620963
v 0.43 -2.371207 -0.620963
v 0.84 -2.382847 -0.628618
v 0.43 -2.382847 -0.628618
v 0.84 -2.395938 -0.633383
v 0.43 -2.395938 -0.633383
v 2.11 -3.0 -0.635
v 2.11 -2.409775 -0.635
v 1.7 -3.0 -0.635
v 1.7 -2.409775 -0.635
v 2.11 -3.0 -0.825
v 1.7 -3.0 -0.825
v 2.11 -2.409775 -0.825
v 1.7 -2.409775 -0.825
v 1.7 -2.352121 -0.818261
v 2.11 -2.352121 -0.818261
v 1.7 -2.297575 -0.798408
v 2.11 -2.297575 -0.798408
v 1.7 -2.249078 -0.766511
v 2.11 -2.249078 -0.766511
v 1.7 -2.209244 -0.72429
v 2.11 -2.209244 -0.72429
v 1.7 -2.180221 -0.67402
v 2.11 -2.180221 -0.67402
v 1.7 -2.163573 -0.618412
v 2.11 -2.163573 -0.618412
v 2.11 -2.077991 -0.133054
v 1.7 -2.077991 -0.133054
v 2.11 -2.075328 -0.124157
v 1.7 -2.075328 -0.124157
v 2.11 -2.070684 -0.116114
v 1.7 -2.070684 -0.116114
v 2.11 -2.064311 -0.109358
v 1.7 -2.064311 -0.109358
v 2.11 -2.056551 -0.104255
v 1.7 -2.056551 -0.104255
v 2.11 -2.047823 -0.101078
v 1.7 -2.047823 -0.101078
v 2.11 -2.038599 -0.1
v 1.7 -2.038599 -0.1
v 1.7 -2.038599 0.09
v 2.11 -2.038599 0.09
v 1.7 -2.091641 0.0838
v 2.11 -2.091641 0.0838
v 1.7 -2.141823 0.065536
v 2.11 -2.141823 0.065536
v 1.7 -2.18644 0.03619
v 2.11 -2.18644 0.03619
v 1.7 -2.223087 -0.002654
v 2.11 -2.223087 -0.002654
v 1.7 -2.249789 -0.048902
v 2.11 -2.249789 -0.048902
v 1.7 -2.265105 -0.100061
v 2.11 -2.265105 -0.100061
v 2.11 -2.350686 -0.585419
v 1.7 -2.350686 -0.585419
v 2.11 -2.395938 -0.633383
v 2.11 -2.382847 -0.628618
v 2.11 -2.371207 -0.620963
v 2.11 -2.361648 -0.61083
v 2.11 -2.354682 -0.598765
v 1.7 -2.354682 -0.598765
v 1.7 -2.361648 -0.61083
v 1.7 -2.371207 -0.620963
v 1.7 -2.382847 -0.628618
v 1.7 -2.395938 -0.633383
v -0.43 -3.0 -0.635
v -0.43 -2.409775 -0.635
v -0.84 -3.0 -0.635
v -0.84 -2.409775 -0.635
v -0.43 -3.0 -0.825
v -0.84 -3.0 -0.825
v -0.43 -2.409775 -0.825
v -0.84 -2.409775 -0.825
v -0.84 -2.352121 -0.818261
v -0.43 -2.352121 -0.818261
v -0.84 -2.297575 -0.798408
v -0.43 -2.297575 -0.798408
v -0.84 -2.249078 -0.766511
v -0.43 -2.249078 -0.766511
v -0.84 -2.209244 -0.72429
v -0.43 -2.209244 -0.72429
v -0.84 -2.180221 -0.67402
v -0.43 -2.180221 -0.67402
v -0.84 -2.163573 -0.618412
v -0.43 -2.163573 -0.618412
v -0.43 -2.077991 -0.133054
v -0.84 -2.077991 -0.133054
v -0.43 -2.075328 -0.124157
v -0.84 -2.075328 -0.124157
v -0.43 -2.070684 -0.116114
v -0.84 -2.070684 -0.116114
v -0.43 -2.064311 -0.109358
v -0.84 -2.064311 -0.109358
v -0.43 -2.056551 -0.104255
v -0.84 -2.056551 -0.104255
v -0.43 -2.047823 -0.101078
v -0.84 -2.047823 -0.101078
v -0.43 -2.038599 -0.1
v -0.84 -2.038599 -0.1
v -0.84 -2.038599 0.09
v -0.43 -2.038599 0.09
v -0.84 -2.091641 0.0838
v -0.43 -2.091641 0.0838
v -0.84 -2.141823 0.065536
v -0.43 -2.141823 0.065536
v -0.84 -2.18644 0.03619
v -0.43 -2.18644 0.03619
v -0.84 -2.223087 -0.002654
v -0.43 -2.223087 -0.002654
v -0.84 -2.249789 -0.048902
v -0.43 -2.249789 -0.048902
v -0.84 -2.265105 -0.100061
v -0.43 -2.265105 -0.100061
v -0.43 -2.350686 -0.585419
v -0.84 -2.350686 -0.585419
v -0.43 -2.395938 -0.633383
v -0.43 -2.382847 -0.628618
v -0.43 -2.371207 -0.620963
v -0.43 -2.361648 -0.61083
v -0.43 -2.354682 -0.598765
v -0.84 -2.354682 -0.598765
v -0.84 -2.361648 -0.61083
v -0.84 -2.371207 -0.620963
v -0.84 -2.382847 -0.628618
v -0.84 -2.395938 -0.633383
v -1.7 -3.0 -0.635
v -1.7 -2.409775 -0.635
v -2.11 -3.0 -0.635
v -2.11 -2.409775 -0.635
v -1.7 -3.0 -0.825
v -2.11 -3.0 -0.825
v -1.7 -2.409775 -0.825
v -2.11 -2.409775 -0.825
v -2.11 -2.352121 -0.818261
v -1.7 -2.352121 -0.818261
v -2.11 -2.297575 -0.798408
v -1.7 -2.297575 -0.798408
v -2.11 -2.249078 -0.766511
v -1.7 -2.249078 -0.766511
v -2.11 -2.209244 -0.72429
v -1.7 -2.209244 -0.72429
v -2.11 -2.180221 -0.67402
v -1.7 -2.180221 -0.67402
v -2.11 -2.163573 -0.618412
v -1.7 -2.163573 -0.618412
v -1.7 -2.077991 -0.133054
v -2.11 -2.077991 -0.133054
v -1.7 -2.075328 -0.124157
v -2.11 -2.075328 -0.124157
v -1.7 -2.070684 -0.116114
v -2.11 -2.070684 -0.116114
v -1.7 -2.064311 -0.109358
v -2.11 -2.064311 -0.109358
v -1.7 -2.056551 -0.104255
v -2.11 -2.056551 -0.104255
v -1.7 -2.047823 -0.101078
v -2.11 -2.047823 -0.101078
v -1.7 -2.038599 -0.1
v -2.11 -2.038599 -0.1
v -2.11 -2.038599 0.09
v -1.7 -2.038599 0.09
v -2.11 -2.091641 0.0838
v -1.7 -2.091641 0.0838
v -2.11 -2.141823 0.065536
v -1.7 -2.141823 0.065536
v -2.11 -2.18644 0.03619
v -1.7 -2.18644 0.03619
v -2.11 -2.223087 -0.002654
v -1.7 -2.223087 -0.002654
v -2.11 -2.249789 -0.048902
v -1.7 -2.249789 -0.048902
v -2.11 -2.265105 -0.100061
v -1.7 -2.265105 -0.100061
v -1.7 -2.350686 -0.585419
v -2.11 -2.350686 -0.585419
v -1.7 -2.395938 -0.633383
v -1.7 -2.382847 -0.628618
v -1.7 -2.371207 -0.620963
v -1.7 -2.361648 -0.61083
v -1.7 -2.354682 -0.598765
v -2.11 -2.354682 -0.598765
v -2.11 -2.361648 -0.61083
v -2.11 -2.371207 -0.620963
v -2.11 -2.382847 -0.628618
v -2.11 -2.395938 -0.633383
v 0.84 2.409775 -0.635
v 0.84 3.0 -0.635
v 0.43 2.409775 -0.635
v 0.43 3.0 -0.635
v 0.84 3.0 -0.825
v 0.43 3.0 -0.825
v 0.84 2.409775 -0.825
v 0.43 2.409775 -0.825
v 0.84 2.163573 -0.618412
v 0.43 2.163573 -0.618412
v 0.43 2.180221 -0.67402
v 0.84 2.180221 -0.67402
v 0.43 2.209244 -0.72429
v 0.84 2.209244 -0.72429
v 0.43 2.249078 -0.766511
v 0.84 2.249078 -0.766511
v 0.43 2.297575 -0.798408
v 0.84 2.297575 -0.798408
v 0.43 2.352121 -0.818261
v 0.84 2.352121 -0.818261
v 0.84 2.077991 -0.133054
v 0.43 2.077991 -0.133054
v 0.84 2.038599 -0.1
v 0.43 2.038599 -0.1
v 0.84 2.047823 -0.101078
v 0.43 2.047823 -0.101078
v 0.84 2.056551 -0.104255
v 0.43 2.056551 -0.104255
v 0.84 2.064311 -0.109358
v 0.43 2.064311 -0.109358
v 0.84 2.070684 -0.116114
v 0.43 2.070684 -0.116114
v 0.84 2.075328 -0.124157
v 0.43 2.075328 -0.124157
v 0.43 2.038599 0.09
v 0.84 2.038599 0.09
v 0.84 2.265105 -0.100061
v 0.43 2.265105 -0.100061
v 0.43 2.249789 -0.048902
v 0.84 2.249789 -0.048902
v 0.43 2.223087 -0.002654
v 0.84 2.223087 -0.002654
v 0.43 2.18644 0.03619
v 0.84 2.18644 0.03619
v 0.43 2.141823 0.065536
v 0.84 2.141823 0.065536
v 0.43 2.091641 0.0838
v 0.84 2.091641 0.0838
v 0.84 2.350686 -0.585419
v 0.43 2.350686 -0.585419
v 0.84 2.395938 -0.633383
v 0.84 2.382847 -0.628618
v 0.84 2.371207 -0.620963
v 0.84 2.361648 -0.61083
v 0.84 2.354682 -0.598765
v 0.43 2.395938 -0.633383
v 0.43 2.382847 -0.628618
v 0.43 2.371207 -0.620963
v 0.43 2.361648 -0.61083
v 0.43 2.354682 -0.598765
v 2.11 2.409775 -0.635
v 2.11 3.0 -0.635
v 1.7 2.409775 -0.635
v 1.7 3.0 -0.635
v 2.11 3.0 -0.825
v 1.7 3.0 -0.825
v 2.11 2.409775 -0.825
v 1.7 2.409775 -0.825
v 2.11 2.163573 -0.618412
v 1.7 2.163573 -0.618412
v 1.7 2.180221 -0.67402
v 2.11 2.180221 -0.67402
v 1.7 2.209244 -0.72429
v 2.11 2.209244 -0.72429
v 1.7 2.249078 -0.766511
v 2.11 2.249078 -0.766511
v 1.7 2.297575 -0.798408
v 2.11 2.297575 -0.798408
v 1.7 2.352121 -0.818261
v 2.11 2.352121 -0.818261
v 2.11 2.077991 -0.133054
v 1.7 2.077991 -0.133054
v 2.11 2.038599 -0.1
v 1.7 2.038599 -0.1
v 2.11 2.047823 -0.101078
v 1.7 2.047823 -0.101078
v 2.11 2.056551 -0.104255
v 1.7 2.056551 -0.104255
v 2.11 2.064311 -0.109358
v 1.7 2.064311 -0.109358
v 2.11 2.070684 -0.116114
v 1.7 2.070684 -0.116114
v 2.11 2.075328 -0.124157
v 1.7 2.075328 -0.124157
v 1.7 2.038599 0.09
v 2.11 2.038599 0.09
v 2.11 2.265105 -0.100061
v 1.7 2.265105 -0.100061
v 1.7 2.249789 -0.048902
v 2.11 2.249789 -0.048902
v 1.7 2.223087 -0.002654
v 2.11 2.223087 -0.002654
v 1.7 2.18644 0.03619
v 2.11 2.18644 0.03619
v 1.7 2.141823 0.065536
v 2.11 2.141823 0.065536
v 1.7 2.091641 0.0838
v 2.11 2.091641 0.0838
v 2.11 2.350686 -0.585419
v 1.7 2.350686 -0.585419
v 2.11 2.395938 -0.633383
v 2.11 2.382847 -0.628618
v 2.11 2.371207 -0.620963
v 2.11 2.361648 -0.61083
v 2.11 2.354682 -0.598765
v 1.7 2.395938 -0.633383
v 1.7 2.382847 -0.628618
v 1.7 2.371207 -0.620963
v 1.7 2.361648 -0.61083
v 1.7 2.354682 -0.598765
v -0.43 2.409775 -0.635
v -0.43 3.0 -0.635
v -0.84 2.409775 -0.635
v -0.84 3.0 -0.635
v -0.43 3.0 -0.825
v -0.84 3.0 -0.825
v -0.43 2.409775 -0.825
v -0.84 2.409775 -0.825
v -0.43 2.163573 -0.618412
v -0.84 2.163573 -0.618412
v -0.84 2.180221 -0.67402
v -0.43 2.180221 -0.67402
v -0.84 2.209244 -0.72429
v -0.43 2.209244 -0.72429
v -0.84 2.249078 -0.766511
v -0.43 2.249078 -0.766511
v -0.84 2.297575 -0.798408
v -0.43 2.297575 -0.798408
v -0.84 2.352121 -0.818261
v -0.43 2.352121 -0.818261
v -0.43 2.077991 -0.133054
v -0.84 2.077991 -0.133054
v -0.43 2.038599 -0.1
v -0.84 2.038599 -0.1
v -0.43 2.047823 -0.101078
v -0.84 2.047823 -0.101078
v -0.43 2.056551 -0.104255
v -0.84 2.056551 -0.104255
v -0.43 2.064311 -0.109358
v -0.84 2.064311 -0.109358
v -0.43 2.070684 -0.116114
v -0.84 2.070684 -0.116114
v -0.43 2.075328 -0.124157
v -0.84 2.075328 -0.124157
v -0.84 2.038599 0.09
v -0.43 2.038599 0.09
v -0.43 2.265105 -0.100061
v -0.84 2.265105 -0.100061
v -0.84 2.249789 -0.048902
v -0.43 2.249789 -0.048902
v -0.84 2.223087 -0.002654
v -0.43 2.223087 -0.002654
v -0.84 2.18644 0.03619
v -0.43 2.18644 0.03619
v -0.84 2.141823 0.065536
v -0.43 2.141823 0.065536
v -0.84 2.091641 0.0838
v -0.43 2.091641 0.0838
v -0.43 2.350686 -0.585419
v -0.84 2.350686 -0.585419
v -0.43 2.395938 -0.633383
v -0.43 2.382847 -0.628618
v -0.43 2.371207 -0.620963
v -0.43 2.361648 -0.61083
v -0.43 2.354682 -0.598765
v -0.84 2.395938 -0.633383
v -0.84 2.382847 -0.628618
v -0.84 2.371207 -0.620963
v -0.84 2.361648 -0.61083
v -0.84 2.354682 -0.598765
v -1.7 2.409775 -0.635
v -1.7 3.0 -0.635
v -2.11 2.409775 -0.635
v -2.11 3.0 -0.635
v -1.7 3.0 -0.825
v -2.11 3.0 -0.825
v -1.7 2.409775 -0.825
v -2.11 2.409775 -0.825
v -1.7 2.163573 -0.618412
v -2.11 2.163573 -0.618412
v -2.11 2.180221 -0.67402
v -1.7 2.180221 -0.67402
v -2.11 2.209244 -0.72429
v -1.7 2.209244 -0.72429
v -2.11 2.249078 -0.766511
v -1.7 2.249078 -0.766511
v -2.11 2.297575 -0.798408
v -1.7 2.297575 -0.798408
v -2.11 2.352121 -0.818261
v -1.7 2.352121 -0.818261
v -1.7 2.077991 -0.133054
v -2.11 2.077991 -0.133054
v -1.7 2.038599 -0.1
v -2.11 2.038599 -0.1
v -1.7 2.047823 -0.101078
v -2.11 2.047823 -0.101078
v -1.7 2.056551 -0.104255
v -2.11 2.056551 -0.104255
v -1.7 2.064311 -0.109358
v -2.11 2.064311 -0.109358
v -1.7 2.070684 -0.116114
v -2.11 2.070684 -0.116114
v -1.7 2.075328 -0.124157
v -2.11 2.075328 -0.124157
v -2.11 2.038599 0.09
v -1.7 2.038599 0.09
v -1.7 2.265105 -0.100061
v -2.11 2.265105 -0.100061
v -2.11 2.249789 -0.048902
v -1.7 2.249789 -0.048902
v -2.11 2.223087 -0.002654
v -1.7 2.223087 -0.002654
v -2.11 2.18644 0.03619
v -1.7 2.18644 0.03619
v -2.11 2.141823 0.065536
v -1.7 2.141823 0.065536
v -2.11 2.091641 0.0838
v -1.7 2.091641 0.0838
v -1.7 2.350686 -0.585419
v -2.11 2.350686 -0.585419
v -1.7 2.395938 -0.633383
v -1.7 2.382847 -0.628618
v -1.7 2.371207 -0.620963
v -1.7 2.361648 -0.61083
v -1.7 2.354682 -0.598765
v -2.11 2.395938 -0.633383
v -2.11 2.382847 -0.628618
v -2.11 2.371207 -0.620963
v -2.11 2.361648 -0.61083
v -2.11 2.354682 -0.598765
v 1.775 0.25 -0.825
v 1.775 -0.25 -0.825
v -1.775 -0.25 -0.825
v -1.775 0.25 -0.825
v 2.383974 1.299454 0.541654
v 2.385468 1.299454 0.531024
v 2.383974 1.261955 0.541654
v 2.372364 1.261955 0.624263
v 2.372364 1.249801 0.624263
v 2.385468 1.249801 0.531024
v 2.384925 1.373801 0.534885
v 2.385036 1.372195 0.534093
v 2.385689 1.347735 0.529451
v 2.385498 1.362086 0.53081
v 2.383304 1.373801 0.546421
v 2.383863 1.364991 0.542443
v 2.384152 1.354427 0.540382
v 2.384181 1.349492 0.540176
v 2.384021 1.339984 0.541316
v 2.38366 1.33328 0.543889
v 2.383054 1.327134 0.548201
v 2.382801 1.325303 0.549996
v 2.381862 1.320511 0.556681
v 2.380794 1.317548 0.564278
v 2.379185 1.316067 0.575724
v 2.379063 1.316061 0.576595
v 2.37748 1.317234 0.587859
v 2.376297 1.320158 0.596274
v 2.375356 1.324488 0.602973
v 2.375124 1.325953 0.604624
v 2.374423 1.331971 0.609615
v 2.37393 1.339324 0.613117
v 2.373697 1.347443 0.614778
v 2.37367 1.35161 0.614968
v 2.374447 1.373801 0.609438
v 2.374313 1.371968 0.610394
v 2.373833 1.362321 0.613806
v 2.372679 1.373801 0.622022
v 2.372143 1.35149 0.625836
v 2.372144 1.352512 0.62583
v 2.372299 1.364663 0.624725
v 2.372306 1.339913 0.624675
v 2.372784 1.329749 0.621272
v 2.373632 1.320318 0.61524
v 2.374072 1.316903 0.612107
v 2.375202 1.310556 0.60407
v 2.376639 1.30589 0.593847
v 2.378319 1.30356 0.581889
v 2.379164 1.303305 0.57588
v 2.381266 1.305104 0.560918
v 2.38264 1.308904 0.551143
v 2.383763 1.314489 0.543154
v 2.3839 1.315387 0.542178
v 2.384759 1.322773 0.536066
v 2.385349 1.331629 0.531869
v 2.385648 1.341788 0.529743
v 2.383974 1.443286 0.541654
v 2.385468 1.443286 0.531024
v 2.383974 1.404801 0.541654
v 2.379566 1.404801 0.57302
v 2.379566 1.438472 0.57302
v 2.378065 1.438472 0.583697
v 2.378065 1.404801 0.583697
v 2.373871 1.404801 0.613537
v 2.373871 1.441144 0.613537
v 2.372364 1.441144 0.624263
v 2.372364 1.392646 0.624263
v 2.385468 1.392646 0.531024
v 2.381745 1.519807 0.557514
v 2.382607 1.514889 0.551378
v 2.383632 1.52353 0.544085
v 2.38286 1.512861 0.549578
v 2.384626 1.513528 0.537014
v 2.38342 1.506548 0.545595
v 2.385204 1.502756 0.532899
v 2.383811 1.498363 0.542816
v 2.385468 1.48697 0.531024
v 2.383974 1.486898 0.541654
v 2.385468 1.461072 0.531024
v 2.383974 1.473227 0.541654
v 2.372364 1.461072 0.624263
v 2.373871 1.473227 0.613537
v 2.372364 1.487933 0.624263
v 2.373871 1.487451 0.613537
v 2.372631 1.503643 0.622361
v 2.374043 1.499142 0.612313
v 2.373248 1.514829 0.617973
v 2.374443 1.507386 0.609469
v 2.374099 1.52353 0.611917
v 2.375104 1.514624 0.604767
v 2.374696 1.527776 0.607667
v 2.375537 1.517702 0.601684
v 2.375881 1.533365 0.599234
v 2.376291 1.52124 0.596323
v 2.377173 1.53656 0.59004
v 2.377281 1.52378 0.589272
v 2.378748 1.53773 0.578835
v 2.378795 1.52495 0.578501
v 2.379697 1.537362 0.572087
v 2.37954 1.524701 0.5732
v 2.381213 1.534931 0.561298
v 2.38076 1.522964 0.56452
v 2.382556 1.530136 0.551743
v 2.363968 1.487451 0.612146
v 2.363968 1.473227 0.612146
v 2.374071 1.473227 0.540262
v 2.374071 1.486898 0.540262
v 2.372705 1.514889 0.549987
v 2.372957 1.512861 0.548186
v 2.373517 1.506548 0.544204
v 2.373908 1.498363 0.541425
v 2.368892 1.52495 0.57711
v 2.369637 1.524701 0.571808
v 2.370857 1.522964 0.563129
v 2.371842 1.519807 0.556122
v 2.365201 1.514624 0.603375
v 2.365634 1.517702 0.600293
v 2.366388 1.52124 0.594931
v 2.367379 1.52378 0.58788
v 2.364141 1.499142 0.610921
v 2.36454 1.507386 0.608077
v 2.380403 1.569283 0.567061
v 2.381884 1.565433 0.556526
v 2.380403 1.600885 0.567061
v 2.381884 1.60464 0.556526
v 2.374956 1.583363 0.605815
v 2.372364 1.578815 0.624263
v 2.385468 1.542953 0.531024
v 2.385468 1.556383 0.531024
v 2.374565 1.584179 0.608598
v 2.374039 1.584904 0.612346
v 2.372364 1.591811 0.624263
v 2.374039 1.585193 0.612346
v 2.374593 1.585954 0.608401
v 2.374956 1.586661 0.605815
v 2.385468 1.627673 0.531024
v 2.385468 1.614243 0.531024
v 2.3705 1.569283 0.565669
v 2.3705 1.600885 0.565669
v 2.365054 1.586661 0.604424
v 2.364136 1.585193 0.610954
v 2.36469 1.585954 0.60701
v 2.364136 1.584904 0.610954
v 2.365054 1.583363 0.604424
v 2.364663 1.584179 0.607206
v 2.404762 1.300441 0.39374
v 2.406255 1.300441 0.38311
v 2.404762 1.261955 0.39374
v 2.400353 1.261955 0.425106
v 2.400353 1.295627 0.425106
v 2.398853 1.295627 0.435783
v 2.398853 1.261955 0.435783
v 2.394659 1.261955 0.465623
v 2.394659 1.298299 0.465623
v 2.393152 1.298299 0.476349
v 2.393152 1.249801 0.476349
v 2.406255 1.249801 0.38311
v 2.404809 1.353656 0.393406
v 2.404809 1.353969 0.393406
v 2.403298 1.353198 0.404152
v 2.402566 1.353957 0.409363
v 2.400233 1.365762 0.425964
v 2.402457 1.353969 0.410138
v 2.401559 1.353969 0.416525
v 2.406255 1.353969 0.38311
v 2.406255 1.365762 0.38311
v 2.396807 1.349715 0.450341
v 2.398207 1.347077 0.440381
v 2.397038 1.354411 0.448699
v 2.398395 1.34917 0.439045
v 2.401048 1.324286 0.420166
v 2.402255 1.328486 0.411576
v 2.402071 1.331369 0.412888
v 2.403884 1.351468 0.399985
v 2.404366 1.348914 0.396552
v 2.405198 1.351818 0.390637
v 2.404567 1.347435 0.395121
v 2.405756 1.348094 0.386665
v 2.404881 1.344103 0.392894
v 2.406143 1.343916 0.383914
v 2.405061 1.340524 0.391607
v 2.406383 1.339134 0.382203
v 2.40513 1.33611 0.391118
v 2.406477 1.333053 0.381537
v 2.405068 1.332126 0.391563
v 2.406363 1.325998 0.382348
v 2.404932 1.329459 0.392532
v 2.406125 1.321477 0.384036
v 2.404708 1.327108 0.394121
v 2.40574 1.317505 0.38678
v 2.404568 1.326106 0.395119
v 2.397553 1.318299 0.445031
v 2.399148 1.318299 0.433686
v 2.397288 1.3217 0.446919
v 2.398436 1.326439 0.438752
v 2.396845 1.33065 0.450069
v 2.398103 1.333826 0.441121
v 2.396682 1.341453 0.451228
v 2.398015 1.340346 0.441742
v 2.398074 1.344341 0.441327
v 2.400695 1.33404 0.422674
v 2.401854 1.338228 0.414428
v 2.400307 1.353969 0.425439
v 2.399581 1.353558 0.430603
v 2.398848 1.364599 0.435818
v 2.398997 1.352339 0.434762
v 2.398146 1.362654 0.440811
v 2.398659 1.350953 0.437167
v 2.39764 1.360157 0.444411
v 2.397369 1.358142 0.446342
v 2.40243 1.32682 0.410328
v 2.401412 1.319554 0.417575
v 2.402674 1.325408 0.408598
v 2.401856 1.316111 0.414418
v 2.40298 1.324373 0.406419
v 2.402389 1.313684 0.410621
v 2.403356 1.323791 0.403745
v 2.402991 1.312263 0.406338
v 2.403616 1.323691 0.401891
v 2.40375 1.311729 0.400938
v 2.403993 1.32399 0.39921
v 2.404494 1.312309 0.395644
v 2.404291 1.324765 0.397088
v 2.40505 1.313736 0.391693
v 2.405554 1.316186 0.388104
v 2.392528 1.32682 0.408937
v 2.392352 1.328486 0.410184
v 2.392168 1.331369 0.411496
v 2.391952 1.338228 0.413036
v 2.393713 1.323691 0.400499
v 2.393453 1.323791 0.402353
v 2.393077 1.324373 0.405028
v 2.392771 1.325408 0.407206
v 2.394805 1.327108 0.392729
v 2.394665 1.326106 0.393728
v 2.394388 1.324765 0.395696
v 2.39409 1.32399 0.397818
v 2.395227 1.33611 0.389726
v 2.395165 1.332126 0.390171
v 2.395029 1.329459 0.39114
v 2.394464 1.348914 0.395161
v 2.394665 1.347435 0.393729
v 2.394978 1.344103 0.391502
v 2.395159 1.340524 0.390215
v 2.392555 1.353969 0.408746
v 2.392663 1.353957 0.407971
v 2.393396 1.353198 0.40276
v 2.393981 1.351468 0.398594
v 2.391657 1.353969 0.415134
v 2.405137 1.401142 0.39107
v 2.405017 1.393748 0.391926
v 2.404629 1.386354 0.394682
v 2.404233 1.381743 0.397506
v 2.405927 1.381743 0.385446
v 2.406477 1.399987 0.381537
v 2.406337 1.390182 0.382529
v 2.406315 1.410246 0.38269
v 2.405989 1.416543 0.385006
v 2.405733 1.419579 0.386828
v 2.405322 1.422953 0.38975
v 2.40489 1.425151 0.39283
v 2.404369 1.426599 0.396531
v 2.40371 1.42716 0.401224
v 2.403098 1.426673 0.405575
v 2.402615 1.425414 0.409018
v 2.402162 1.423213 0.412235
v 2.401813 1.420401 0.41472
v 2.401207 1.412568 0.419033
v 2.40095 1.408002 0.420863
v 2.400508 1.400703 0.424009
v 2.400146 1.396545 0.426583
v 2.39997 1.395395 0.427837
v 2.399748 1.394545 0.429412
v 2.399493 1.394078 0.431227
v 2.399275 1.39397 0.43278
v 2.399013 1.394184 0.434643
v 2.398792 1.394766 0.436219
v 2.398583 1.395777 0.437706
v 2.398364 1.397556 0.439263
v 2.398168 1.400201 0.440655
v 2.398052 1.403355 0.441482
v 2.398015 1.406847 0.441742
v 2.398138 1.414601 0.440868
v 2.398478 1.421252 0.43845
v 2.398692 1.423935 0.436927
v 2.397098 1.423935 0.448272
v 2.396754 1.414978 0.450718
v 2.396682 1.408002 0.451228
v 2.396843 1.398482 0.450085
v 2.397185 1.392183 0.447653
v 2.397426 1.389373 0.445936
v 2.397863 1.385877 0.442824
v 2.398307 1.383685 0.439667
v 2.398835 1.382281 0.435907
v 2.399422 1.381816 0.431731
v 2.40006 1.382323 0.427197
v 2.400561 1.383623 0.423631
v 2.400903 1.385161 0.421197
v 2.401184 1.38709 0.419199
v 2.401694 1.392645 0.415569
v 2.402142 1.399674 0.412378
v 2.402594 1.407418 0.409166
v 2.40298 1.412021 0.40642
v 2.403193 1.413491 0.404904
v 2.40341 1.414402 0.403356
v 2.403666 1.414938 0.401533
v 2.403871 1.415054 0.40008
v 2.404184 1.41481 0.397852
v 2.404417 1.41421 0.396191
v 2.404629 1.413181 0.394683
v 2.404796 1.411827 0.393494
v 2.404887 1.410752 0.392848
v 2.405042 1.407709 0.391745
v 2.405136 1.401663 0.391074
v 2.396897 1.485622 0.449702
v 2.396897 1.497849 0.449702
v 2.403944 1.467258 0.399555
v 2.404381 1.466355 0.396451
v 2.404701 1.465814 0.394169
v 2.404701 1.465501 0.394169
v 2.403931 1.464057 0.399651
v 2.396897 1.446487 0.449702
v 2.396897 1.433298 0.449702
v 2.406235 1.459676 0.383253
v 2.407937 1.454502 0.371145
v 2.408869 1.449998 0.364516
v 2.408526 1.452195 0.366953
v 2.409078 1.447834 0.363028
v 2.409213 1.445251 0.362069
v 2.409257 1.44242 0.361755
v 2.409179 1.438141 0.362306
v 2.409069 1.435729 0.363089
v 2.41053 1.435729 0.352698
v 2.410651 1.440731 0.351837
v 2.410664 1.443334 0.351744
v 2.410588 1.448099 0.352287
v 2.410341 1.452752 0.354042
v 2.40994 1.456872 0.356893
v 2.409838 1.457676 0.357623
v 2.409116 1.461991 0.362756
v 2.407669 1.46733 0.373052
v 2.404762 1.561196 0.39374
v 2.406255 1.561196 0.38311
v 2.404762 1.522711 0.39374
v 2.400353 1.522711 0.425106
v 2.400353 1.556383 0.425106
v 2.398853 1.556383 0.435783
v 2.398853 1.522711 0.435783
v 2.394659 1.522711 0.465623
v 2.394659 1.559054 0.465623
v 2.393152 1.559054 0.476349
v 2.393152 1.510557 0.476349
v 2.406255 1.510557 0.38311
v 2.402533 1.637718 0.4096
v 2.403395 1.6328 0.403464
v 2.40442 1.64144 0.396171
v 2.403648 1.630771 0.401664
v 2.405414 1.631438 0.3891
v 2.404208 1.624459 0.397681
v 2.405992 1.620666 0.384985
v 2.404598 1.616274 0.394902
v 2.406255 1.60488 0.38311
v 2.404762 1.604808 0.39374
v 2.406255 1.578983 0.38311
v 2.404762 1.591137 0.39374
v 2.393152 1.578983 0.476349
v 2.394659 1.591137 0.465623
v 2.393152 1.605843 0.476349
v 2.394659 1.605362 0.465623
v 2.393419 1.621554 0.474447
v 2.394831 1.617053 0.464399
v 2.394036 1.63274 0.470058
v 2.395231 1.625296 0.461555
v 2.394887 1.64144 0.464003
v 2.395892 1.632535 0.456852
v 2.395484 1.645686 0.459753
v 2.396325 1.635613 0.45377
v 2.396669 1.651276 0.45132
v 2.397079 1.639151 0.448408
v 2.397961 1.65447 0.442126
v 2.398069 1.64169 0.441358
v 2.399536 1.65564 0.430921
v 2.399583 1.64286 0.430587
v 2.400485 1.655272 0.424173
v 2.400328 1.642611 0.425286
v 2.402001 1.652842 0.413384
v 2.401548 1.640875 0.416606
v 2.403344 1.648047 0.403829
v 2.384757 1.605362 0.464232
v 2.384757 1.591137 0.464232
v 2.394859 1.591137 0.392348
v 2.394859 1.604808 0.392348
v 2.393492 1.6328 0.402072
v 2.393745 1.630771 0.400272
v 2.394305 1.624459 0.39629
v 2.394696 1.616274 0.393511
v 2.389681 1.64286 0.429196
v 2.390425 1.642611 0.423894
v 2.391645 1.640875 0.415214
v 2.39263 1.637718 0.408208
v 2.385989 1.632535 0.455461
v 2.386422 1.635613 0.452378
v 2.387176 1.639151 0.447017
v 2.388167 1.64169 0.439966
v 2.384928 1.617053 0.463007
v 2.385328 1.625296 0.460163
v 2.401191 1.687194 0.419147
v 2.402672 1.683343 0.408612
v 2.401191 1.718796 0.419147
v 2.402672 1.72255 0.408612
v 2.395744 1.701274 0.457901
v 2.393152 1.696725 0.476349
v 2.406255 1.660863 0.38311
v 2.406255 1.674293 0.38311
v 2.395353 1.702089 0.460684
v 2.394827 1.702814 0.464432
v 2.393152 1.709722 0.476349
v 2.394827 1.703103 0.464432
v 2.395381 1.703864 0.460487
v 2.395744 1.704571 0.457901
v 2.406255 1.745584 0.38311
v 2.406255 1.732153 0.38311
v 2.391288 1.687194 0.417755
v 2.391288 1.718796 0.417755
v 2.385842 1.704571 0.456509
v 2.384924 1.703103 0.46304
v 2.385478 1.703864 0.459095
v 2.384924 1.702814 0.46304
v 2.385842 1.701274 0.456509
v 2.385451 1.702089 0.459292
v 2.383693 0.816193 0.543655
v 2.382586 0.831094 0.551525
v 2.376849 0.827648 0.592352
v 2.408494 0.945529 0.367185
v 2.40642 0.953476 0.381941
v 2.404121 0.957425 0.398297
v 2.376581 0.869437 0.594257
v 2.383382 0.890189 0.545864
v 2.380431 0.900432 0.566859
v 2.404368 0.865389 0.396543
v 2.403494 0.86415 0.40276
v 2.399873 0.827932 0.428528
v 2.406115 0.827262 0.384112
v 2.405761 0.818767 0.386631
v 2.398619 0.813313 0.43745
v 2.376395 0.85404 0.595583
v 2.395307 1.051522 0.461011
v 2.39037 1.03077 0.496146
v 2.402202 0.957802 0.411955
v 2.396891 0.941066 0.449741
v 2.403134 0.957802 0.405326
v 2.411371 0.922031 0.346709
v 2.410079 0.935359 0.355907
v 2.405151 0.868039 0.390971
v 2.409829 0.84397 0.357686
v 2.40812 0.834003 0.369846
v 2.386084 1.073614 0.52664
v 2.386084 1.078969 0.52664
v 2.381053 1.106416 0.562437
v 2.386304 1.091739 0.525075
v 2.381204 1.10965 0.561362
v 2.386931 1.103419 0.52061
v 2.382578 1.129577 0.551583
v 2.384714 1.147743 0.536384
v 2.374356 0.88316 0.610085
v 2.377936 0.915453 0.584617
v 2.372481 0.898892 0.623426
v 2.376115 0.933352 0.597568
v 2.371072 0.915243 0.633455
v 2.382037 0.847611 0.555436
v 2.381985 0.854709 0.555808
v 2.376453 0.861738 0.595169
v 2.382261 0.870559 0.553845
v 2.383029 0.885564 0.548376
v 2.405339 0.911412 0.389635
v 2.40591 0.907778 0.38557
v 2.406417 0.902693 0.381959
v 2.412171 0.907103 0.341021
v 2.40674 0.896894 0.379665
v 2.41245 0.890858 0.339034
v 2.40686 0.890189 0.378809
v 2.412444 0.888333 0.33908
v 2.406857 0.889048 0.378834
v 2.412102 0.872525 0.341508
v 2.40672 0.883039 0.379804
v 2.411201 0.857073 0.347922
v 2.406359 0.876987 0.382378
v 2.405812 0.871863 0.386267
v 2.401928 0.914585 0.413904
v 2.402792 0.916113 0.407757
v 2.403644 0.916123 0.401692
v 2.404538 0.914525 0.395329
v 2.402109 1.147921 0.412618
v 2.398401 1.116777 0.438995
v 2.404253 1.129726 0.397362
v 2.399529 1.106894 0.430973
v 2.405645 1.109303 0.387459
v 2.400294 1.095093 0.425533
v 2.406301 1.087002 0.382787
v 2.400618 1.082986 0.423225
v 2.406301 1.047506 0.382787
v 2.400618 1.052861 0.423225
v 2.406216 1.043735 0.383388
v 2.402586 0.864483 0.409221
v 2.401709 0.866456 0.41546
v 2.397875 0.835303 0.442739
v 2.400939 0.869916 0.420944
v 2.396113 0.846363 0.455279
v 2.400549 0.872562 0.423714
v 2.394788 0.860044 0.464706
v 2.400031 0.877796 0.4274
v 2.393999 0.874827 0.470318
v 2.39971 0.883642 0.429685
v 2.393723 0.890858 0.472281
v 2.399593 0.890189 0.430517
v 2.39379 0.898962 0.471807
v 2.399678 0.895762 0.429917
v 2.394347 0.915125 0.467843
v 2.399987 0.901979 0.427713
v 2.395406 0.929336 0.460312
v 2.400493 0.907364 0.424113
v 2.401163 0.911677 0.419347
v 2.387942 1.113797 0.513422
v 2.389124 1.121419 0.505006
v 2.387364 1.161418 0.517532
v 2.390729 1.127669 0.493586
v 2.390209 1.169613 0.497289
v 2.392517 1.130844 0.480862
v 2.393258 1.17269 0.475595
v 2.393351 1.131185 0.474932
v 2.396578 1.169629 0.451975
v 2.395169 1.12957 0.461993
v 2.399528 1.161228 0.430983
v 2.396829 1.124948 0.450181
v 2.398282 1.117576 0.439846
v 2.373693 1.070267 0.614808
v 2.377963 1.043982 0.584421
v 2.377269 1.092465 0.58936
v 2.380471 1.059108 0.56658
v 2.38347 1.06947 0.545237
v 2.38904 0.789772 0.505603
v 2.390599 0.745779 0.494515
v 2.391301 0.787766 0.489516
v 2.391488 0.745591 0.488191
v 2.392755 0.788586 0.479176
v 2.395143 0.748841 0.462183
v 2.395033 0.793416 0.462965
v 2.398611 0.758443 0.437505
v 2.396902 0.801317 0.449668
v 2.401643 0.773708 0.415932
v 2.40412 0.794576 0.398307
v 2.369416 0.946111 0.645242
v 2.374881 0.955216 0.606353
v 2.368848 0.979224 0.64928
v 2.374438 0.979893 0.609505
v 2.369251 1.006814 0.64641
v 2.374828 1.002636 0.606731
v 2.370899 1.040408 0.634687
v 2.375949 1.023625 0.598756
v 2.377767 1.042428 0.585821
v 2.378189 0.802851 0.582813
v 2.380273 0.78156 0.567987
v 2.385108 0.804804 0.533584
v 2.380867 0.777055 0.563763
v 2.386963 0.795516 0.520385
v 2.383742 0.760941 0.543301
v 2.387097 0.750265 0.519431
v 2.400532 1.049496 0.423841
v 2.405324 1.033409 0.38974
v 2.405544 1.034965 0.388171
v 2.400593 1.051504 0.4234
v 2.405974 1.039307 0.385114
v 2.403413 1.028092 0.403337
v 2.404107 1.028728 0.398399
v 2.404739 1.030491 0.393904
v 2.400617 1.043657 0.423228
v 2.40087 1.039064 0.421431
v 2.403045 1.028262 0.405953
v 2.401276 1.034947 0.418542
v 2.4017 1.032181 0.415522
v 2.402336 1.029607 0.410999
v 2.400525 1.048845 0.423887
v 2.359349 1.006814 0.645018
v 2.359513 0.946111 0.64385
v 2.358945 0.979224 0.647888
v 2.38969 0.890189 0.429125
v 2.389775 0.895762 0.428525
v 2.390084 0.901979 0.426322
v 2.39059 0.907364 0.422722
v 2.39126 0.911677 0.417955
v 2.392025 0.914585 0.412512
v 2.392889 0.916113 0.406366
v 2.393742 0.916123 0.4003
v 2.394636 0.914525 0.393938
v 2.395436 0.911412 0.388244
v 2.396007 0.907778 0.384178
v 2.396515 0.902693 0.380567
v 2.396837 0.896894 0.378273
v 2.396957 0.890189 0.377417
v 2.396954 0.889048 0.377442
v 2.396817 0.883039 0.378412
v 2.396456 0.876987 0.380986
v 2.395909 0.871863 0.384875
v 2.395248 0.868039 0.389579
v 2.394465 0.865389 0.395152
v 2.393591 0.86415 0.401368
v 2.392684 0.864483 0.407829
v 2.391807 0.866456 0.414069
v 2.391036 0.869916 0.419552
v 2.390646 0.872562 0.422323
v 2.390128 0.877796 0.426008
v 2.389807 0.883642 0.428293
usemtl 1
f 1// 2// 3//
f 4// 5// 6//
f 6// 1// 4//
f 4// 1// 3//
f 4// 3// 7//
f 7// 3// 8//
f 7// 8// 9//
f 9// 10// 7//
f 7// 10// 11//
f 7// 11// 12//
f 13// 6// 14//
f 14// 6// 5//
f 14// 5// 15//
f 15// 5// 12//
f 15// 12// 16//
f 16// 12// 11//
usemtl 2
f 17// 3// 18//
f 18// 3// 2//
f 14// 19// 13//
f 13// 19// 20//
f 8// 21// 9//
f 9// 21// 22//
f 23// 15// 24//
f 24// 15// 16//
usemtl 1
f 25// 26// 27//
f 28// 29// 30//
f 31// 32// 33//
f 34// 35// 36//
f 37// 38// 39//
f 39// 38// 40//
f 40// 38// 41//
f 40// 41// 42//
f 43// 44// 45//
f 45// 44// 46//
f 45// 46// 47//
f 47// 46// 48//
f 42// 48// 40//
f 40// 48// 46//
f 40// 46// 49//
f 49// 46// 50//
f 49// 50// 51//
f 51// 50// 52//
f 51// 52// 53//
f 53// 52// 54//
f 55// 56// 57//
f 57// 56// 58//
f 59// 60// 61//
f 61// 60// 62//
f 61// 62// 63//
f 63// 64// 61//
f 61// 64// 65//
f 61// 65// 58//
f 58// 65// 53//
f 58// 53// 57//
f 57// 53// 54//
f 43// 66// 44//
f 44// 66// 67//
f 44// 67// 68//
f 68// 69// 44//
f 44// 69// 70//
f 44// 70// 61//
f 61// 70// 71//
f 61// 71// 59//
f 72// 73// 65//
f 65// 73// 74//
f 64// 37// 65//
f 65// 37// 39//
f 65// 39// 72//
f 72// 39// 75//
f 72// 75// 76//
f 76// 75// 77//
f 76// 77// 78//
f 78// 77// 79//
f 80// 81// 82//
f 82// 81// 83//
f 82// 83// 39//
f 39// 83// 84//
f 39// 84// 75//
f 85// 80// 86//
f 86// 80// 82//
f 86// 82// 87//
f 87// 82// 39//
f 87// 39// 88//
f 88// 39// 40//
f 88// 40// 89//
f 89// 40// 90//
f 89// 90// 91//
f 91// 90// 92//
f 93// 94// 95//
f 95// 94// 96//
f 97// 98// 99//
f 99// 98// 100//
f 101// 102// 100//
f 100// 102// 103//
f 100// 103// 99//
f 99// 103// 104//
f 105// 106// 107//
f 108// 109// 99//
f 97// 99// 110//
f 110// 99// 109//
f 110// 109// 111//
f 112// 113// 114//
f 112// 114// 115//
f 106// 116// 107//
f 107// 116// 117//
f 107// 117// 118//
f 118// 117// 119//
f 118// 119// 120//
f 120// 119// 121//
f 120// 121// 122//
f 113// 123// 114//
f 114// 123// 124//
f 114// 124// 125//
f 122// 126// 120//
f 120// 126// 127//
f 120// 127// 128//
f 114// 129// 130//
f 125// 131// 114//
f 114// 131// 132//
f 114// 132// 133//
f 133// 134// 114//
f 114// 134// 135//
f 114// 135// 129//
f 136// 137// 138//
f 138// 137// 139//
f 138// 139// 114//
f 114// 139// 140//
f 114// 140// 115//
f 128// 141// 120//
f 120// 141// 96//
f 120// 96// 142//
f 142// 96// 94//
f 143// 144// 145//
f 144// 146// 145//
f 145// 146// 147//
f 145// 147// 148//
f 148// 149// 145//
f 145// 149// 150//
f 145// 150// 151//
f 151// 150// 136//
f 151// 136// 152//
f 152// 136// 138//
f 153// 154// 155//
f 156// 157// 158//
f 158// 157// 154//
f 158// 154// 159//
f 159// 154// 160//
f 161// 162// 163//
f 163// 162// 164//
f 161// 165// 162//
f 162// 165// 166//
f 162// 166// 167//
f 167// 166// 168//
f 154// 153// 160//
f 160// 153// 169//
f 160// 169// 162//
f 162// 169// 170//
f 162// 170// 171//
f 171// 172// 162//
f 162// 172// 173//
f 162// 173// 174//
f 166// 175// 176//
f 174// 177// 162//
f 162// 177// 178//
f 162// 178// 164//
f 175// 166// 179//
f 179// 166// 180//
f 179// 180// 181//
f 176// 182// 166//
f 166// 182// 183//
f 166// 183// 168//
f 184// 185// 186//
f 186// 185// 187//
f 186// 187// 155//
f 155// 187// 188//
f 155// 188// 153//
f 189// 190// 191//
f 192// 193// 194//
f 194// 193// 195//
f 196// 197// 193//
f 193// 197// 198//
f 193// 198// 195//
f 199// 200// 201//
f 201// 200// 202//
f 203// 204// 205//
f 205// 204// 206//
f 205// 206// 193//
f 193// 206// 207//
f 193// 207// 196//
f 208// 209// 199//
f 199// 209// 210//
f 210// 211// 199//
f 199// 211// 212//
f 199// 212// 200//
f 156// 213// 157//
f 157// 213// 214//
f 157// 214// 199//
f 199// 214// 215//
f 199// 215// 208//
f 216// 217// 218//
f 219// 220// 221//
f 221// 220// 222//
f 221// 222// 223//
f 223// 222// 224//
f 223// 224// 225//
f 225// 224// 226//
f 225// 226// 227//
f 227// 226// 228//
f 227// 228// 229//
f 229// 228// 230//
f 216// 226// 217//
f 217// 226// 224//
f 217// 224// 231//
f 231// 224// 232//
f 231// 232// 233//
f 233// 232// 234//
f 233// 234// 154//
f 154// 234// 235//
f 154// 235// 155//
f 155// 235// 236//
f 155// 236// 218//
f 218// 236// 237//
f 218// 237// 216//
f 92// 238// 239//
f 240// 241// 217//
f 92// 239// 231//
f 231// 239// 242//
f 231// 242// 217//
f 217// 242// 243//
f 217// 243// 240//
f 244// 245// 90//
f 246// 247// 248//
f 244// 90// 249//
f 245// 250// 90//
f 90// 250// 251//
f 90// 251// 92//
f 92// 251// 252//
f 92// 252// 238//
f 240// 253// 241//
f 241// 253// 254//
f 241// 254// 248//
f 248// 254// 255//
f 248// 255// 246//
f 247// 256// 248//
f 248// 256// 257//
f 248// 257// 258//
f 259// 260// 261//
f 261// 260// 262//
f 263// 264// 265//
f 265// 264// 40//
f 265// 40// 266//
f 266// 40// 49//
f 266// 49// 262//
f 262// 49// 267//
f 262// 267// 261//
f 268// 90// 269//
f 269// 90// 40//
f 269// 40// 270//
f 270// 40// 264//
f 259// 261// 268//
f 268// 261// 248//
f 268// 248// 90//
f 90// 248// 258//
f 90// 258// 249//
f 271// 272// 273//
f 274// 275// 276//
f 276// 275// 277//
f 278// 279// 280//
f 281// 282// 283//
f 272// 284// 273//
f 273// 284// 285//
f 273// 285// 286//
f 286// 285// 280//
f 286// 280// 287//
f 287// 280// 279//
f 288// 281// 289//
f 289// 281// 290//
f 288// 291// 281//
f 281// 291// 292//
f 281// 292// 282//
f 293// 294// 295//
f 295// 296// 297//
f 298// 299// 277//
f 277// 299// 300//
f 277// 300// 301//
f 296// 295// 273//
f 273// 295// 294//
f 273// 294// 271//
f 302// 303// 280//
f 280// 303// 304//
f 280// 304// 305//
f 297// 306// 295//
f 295// 306// 307//
f 295// 307// 308//
f 307// 309// 308//
f 308// 309// 310//
f 308// 310// 311//
f 311// 312// 308//
f 308// 312// 313//
f 308// 313// 314//
f 305// 315// 280//
f 280// 315// 316//
f 280// 316// 278//
f 317// 318// 319//
f 319// 318// 320//
f 319// 320// 321//
f 322// 323// 324//
f 324// 323// 325//
f 326// 327// 328//
f 328// 327// 329//
f 330// 331// 329//
f 332// 333// 334//
f 335// 336// 337//
f 337// 336// 338//
f 337// 338// 339//
f 332// 340// 328//
f 328// 340// 341//
f 328// 341// 326//
f 334// 342// 332//
f 332// 342// 343//
f 332// 343// 340//
f 339// 344// 337//
f 337// 344// 345//
f 337// 345// 346//
f 347// 348// 349//
f 348// 350// 349//
f 349// 350// 351//
f 349// 351// 332//
f 332// 351// 352//
f 332// 352// 333//
f 353// 354// 355//
f 355// 354// 356//
f 355// 356// 349//
f 349// 356// 357//
f 349// 357// 347//
f 358// 359// 360//
f 360// 359// 361//
f 360// 361// 362//
f 360// 363// 358//
f 358// 363// 364//
f 358// 364// 365//
f 365// 366// 358//
f 358// 366// 367//
f 358// 367// 368//
f 368// 367// 369//
f 368// 369// 370//
f 370// 369// 371//
f 370// 371// 329//
f 329// 371// 372//
f 329// 372// 330//
f 353// 373// 354//
f 354// 373// 374//
f 354// 374// 375//
f 375// 374// 376//
f 375// 377// 378//
f 379// 380// 362//
f 362// 380// 381//
f 362// 381// 360//
f 376// 382// 375//
f 375// 382// 383//
f 375// 383// 384//
f 384// 385// 375//
f 375// 385// 386//
f 375// 386// 377//
f 378// 387// 375//
f 375// 387// 388//
f 375// 388// 389//
f 390// 391// 392//
f 346// 393// 337//
f 337// 393// 390//
f 337// 390// 394//
f 394// 390// 392//
f 395// 31// 36//
f 36// 31// 33//
f 36// 33// 34//
f 34// 33// 74//
f 34// 74// 396//
f 396// 74// 73//
f 397// 398// 399//
f 36// 400// 395//
f 395// 400// 401//
f 395// 401// 402//
f 402// 401// 397//
f 402// 397// 403//
f 403// 397// 399//
f 404// 405// 337//
f 331// 335// 329//
f 329// 335// 337//
f 329// 337// 328//
f 328// 337// 405//
f 328// 405// 400//
f 400// 405// 406//
f 400// 406// 401//
f 337// 407// 404//
f 404// 407// 408//
f 404// 408// 409//
f 410// 411// 407//
f 407// 411// 412//
f 407// 412// 408//
f 413// 414// 415//
f 413// 415// 394//
f 407// 416// 417//
f 415// 418// 394//
f 394// 418// 419//
f 394// 419// 337//
f 337// 419// 420//
f 337// 420// 407//
f 407// 420// 421//
f 407// 421// 416//
f 417// 422// 407//
f 407// 422// 423//
f 407// 423// 410//
f 424// 425// 426//
f 426// 425// 427//
f 427// 428// 426//
f 426// 428// 429//
f 426// 429// 413//
f 413// 429// 430//
f 413// 430// 414//
f 145// 431// 432//
f 432// 431// 433//
f 432// 434// 435//
f 433// 436// 432//
f 432// 436// 437//
f 432// 437// 434//
f 438// 439// 440//
f 440// 439// 432//
f 440// 432// 441//
f 441// 432// 435//
f 442// 443// 444//
f 442// 444// 445//
f 443// 446// 444//
f 444// 446// 447//
f 444// 447// 448//
f 449// 445// 450//
f 450// 445// 444//
f 450// 444// 451//
f 451// 444// 439//
f 451// 439// 452//
f 452// 439// 438//
f 447// 453// 448//
f 448// 453// 454//
f 448// 454// 455//
f 454// 456// 455//
f 455// 456// 457//
f 455// 457// 458//
f 459// 460// 461//
f 457// 462// 458//
f 458// 462// 463//
f 458// 463// 464//
f 461// 460// 465//
f 465// 460// 466//
f 465// 466// 467//
f 464// 468// 458//
f 458// 468// 469//
f 458// 469// 459//
f 459// 461// 458//
f 458// 461// 470//
f 458// 470// 471//
f 471// 470// 472//
f 471// 472// 473//
f 130// 474// 114//
f 114// 474// 475//
f 114// 475// 476//
f 476// 475// 477//
f 478// 479// 480//
f 477// 481// 476//
f 476// 481// 482//
f 476// 482// 483//
f 479// 484// 480//
f 480// 484// 483//
f 480// 483// 485//
f 485// 483// 482//
f 486// 487// 488//
f 488// 487// 478//
f 488// 478// 489//
f 489// 478// 480//
f 484// 490// 483//
f 483// 490// 491//
f 483// 491// 30//
f 30// 491// 492//
f 30// 492// 28//
f 493// 494// 486//
f 486// 494// 495//
f 486// 495// 487//
f 493// 496// 494//
f 494// 496// 497//
f 494// 497// 498//
f 499// 500// 501//
f 500// 502// 501//
f 501// 502// 503//
f 501// 503// 504//
f 485// 501// 480//
f 480// 501// 505//
f 480// 505// 506//
f 507// 508// 509//
f 509// 508// 510//
f 509// 510// 511//
f 507// 509// 485//
f 485// 509// 512//
f 485// 512// 501//
f 501// 512// 513//
f 501// 513// 499//
f 514// 515// 516//
f 516// 515// 517//
f 516// 517// 518//
f 504// 503// 519//
f 519// 503// 520//
f 519// 520// 521//
f 521// 520// 522//
f 521// 522// 523//
f 506// 524// 480//
f 480// 524// 516//
f 480// 516// 525//
f 525// 516// 518//
f 526// 527// 528//
f 528// 529// 27//
f 27// 529// 530//
f 528// 527// 531//
f 27// 26// 528//
f 528// 26// 532//
f 528// 532// 533//
f 527// 534// 531//
f 531// 534// 106//
f 531// 106// 535//
f 535// 106// 105//
f 535// 105// 536//
f 533// 537// 528//
f 528// 537// 538//
f 528// 538// 526//
f 539// 53// 540//
f 540// 53// 65//
f 540// 65// 541//
f 541// 65// 74//
f 541// 74// 426//
f 426// 74// 33//
f 426// 33// 424//
f 424// 33// 32//
f 391// 325// 392//
f 392// 325// 323//
f 392// 323// 320//
f 320// 323// 276//
f 320// 276// 321//
f 321// 276// 277//
f 321// 277// 542//
f 542// 277// 301//
f 322// 349// 323//
f 323// 349// 332//
f 323// 332// 276//
f 276// 332// 308//
f 276// 308// 274//
f 274// 308// 314//
f 267// 543// 261//
f 261// 543// 544//
f 261// 544// 248//
f 248// 544// 545//
f 248// 545// 241//
f 241// 545// 546//
f 241// 546// 217//
f 217// 546// 547//
f 217// 547// 218//
f 218// 547// 548//
f 218// 548// 155//
f 155// 548// 549//
f 155// 549// 186//
f 186// 549// 189//
f 186// 189// 184//
f 184// 189// 191//
f 283// 293// 281//
f 281// 293// 295//
f 281// 295// 95//
f 95// 295// 104//
f 95// 104// 93//
f 93// 104// 103//
f 317// 290// 318//
f 318// 290// 281//
f 318// 281// 550//
f 550// 281// 95//
f 550// 95// 432//
f 432// 95// 96//
f 432// 96// 145//
f 145// 96// 141//
f 145// 141// 143//
f 35// 91// 36//
f 36// 91// 92//
f 36// 92// 400//
f 400// 92// 231//
f 400// 231// 328//
f 328// 231// 233//
f 328// 233// 332//
f 332// 233// 154//
f 332// 154// 308//
f 308// 154// 157//
f 308// 157// 295//
f 295// 157// 199//
f 295// 199// 104//
f 104// 199// 201//
f 104// 201// 99//
f 99// 201// 105//
f 99// 105// 108//
f 108// 105// 107//
f 202// 203// 201//
f 201// 203// 205//
f 201// 205// 105//
f 105// 205// 27//
f 105// 27// 536//
f 536// 27// 530//
f 551// 25// 552//
f 552// 25// 27//
f 552// 27// 553//
f 553// 27// 205//
f 553// 205// 554//
f 554// 205// 193//
f 554// 193// 189//
f 189// 193// 192//
f 189// 192// 190//
f 555// 556// 557//
f 555// 557// 558//
f 558// 557// 559//
f 558// 559// 560//
f 561// 562// 563//
f 564// 565// 560//
f 563// 564// 561//
f 561// 564// 560//
f 561// 560// 566//
f 566// 560// 559//
f 566// 559// 567//
f 567// 559// 568//
f 569// 570// 571//
f 571// 570// 560//
f 571// 560// 572//
f 572// 560// 565//
f 572// 565// 573//
f 573// 565// 574//
f 575// 563// 562//
f 576// 577// 578//
f 578// 577// 570//
f 578// 570// 569//
f 567// 568// 579//
f 579// 568// 580//
f 562// 581// 575//
f 575// 581// 577//
f 575// 577// 582//
f 582// 577// 576//
f 582// 576// 574//
f 574// 576// 573//
f 556// 555// 583//
f 583// 555// 584//
f 583// 584// 580//
f 580// 584// 577//
f 580// 577// 579//
f 579// 577// 581//
f 585// 586// 587//
f 588// 589// 590//
f 591// 592// 593//
f 593// 592// 594//
f 585// 587// 595//
f 595// 587// 593//
f 595// 593// 596//
f 596// 593// 594//
f 596// 594// 597//
f 598// 599// 600//
f 600// 599// 596//
f 600// 596// 601//
f 590// 601// 588//
f 588// 601// 596//
f 588// 596// 602//
f 602// 596// 597//
f 602// 597// 603//
f 603// 597// 604//
f 605// 603// 604//
f 606// 607// 608//
f 608// 607// 599//
f 608// 599// 598//
f 592// 591// 609//
f 609// 591// 610//
f 604// 611// 605//
f 605// 611// 607//
f 605// 607// 612//
f 612// 607// 606//
f 612// 606// 589//
f 589// 606// 590//
f 586// 585// 613//
f 613// 585// 614//
f 613// 614// 610//
f 610// 614// 607//
f 610// 607// 609//
f 609// 607// 611//
f 539// 540// 615//
f 615// 540// 541//
f 541// 426// 615//
f 615// 426// 413//
f 615// 413// 394//
f 394// 392// 615//
f 615// 392// 320//
f 615// 320// 318//
f 318// 550// 615//
f 615// 550// 432//
f 615// 432// 616//
f 616// 432// 439//
f 617// 618// 619//
f 619// 618// 620//
f 619// 620// 621//
f 621// 620// 622//
f 623// 624// 625//
f 626// 627// 628//
f 624// 629// 625//
f 625// 629// 630//
f 625// 630// 631//
f 632// 633// 634//
f 634// 633// 635//
f 634// 635// 636//
f 623// 625// 637//
f 637// 625// 638//
f 637// 638// 639//
f 628// 640// 641//
f 628// 627// 634//
f 634// 627// 642//
f 634// 642// 632//
f 636// 643// 634//
f 634// 643// 644//
f 634// 644// 638//
f 638// 644// 645//
f 638// 645// 639//
f 641// 646// 628//
f 628// 646// 647//
f 628// 647// 626//
f 631// 648// 625//
f 625// 648// 649//
f 625// 649// 628//
f 628// 649// 650//
f 628// 650// 640//
usemtl 3
f 651// 652// 653//
f 653// 652// 654//
f 653// 654// 655//
f 656// 657// 653//
f 653// 657// 658//
f 653// 658// 651//
f 659// 660// 653//
f 653// 660// 661//
f 653// 661// 656//
f 662// 663// 653//
f 653// 663// 664//
f 653// 664// 659//
f 665// 666// 653//
f 653// 666// 667//
f 653// 667// 662//
f 668// 669// 653//
f 653// 669// 670//
f 653// 670// 665//
f 671// 672// 653//
f 653// 672// 673//
f 653// 673// 668//
f 655// 674// 653//
f 653// 674// 675//
f 653// 675// 671//
usemtl 1
f 607// 614// 676//
f 676// 614// 677//
f 676// 677// 678//
f 678// 677// 679//
f 678// 679// 680//
f 680// 679// 681//
f 680// 681// 682//
f 682// 681// 683//
f 682// 683// 684//
f 684// 683// 685//
f 684// 685// 686//
f 686// 685// 687//
f 686// 687// 688//
f 688// 687// 689//
f 688// 689// 690//
f 690// 689// 691//
f 690// 691// 692//
f 692// 691// 693//
f 692// 693// 694//
f 693// 695// 694//
f 694// 695// 625//
f 694// 625// 628//
f 696// 697// 698//
f 699// 700// 701//
f 702// 703// 704//
f 625// 705// 706//
f 707// 705// 625//
f 704// 703// 625//
f 708// 625// 703//
f 709// 710// 711//
f 711// 710// 712//
f 711// 712// 713//
f 713// 712// 714//
f 714// 712// 715//
f 714// 715// 716//
f 716// 715// 717//
f 717// 715// 718//
f 717// 718// 719//
f 719// 718// 720//
f 720// 718// 721//
f 720// 721// 722//
f 722// 721// 723//
f 723// 721// 724//
f 723// 724// 725//
f 725// 724// 677//
f 725// 677// 614//
f 695// 707// 625//
f 726// 727// 702//
f 702// 727// 728//
f 702// 728// 703//
f 703// 728// 729//
f 703// 729// 708//
f 730// 706// 731//
f 731// 706// 705//
f 731// 705// 732//
f 732// 705// 707//
f 732// 707// 733//
f 700// 726// 701//
f 701// 726// 702//
f 701// 702// 734//
f 734// 702// 704//
f 734// 704// 735//
f 735// 704// 625//
f 695// 693// 707//
f 707// 693// 691//
f 707// 691// 733//
f 733// 691// 689//
f 733// 689// 687//
f 736// 730// 737//
f 737// 730// 731//
f 737// 731// 738//
f 738// 731// 732//
f 738// 732// 739//
f 739// 732// 733//
f 739// 733// 740//
f 740// 733// 687//
f 698// 736// 741//
f 741// 736// 737//
f 741// 737// 742//
f 742// 737// 738//
f 742// 738// 743//
f 743// 738// 739//
f 743// 739// 744//
f 744// 739// 740//
f 744// 740// 745//
f 697// 699// 698//
f 698// 699// 701//
f 698// 701// 736//
f 736// 701// 734//
f 736// 734// 730//
f 730// 734// 735//
f 730// 735// 706//
f 706// 735// 625//
f 709// 471// 710//
f 710// 471// 746//
f 710// 746// 696//
f 687// 685// 740//
f 740// 685// 683//
f 740// 683// 745//
f 745// 683// 681//
f 745// 681// 679//
f 696// 698// 710//
f 710// 698// 741//
f 710// 741// 712//
f 712// 741// 742//
f 712// 742// 715//
f 715// 742// 743//
f 715// 743// 718//
f 718// 743// 744//
f 718// 744// 721//
f 721// 744// 745//
f 721// 745// 724//
f 724// 745// 679//
f 724// 679// 677//
f 678// 680// 747//
f 682// 684// 748//
f 749// 750// 751//
f 628// 752// 753//
f 754// 752// 628//
f 751// 750// 628//
f 694// 628// 750//
f 755// 756// 757//
f 757// 756// 758//
f 757// 758// 759//
f 759// 758// 760//
f 760// 758// 761//
f 760// 761// 762//
f 762// 761// 763//
f 763// 761// 764//
f 763// 764// 765//
f 765// 764// 766//
f 766// 764// 767//
f 766// 767// 768//
f 768// 767// 769//
f 769// 767// 770//
f 769// 770// 771//
f 771// 770// 772//
f 771// 772// 622//
f 773// 754// 628//
f 686// 688// 749//
f 749// 688// 690//
f 749// 690// 750//
f 750// 690// 692//
f 750// 692// 694//
f 774// 753// 775//
f 775// 753// 752//
f 775// 752// 776//
f 776// 752// 754//
f 776// 754// 777//
f 684// 686// 748//
f 748// 686// 749//
f 748// 749// 778//
f 778// 749// 751//
f 778// 751// 779//
f 779// 751// 628//
f 773// 780// 754//
f 754// 780// 781//
f 754// 781// 777//
f 777// 781// 782//
f 777// 782// 783//
f 784// 774// 785//
f 785// 774// 775//
f 785// 775// 786//
f 786// 775// 776//
f 786// 776// 787//
f 787// 776// 777//
f 787// 777// 788//
f 788// 777// 783//
f 747// 784// 789//
f 789// 784// 785//
f 789// 785// 790//
f 790// 785// 786//
f 790// 786// 791//
f 791// 786// 787//
f 791// 787// 792//
f 792// 787// 788//
f 792// 788// 793//
f 680// 682// 747//
f 747// 682// 748//
f 747// 748// 784//
f 784// 748// 778//
f 784// 778// 774//
f 774// 778// 779//
f 774// 779// 753//
f 753// 779// 628//
f 755// 607// 756//
f 756// 607// 676//
f 756// 676// 678//
f 783// 794// 788//
f 788// 794// 795//
f 788// 795// 793//
f 793// 795// 796//
f 793// 796// 797//
f 678// 747// 756//
f 756// 747// 789//
f 756// 789// 758//
f 758// 789// 790//
f 758// 790// 761//
f 761// 790// 791//
f 761// 791// 764//
f 764// 791// 792//
f 764// 792// 767//
f 767// 792// 793//
f 767// 793// 770//
f 770// 793// 797//
f 770// 797// 772//
f 711// 444// 448//
f 448// 455// 711//
f 711// 455// 458//
f 711// 458// 709//
f 709// 458// 471//
f 439// 444// 798//
f 798// 444// 711//
f 798// 711// 799//
f 799// 711// 713//
f 799// 713// 800//
f 800// 713// 714//
f 800// 714// 801//
f 801// 714// 716//
f 801// 716// 802//
f 802// 716// 717//
f 802// 717// 803//
f 803// 717// 719//
f 803// 719// 804//
f 804// 719// 720//
f 804// 720// 805//
f 805// 720// 722//
f 805// 722// 806//
f 614// 585// 725//
f 725// 585// 806//
f 725// 806// 723//
f 723// 806// 722//
f 746// 471// 473//
f 473// 551// 807//
f 551// 552// 807//
f 807// 552// 553//
f 807// 553// 808//
f 553// 554// 808//
f 808// 554// 189//
f 808// 189// 549//
f 549// 548// 808//
f 808// 548// 547//
f 808// 547// 546//
f 546// 545// 808//
f 808// 545// 544//
f 808// 544// 543//
f 746// 473// 696//
f 696// 473// 807//
f 696// 807// 697//
f 697// 807// 809//
f 697// 809// 699//
f 699// 809// 810//
f 699// 810// 700//
f 700// 810// 811//
f 700// 811// 726//
f 726// 811// 812//
f 726// 812// 727//
f 727// 812// 813//
f 727// 813// 728//
f 728// 813// 814//
f 728// 814// 729//
f 729// 814// 815//
f 729// 815// 708//
f 815// 816// 708//
f 708// 816// 638//
f 708// 638// 625//
f 577// 584// 817//
f 817// 584// 818//
f 817// 818// 819//
f 819// 818// 820//
f 819// 820// 821//
f 821// 820// 822//
f 821// 822// 823//
f 823// 822// 824//
f 823// 824// 825//
f 825// 824// 826//
f 825// 826// 827//
f 827// 826// 828//
f 827// 828// 829//
f 829// 828// 830//
f 829// 830// 831//
f 831// 830// 832//
f 831// 832// 833//
f 833// 832// 834//
f 833// 834// 835//
f 834// 836// 835//
f 835// 836// 634//
f 835// 634// 638//
f 621// 622// 837//
f 837// 622// 772//
f 837// 772// 838//
f 838// 772// 797//
f 838// 797// 839//
f 839// 797// 796//
f 839// 796// 840//
f 840// 796// 795//
f 840// 795// 841//
f 841// 795// 794//
f 841// 794// 842//
f 842// 794// 783//
f 842// 783// 843//
f 843// 783// 782//
f 843// 782// 844//
f 844// 782// 781//
f 844// 781// 845//
f 845// 781// 780//
f 845// 780// 846//
f 780// 773// 846//
f 846// 773// 628//
f 846// 628// 634//
f 599// 607// 755//
f 599// 755// 847//
f 847// 755// 757//
f 847// 757// 848//
f 848// 757// 759//
f 848// 759// 849//
f 849// 759// 760//
f 849// 760// 850//
f 850// 760// 762//
f 850// 762// 851//
f 851// 762// 763//
f 851// 763// 852//
f 852// 763// 765//
f 852// 765// 853//
f 853// 765// 766//
f 853// 766// 854//
f 854// 766// 768//
f 854// 768// 855//
f 622// 620// 771//
f 771// 620// 855//
f 771// 855// 769//
f 769// 855// 768//
f 585// 595// 856//
f 585// 856// 806//
f 806// 856// 857//
f 806// 857// 805//
f 805// 857// 858//
f 805// 858// 804//
f 804// 858// 859//
f 804// 859// 803//
f 803// 859// 860//
f 803// 860// 802//
f 802// 860// 861//
f 802// 861// 801//
f 801// 861// 862//
f 801// 862// 800//
f 800// 862// 863//
f 800// 863// 799//
f 799// 863// 864//
f 799// 864// 798//
f 616// 439// 865//
f 865// 439// 798//
f 865// 798// 866//
f 866// 798// 864//
f 819// 821// 867//
f 823// 825// 868//
f 869// 870// 871//
f 638// 872// 873//
f 874// 872// 638//
f 871// 870// 638//
f 835// 638// 870//
f 875// 876// 877//
f 877// 876// 878//
f 877// 878// 879//
f 879// 878// 880//
f 880// 878// 881//
f 880// 881// 882//
f 882// 881// 883//
f 883// 881// 884//
f 883// 884// 885//
f 885// 884// 886//
f 886// 884// 887//
f 886// 887// 888//
f 888// 887// 889//
f 889// 887// 890//
f 889// 890// 891//
f 891// 890// 808//
f 891// 808// 543//
f 816// 874// 638//
f 827// 829// 869//
f 869// 829// 831//
f 869// 831// 870//
f 870// 831// 833//
f 870// 833// 835//
f 892// 873// 893//
f 893// 873// 872//
f 893// 872// 894//
f 894// 872// 874//
f 894// 874// 895//
f 825// 827// 868//
f 868// 827// 869//
f 868// 869// 896//
f 896// 869// 871//
f 896// 871// 897//
f 897// 871// 638//
f 816// 815// 874//
f 874// 815// 814//
f 874// 814// 895//
f 895// 814// 813//
f 895// 813// 812//
f 898// 892// 899//
f 899// 892// 893//
f 899// 893// 900//
f 900// 893// 894//
f 900// 894// 901//
f 901// 894// 895//
f 901// 895// 902//
f 902// 895// 812//
f 867// 898// 903//
f 903// 898// 899//
f 903// 899// 904//
f 904// 899// 900//
f 904// 900// 905//
f 905// 900// 901//
f 905// 901// 906//
f 906// 901// 902//
f 906// 902// 907//
f 821// 823// 867//
f 867// 823// 868//
f 867// 868// 898//
f 898// 868// 896//
f 898// 896// 892//
f 892// 896// 897//
f 892// 897// 873//
f 873// 897// 638//
f 875// 577// 876//
f 876// 577// 817//
f 876// 817// 819//
f 812// 811// 902//
f 902// 811// 810//
f 902// 810// 907//
f 907// 810// 809//
f 907// 809// 807//
f 819// 867// 876//
f 876// 867// 903//
f 876// 903// 878//
f 878// 903// 904//
f 878// 904// 881//
f 881// 904// 905//
f 881// 905// 884//
f 884// 905// 906//
f 884// 906// 887//
f 887// 906// 907//
f 887// 907// 890//
f 890// 907// 807//
f 890// 807// 808//
f 840// 841// 908//
f 909// 910// 911//
f 634// 912// 913//
f 914// 912// 634//
f 911// 910// 634//
f 846// 634// 910//
f 915// 916// 917//
f 916// 915// 918//
f 918// 915// 919//
f 918// 919// 920//
f 920// 919// 921//
f 920// 921// 922//
f 922// 921// 923//
f 922// 923// 924//
f 924// 923// 925//
f 925// 923// 926//
f 925// 926// 927//
f 927// 926// 928//
f 928// 926// 818//
f 928// 818// 584//
f 836// 914// 634//
f 842// 843// 909//
f 909// 843// 844//
f 909// 844// 910//
f 910// 844// 845//
f 910// 845// 846//
f 929// 913// 930//
f 930// 913// 912//
f 930// 912// 931//
f 931// 912// 914//
f 931// 914// 932//
f 836// 834// 914//
f 914// 834// 832//
f 914// 832// 932//
f 932// 832// 830//
f 932// 830// 828//
f 908// 929// 933//
f 933// 929// 930//
f 933// 930// 934//
f 934// 930// 931//
f 934// 931// 935//
f 935// 931// 932//
f 935// 932// 936//
f 936// 932// 828//
f 838// 839// 937//
f 937// 839// 840//
f 840// 908// 937//
f 937// 908// 933//
f 937// 933// 938//
f 938// 933// 934//
f 938// 934// 939//
f 939// 934// 935//
f 939// 935// 940//
f 940// 935// 936//
f 940// 936// 941//
f 841// 842// 908//
f 908// 842// 909//
f 908// 909// 929//
f 929// 909// 911//
f 929// 911// 913//
f 913// 911// 634//
f 838// 915// 837//
f 837// 915// 917//
f 837// 917// 621//
f 828// 826// 936//
f 936// 826// 824//
f 936// 824// 941//
f 941// 824// 822//
f 941// 822// 820//
f 838// 937// 915//
f 915// 937// 938//
f 915// 938// 919//
f 919// 938// 939//
f 919// 939// 921//
f 921// 939// 940//
f 921// 940// 923//
f 923// 940// 941//
f 923// 941// 926//
f 926// 941// 820//
f 926// 820// 818//
f 620// 618// 942//
f 620// 942// 855//
f 855// 942// 943//
f 855// 943// 854//
f 854// 943// 944//
f 854// 944// 853//
f 853// 944// 945//
f 853// 945// 852//
f 852// 945// 946//
f 852// 946// 851//
f 851// 946// 947//
f 851// 947// 850//
f 850// 947// 948//
f 850// 948// 849//
f 849// 948// 949//
f 849// 949// 848//
f 848// 949// 950//
f 848// 950// 847//
f 596// 599// 951//
f 951// 599// 847//
f 951// 847// 952//
f 952// 847// 950//
f 595// 596// 953//
f 953// 596// 954//
f 953// 954// 955//
f 955// 954// 956//
f 955// 956// 957//
f 957// 956// 958//
f 957// 958// 959//
f 959// 958// 960//
f 959// 960// 961//
f 961// 960// 962//
f 961// 962// 963//
f 963// 962// 964//
f 963// 964// 965//
f 965// 964// 966//
f 965// 966// 967//
f 967// 966// 968//
f 967// 968// 969//
f 969// 968// 970//
f 969// 970// 971//
f 970// 972// 971//
f 971// 972// 4//
f 971// 4// 7//
f 971// 7// 973//
f 974// 975// 7//
f 976// 977// 978//
f 979// 980// 981//
f 982// 983// 984//
f 859// 858// 985//
f 857// 856// 986//
f 986// 856// 595//
f 987// 862// 861//
f 984// 864// 863//
f 864// 984// 866//
f 866// 984// 983//
f 866// 983// 865//
f 616// 865// 988//
f 988// 865// 983//
f 988// 983// 989//
f 989// 983// 982//
f 989// 982// 990//
f 990// 982// 991//
f 595// 953// 986//
f 986// 953// 955//
f 986// 955// 992//
f 980// 991// 981//
f 981// 991// 982//
f 981// 982// 993//
f 993// 982// 984//
f 993// 984// 987//
f 987// 984// 863//
f 987// 863// 862//
f 955// 957// 992//
f 992// 957// 959//
f 992// 959// 994//
f 977// 979// 978//
f 978// 979// 981//
f 978// 981// 995//
f 995// 981// 993//
f 995// 993// 996//
f 996// 993// 987//
f 996// 987// 997//
f 997// 987// 861//
f 997// 861// 860//
f 959// 961// 994//
f 994// 961// 963//
f 994// 963// 998//
f 997// 999// 996//
f 996// 999// 1000//
f 996// 1000// 995//
f 995// 1000// 1001//
f 995// 1001// 978//
f 978// 1001// 1002//
f 978// 1002// 976//
f 975// 974// 1003//
f 858// 857// 985//
f 985// 857// 986//
f 985// 986// 1004//
f 1004// 986// 992//
f 1004// 992// 1005//
f 1005// 992// 994//
f 1005// 994// 1006//
f 1006// 994// 998//
f 1006// 998// 1007//
f 1007// 998// 973//
f 1007// 973// 7//
f 7// 1008// 1002//
f 1002// 1008// 1009//
f 1002// 1009// 976//
f 999// 1010// 1000//
f 1000// 1010// 1011//
f 1000// 1011// 1001//
f 1001// 1011// 1012//
f 1001// 1012// 1002//
f 1002// 1012// 7//
f 1010// 1003// 1011//
f 1011// 1003// 974//
f 1011// 974// 1012//
f 1012// 974// 7//
f 963// 965// 998//
f 998// 965// 967//
f 998// 967// 973//
f 973// 967// 969//
f 973// 969// 971//
f 860// 859// 997//
f 997// 859// 985//
f 997// 985// 999//
f 999// 985// 1004//
f 999// 1004// 1010//
f 1010// 1004// 1005//
f 1010// 1005// 1003//
f 1003// 1005// 1006//
f 1003// 1006// 975//
f 975// 1006// 1007//
f 975// 1007// 7//
f 570// 577// 875//
f 570// 875// 1013//
f 1013// 875// 877//
f 1013// 877// 1014//
f 1014// 877// 879//
f 1014// 879// 1015//
f 1015// 879// 880//
f 1015// 880// 1016//
f 1016// 880// 882//
f 1016// 882// 1017//
f 1017// 882// 883//
f 1017// 883// 1018//
f 1018// 883// 885//
f 1018// 885// 1019//
f 1019// 885// 886//
f 1019// 886// 1020//
f 1020// 886// 888//
f 1020// 888// 1021//
f 1021// 888// 889//
f 1021// 889// 891//
f 543// 267// 891//
f 891// 267// 49//
f 539// 1021// 53//
f 53// 1021// 891//
f 53// 891// 51//
f 51// 891// 49//
f 621// 917// 619//
f 619// 917// 1022//
f 1022// 917// 1023//
f 1023// 917// 916//
f 1023// 916// 1024//
f 1024// 916// 918//
f 1024// 918// 1025//
f 1025// 918// 920//
f 1025// 920// 1026//
f 1026// 920// 922//
f 1026// 922// 1027//
f 1027// 922// 924//
f 1027// 924// 1028//
f 1028// 924// 925//
f 1028// 925// 1029//
f 1029// 925// 927//
f 1029// 927// 1030//
f 927// 928// 1030//
f 1030// 928// 584//
f 1030// 584// 555//
f 1031// 4// 1032//
f 1033// 1034// 4//
f 968// 966// 1035//
f 964// 962// 1036//
f 1037// 1038// 1039//
f 945// 944// 1040//
f 943// 942// 1041//
f 1041// 942// 618//
f 1042// 948// 947//
f 1039// 950// 949//
f 950// 1039// 952//
f 952// 1039// 1038//
f 952// 1038// 951//
f 596// 951// 954//
f 954// 951// 1038//
f 954// 1038// 956//
f 956// 1038// 1037//
f 956// 1037// 958//
f 958// 1037// 960//
f 618// 1043// 1041//
f 1041// 1043// 1044//
f 1041// 1044// 1045//
f 962// 960// 1036//
f 1036// 960// 1037//
f 1036// 1037// 1046//
f 1046// 1037// 1039//
f 1046// 1039// 1042//
f 1042// 1039// 949//
f 1042// 949// 948//
f 1044// 1047// 1045//
f 1045// 1047// 1048//
f 1045// 1048// 1049//
f 966// 964// 1035//
f 1035// 964// 1036//
f 1035// 1036// 1050//
f 1050// 1036// 1046//
f 1050// 1046// 1051//
f 1051// 1046// 1042//
f 1051// 1042// 1052//
f 1052// 1042// 947//
f 1052// 947// 946//
f 1048// 1053// 1049//
f 1049// 1053// 1054//
f 1049// 1054// 1055//
f 1052// 1056// 1051//
f 1051// 1056// 1057//
f 1051// 1057// 1050//
f 1050// 1057// 1058//
f 1050// 1058// 1035//
f 1035// 1058// 1059//
f 1035// 1059// 968//
f 1034// 1033// 1060//
f 944// 943// 1040//
f 1040// 943// 1041//
f 1040// 1041// 1061//
f 1061// 1041// 1045//
f 1061// 1045// 1062//
f 1062// 1045// 1049//
f 1062// 1049// 1063//
f 1063// 1049// 1055//
f 1063// 1055// 1064//
f 1064// 1055// 1032//
f 1064// 1032// 4//
f 4// 972// 1059//
f 1059// 972// 970//
f 1059// 970// 968//
f 1056// 1065// 1057//
f 1057// 1065// 1066//
f 1057// 1066// 1058//
f 1058// 1066// 1067//
f 1058// 1067// 1059//
f 1059// 1067// 4//
f 1065// 1060// 1066//
f 1066// 1060// 1033//
f 1066// 1033// 1067//
f 1067// 1033// 4//
f 1054// 1068// 1055//
f 1055// 1068// 1069//
f 1055// 1069// 1032//
f 1032// 1069// 1070//
f 1032// 1070// 1031//
f 946// 945// 1052//
f 1052// 945// 1040//
f 1052// 1040// 1056//
f 1056// 1040// 1061//
f 1056// 1061// 1065//
f 1065// 1061// 1062//
f 1065// 1062// 1060//
f 1060// 1062// 1063//
f 1060// 1063// 1034//
f 1034// 1063// 1064//
f 1034// 1064// 4//
f 615// 616// 1071//
f 1071// 616// 988//
f 1071// 988// 1072//
f 1072// 988// 989//
f 1072// 989// 1073//
f 1073// 989// 990//
f 1073// 990// 1074//
f 1074// 990// 991//
f 1074// 991// 1075//
f 1075// 991// 980//
f 1075// 980// 1076//
f 1076// 980// 979//
f 1076// 979// 1077//
f 1077// 979// 977//
f 1077// 977// 1078//
f 1078// 977// 976//
f 1078// 976// 1079//
f 1079// 976// 1009//
f 1079// 1009// 1080//
f 1009// 1008// 1080//
f 1080// 1008// 7//
f 1080// 7// 12//
f 615// 1081// 539//
f 539// 1081// 1021//
f 1021// 1081// 1020//
f 1020// 1081// 1082//
f 1020// 1082// 1019//
f 1019// 1082// 1083//
f 1019// 1083// 1018//
f 1018// 1083// 1084//
f 1018// 1084// 1017//
f 1017// 1084// 1085//
f 1017// 1085// 1016//
f 1016// 1085// 1086//
f 1016// 1086// 1015//
f 1015// 1086// 1087//
f 1015// 1087// 1014//
f 1014// 1087// 1088//
f 1014// 1088// 1013//
f 1088// 1089// 1013//
f 1013// 1089// 560//
f 1013// 560// 570//
f 558// 1090// 555//
f 555// 1090// 1030//
f 1030// 1090// 1029//
f 1029// 1090// 1091//
f 1029// 1091// 1028//
f 1028// 1091// 1092//
f 1028// 1092// 1027//
f 1027// 1092// 1093//
f 1027// 1093// 1026//
f 1026// 1093// 1094//
f 1026// 1094// 1025//
f 1025// 1094// 1095//
f 1025// 1095// 1024//
f 1024// 1095// 1096//
f 1024// 1096// 1023//
f 1023// 1096// 1097//
f 1023// 1097// 1022//
f 1097// 1098// 1022//
f 1022// 1098// 617//
f 1022// 617// 619//
f 618// 617// 1043//
f 1043// 617// 1099//
f 1043// 1099// 1044//
f 1044// 1099// 1100//
f 1044// 1100// 1047//
f 1047// 1100// 1101//
f 1047// 1101// 1048//
f 1048// 1101// 1102//
f 1048// 1102// 1053//
f 1053// 1102// 1103//
f 1053// 1103// 1054//
f 1054// 1103// 1104//
f 1054// 1104// 1068//
f 1068// 1104// 1105//
f 1068// 1105// 1069//
f 1069// 1105// 1106//
f 1069// 1106// 1070//
f 1070// 1106// 1107//
f 1070// 1107// 1031//
f 1107// 1108// 1031//
f 1031// 1108// 5//
f 1031// 5// 4//
f 1080// 12// 1109//
f 1110// 1111// 1112//
f 1113// 1114// 1115//
f 1116// 1117// 1118//
f 1081// 615// 1071//
f 1083// 1082// 1119//
f 1119// 1082// 1081//
f 1089// 1088// 1117//
f 1117// 1088// 1087//
f 1117// 1087// 1118//
f 1118// 1087// 1086//
f 1118// 1086// 1085//
f 560// 1089// 1120//
f 1120// 1089// 1117//
f 1120// 1117// 1121//
f 1121// 1117// 1116//
f 1121// 1116// 1122//
f 1122// 1116// 1123//
f 1081// 1071// 1119//
f 1119// 1071// 1072//
f 1119// 1072// 1124//
f 1114// 1123// 1115//
f 1115// 1123// 1116//
f 1115// 1116// 1125//
f 1125// 1116// 1118//
f 1125// 1118// 1126//
f 1126// 1118// 1085//
f 1072// 1073// 1124//
f 1124// 1073// 1074//
f 1124// 1074// 1127//
f 1111// 1113// 1112//
f 1112// 1113// 1115//
f 1112// 1115// 1128//
f 1128// 1115// 1125//
f 1128// 1125// 1129//
f 1129// 1125// 1126//
f 1074// 1075// 1127//
f 1127// 1075// 1076//
f 1127// 1076// 1130//
f 1129// 1131// 1128//
f 1128// 1131// 1132//
f 1128// 1132// 1112//
f 1112// 1132// 1133//
f 1112// 1133// 1110//
f 1084// 1083// 1134//
f 1134// 1083// 1119//
f 1134// 1119// 1135//
f 1135// 1119// 1124//
f 1135// 1124// 1136//
f 1136// 1124// 1127//
f 1136// 1127// 1137//
f 1137// 1127// 1130//
f 1137// 1130// 1138//
f 1138// 1130// 1109//
f 1138// 1109// 12//
f 12// 1139// 1133//
f 1133// 1139// 1140//
f 1133// 1140// 1110//
f 1131// 1141// 1132//
f 1132// 1141// 1142//
f 1132// 1142// 1133//
f 1133// 1142// 12//
f 1141// 1143// 1142//
f 1142// 1143// 12//
f 1076// 1077// 1130//
f 1130// 1077// 1078//
f 1130// 1078// 1109//
f 1109// 1078// 1079//
f 1109// 1079// 1080//
f 1085// 1084// 1126//
f 1126// 1084// 1134//
f 1126// 1134// 1129//
f 1129// 1134// 1135//
f 1129// 1135// 1131//
f 1131// 1135// 1136//
f 1131// 1136// 1141//
f 1141// 1136// 1137//
f 1141// 1137// 1143//
f 1143// 1137// 1138//
f 1143// 1138// 12//
f 1144// 5// 1145//
f 1106// 1105// 1146//
f 1104// 1103// 1147//
f 1148// 1149// 1150//
f 1090// 558// 1151//
f 1092// 1091// 1152//
f 1152// 1091// 1090//
f 1098// 1097// 1149//
f 1149// 1097// 1096//
f 1149// 1096// 1150//
f 1150// 1096// 1095//
f 1150// 1095// 1094//
f 617// 1098// 1099//
f 1099// 1098// 1149//
f 1099// 1149// 1100//
f 1100// 1149// 1148//
f 1100// 1148// 1101//
f 1101// 1148// 1102//
f 1090// 1151// 1152//
f 1152// 1151// 1153//
f 1152// 1153// 1154//
f 1103// 1102// 1147//
f 1147// 1102// 1148//
f 1147// 1148// 1155//
f 1155// 1148// 1150//
f 1155// 1150// 1156//
f 1156// 1150// 1094//
f 1153// 1157// 1154//
f 1154// 1157// 1158//
f 1154// 1158// 1159//
f 1105// 1104// 1146//
f 1146// 1104// 1147//
f 1146// 1147// 1160//
f 1160// 1147// 1155//
f 1160// 1155// 1161//
f 1161// 1155// 1156//
f 1158// 1162// 1159//
f 1159// 1162// 1163//
f 1159// 1163// 1164//
f 1161// 1165// 1160//
f 1160// 1165// 1166//
f 1160// 1166// 1146//
f 1146// 1166// 1167//
f 1146// 1167// 1106//
f 1093// 1092// 1168//
f 1168// 1092// 1152//
f 1168// 1152// 1169//
f 1169// 1152// 1154//
f 1169// 1154// 1170//
f 1170// 1154// 1159//
f 1170// 1159// 1171//
f 1171// 1159// 1164//
f 1171// 1164// 1172//
f 1172// 1164// 1145//
f 1172// 1145// 5//
f 5// 1108// 1167//
f 1167// 1108// 1107//
f 1167// 1107// 1106//
f 1165// 1173// 1166//
f 1166// 1173// 1174//
f 1166// 1174// 1167//
f 1167// 1174// 5//
f 1173// 1175// 1174//
f 1174// 1175// 5//
f 1163// 1176// 1164//
f 1164// 1176// 1177//
f 1164// 1177// 1145//
f 1145// 1177// 1178//
f 1145// 1178// 1144//
f 1094// 1093// 1156//
f 1156// 1093// 1168//
f 1156// 1168// 1161//
f 1161// 1168// 1169//
f 1161// 1169// 1165//
f 1165// 1169// 1170//
f 1165// 1170// 1173//
f 1173// 1170// 1171//
f 1173// 1171// 1175//
f 1175// 1171// 1172//
f 1175// 1172// 5//
f 558// 560// 1151//
f 1151// 560// 1120//
f 1151// 1120// 1153//
f 1153// 1120// 1121//
f 1153// 1121// 1157//
f 1157// 1121// 1122//
f 1157// 1122// 1158//
f 1158// 1122// 1123//
f 1158// 1123// 1162//
f 1162// 1123// 1114//
f 1162// 1114// 1163//
f 1163// 1114// 1113//
f 1163// 1113// 1176//
f 1176// 1113// 1111//
f 1176// 1111// 1177//
f 1177// 1111// 1110//
f 1177// 1110// 1178//
f 1178// 1110// 1140//
f 1178// 1140// 1144//
f 1140// 1139// 1144//
f 1144// 1139// 12//
f 1144// 12// 5//
f 654// 623// 655//
f 655// 623// 637//
f 655// 637// 674//
f 674// 637// 639//
f 674// 639// 675//
f 675// 639// 645//
f 675// 645// 671//
f 671// 645// 644//
f 671// 644// 672//
f 672// 644// 643//
f 672// 643// 673//
f 673// 643// 636//
f 673// 636// 668//
f 668// 636// 635//
f 668// 635// 669//
f 669// 635// 633//
f 669// 633// 670//
f 670// 633// 632//
f 670// 632// 665//
f 665// 632// 642//
f 665// 642// 666//
f 666// 642// 627//
f 666// 627// 667//
f 667// 627// 626//
f 667// 626// 662//
f 662// 626// 647//
f 662// 647// 663//
f 663// 647// 646//
f 663// 646// 664//
f 664// 646// 641//
f 664// 641// 659//
f 659// 641// 640//
f 659// 640// 660//
f 660// 640// 650//
f 660// 650// 661//
f 661// 650// 649//
f 661// 649// 656//
f 656// 649// 648//
f 656// 648// 657//
f 657// 648// 631//
f 657// 631// 658//
f 658// 631// 630//
f 658// 630// 651//
f 651// 630// 629//
f 651// 629// 652//
f 652// 629// 624//
f 652// 624// 654//
f 654// 624// 623//
usemtl 2
f 611// 1179// 609//
f 609// 1179// 1180//
f 1181// 1182// 1183//
f 1183// 1182// 1184//
f 1185// 1181// 1186//
f 1186// 1181// 1183//
f 1187// 1185// 1188//
f 1188// 1185// 1186//
f 1187// 1188// 1189//
f 1187// 1189// 1190//
f 1190// 1189// 1191//
f 1190// 1191// 1192//
f 1192// 1191// 1193//
f 1192// 1193// 1194//
f 1194// 1193// 1195//
f 1194// 1195// 1196//
f 1196// 1195// 1197//
f 1196// 1197// 1198//
f 1198// 1197// 1199//
f 1198// 1199// 1200//
f 1201// 1200// 1202//
f 1202// 1200// 1199//
f 1201// 1202// 1203//
f 1203// 1202// 1204//
f 1203// 1204// 1205//
f 1205// 1204// 1206//
f 1205// 1206// 1207//
f 1207// 1206// 1208//
f 1207// 1208// 1209//
f 1209// 1208// 1210//
f 1209// 1210// 1211//
f 1211// 1210// 1212//
f 1211// 1212// 1213//
f 1213// 1212// 1214//
f 594// 1213// 597//
f 597// 1213// 1214//
f 1180// 1179// 1215//
f 1180// 1215// 1216//
f 1216// 1215// 1217//
f 1216// 1217// 1218//
f 1218// 1217// 1219//
f 1218// 1219// 1220//
f 1220// 1219// 1221//
f 1220// 1221// 1222//
f 1222// 1221// 1223//
f 1222// 1223// 1224//
f 1224// 1223// 1225//
f 1224// 1225// 1226//
f 1227// 1226// 1228//
f 1228// 1226// 1225//
f 1227// 1228// 1229//
f 1229// 1228// 1230//
f 1229// 1230// 1231//
f 1231// 1230// 1232//
f 1231// 1232// 1233//
f 1233// 1232// 1234//
f 1233// 1234// 1235//
f 1235// 1234// 1236//
f 1235// 1236// 1237//
f 1237// 1236// 1238//
f 1237// 1238// 1182//
f 1182// 1238// 1184//
f 609// 1180// 592//
f 592// 1180// 1216//
f 1216// 1218// 592//
f 592// 1218// 1220//
f 592// 1220// 1222//
f 1207// 1209// 1222//
f 1222// 1209// 1211//
f 1222// 1211// 592//
f 592// 1211// 1213//
f 592// 1213// 594//
f 1181// 1185// 1182//
f 1182// 1185// 1187//
f 1182// 1187// 1237//
f 1237// 1187// 1190//
f 1237// 1190// 1235//
f 1235// 1190// 1192//
f 1235// 1192// 1233//
f 1233// 1192// 1194//
f 1233// 1194// 1231//
f 1231// 1194// 1196//
f 1231// 1196// 1229//
f 1229// 1196// 1198//
f 1229// 1198// 1227//
f 1227// 1198// 1200//
f 1227// 1200// 1226//
f 1226// 1200// 1201//
f 1226// 1201// 1224//
f 1224// 1201// 1203//
f 1224// 1203// 1222//
f 1222// 1203// 1205//
f 1222// 1205// 1207//
f 1179// 611// 604//
f 604// 1221// 1219//
f 1212// 1210// 1221//
f 1219// 1217// 604//
f 604// 1217// 1215//
f 604// 1215// 1179//
f 1212// 1221// 1214//
f 1214// 1221// 604//
f 1214// 604// 597//
f 1210// 1208// 1221//
f 1221// 1208// 1206//
f 1221// 1206// 1223//
f 1223// 1206// 1204//
f 1223// 1204// 1225//
f 1225// 1204// 1202//
f 1225// 1202// 1228//
f 1228// 1202// 1199//
f 1228// 1199// 1230//
f 1230// 1199// 1197//
f 1230// 1197// 1232//
f 1232// 1197// 1195//
f 1232// 1195// 1234//
f 1234// 1195// 1193//
f 1234// 1193// 1236//
f 1236// 1193// 1191//
f 1236// 1191// 1238//
f 1238// 1191// 1189//
f 1238// 1189// 1184//
f 1184// 1189// 1188//
f 1184// 1188// 1183//
f 1183// 1188// 1186//
f 1239// 1240// 1241//
f 1241// 1240// 1242//
f 1243// 1239// 1244//
f 1244// 1239// 1241//
f 1245// 1243// 1246//
f 1246// 1243// 1244//
f 1245// 1246// 1247//
f 1245// 1247// 1248//
f 1248// 1247// 1249//
f 1248// 1249// 1250//
f 1250// 1249// 1251//
f 1250// 1251// 1252//
f 1252// 1251// 1253//
f 1252// 1253// 1254//
f 1254// 1253// 1255//
f 1254// 1255// 1256//
f 1256// 1255// 1257//
f 1256// 1257// 1258//
f 1259// 1258// 1260//
f 1260// 1258// 1257//
f 1259// 1260// 1261//
f 1261// 1260// 1262//
f 1261// 1262// 1263//
f 1263// 1262// 1264//
f 1263// 1264// 1265//
f 1265// 1264// 1266//
f 1265// 1266// 1267//
f 1267// 1266// 1268//
f 1267// 1268// 1269//
f 1269// 1268// 1270//
f 1269// 1270// 1271//
f 1271// 1270// 1272//
f 587// 1271// 593//
f 593// 1271// 1272//
f 610// 1273// 613//
f 613// 1273// 1274//
f 1274// 1273// 1275//
f 1274// 1275// 1276//
f 1276// 1275// 1277//
f 1276// 1277// 1278//
f 1278// 1277// 1279//
f 1278// 1279// 1280//
f 1280// 1279// 1281//
f 1280// 1281// 1282//
f 1282// 1281// 1283//
f 1282// 1283// 1284//
f 1284// 1283// 1285//
f 1284// 1285// 1286//
f 1287// 1286// 1288//
f 1288// 1286// 1285//
f 613// 1274// 586//
f 586// 1274// 1276//
f 1276// 1278// 586//
f 586// 1278// 1280//
f 586// 1280// 1282//
f 1265// 1267// 1282//
f 1282// 1267// 1269//
f 1282// 1269// 586//
f 586// 1269// 1271//
f 586// 1271// 587//
f 1239// 1243// 1240//
f 1240// 1243// 1245//
f 1240// 1245// 1289//
f 1289// 1245// 1248//
f 1289// 1248// 1290//
f 1290// 1248// 1250//
f 1290// 1250// 1291//
f 1291// 1250// 1252//
f 1291// 1252// 1292//
f 1292// 1252// 1254//
f 1292// 1254// 1293//
f 1293// 1254// 1256//
f 1293// 1256// 1287//
f 1287// 1256// 1258//
f 1287// 1258// 1286//
f 1286// 1258// 1259//
f 1286// 1259// 1284//
f 1284// 1259// 1261//
f 1284// 1261// 1282//
f 1282// 1261// 1263//
f 1282// 1263// 1265//
f 1287// 1288// 1293//
f 1293// 1288// 1294//
f 1293// 1294// 1292//
f 1292// 1294// 1295//
f 1292// 1295// 1291//
f 1291// 1295// 1296//
f 1291// 1296// 1290//
f 1290// 1296// 1297//
f 1290// 1297// 1289//
f 1289// 1297// 1298//
f 1289// 1298// 1240//
f 1240// 1298// 1242//
f 1273// 610// 591//
f 591// 1281// 1279//
f 1270// 1268// 1281//
f 1279// 1277// 591//
f 591// 1277// 1275//
f 591// 1275// 1273//
f 1270// 1281// 1272//
f 1272// 1281// 591//
f 1272// 591// 593//
f 1268// 1266// 1281//
f 1281// 1266// 1264//
f 1281// 1264// 1283//
f 1283// 1264// 1262//
f 1283// 1262// 1285//
f 1285// 1262// 1260//
f 1285// 1260// 1288//
f 1288// 1260// 1257//
f 1288// 1257// 1294//
f 1294// 1257// 1255//
f 1294// 1255// 1295//
f 1295// 1255// 1253//
f 1295// 1253// 1296//
f 1296// 1253// 1251//
f 1296// 1251// 1297//
f 1297// 1251// 1249//
f 1297// 1249// 1298//
f 1298// 1249// 1247//
f 1298// 1247// 1242//
f 1242// 1247// 1246//
f 1242// 1246// 1241//
f 1241// 1246// 1244//
f 1299// 1300// 1301//
f 1301// 1300// 1302//
f 1303// 1299// 1304//
f 1304// 1299// 1301//
f 1305// 1303// 1306//
f 1306// 1303// 1304//
f 1305// 1306// 1307//
f 1305// 1307// 1308//
f 1308// 1307// 1309//
f 1308// 1309// 1310//
f 1310// 1309// 1311//
f 1310// 1311// 1312//
f 1312// 1311// 1313//
f 1312// 1313// 1314//
f 1314// 1313// 1315//
f 1314// 1315// 1316//
f 1316// 1315// 1317//
f 1316// 1317// 1318//
f 1319// 1318// 1320//
f 1320// 1318// 1317//
f 1319// 1320// 1321//
f 1321// 1320// 1322//
f 1321// 1322// 1323//
f 1323// 1322// 1324//
f 1323// 1324// 1325//
f 1325// 1324// 1326//
f 1325// 1326// 1327//
f 1327// 1326// 1328//
f 1327// 1328// 1329//
f 1329// 1328// 1330//
f 1329// 1330// 1331//
f 1331// 1330// 1332//
f 602// 1331// 588//
f 588// 1331// 1332//
f 612// 1333// 605//
f 605// 1333// 1334//
f 1334// 1333// 1335//
f 1334// 1335// 1336//
f 1336// 1335// 1337//
f 1336// 1337// 1338//
f 1338// 1337// 1339//
f 1338// 1339// 1340//
f 1340// 1339// 1341//
f 1340// 1341// 1342//
f 1342// 1341// 1343//
f 1342// 1343// 1344//
f 1344// 1343// 1345//
f 1344// 1345// 1346//
f 1347// 1346// 1348//
f 1348// 1346// 1345//
f 605// 1334// 603//
f 603// 1334// 1336//
f 1336// 1338// 603//
f 603// 1338// 1340//
f 603// 1340// 1342//
f 1325// 1327// 1342//
f 1342// 1327// 1329//
f 1342// 1329// 603//
f 603// 1329// 1331//
f 603// 1331// 602//
f 1299// 1303// 1300//
f 1300// 1303// 1305//
f 1300// 1305// 1349//
f 1349// 1305// 1308//
f 1349// 1308// 1350//
f 1350// 1308// 1310//
f 1350// 1310// 1351//
f 1351// 1310// 1312//
f 1351// 1312// 1352//
f 1352// 1312// 1314//
f 1352// 1314// 1353//
f 1353// 1314// 1316//
f 1353// 1316// 1347//
f 1347// 1316// 1318//
f 1347// 1318// 1346//
f 1346// 1318// 1319//
f 1346// 1319// 1344//
f 1344// 1319// 1321//
f 1344// 1321// 1342//
f 1342// 1321// 1323//
f 1342// 1323// 1325//
f 1347// 1348// 1353//
f 1353// 1348// 1354//
f 1353// 1354// 1352//
f 1352// 1354// 1355//
f 1352// 1355// 1351//
f 1351// 1355// 1356//
f 1351// 1356// 1350//
f 1350// 1356// 1357//
f 1350// 1357// 1349//
f 1349// 1357// 1358//
f 1349// 1358// 1300//
f 1300// 1358// 1302//
f 1333// 612// 589//
f 589// 1341// 1339//
f 1330// 1328// 1341//
f 1339// 1337// 589//
f 589// 1337// 1335//
f 589// 1335// 1333//
f 1330// 1341// 1332//
f 1332// 1341// 589//
f 1332// 589// 588//
f 1328// 1326// 1341//
f 1341// 1326// 1324//
f 1341// 1324// 1343//
f 1343// 1324// 1322//
f 1343// 1322// 1345//
f 1345// 1322// 1320//
f 1345// 1320// 1348//
f 1348// 1320// 1317//
f 1348// 1317// 1354//
f 1354// 1317// 1315//
f 1354// 1315// 1355//
f 1355// 1315// 1313//
f 1355// 1313// 1356//
f 1356// 1313// 1311//
f 1356// 1311// 1357//
f 1357// 1311// 1309//
f 1357// 1309// 1358//
f 1358// 1309// 1307//
f 1358// 1307// 1302//
f 1302// 1307// 1306//
f 1302// 1306// 1301//
f 1301// 1306// 1304//
f 1359// 1360// 1361//
f 1361// 1360// 1362//
f 1363// 1359// 1364//
f 1364// 1359// 1361//
f 1365// 1363// 1366//
f 1366// 1363// 1364//
f 1365// 1366// 1367//
f 1365// 1367// 1368//
f 1368// 1367// 1369//
f 1368// 1369// 1370//
f 1370// 1369// 1371//
f 1370// 1371// 1372//
f 1372// 1371// 1373//
f 1372// 1373// 1374//
f 1374// 1373// 1375//
f 1374// 1375// 1376//
f 1376// 1375// 1377//
f 1376// 1377// 1378//
f 1379// 1378// 1380//
f 1380// 1378// 1377//
f 1379// 1380// 1381//
f 1381// 1380// 1382//
f 1381// 1382// 1383//
f 1383// 1382// 1384//
f 1383// 1384// 1385//
f 1385// 1384// 1386//
f 1385// 1386// 1387//
f 1387// 1386// 1388//
f 1387// 1388// 1389//
f 1389// 1388// 1390//
f 1389// 1390// 1391//
f 1391// 1390// 1392//
f 601// 1391// 600//
f 600// 1391// 1392//
f 608// 1393// 606//
f 606// 1393// 1394//
f 1394// 1393// 1395//
f 1394// 1395// 1396//
f 1396// 1395// 1397//
f 1396// 1397// 1398//
f 1398// 1397// 1399//
f 1398// 1399// 1400//
f 1400// 1399// 1401//
f 1400// 1401// 1402//
f 1402// 1401// 1403//
f 1402// 1403// 1404//
f 1404// 1403// 1405//
f 1404// 1405// 1406//
f 1407// 1406// 1408//
f 1408// 1406// 1405//
f 606// 1394// 590//
f 590// 1394// 1396//
f 1396// 1398// 590//
f 590// 1398// 1400//
f 590// 1400// 1402//
f 1385// 1387// 1402//
f 1402// 1387// 1389//
f 1402// 1389// 590//
f 590// 1389// 1391//
f 590// 1391// 601//
f 1359// 1363// 1360//
f 1360// 1363// 1365//
f 1360// 1365// 1409//
f 1409// 1365// 1368//
f 1409// 1368// 1410//
f 1410// 1368// 1370//
f 1410// 1370// 1411//
f 1411// 1370// 1372//
f 1411// 1372// 1412//
f 1412// 1372// 1374//
f 1412// 1374// 1413//
f 1413// 1374// 1376//
f 1413// 1376// 1407//
f 1407// 1376// 1378//
f 1407// 1378// 1406//
f 1406// 1378// 1379//
f 1406// 1379// 1404//
f 1404// 1379// 1381//
f 1404// 1381// 1402//
f 1402// 1381// 1383//
f 1402// 1383// 1385//
f 1407// 1408// 1413//
f 1413// 1408// 1414//
f 1413// 1414// 1412//
f 1412// 1414// 1415//
f 1412// 1415// 1411//
f 1411// 1415// 1416//
f 1411// 1416// 1410//
f 1410// 1416// 1417//
f 1410// 1417// 1409//
f 1409// 1417// 1418//
f 1409// 1418// 1360//
f 1360// 1418// 1362//
f 1393// 608// 598//
f 598// 1401// 1399//
f 1390// 1388// 1401//
f 1399// 1397// 598//
f 598// 1397// 1395//
f 598// 1395// 1393//
f 1390// 1401// 1392//
f 1392// 1401// 598//
f 1392// 598// 600//
f 1388// 1386// 1401//
f 1401// 1386// 1384//
f 1401// 1384// 1403//
f 1403// 1384// 1382//
f 1403// 1382// 1405//
f 1405// 1382// 1380//
f 1405// 1380// 1408//
f 1408// 1380// 1377//
f 1408// 1377// 1414//
f 1414// 1377// 1375//
f 1414// 1375// 1415//
f 1415// 1375// 1373//
f 1415// 1373// 1416//
f 1416// 1373// 1371//
f 1416// 1371// 1417//
f 1417// 1371// 1369//
f 1417// 1369// 1418//
f 1418// 1369// 1367//
f 1418// 1367// 1362//
f 1362// 1367// 1366//
f 1362// 1366// 1361//
f 1361// 1366// 1364//
f 1419// 1420// 1421//
f 1421// 1420// 1422//
f 1420// 1423// 1422//
f 1422// 1423// 1424//
f 1423// 1425// 1424//
f 1424// 1425// 1426//
f 1427// 1428// 1429//
f 1427// 1429// 1430//
f 1430// 1429// 1431//
f 1430// 1431// 1432//
f 1432// 1431// 1433//
f 1432// 1433// 1434//
f 1434// 1433// 1435//
f 1434// 1435// 1436//
f 1436// 1435// 1437//
f 1436// 1437// 1438//
f 1438// 1437// 1426//
f 1438// 1426// 1425//
f 1427// 1439// 1428//
f 1428// 1439// 1440//
f 1441// 1442// 1443//
f 1443// 1442// 1444//
f 1443// 1444// 1445//
f 1445// 1444// 1446//
f 1445// 1446// 1447//
f 1447// 1446// 1448//
f 1447// 1448// 1449//
f 1449// 1448// 1450//
f 1449// 1450// 1451//
f 1451// 1450// 1452//
f 1451// 1452// 1439//
f 1439// 1452// 1440//
f 1441// 565// 1442//
f 1442// 565// 564//
f 1453// 575// 1454//
f 1454// 575// 582//
f 1455// 1456// 1457//
f 1455// 1457// 1458//
f 1458// 1457// 1459//
f 1458// 1459// 1460//
f 1460// 1459// 1461//
f 1460// 1461// 1462//
f 1462// 1461// 1463//
f 1462// 1463// 1464//
f 1464// 1463// 1465//
f 1464// 1465// 1466//
f 1466// 1465// 1453//
f 1466// 1453// 1454//
f 1455// 1467// 1456//
f 1456// 1467// 1468//
f 1454// 582// 574//
f 574// 1460// 1462//
f 1462// 1464// 574//
f 574// 1464// 1466//
f 574// 1466// 1454//
f 1443// 1445// 1460//
f 1443// 1460// 1441//
f 1441// 1460// 574//
f 1441// 574// 565//
f 1423// 1420// 1425//
f 1425// 1420// 1419//
f 1425// 1419// 1438//
f 1438// 1419// 1469//
f 1438// 1469// 1436//
f 1436// 1469// 1470//
f 1436// 1470// 1434//
f 1434// 1470// 1471//
f 1434// 1471// 1432//
f 1432// 1471// 1472//
f 1432// 1472// 1430//
f 1430// 1472// 1473//
f 1430// 1473// 1427//
f 1427// 1473// 1467//
f 1427// 1467// 1439//
f 1439// 1467// 1455//
f 1439// 1455// 1451//
f 1451// 1455// 1458//
f 1451// 1458// 1449//
f 1449// 1458// 1460//
f 1449// 1460// 1447//
f 1447// 1460// 1445//
f 1419// 1421// 1469//
f 1469// 1421// 1474//
f 1469// 1474// 1470//
f 1470// 1474// 1475//
f 1470// 1475// 1471//
f 1471// 1475// 1476//
f 1471// 1476// 1472//
f 1472// 1476// 1477//
f 1472// 1477// 1473//
f 1473// 1477// 1478//
f 1473// 1478// 1467//
f 1467// 1478// 1468//
f 575// 1453// 563//
f 563// 1453// 1465//
f 1465// 1463// 563//
f 563// 1463// 1461//
f 563// 1461// 1459//
f 1422// 1424// 1421//
f 1421// 1424// 1426//
f 1421// 1426// 1474//
f 1474// 1426// 1437//
f 1474// 1437// 1475//
f 1475// 1437// 1435//
f 1475// 1435// 1476//
f 1476// 1435// 1433//
f 1476// 1433// 1477//
f 1477// 1433// 1431//
f 1477// 1431// 1478//
f 1478// 1431// 1429//
f 1478// 1429// 1468//
f 1468// 1429// 1428//
f 1468// 1428// 1456//
f 1456// 1428// 1440//
f 1456// 1440// 1457//
f 1457// 1440// 1452//
f 1457// 1452// 1459//
f 1459// 1452// 1450//
f 1459// 1450// 1448//
f 1448// 1446// 1459//
f 1459// 1446// 1444//
f 1459// 1444// 563//
f 563// 1444// 1442//
f 563// 1442// 564//
f 1479// 1480// 1481//
f 1481// 1480// 1482//
f 1480// 1483// 1482//
f 1482// 1483// 1484//
f 1483// 1485// 1484//
f 1484// 1485// 1486//
f 1487// 1488// 1489//
f 1487// 1489// 1490//
f 1490// 1489// 1491//
f 1490// 1491// 1492//
f 1492// 1491// 1493//
f 1492// 1493// 1494//
f 1494// 1493// 1495//
f 1494// 1495// 1496//
f 1496// 1495// 1497//
f 1496// 1497// 1498//
f 1498// 1497// 1486//
f 1498// 1486// 1485//
f 1487// 1499// 1488//
f 1488// 1499// 1500//
f 1501// 1502// 1503//
f 1503// 1502// 1504//
f 1503// 1504// 1505//
f 1505// 1504// 1506//
f 1505// 1506// 1507//
f 1507// 1506// 1508//
f 1507// 1508// 1509//
f 1509// 1508// 1510//
f 1509// 1510// 1511//
f 1511// 1510// 1512//
f 1511// 1512// 1499//
f 1499// 1512// 1500//
f 1501// 571// 1502//
f 1502// 571// 572//
f 1513// 576// 1514//
f 1514// 576// 578//
f 1515// 1516// 1517//
f 1515// 1517// 1518//
f 1518// 1517// 1519//
f 1518// 1519// 1520//
f 1520// 1519// 1521//
f 1520// 1521// 1522//
f 1522// 1521// 1523//
f 1522// 1523// 1524//
f 1524// 1523// 1525//
f 1524// 1525// 1526//
f 1526// 1525// 1513//
f 1526// 1513// 1514//
f 1515// 1527// 1516//
f 1516// 1527// 1528//
f 1514// 578// 569//
f 569// 1520// 1522//
f 1522// 1524// 569//
f 569// 1524// 1526//
f 569// 1526// 1514//
f 1503// 1505// 1520//
f 1503// 1520// 1501//
f 1501// 1520// 569//
f 1501// 569// 571//
f 1483// 1480// 1485//
f 1485// 1480// 1479//
f 1485// 1479// 1498//
f 1498// 1479// 1529//
f 1498// 1529// 1496//
f 1496// 1529// 1530//
f 1496// 1530// 1494//
f 1494// 1530// 1531//
f 1494// 1531// 1492//
f 1492// 1531// 1532//
f 1492// 1532// 1490//
f 1490// 1532// 1533//
f 1490// 1533// 1487//
f 1487// 1533// 1527//
f 1487// 1527// 1499//
f 1499// 1527// 1515//
f 1499// 1515// 1511//
f 1511// 1515// 1518//
f 1511// 1518// 1509//
f 1509// 1518// 1520//
f 1509// 1520// 1507//
f 1507// 1520// 1505//
f 1479// 1481// 1529//
f 1529// 1481// 1534//
f 1529// 1534// 1530//
f 1530// 1534// 1535//
f 1530// 1535// 1531//
f 1531// 1535// 1536//
f 1531// 1536// 1532//
f 1532// 1536// 1537//
f 1532// 1537// 1533//
f 1533// 1537// 1538//
f 1533// 1538// 1527//
f 1527// 1538// 1528//
f 576// 1513// 573//
f 573// 1513// 1525//
f 1525// 1523// 573//
f 573// 1523// 1521//
f 573// 1521// 1519//
f 1482// 1484// 1481//
f 1481// 1484// 1486//
f 1481// 1486// 1534//
f 1534// 1486// 1497//
f 1534// 1497// 1535//
f 1535// 1497// 1495//
f 1535// 1495// 1536//
f 1536// 1495// 1493//
f 1536// 1493// 1537//
f 1537// 1493// 1491//
f 1537// 1491// 1538//
f 1538// 1491// 1489//
f 1538// 1489// 1528//
f 1528// 1489// 1488//
f 1528// 1488// 1516//
f 1516// 1488// 1500//
f 1516// 1500// 1517//
f 1517// 1500// 1512//
f 1517// 1512// 1519//
f 1519// 1512// 1510//
f 1519// 1510// 1508//
f 1508// 1506// 1519//
f 1519// 1506// 1504//
f 1519// 1504// 573//
f 573// 1504// 1502//
f 573// 1502// 572//
f 1539// 1540// 1541//
f 1541// 1540// 1542//
f 1540// 1543// 1542//
f 1542// 1543// 1544//
f 1543// 1545// 1544//
f 1544// 1545// 1546//
f 1547// 1548// 1549//
f 1547// 1549// 1550//
f 1550// 1549// 1551//
f 1550// 1551// 1552//
f 1552// 1551// 1553//
f 1552// 1553// 1554//
f 1554// 1553// 1555//
f 1554// 1555// 1556//
f 1556// 1555// 1557//
f 1556// 1557// 1558//
f 1558// 1557// 1546//
f 1558// 1546// 1545//
f 1547// 1559// 1548//
f 1548// 1559// 1560//
f 1561// 1562// 1563//
f 1563// 1562// 1564//
f 1563// 1564// 1565//
f 1565// 1564// 1566//
f 1565// 1566// 1567//
f 1567// 1566// 1568//
f 1567// 1568// 1569//
f 1569// 1568// 1570//
f 1569// 1570// 1571//
f 1571// 1570// 1572//
f 1571// 1572// 1559//
f 1559// 1572// 1560//
f 1561// 561// 1562//
f 1562// 561// 566//
f 1573// 579// 1574//
f 1574// 579// 581//
f 1575// 1576// 1577//
f 1575// 1577// 1578//
f 1578// 1577// 1579//
f 1578// 1579// 1580//
f 1580// 1579// 1581//
f 1580// 1581// 1582//
f 1582// 1581// 1583//
f 1582// 1583// 1584//
f 1584// 1583// 1585//
f 1584// 1585// 1586//
f 1586// 1585// 1573//
f 1586// 1573// 1574//
f 1575// 1587// 1576//
f 1576// 1587// 1588//
f 1574// 581// 562//
f 562// 1580// 1582//
f 1582// 1584// 562//
f 562// 1584// 1586//
f 562// 1586// 1574//
f 1563// 1565// 1580//
f 1563// 1580// 1561//
f 1561// 1580// 562//
f 1561// 562// 561//
f 1543// 1540// 1545//
f 1545// 1540// 1539//
f 1545// 1539// 1558//
f 1558// 1539// 1589//
f 1558// 1589// 1556//
f 1556// 1589// 1590//
f 1556// 1590// 1554//
f 1554// 1590// 1591//
f 1554// 1591// 1552//
f 1552// 1591// 1592//
f 1552// 1592// 1550//
f 1550// 1592// 1593//
f 1550// 1593// 1547//
f 1547// 1593// 1587//
f 1547// 1587// 1559//
f 1559// 1587// 1575//
f 1559// 1575// 1571//
f 1571// 1575// 1578//
f 1571// 1578// 1569//
f 1569// 1578// 1580//
f 1569// 1580// 1567//
f 1567// 1580// 1565//
f 1539// 1541// 1589//
f 1589// 1541// 1594//
f 1589// 1594// 1590//
f 1590// 1594// 1595//
f 1590// 1595// 1591//
f 1591// 1595// 1596//
f 1591// 1596// 1592//
f 1592// 1596// 1597//
f 1592// 1597// 1593//
f 1593// 1597// 1598//
f 1593// 1598// 1587//
f 1587// 1598// 1588//
f 579// 1573// 567//
f 567// 1573// 1585//
f 1585// 1583// 567//
f 567// 1583// 1581//
f 567// 1581// 1579//
f 1542// 1544// 1541//
f 1541// 1544// 1546//
f 1541// 1546// 1594//
f 1594// 1546// 1557//
f 1594// 1557// 1595//
f 1595// 1557// 1555//
f 1595// 1555// 1596//
f 1596// 1555// 1553//
f 1596// 1553// 1597//
f 1597// 1553// 1551//
f 1597// 1551// 1598//
f 1598// 1551// 1549//
f 1598// 1549// 1588//
f 1588// 1549// 1548//
f 1588// 1548// 1576//
f 1576// 1548// 1560//
f 1576// 1560// 1577//
f 1577// 1560// 1572//
f 1577// 1572// 1579//
f 1579// 1572// 1570//
f 1579// 1570// 1568//
f 1568// 1566// 1579//
f 1579// 1566// 1564//
f 1579// 1564// 567//
f 567// 1564// 1562//
f 567// 1562// 566//
f 1599// 1600// 1601//
f 1601// 1600// 1602//
f 1600// 1603// 1602//
f 1602// 1603// 1604//
f 1603// 1605// 1604//
f 1604// 1605// 1606//
f 1607// 1608// 1609//
f 1607// 1609// 1610//
f 1610// 1609// 1611//
f 1610// 1611// 1612//
f 1612// 1611// 1613//
f 1612// 1613// 1614//
f 1614// 1613// 1615//
f 1614// 1615// 1616//
f 1616// 1615// 1617//
f 1616// 1617// 1618//
f 1618// 1617// 1606//
f 1618// 1606// 1605//
f 1607// 1619// 1608//
f 1608// 1619// 1620//
f 1621// 1622// 1623//
f 1623// 1622// 1624//
f 1623// 1624// 1625//
f 1625// 1624// 1626//
f 1625// 1626// 1627//
f 1627// 1626// 1628//
f 1627// 1628// 1629//
f 1629// 1628// 1630//
f 1629// 1630// 1631//
f 1631// 1630// 1632//
f 1631// 1632// 1619//
f 1619// 1632// 1620//
f 1621// 559// 1622//
f 1622// 559// 557//
f 1633// 583// 1634//
f 1634// 583// 580//
f 1635// 1636// 1637//
f 1635// 1637// 1638//
f 1638// 1637// 1639//
f 1638// 1639// 1640//
f 1640// 1639// 1641//
f 1640// 1641// 1642//
f 1642// 1641// 1643//
f 1642// 1643// 1644//
f 1644// 1643// 1645//
f 1644// 1645// 1646//
f 1646// 1645// 1633//
f 1646// 1633// 1634//
f 1635// 1647// 1636//
f 1636// 1647// 1648//
f 1634// 580// 568//
f 568// 1640// 1642//
f 1642// 1644// 568//
f 568// 1644// 1646//
f 568// 1646// 1634//
f 1623// 1625// 1640//
f 1623// 1640// 1621//
f 1621// 1640// 568//
f 1621// 568// 559//
f 1603// 1600// 1605//
f 1605// 1600// 1599//
f 1605// 1599// 1618//
f 1618// 1599// 1649//
f 1618// 1649// 1616//
f 1616// 1649// 1650//
f 1616// 1650// 1614//
f 1614// 1650// 1651//
f 1614// 1651// 1612//
f 1612// 1651// 1652//
f 1612// 1652// 1610//
f 1610// 1652// 1653//
f 1610// 1653// 1607//
f 1607// 1653// 1647//
f 1607// 1647// 1619//
f 1619// 1647// 1635//
f 1619// 1635// 1631//
f 1631// 1635// 1638//
f 1631// 1638// 1629//
f 1629// 1638// 1640//
f 1629// 1640// 1627//
f 1627// 1640// 1625//
f 1599// 1601// 1649//
f 1649// 1601// 1654//
f 1649// 1654// 1650//
f 1650// 1654// 1655//
f 1650// 1655// 1651//
f 1651// 1655// 1656//
f 1651// 1656// 1652//
f 1652// 1656// 1657//
f 1652// 1657// 1653//
f 1653// 1657// 1658//
f 1653// 1658// 1647//
f 1647// 1658// 1648//
f 583// 1633// 556//
f 556// 1633// 1645//
f 1645// 1643// 556//
f 556// 1643// 1641//
f 556// 1641// 1639//
f 1602// 1604// 1601//
f 1601// 1604// 1606//
f 1601// 1606// 1654//
f 1654// 1606// 1617//
f 1654// 1617// 1655//
f 1655// 1617// 1615//
f 1655// 1615// 1656//
f 1656// 1615// 1613//
f 1656// 1613// 1657//
f 1657// 1613// 1611//
f 1657// 1611// 1658//
f 1658// 1611// 1609//
f 1658// 1609// 1648//
f 1648// 1609// 1608//
f 1648// 1608// 1636//
f 1636// 1608// 1620//
f 1636// 1620// 1637//
f 1637// 1620// 1632//
f 1637// 1632// 1639//
f 1639// 1632// 1630//
f 1639// 1630// 1628//
f 1628// 1626// 1639//
f 1639// 1626// 1624//
f 1639// 1624// 556//
f 556// 1624// 1622//
f 556// 1622// 557//
f 23// 19// 15//
f 15// 19// 14//
f 17// 21// 3//
f 3// 21// 8//
f 19// 23// 24//
f 1659// 1660// 24//
f 24// 1660// 22//
f 24// 22// 19//
f 19// 22// 20//
f 21// 17// 18//
f 1661// 1662// 18//
f 18// 1662// 20//
f 18// 20// 21//
f 21// 20// 22//
f 1663// 1664// 536//
f 536// 1664// 535//
f 1665// 1663// 530//
f 530// 1663// 536//
f 1666// 1665// 529//
f 529// 1665// 530//
f 1667// 1666// 528//
f 528// 1666// 529//
f 1668// 1667// 531//
f 531// 1667// 528//
f 1664// 1668// 535//
f 535// 1668// 531//
f 1666// 1667// 1665//
f 1665// 1667// 1668//
f 1665// 1668// 1663//
f 1663// 1668// 1664//
f 159// 1669// 1670//
f 1671// 214// 213//
f 1671// 213// 1672//
f 1672// 213// 156//
f 1672// 156// 1670//
f 1670// 156// 158//
f 1670// 158// 159//
f 1673// 1669// 160//
f 160// 1669// 159//
f 1673// 160// 162//
f 1673// 162// 1674//
f 162// 167// 1674//
f 1674// 167// 168//
f 1674// 168// 1675//
f 1675// 168// 183//
f 1675// 183// 1676//
f 1676// 183// 182//
f 1676// 182// 1677//
f 1677// 182// 176//
f 1677// 176// 1678//
f 1678// 176// 175//
f 1678// 175// 1679//
f 1679// 175// 179//
f 1679// 179// 1680//
f 1680// 179// 181//
f 1680// 181// 1681//
f 1681// 181// 180//
f 1681// 180// 1682//
f 1682// 180// 166//
f 1682// 166// 1683//
f 1683// 166// 165//
f 1683// 165// 1684//
f 1684// 165// 161//
f 1684// 161// 1685//
f 1685// 161// 163//
f 1685// 163// 1686//
f 1686// 163// 164//
f 1686// 164// 1687//
f 1687// 164// 178//
f 1687// 178// 1688//
f 1688// 178// 177//
f 1688// 177// 1689//
f 1689// 177// 174//
f 1689// 174// 1690//
f 1690// 174// 173//
f 1690// 173// 1691//
f 1691// 173// 172//
f 1691// 172// 1692//
f 153// 1693// 1694//
f 1692// 172// 171//
f 1692// 171// 1695//
f 1695// 171// 170//
f 1695// 170// 1694//
f 1694// 170// 169//
f 1694// 169// 153//
f 1696// 1693// 188//
f 188// 1693// 153//
f 190// 1697// 1698//
f 1696// 188// 187//
f 1696// 187// 1699//
f 187// 185// 1699//
f 1699// 185// 184//
f 1699// 184// 1698//
f 1698// 184// 191//
f 1698// 191// 190//
f 190// 192// 1697//
f 1697// 192// 1700//
f 192// 194// 1700//
f 1700// 194// 195//
f 1700// 195// 1701//
f 1701// 195// 198//
f 1701// 198// 1702//
f 1702// 198// 197//
f 1702// 197// 1703//
f 1703// 197// 196//
f 1703// 196// 1704//
f 1704// 196// 207//
f 1704// 207// 1705//
f 207// 206// 1705//
f 1705// 206// 204//
f 1705// 204// 1706//
f 1706// 204// 203//
f 1706// 203// 1707//
f 1707// 203// 202//
f 1707// 202// 1708//
f 1708// 202// 200//
f 1708// 200// 1709//
f 200// 212// 1709//
f 1709// 212// 211//
f 1709// 211// 1710//
f 1710// 211// 210//
f 1710// 210// 1711//
f 1711// 210// 209//
f 1711// 209// 1712//
f 1712// 209// 208//
f 1712// 208// 1713//
f 1713// 208// 215//
f 1713// 215// 1714//
f 1714// 215// 214//
f 1714// 214// 1671//
f 1694// 1693// 1696//
f 1689// 1690// 1700//
f 1685// 1686// 1704//
f 1700// 1690// 1697//
f 1694// 1696// 1695//
f 1669// 1673// 1670//
f 1670// 1673// 1674//
f 1670// 1674// 1672//
f 1672// 1674// 1675//
f 1672// 1675// 1671//
f 1671// 1675// 1676//
f 1671// 1676// 1714//
f 1714// 1676// 1677//
f 1714// 1677// 1713//
f 1713// 1677// 1678//
f 1713// 1678// 1712//
f 1712// 1678// 1679//
f 1712// 1679// 1711//
f 1711// 1679// 1680//
f 1711// 1680// 1710//
f 1710// 1680// 1681//
f 1710// 1681// 1709//
f 1709// 1681// 1708//
f 1708// 1681// 1682//
f 1708// 1682// 1707//
f 1704// 1686// 1703//
f 1690// 1691// 1697//
f 1697// 1691// 1692//
f 1697// 1692// 1698//
f 1698// 1692// 1695//
f 1698// 1695// 1699//
f 1699// 1695// 1696//
f 1700// 1701// 1689//
f 1689// 1701// 1702//
f 1689// 1702// 1688//
f 1688// 1702// 1703//
f 1688// 1703// 1687//
f 1687// 1703// 1686//
f 1682// 1683// 1707//
f 1707// 1683// 1684//
f 1707// 1684// 1706//
f 1706// 1684// 1685//
f 1706// 1685// 1705//
f 1705// 1685// 1704//
f 1715// 1716// 224//
f 224// 1716// 232//
f 220// 1717// 222//
f 222// 1717// 1715//
f 222// 1715// 224//
f 1718// 1717// 219//
f 219// 1717// 220//
f 1718// 219// 1719//
f 1719// 219// 221//
f 1719// 221// 223//
f 1720// 1719// 225//
f 225// 1719// 223//
f 229// 1721// 227//
f 227// 1721// 1720//
f 227// 1720// 225//
f 1722// 1721// 230//
f 230// 1721// 229//
f 1722// 230// 1723//
f 1723// 230// 228//
f 1723// 228// 226//
f 1724// 1723// 216//
f 216// 1723// 226//
f 236// 1725// 237//
f 237// 1725// 1724//
f 237// 1724// 216//
f 1726// 1725// 235//
f 235// 1725// 236//
f 1726// 235// 1716//
f 1716// 235// 234//
f 1716// 234// 232//
f 1726// 1716// 1715//
f 1715// 1717// 1726//
f 1726// 1717// 1718//
f 1726// 1718// 1725//
f 1723// 1724// 1722//
f 1722// 1724// 1725//
f 1722// 1725// 1721//
f 1721// 1725// 1718//
f 1721// 1718// 1720//
f 1720// 1718// 1719//
f 1727// 1728// 1729//
f 1729// 1728// 1730//
f 1729// 1730// 1731//
f 1731// 1730// 1732//
f 1731// 1732// 1733//
f 1733// 1732// 1734//
f 1733// 1734// 1735//
f 1735// 1734// 1736//
f 1735// 1736// 1737//
f 1737// 1736// 1738//
f 1737// 1738// 1739//
f 1739// 1738// 1740//
f 1739// 1740// 1741//
f 1741// 1740// 1742//
f 1741// 1742// 1743//
f 1743// 1742// 1744//
f 1743// 1744// 1745//
f 1745// 1744// 1746//
f 1745// 1746// 1747//
f 1747// 1746// 1748//
f 1747// 1748// 1749//
f 1749// 1748// 1750//
f 1749// 1750// 1751//
f 1751// 1750// 1752//
f 1751// 1752// 1753//
f 1753// 1752// 1754//
f 1753// 1754// 1755//
f 1755// 1754// 1756//
f 1755// 1756// 1757//
f 1757// 1756// 1758//
f 1757// 1758// 1759//
f 1759// 1758// 1760//
f 1759// 1760// 1761//
f 1761// 1760// 1727//
f 1761// 1727// 1729//
f 1735// 1737// 239//
f 239// 1737// 242//
f 250// 1729// 1731//
f 1735// 239// 238//
f 1735// 238// 1733//
f 1733// 238// 252//
f 1733// 252// 1731//
f 1731// 252// 251//
f 1731// 251// 250//
f 1729// 250// 245//
f 1729// 245// 1761//
f 1761// 245// 244//
f 1761// 244// 1759//
f 1759// 244// 249//
f 1759// 249// 1757//
f 1757// 249// 258//
f 1757// 258// 1755//
f 1755// 258// 257//
f 1755// 257// 1753//
f 1753// 257// 256//
f 1753// 256// 1751//
f 1751// 256// 247//
f 1751// 247// 1749//
f 1749// 247// 246//
f 1749// 246// 1747//
f 240// 1741// 1743//
f 1747// 246// 255//
f 1747// 255// 1745//
f 1745// 255// 254//
f 1745// 254// 1743//
f 1743// 254// 253//
f 1743// 253// 240//
f 1739// 1741// 243//
f 243// 1741// 240//
f 1737// 1739// 242//
f 242// 1739// 243//
f 1742// 1740// 1762//
f 1762// 1740// 1763//
f 1740// 1738// 1763//
f 1763// 1738// 1764//
f 1738// 1736// 1764//
f 1764// 1736// 1765//
f 1728// 1766// 1767//
f 1728// 1767// 1730//
f 1730// 1767// 1768//
f 1730// 1768// 1732//
f 1732// 1768// 1769//
f 1732// 1769// 1734//
f 1734// 1769// 1765//
f 1734// 1765// 1736//
f 1756// 1770// 1771//
f 1756// 1771// 1758//
f 1758// 1771// 1772//
f 1758// 1772// 1760//
f 1760// 1772// 1773//
f 1760// 1773// 1727//
f 1727// 1773// 1766//
f 1727// 1766// 1728//
f 1748// 1774// 1775//
f 1748// 1775// 1750//
f 1750// 1775// 1776//
f 1750// 1776// 1752//
f 1752// 1776// 1777//
f 1752// 1777// 1754//
f 1754// 1777// 1770//
f 1754// 1770// 1756//
f 1742// 1762// 1778//
f 1742// 1778// 1744//
f 1744// 1778// 1779//
f 1744// 1779// 1746//
f 1746// 1779// 1774//
f 1746// 1774// 1748//
usemtl 1
f 1763// 1764// 1762//
f 1762// 1764// 1765//
f 1762// 1765// 1769//
f 1769// 1768// 1762//
f 1762// 1768// 1767//
f 1762// 1767// 1766//
f 1766// 1773// 1762//
f 1762// 1773// 1772//
f 1762// 1772// 1771//
f 1771// 1770// 1762//
f 1762// 1770// 1777//
f 1762// 1777// 1776//
f 1776// 1775// 1762//
f 1762// 1775// 1774//
f 1762// 1774// 1778//
f 1778// 1774// 1779//
usemtl 2
f 1780// 1781// 1782//
f 1782// 1781// 1783//
f 1784// 1785// 1780//
f 1780// 1785// 1786//
f 1780// 1786// 1781//
f 1781// 1786// 1787//
f 1784// 1788// 1785//
f 1785// 1788// 1789//
f 1785// 1789// 1790//
f 1790// 1789// 1791//
f 1790// 1791// 1792//
f 1792// 1793// 1790//
f 1790// 1793// 1782//
f 1790// 1782// 1794//
f 1794// 1782// 1783//
f 1794// 1783// 1795//
f 1790// 1794// 262//
f 262// 1794// 266//
f 1785// 1790// 260//
f 260// 1790// 262//
f 268// 1786// 259//
f 259// 1786// 1785//
f 259// 1785// 260//
f 1787// 1786// 269//
f 269// 1786// 268//
f 1781// 1787// 270//
f 270// 1787// 269//
f 263// 1783// 264//
f 264// 1783// 1781//
f 264// 1781// 270//
f 1795// 1783// 265//
f 265// 1783// 263//
f 1794// 1795// 266//
f 266// 1795// 265//
f 1780// 1782// 1796//
f 1796// 1782// 1797//
f 1782// 1793// 1797//
f 1797// 1793// 1798//
f 1791// 1799// 1800//
f 1791// 1800// 1792//
f 1792// 1800// 1798//
f 1792// 1798// 1793//
f 1791// 1789// 1799//
f 1799// 1789// 1801//
f 1784// 1802// 1803//
f 1784// 1803// 1788//
f 1788// 1803// 1801//
f 1788// 1801// 1789//
f 1784// 1780// 1802//
f 1802// 1780// 1796//
usemtl 1
f 1799// 1801// 1800//
f 1800// 1801// 1803//
f 1800// 1803// 1798//
f 1798// 1803// 1802//
f 1798// 1802// 1797//
f 1797// 1802// 1796//
usemtl 2
f 1804// 1805// 93//
f 93// 1805// 94//
f 102// 1806// 103//
f 103// 1806// 1804//
f 103// 1804// 93//
f 1807// 1806// 101//
f 101// 1806// 102//
f 1808// 1807// 100//
f 100// 1807// 101//
f 1809// 1808// 98//
f 98// 1808// 100//
f 1810// 1809// 97//
f 97// 1809// 98//
f 111// 1811// 110//
f 110// 1811// 1810//
f 110// 1810// 97//
f 1812// 1811// 109//
f 109// 1811// 111//
f 1813// 1812// 108//
f 108// 1812// 109//
f 1814// 1813// 107//
f 107// 1813// 108//
f 120// 1815// 118//
f 118// 1815// 1814//
f 118// 1814// 107//
f 94// 1805// 142//
f 142// 1805// 1815//
f 142// 1815// 120//
f 1808// 1809// 1807//
f 1807// 1809// 1810//
f 1805// 1804// 1815//
f 1815// 1804// 1806//
f 1812// 1813// 1811//
f 1811// 1813// 1814//
f 1811// 1814// 1810//
f 1810// 1814// 1815//
f 1810// 1815// 1807//
f 1807// 1815// 1806//
f 1816// 1817// 1818//
f 1819// 1820// 1821//
f 1821// 1820// 1822//
f 1823// 1824// 1817//
f 1817// 1824// 1820//
f 1817// 1820// 1818//
f 1818// 1820// 1819//
f 1825// 1826// 1827//
f 1827// 1826// 1828//
f 1829// 1830// 1831//
f 1818// 1832// 1816//
f 1816// 1832// 1833//
f 1816// 1833// 1834//
f 1834// 1833// 1835//
f 1834// 1835// 1836//
f 1836// 1835// 1837//
f 1836// 1837// 1838//
f 1838// 1837// 1839//
f 1838// 1839// 1840//
f 1840// 1839// 1841//
f 1840// 1841// 1842//
f 1842// 1841// 1843//
f 1842// 1843// 1844//
f 1844// 1843// 1845//
f 1844// 1845// 1846//
f 1846// 1845// 1847//
f 1846// 1847// 1848//
f 1848// 1847// 1849//
f 1850// 1851// 1852//
f 1852// 1851// 1853//
f 1852// 1853// 1854//
f 1854// 1853// 1855//
f 1854// 1855// 1856//
f 1856// 1855// 1857//
f 1856// 1857// 1825//
f 1825// 1857// 1858//
f 1825// 1858// 1826//
f 1829// 1831// 1859//
f 1859// 1831// 1860//
f 1859// 1860// 1861//
f 1860// 1822// 1861//
f 1861// 1822// 1820//
f 1861// 1820// 1862//
f 1862// 1820// 1863//
f 1862// 1863// 1864//
f 1864// 1863// 1865//
f 1864// 1865// 1866//
f 1866// 1865// 1867//
f 1866// 1867// 1828//
f 1828// 1867// 1868//
f 1828// 1868// 1827//
f 1830// 1829// 1869//
f 1869// 1829// 1870//
f 1869// 1870// 1871//
f 1871// 1870// 1872//
f 1871// 1872// 1873//
f 1873// 1872// 1874//
f 1873// 1874// 1875//
f 1875// 1874// 1876//
f 1875// 1876// 1877//
f 1877// 1876// 1878//
f 1877// 1878// 1879//
f 1879// 1878// 1880//
f 1879// 1880// 1881//
f 1881// 1880// 1882//
f 1881// 1882// 1849//
f 1849// 1882// 1883//
f 1849// 1883// 1848//
f 1856// 307// 306//
f 1856// 306// 1854//
f 1854// 306// 297//
f 1854// 297// 1852//
f 1852// 297// 296//
f 1852// 296// 1850//
f 1851// 1850// 273//
f 273// 1850// 296//
f 1851// 273// 286//
f 1851// 286// 1853//
f 1853// 286// 287//
f 1853// 287// 1855//
f 1855// 287// 279//
f 1855// 279// 1857//
f 1857// 279// 278//
f 1857// 278// 1858//
f 1858// 278// 316//
f 1858// 316// 1826//
f 1826// 316// 315//
f 1826// 315// 1828//
f 1828// 315// 305//
f 1828// 305// 1866//
f 1866// 305// 304//
f 1866// 304// 1864//
f 1864// 304// 303//
f 1864// 303// 1862//
f 1862// 303// 302//
f 1862// 302// 1861//
f 1859// 1861// 280//
f 280// 1861// 302//
f 1859// 280// 285//
f 1859// 285// 1829//
f 1829// 285// 284//
f 1829// 284// 1870//
f 1870// 284// 272//
f 1870// 272// 1872//
f 1872// 272// 271//
f 1872// 271// 1874//
f 1874// 271// 294//
f 1874// 294// 1876//
f 1876// 294// 293//
f 1876// 293// 1878//
f 1878// 293// 283//
f 1878// 283// 1880//
f 1880// 283// 282//
f 1880// 282// 1882//
f 1882// 282// 292//
f 1882// 292// 1883//
f 1883// 292// 291//
f 1883// 291// 1848//
f 317// 1842// 290//
f 290// 1842// 1844//
f 290// 1844// 289//
f 289// 1844// 1846//
f 289// 1846// 288//
f 288// 1846// 1848//
f 288// 1848// 291//
f 1842// 317// 319//
f 1842// 319// 1840//
f 1840// 319// 321//
f 1840// 321// 1838//
f 321// 542// 1838//
f 1838// 542// 301//
f 1838// 301// 1836//
f 1836// 301// 300//
f 1836// 300// 1834//
f 1834// 300// 299//
f 1834// 299// 1816//
f 1817// 1816// 298//
f 298// 1816// 299//
f 1823// 1817// 277//
f 277// 1817// 298//
f 1824// 1823// 275//
f 275// 1823// 277//
f 1820// 1824// 274//
f 274// 1824// 275//
f 1820// 274// 314//
f 1820// 314// 1863//
f 1863// 314// 313//
f 1863// 313// 1865//
f 1865// 313// 312//
f 1865// 312// 1867//
f 1867// 312// 311//
f 1867// 311// 1868//
f 1868// 311// 310//
f 1868// 310// 1827//
f 1827// 310// 309//
f 1827// 309// 1825//
f 1825// 309// 307//
f 1825// 307// 1856//
f 1869// 1884// 1885//
f 1869// 1885// 1830//
f 1830// 1885// 1886//
f 1830// 1886// 1831//
f 1831// 1886// 1887//
f 1831// 1887// 1860//
f 1877// 1888// 1889//
f 1877// 1889// 1875//
f 1875// 1889// 1890//
f 1875// 1890// 1873//
f 1873// 1890// 1891//
f 1873// 1891// 1871//
f 1871// 1891// 1884//
f 1871// 1884// 1869//
f 1847// 1892// 1893//
f 1847// 1893// 1849//
f 1849// 1893// 1894//
f 1849// 1894// 1881//
f 1881// 1894// 1895//
f 1881// 1895// 1879//
f 1879// 1895// 1888//
f 1879// 1888// 1877//
f 1841// 1896// 1897//
f 1841// 1897// 1843//
f 1843// 1897// 1898//
f 1843// 1898// 1845//
f 1845// 1898// 1892//
f 1845// 1892// 1847//
f 1833// 1899// 1900//
f 1833// 1900// 1835//
f 1835// 1900// 1901//
f 1835// 1901// 1837//
f 1837// 1901// 1902//
f 1837// 1902// 1839//
f 1839// 1902// 1896//
f 1839// 1896// 1841//
f 1821// 1903// 1904//
f 1821// 1904// 1819//
f 1819// 1904// 1905//
f 1819// 1905// 1818//
f 1818// 1905// 1906//
f 1818// 1906// 1832//
f 1832// 1906// 1899//
f 1832// 1899// 1833//
f 1821// 1822// 1903//
f 1903// 1822// 1907//
f 1822// 1860// 1907//
f 1907// 1860// 1887//
usemtl 1
f 1907// 1887// 1903//
f 1903// 1887// 1886//
f 1886// 1885// 1903//
f 1903// 1885// 1884//
f 1903// 1884// 1904//
f 1904// 1884// 1905//
f 1905// 1884// 1891//
f 1905// 1891// 1906//
f 1893// 1892// 1900//
f 1893// 1900// 1894//
f 1901// 1900// 1902//
f 1902// 1900// 1896//
f 1891// 1890// 1906//
f 1906// 1890// 1889//
f 1906// 1889// 1899//
f 1899// 1889// 1888//
f 1899// 1888// 1900//
f 1900// 1888// 1895//
f 1900// 1895// 1894//
f 1892// 1898// 1900//
f 1900// 1898// 1897//
f 1900// 1897// 1896//
usemtl 2
f 1908// 373// 353//
f 1908// 353// 1909//
f 1909// 353// 355//
f 1909// 355// 1910//
f 1910// 355// 349//
f 1910// 349// 1911//
f 1912// 1911// 322//
f 322// 1911// 349//
f 391// 1913// 325//
f 325// 1913// 1914//
f 325// 1914// 324//
f 324// 1914// 1912//
f 324// 1912// 322//
f 391// 390// 1913//
f 1913// 390// 1915//
f 390// 393// 1915//
f 1915// 393// 346//
f 1915// 346// 1916//
f 1916// 346// 345//
f 1916// 345// 1917//
f 1917// 345// 344//
f 1917// 344// 1918//
f 1918// 344// 339//
f 1918// 339// 1919//
f 1919// 339// 338//
f 1919// 338// 1920//
f 1920// 338// 336//
f 1920// 336// 1921//
f 1921// 336// 335//
f 1921// 335// 1922//
f 1922// 335// 331//
f 1922// 331// 1923//
f 1923// 331// 330//
f 1923// 330// 1924//
f 1924// 330// 372//
f 1924// 372// 1925//
f 1925// 372// 371//
f 1925// 371// 1926//
f 1926// 371// 369//
f 1926// 369// 1927//
f 1927// 369// 367//
f 1927// 367// 1928//
f 1928// 367// 366//
f 1928// 366// 1929//
f 1929// 366// 365//
f 1929// 365// 1930//
f 1930// 365// 364//
f 1930// 364// 1931//
f 1931// 364// 363//
f 1931// 363// 1932//
f 1932// 363// 360//
f 1932// 360// 1933//
f 1933// 360// 381//
f 1933// 381// 1934//
f 1934// 381// 380//
f 1934// 380// 1935//
f 1935// 380// 379//
f 1935// 379// 1936//
f 1936// 379// 362//
f 1936// 362// 1937//
f 1937// 362// 361//
f 1937// 361// 1938//
f 1938// 361// 359//
f 1938// 359// 1939//
f 1939// 359// 358//
f 1939// 358// 1940//
f 1940// 358// 368//
f 1940// 368// 1941//
f 1941// 368// 370//
f 1941// 370// 1942//
f 1942// 370// 329//
f 1942// 329// 1943//
f 1944// 1943// 327//
f 327// 1943// 329//
f 1944// 327// 326//
f 1944// 326// 1945//
f 1945// 326// 341//
f 1945// 341// 1946//
f 1946// 341// 340//
f 1946// 340// 1947//
f 1947// 340// 343//
f 1947// 343// 1948//
f 1948// 343// 342//
f 1948// 342// 1949//
f 1949// 342// 334//
f 1949// 334// 1950//
f 1950// 334// 333//
f 1950// 333// 1951//
f 1951// 333// 352//
f 1951// 352// 1952//
f 1952// 352// 351//
f 1952// 351// 1953//
f 1953// 351// 350//
f 1953// 350// 1954//
f 1954// 350// 348//
f 1954// 348// 1955//
f 1955// 348// 347//
f 1955// 347// 1956//
f 1956// 347// 357//
f 1956// 357// 1957//
f 1957// 357// 356//
f 1957// 356// 1958//
f 1958// 356// 354//
f 1958// 354// 1959//
f 1959// 354// 375//
f 1959// 375// 1960//
f 1960// 375// 389//
f 1960// 389// 1961//
f 1961// 389// 388//
f 1961// 388// 1962//
f 1962// 388// 387//
f 1962// 387// 1963//
f 1963// 387// 378//
f 1963// 378// 1964//
f 1964// 378// 377//
f 1964// 377// 1965//
f 1965// 377// 386//
f 1965// 386// 1966//
f 1966// 386// 385//
f 1966// 385// 1967//
f 1967// 385// 384//
f 1967// 384// 1968//
f 1968// 384// 383//
f 1968// 383// 1969//
f 1969// 383// 382//
f 1969// 382// 1970//
f 1970// 382// 376//
f 1970// 376// 1971//
f 1971// 376// 374//
f 1971// 374// 1972//
f 1972// 374// 373//
f 1972// 373// 1908//
f 1936// 1937// 1948//
f 1948// 1937// 1947//
f 1960// 1927// 1959//
f 1959// 1927// 1928//
f 1916// 1917// 1968//
f 1968// 1917// 1918//
f 1968// 1918// 1967//
f 1967// 1918// 1919//
f 1967// 1919// 1966//
f 1966// 1919// 1920//
f 1966// 1920// 1965//
f 1965// 1920// 1921//
f 1965// 1921// 1964//
f 1964// 1921// 1922//
f 1964// 1922// 1963//
f 1963// 1922// 1923//
f 1963// 1923// 1962//
f 1962// 1923// 1924//
f 1962// 1924// 1961//
f 1961// 1924// 1925//
f 1961// 1925// 1960//
f 1960// 1925// 1926//
f 1960// 1926// 1927//
f 1913// 1908// 1914//
f 1914// 1908// 1909//
f 1914// 1909// 1912//
f 1912// 1909// 1910//
f 1912// 1910// 1911//
f 1937// 1938// 1947//
f 1947// 1938// 1939//
f 1947// 1939// 1946//
f 1946// 1939// 1940//
f 1946// 1940// 1945//
f 1945// 1940// 1941//
f 1945// 1941// 1944//
f 1944// 1941// 1942//
f 1944// 1942// 1943//
f 1968// 1969// 1916//
f 1916// 1969// 1970//
f 1916// 1970// 1915//
f 1915// 1970// 1971//
f 1915// 1971// 1913//
f 1913// 1971// 1972//
f 1913// 1972// 1908//
f 1948// 1949// 1936//
f 1936// 1949// 1950//
f 1936// 1950// 1935//
f 1935// 1950// 1951//
f 1935// 1951// 1934//
f 1934// 1951// 1952//
f 1934// 1952// 1933//
f 1933// 1952// 1953//
f 1933// 1953// 1932//
f 1932// 1953// 1954//
f 1932// 1954// 1931//
f 1931// 1954// 1955//
f 1931// 1955// 1930//
f 1930// 1955// 1956//
f 1930// 1956// 1929//
f 1929// 1956// 1957//
f 1929// 1957// 1928//
f 1928// 1957// 1958//
f 1928// 1958// 1959//
f 1973// 1974// 395//
f 395// 1974// 31//
f 1975// 1973// 402//
f 402// 1973// 395//
f 1975// 402// 403//
f 1975// 403// 1976//
f 1976// 403// 399//
f 1976// 399// 1977//
f 1978// 1977// 398//
f 398// 1977// 399//
f 1979// 1978// 397//
f 397// 1978// 398//
f 1979// 397// 1980//
f 1980// 397// 401//
f 1980// 401// 406//
f 1981// 1980// 405//
f 405// 1980// 406//
f 1981// 405// 1982//
f 1982// 405// 404//
f 1982// 404// 409//
f 412// 1983// 408//
f 408// 1983// 1982//
f 408// 1982// 409//
f 1983// 412// 411//
f 410// 1984// 411//
f 411// 1984// 1985//
f 411// 1985// 1983//
f 410// 423// 1984//
f 1984// 423// 422//
f 1984// 422// 1986//
f 1986// 422// 417//
f 1986// 417// 1987//
f 1987// 417// 416//
f 1987// 416// 1988//
f 1988// 416// 421//
f 1988// 421// 1989//
f 1989// 421// 420//
f 1989// 420// 1990//
f 1991// 1990// 419//
f 419// 1990// 420//
f 1991// 419// 418//
f 1991// 418// 1992//
f 1992// 418// 415//
f 1992// 415// 1993//
f 1993// 415// 414//
f 1993// 414// 1994//
f 1994// 414// 430//
f 1994// 430// 1995//
f 430// 429// 1995//
f 1995// 429// 428//
f 1995// 428// 1996//
f 1996// 428// 427//
f 1996// 427// 1997//
f 1997// 427// 425//
f 1997// 425// 1998//
f 1998// 425// 424//
f 1998// 424// 1999//
f 31// 1974// 32//
f 32// 1974// 1999//
f 32// 1999// 424//
f 1976// 1977// 1999//
f 1974// 1973// 1999//
f 1999// 1973// 1975//
f 1999// 1975// 1976//
f 1980// 1981// 1979//
f 1979// 1981// 1982//
f 1979// 1982// 1978//
f 1998// 1985// 1997//
f 1997// 1985// 1984//
f 1990// 1991// 1989//
f 1989// 1991// 1992//
f 1989// 1992// 1988//
f 1988// 1992// 1993//
f 1988// 1993// 1987//
f 1987// 1993// 1994//
f 1987// 1994// 1986//
f 1986// 1994// 1995//
f 1986// 1995// 1984//
f 1984// 1995// 1996//
f 1984// 1996// 1997//
f 1977// 1978// 1999//
f 1999// 1978// 1982//
f 1999// 1982// 1998//
f 1998// 1982// 1983//
f 1998// 1983// 1985//
f 2000// 2001// 72//
f 72// 2001// 73//
f 2000// 72// 2002//
f 2002// 72// 76//
f 2002// 76// 78//
f 2003// 2002// 79//
f 79// 2002// 78//
f 2003// 79// 2004//
f 2004// 79// 77//
f 2004// 77// 75//
f 2005// 2004// 84//
f 84// 2004// 75//
f 81// 2006// 83//
f 83// 2006// 2005//
f 83// 2005// 84//
f 85// 2007// 80//
f 80// 2007// 2006//
f 80// 2006// 81//
f 87// 2008// 86//
f 86// 2008// 2007//
f 86// 2007// 85//
f 2009// 2008// 88//
f 88// 2008// 87//
f 91// 2010// 89//
f 89// 2010// 2009//
f 89// 2009// 88//
f 34// 2011// 35//
f 35// 2011// 2010//
f 35// 2010// 91//
f 2011// 34// 2001//
f 2001// 34// 396//
f 2001// 396// 73//
f 2008// 2009// 2007//
f 2007// 2009// 2010//
f 2007// 2010// 2006//
f 2001// 2000// 2011//
f 2011// 2000// 2002//
f 2011// 2002// 2003//
f 2004// 2005// 2003//
f 2003// 2005// 2006//
f 2003// 2006// 2011//
f 2011// 2006// 2010//
f 2012// 2013// 2014//
f 2014// 2013// 2015//
f 2014// 2015// 2016//
f 2016// 2015// 2017//
f 2016// 2017// 2018//
f 2018// 2017// 2019//
f 2018// 2019// 2020//
f 2020// 2019// 2021//
f 2020// 2021// 2022//
f 2022// 2021// 2023//
f 2022// 2023// 2024//
f 2024// 2023// 2025//
f 2024// 2025// 2026//
f 2026// 2025// 2027//
f 2026// 2027// 2028//
f 2028// 2027// 2029//
f 2028// 2029// 2030//
f 2030// 2029// 2031//
f 2030// 2031// 2032//
f 2032// 2031// 2033//
f 2032// 2033// 2034//
f 2034// 2033// 2035//
f 2034// 2035// 2036//
f 2036// 2035// 2037//
f 2036// 2037// 2038//
f 2038// 2037// 2039//
f 2038// 2039// 2040//
f 2040// 2039// 2041//
f 2040// 2041// 2042//
f 2042// 2041// 2043//
f 2042// 2043// 2044//
f 2044// 2043// 2045//
f 2044// 2045// 2046//
f 2046// 2045// 2012//
f 2046// 2012// 2014//
f 2020// 2022// 64//
f 64// 2022// 37//
f 2020// 64// 63//
f 2020// 63// 2018//
f 2018// 63// 62//
f 2018// 62// 2016//
f 2016// 62// 60//
f 2016// 60// 2014//
f 2014// 60// 59//
f 2014// 59// 2046//
f 2046// 59// 71//
f 2046// 71// 2044//
f 2044// 71// 70//
f 2044// 70// 2042//
f 2042// 70// 69//
f 2042// 69// 2040//
f 45// 2032// 43//
f 43// 2032// 2034//
f 43// 2034// 66//
f 66// 2034// 2036//
f 66// 2036// 67//
f 67// 2036// 2038//
f 67// 2038// 68//
f 68// 2038// 2040//
f 68// 2040// 69//
f 2032// 45// 47//
f 2032// 47// 2030//
f 2030// 47// 48//
f 2030// 48// 2028//
f 2028// 48// 42//
f 2028// 42// 2026//
f 2024// 2026// 41//
f 41// 2026// 42//
f 37// 2022// 38//
f 38// 2022// 2024//
f 38// 2024// 41//
f 2027// 2025// 2047//
f 2047// 2025// 2048//
f 2025// 2023// 2048//
f 2048// 2023// 2049//
f 2023// 2021// 2049//
f 2049// 2021// 2050//
f 2013// 2051// 2052//
f 2013// 2052// 2015//
f 2015// 2052// 2053//
f 2015// 2053// 2017//
f 2017// 2053// 2054//
f 2017// 2054// 2019//
f 2019// 2054// 2050//
f 2019// 2050// 2021//
f 2041// 2055// 2056//
f 2041// 2056// 2043//
f 2043// 2056// 2057//
f 2043// 2057// 2045//
f 2045// 2057// 2058//
f 2045// 2058// 2012//
f 2012// 2058// 2051//
f 2012// 2051// 2013//
f 2033// 2059// 2060//
f 2033// 2060// 2035//
f 2035// 2060// 2061//
f 2035// 2061// 2037//
f 2037// 2061// 2062//
f 2037// 2062// 2039//
f 2039// 2062// 2055//
f 2039// 2055// 2041//
f 2027// 2047// 2063//
f 2027// 2063// 2029//
f 2029// 2063// 2064//
f 2029// 2064// 2031//
f 2031// 2064// 2059//
f 2031// 2059// 2033//
usemtl 1
f 2048// 2049// 2047//
f 2047// 2049// 2050//
f 2047// 2050// 2054//
f 2054// 2053// 2047//
f 2047// 2053// 2052//
f 2047// 2052// 2051//
f 2051// 2058// 2047//
f 2047// 2058// 2057//
f 2047// 2057// 2056//
f 2056// 2055// 2047//
f 2047// 2055// 2062//
f 2047// 2062// 2061//
f 2061// 2060// 2047//
f 2047// 2060// 2059//
f 2047// 2059// 2063//
f 2063// 2059// 2064//
usemtl 2
f 2065// 2066// 2067//
f 2067// 2066// 2068//
f 2069// 2070// 2065//
f 2065// 2070// 2071//
f 2065// 2071// 2066//
f 2066// 2071// 2072//
f 2069// 2073// 2070//
f 2070// 2073// 2074//
f 2070// 2074// 2075//
f 2075// 2074// 2076//
f 2075// 2076// 2077//
f 2077// 2078// 2075//
f 2075// 2078// 2067//
f 2075// 2067// 2079//
f 2079// 2067// 2068//
f 2079// 2068// 2080//
f 2079// 54// 2075//
f 2075// 54// 52//
f 2075// 52// 50//
f 2070// 2075// 46//
f 46// 2075// 50//
f 61// 2071// 44//
f 44// 2071// 2070//
f 44// 2070// 46//
f 2072// 2071// 58//
f 58// 2071// 61//
f 2066// 2072// 56//
f 56// 2072// 58//
f 2068// 2066// 55//
f 55// 2066// 56//
f 2080// 2068// 57//
f 57// 2068// 55//
f 2079// 2080// 54//
f 54// 2080// 57//
f 2065// 2067// 2081//
f 2081// 2067// 2082//
f 2067// 2078// 2082//
f 2082// 2078// 2083//
f 2076// 2084// 2085//
f 2076// 2085// 2077//
f 2077// 2085// 2083//
f 2077// 2083// 2078//
f 2076// 2074// 2084//
f 2084// 2074// 2086//
f 2069// 2087// 2088//
f 2069// 2088// 2073//
f 2073// 2088// 2086//
f 2073// 2086// 2074//
f 2069// 2065// 2087//
f 2087// 2065// 2081//
usemtl 1
f 2084// 2086// 2085//
f 2085// 2086// 2088//
f 2085// 2088// 2083//
f 2083// 2088// 2087//
f 2083// 2087// 2082//
f 2082// 2087// 2081//
usemtl 2
f 2089// 2090// 2091//
f 2092// 2093// 2094//
f 2095// 2096// 2097//
f 2098// 2099// 2100//
f 2101// 2100// 2102//
f 2102// 2100// 2103//
f 2091// 2090// 2104//
f 2105// 2106// 2107//
f 2107// 2106// 2108//
f 2107// 2108// 2109//
f 2109// 2108// 2110//
f 2109// 2110// 2094//
f 2094// 2110// 2111//
f 2094// 2111// 2092//
f 2112// 2098// 2113//
f 2113// 2098// 2100//
f 2113// 2100// 2114//
f 2114// 2100// 2101//
f 2115// 2116// 2117//
f 2117// 2116// 2118//
f 2117// 2118// 2119//
f 2119// 2118// 2120//
f 2119// 2120// 2121//
f 2121// 2120// 2122//
f 2095// 2097// 2123//
f 2123// 2097// 2124//
f 2123// 2124// 2125//
f 2125// 2124// 2126//
f 2125// 2126// 2127//
f 2090// 2128// 2104//
f 2104// 2128// 2129//
f 2104// 2129// 2130//
f 2130// 2129// 2131//
f 2130// 2131// 2095//
f 2095// 2131// 2132//
f 2095// 2132// 2096//
f 2133// 2134// 2110//
f 2110// 2134// 2135//
f 2110// 2135// 2136//
f 2136// 2135// 2137//
f 2136// 2137// 2138//
f 2138// 2137// 2139//
f 2138// 2139// 2140//
f 2140// 2139// 2141//
f 2140// 2141// 2142//
f 2142// 2141// 2143//
f 2142// 2143// 2144//
f 2144// 2143// 2145//
f 2144// 2145// 2113//
f 2113// 2145// 2146//
f 2113// 2146// 2112//
f 2147// 2148// 2108//
f 2108// 2148// 2149//
f 2108// 2149// 2110//
f 2110// 2149// 2150//
f 2110// 2150// 2133//
f 2151// 2152// 2153//
f 2153// 2152// 2154//
f 2153// 2154// 2155//
f 2155// 2154// 2156//
f 2155// 2156// 2157//
f 2157// 2156// 2158//
f 2157// 2158// 2159//
f 2159// 2158// 2160//
f 2159// 2160// 2161//
f 2099// 2162// 2100//
f 2100// 2162// 2163//
f 2100// 2163// 2164//
f 2164// 2163// 2165//
f 2164// 2165// 2166//
f 2166// 2165// 2167//
f 2166// 2167// 2168//
f 2168// 2167// 2169//
f 2168// 2169// 2170//
f 2170// 2169// 2171//
f 2170// 2171// 2172//
f 2172// 2171// 2173//
f 2172// 2173// 2174//
f 2174// 2173// 2175//
f 2174// 2175// 2176//
f 2176// 2175// 2177//
f 2176// 2177// 2178//
f 2178// 2177// 2179//
f 2178// 2179// 2108//
f 2108// 2179// 2180//
f 2108// 2180// 2147//
f 2120// 2181// 2122//
f 2122// 2181// 2182//
f 2122// 2182// 2183//
f 2183// 2182// 2184//
f 2183// 2184// 2185//
f 2185// 2184// 2186//
f 2185// 2186// 2187//
f 2187// 2186// 2188//
f 2187// 2188// 2189//
f 2189// 2188// 2190//
f 2189// 2190// 2191//
f 2191// 2190// 2192//
f 2191// 2192// 2151//
f 2151// 2192// 2193//
f 2151// 2193// 2152//
f 2194// 2195// 2196//
f 2196// 2195// 2197//
f 2196// 2197// 2117//
f 2117// 2197// 2198//
f 2117// 2198// 2115//
f 2199// 2200// 2201//
f 2201// 2200// 2202//
f 2201// 2202// 2203//
f 2203// 2202// 2204//
f 2203// 2204// 2205//
f 2205// 2204// 2206//
f 2205// 2206// 2207//
f 2207// 2206// 2208//
f 2207// 2208// 2103//
f 2103// 2208// 2209//
f 2103// 2209// 2102//
f 2127// 2126// 2210//
f 2210// 2126// 2211//
f 2210// 2211// 2212//
f 2212// 2211// 2213//
f 2212// 2213// 2214//
f 2214// 2213// 2215//
f 2214// 2215// 2216//
f 2216// 2215// 2217//
f 2216// 2217// 2194//
f 2194// 2217// 2218//
f 2194// 2218// 2195//
f 2091// 2219// 2089//
f 2089// 2219// 2220//
f 2089// 2220// 2221//
f 2221// 2220// 2222//
f 2221// 2222// 2223//
f 2223// 2222// 2224//
f 2223// 2224// 2199//
f 2199// 2224// 2225//
f 2199// 2225// 2200//
f 2226// 2227// 2228//
f 2160// 2229// 2161//
f 2161// 2229// 2226//
f 2161// 2226// 2230//
f 2230// 2226// 2228//
f 2231// 2232// 2226//
f 2226// 2232// 2233//
f 2226// 2233// 2227//
f 2234// 2235// 2236//
f 2235// 2237// 2236//
f 2236// 2237// 2238//
f 2236// 2238// 2239//
f 2231// 2226// 2236//
f 2236// 2226// 2240//
f 2236// 2240// 2234//
f 551// 473// 2241//
f 2241// 473// 2242//
f 2241// 2242// 2243//
f 2187// 117// 116//
f 2187// 116// 2185//
f 2185// 116// 106//
f 2185// 106// 2183//
f 106// 534// 2183//
f 2183// 534// 527//
f 2183// 527// 2122//
f 2122// 527// 526//
f 2122// 526// 2121//
f 2121// 526// 538//
f 2121// 538// 2119//
f 2119// 538// 537//
f 2119// 537// 2117//
f 2117// 537// 533//
f 2117// 533// 2196//
f 2196// 533// 532//
f 2196// 532// 2194//
f 2243// 2212// 2214//
f 2194// 532// 2216//
f 2216// 532// 26//
f 26// 25// 2216//
f 2216// 25// 551//
f 2216// 551// 2214//
f 2214// 551// 2241//
f 2214// 2241// 2243//
f 2212// 2243// 2242//
f 2212// 2242// 2210//
f 2210// 2242// 473//
f 2210// 473// 2127//
f 461// 2125// 470//
f 470// 2125// 2127//
f 470// 2127// 472//
f 472// 2127// 473//
f 2125// 461// 465//
f 2125// 465// 2123//
f 2123// 465// 467//
f 2123// 467// 2095//
f 2095// 467// 466//
f 2095// 466// 2130//
f 2130// 466// 460//
f 2130// 460// 2104//
f 2104// 460// 459//
f 2104// 459// 2091//
f 2091// 459// 469//
f 2091// 469// 2219//
f 2219// 469// 468//
f 2219// 468// 2220//
f 2220// 468// 464//
f 2220// 464// 2222//
f 462// 2224// 463//
f 463// 2224// 2222//
f 463// 2222// 464//
f 457// 2200// 462//
f 462// 2200// 2225//
f 462// 2225// 2224//
f 457// 456// 2200//
f 2200// 456// 454//
f 2200// 454// 2202//
f 454// 453// 2202//
f 2202// 453// 2204//
f 453// 447// 2204//
f 2204// 447// 446//
f 2204// 446// 2206//
f 2206// 446// 443//
f 2206// 443// 2208//
f 2208// 443// 442//
f 2208// 442// 2209//
f 2209// 442// 445//
f 2209// 445// 2102//
f 2102// 445// 449//
f 2102// 449// 2101//
f 2101// 449// 450//
f 2101// 450// 2114//
f 450// 451// 2114//
f 2114// 451// 452//
f 2114// 452// 2113//
f 2113// 452// 438//
f 2113// 438// 2144//
f 2144// 438// 440//
f 2144// 440// 2142//
f 2142// 440// 441//
f 2142// 441// 2140//
f 2140// 441// 435//
f 2140// 435// 2138//
f 152// 2109// 2094//
f 2138// 435// 434//
f 2138// 434// 2136//
f 2136// 434// 437//
f 2136// 437// 2110//
f 2110// 437// 436//
f 2110// 436// 2111//
f 2111// 436// 433//
f 2111// 433// 2092//
f 2092// 433// 431//
f 2092// 431// 2093//
f 2093// 431// 145//
f 2093// 145// 2094//
f 2094// 145// 151//
f 2094// 151// 152//
f 2107// 2109// 138//
f 138// 2109// 152//
f 2105// 2107// 114//
f 114// 2107// 138//
f 483// 2106// 476//
f 476// 2106// 2105//
f 476// 2105// 114//
f 2106// 483// 2108//
f 2108// 483// 30//
f 2108// 30// 29//
f 2108// 29// 28//
f 2108// 28// 2178//
f 2178// 28// 492//
f 2178// 492// 2176//
f 492// 491// 2176//
f 2176// 491// 490//
f 2176// 490// 2174//
f 2174// 490// 484//
f 2174// 484// 2172//
f 2172// 484// 479//
f 2172// 479// 2170//
f 2170// 479// 478//
f 2170// 478// 2168//
f 2168// 478// 487//
f 2168// 487// 2166//
f 487// 495// 2166//
f 2166// 495// 494//
f 2166// 494// 2164//
f 2164// 494// 498//
f 2164// 498// 2100//
f 489// 2201// 2203//
f 2100// 498// 497//
f 2100// 497// 2103//
f 2103// 497// 496//
f 2103// 496// 2207//
f 2207// 496// 493//
f 2207// 493// 2205//
f 2205// 493// 486//
f 2205// 486// 2203//
f 2203// 486// 488//
f 2203// 488// 489//
f 489// 480// 2201//
f 2201// 480// 2199//
f 480// 525// 2199//
f 2199// 525// 518//
f 2199// 518// 2223//
f 2223// 518// 517//
f 2223// 517// 2221//
f 2221// 517// 515//
f 2221// 515// 2089//
f 2089// 515// 514//
f 2089// 514// 2090//
f 2090// 514// 516//
f 2090// 516// 2128//
f 2128// 516// 524//
f 2128// 524// 2129//
f 2129// 524// 506//
f 2129// 506// 2131//
f 2131// 506// 505//
f 2131// 505// 2132//
f 2132// 505// 501//
f 2132// 501// 2096//
f 2096// 501// 504//
f 2096// 504// 2097//
f 2097// 504// 519//
f 2097// 519// 2124//
f 2124// 519// 521//
f 2124// 521// 2126//
f 2126// 521// 523//
f 2126// 523// 2211//
f 2211// 523// 522//
f 2211// 522// 2213//
f 2213// 522// 520//
f 2213// 520// 2215//
f 2215// 520// 503//
f 2215// 503// 2217//
f 2217// 503// 502//
f 2217// 502// 2218//
f 2218// 502// 500//
f 2218// 500// 2195//
f 2195// 500// 499//
f 2195// 499// 2197//
f 2197// 499// 513//
f 2197// 513// 2198//
f 2198// 513// 512//
f 2198// 512// 2115//
f 2116// 2115// 509//
f 509// 2115// 512//
f 2116// 509// 511//
f 2116// 511// 2118//
f 2118// 511// 510//
f 2118// 510// 2120//
f 2120// 510// 508//
f 2120// 508// 2181//
f 2181// 508// 507//
f 2181// 507// 2182//
f 2182// 507// 485//
f 2182// 485// 2184//
f 485// 482// 2184//
f 2184// 482// 481//
f 2184// 481// 2186//
f 2186// 481// 477//
f 2186// 477// 2188//
f 477// 475// 2188//
f 2188// 475// 2190//
f 475// 474// 2190//
f 2190// 474// 130//
f 2190// 130// 2192//
f 2192// 130// 129//
f 2192// 129// 2193//
f 2193// 129// 135//
f 2193// 135// 2152//
f 2152// 135// 134//
f 2152// 134// 2154//
f 2154// 134// 133//
f 2154// 133// 2156//
f 2156// 133// 132//
f 2156// 132// 2158//
f 2160// 2158// 131//
f 131// 2158// 132//
f 2160// 131// 125//
f 2160// 125// 2229//
f 2229// 125// 124//
f 2229// 124// 2226//
f 2226// 124// 123//
f 2226// 123// 2240//
f 2240// 123// 113//
f 2240// 113// 2234//
f 2234// 113// 112//
f 2234// 112// 2235//
f 2235// 112// 115//
f 2235// 115// 2237//
f 2237// 115// 140//
f 2237// 140// 2238//
f 2238// 140// 139//
f 2238// 139// 2239//
f 2239// 139// 137//
f 2239// 137// 2236//
f 2236// 137// 136//
f 2236// 136// 2231//
f 2231// 136// 150//
f 2231// 150// 2232//
f 2232// 150// 149//
f 2232// 149// 2233//
f 2233// 149// 148//
f 2233// 148// 2227//
f 2227// 148// 147//
f 2227// 147// 2228//
f 2228// 147// 146//
f 2228// 146// 2230//
f 2230// 146// 144//
f 2230// 144// 2161//
f 2161// 144// 143//
f 2161// 143// 2159//
f 2157// 2159// 141//
f 141// 2159// 143//
f 2157// 141// 128//
f 2157// 128// 2155//
f 2155// 128// 127//
f 2155// 127// 2153//
f 2153// 127// 126//
f 2153// 126// 2151//
f 2151// 126// 122//
f 2151// 122// 2191//
f 2191// 122// 121//
f 2191// 121// 2189//
f 2189// 121// 2187//
f 2187// 121// 119//
f 2187// 119// 117//
f 2173// 2244// 2245//
f 2173// 2245// 2175//
f 2175// 2245// 2246//
f 2175// 2246// 2177//
f 2177// 2246// 2247//
f 2177// 2247// 2179//
f 2179// 2247// 2248//
f 2179// 2248// 2180//
f 2180// 2248// 2249//
f 2180// 2249// 2147//
f 2147// 2249// 2250//
f 2147// 2250// 2148//
f 2148// 2250// 2251//
f 2148// 2251// 2149//
f 2149// 2251// 2252//
f 2149// 2252// 2150//
f 2150// 2252// 2253//
f 2150// 2253// 2133//
f 2133// 2253// 2254//
f 2133// 2254// 2134//
f 2134// 2254// 2255//
f 2134// 2255// 2135//
f 2135// 2255// 2256//
f 2135// 2256// 2137//
f 2137// 2256// 2257//
f 2137// 2257// 2139//
f 2139// 2257// 2258//
f 2139// 2258// 2141//
f 2141// 2258// 2259//
f 2141// 2259// 2143//
f 2143// 2259// 2260//
f 2143// 2260// 2145//
f 2145// 2260// 2261//
f 2145// 2261// 2146//
f 2146// 2261// 2262//
f 2146// 2262// 2112//
f 2112// 2262// 2263//
f 2112// 2263// 2098//
f 2098// 2263// 2264//
f 2098// 2264// 2099//
f 2099// 2264// 2265//
f 2099// 2265// 2162//
f 2162// 2265// 2266//
f 2162// 2266// 2163//
f 2163// 2266// 2267//
f 2163// 2267// 2165//
f 2165// 2267// 2268//
f 2165// 2268// 2167//
f 2167// 2268// 2269//
f 2167// 2269// 2169//
f 2169// 2269// 2270//
f 2169// 2270// 2171//
f 2171// 2270// 2244//
f 2171// 2244// 2173//
usemtl 1
f 2258// 2268// 2267//
f 2256// 2255// 2245//
f 2244// 2270// 2258//
f 2258// 2270// 2269//
f 2258// 2269// 2268//
f 2263// 2262// 2267//
f 2267// 2262// 2261//
f 2244// 2258// 2245//
f 2245// 2258// 2257//
f 2245// 2257// 2256//
f 2266// 2265// 2267//
f 2267// 2265// 2264//
f 2267// 2264// 2263//
f 2261// 2260// 2267//
f 2267// 2260// 2259//
f 2267// 2259// 2258//
f 2255// 2254// 2245//
f 2245// 2254// 2253//
f 2245// 2253// 2252//
f 2252// 2251// 2245//
f 2245// 2251// 2250//
f 2245// 2250// 2249//
f 2249// 2248// 2245//
f 2245// 2248// 2247//
f 2245// 2247// 2246//
usemtl 2
f 16// 11// 24//
f 24// 11// 1659//
f 22// 1660// 9//
f 9// 1660// 10//
f 1660// 1659// 10//
f 10// 1659// 11//
f 2// 1// 18//
f 18// 1// 1661//
f 20// 1662// 13//
f 13// 1662// 6//
f 1662// 1661// 6//
f 6// 1661// 1//
